country,country_code,year,co2_per_capita,co2,population,gdp
Afghanistan,AFG,2010,0.296,8.365,28284088.0,47399425562.0
Afghanistan,AFG,2011,0.389,11.41,29347708.0,53326336000.0
Afghanistan,AFG,2012,0.318,9.731,30560036.0,59166900000.0
Afghanistan,AFG,2013,0.281,8.891,31622709.0,62993700000.0
Afghanistan,AFG,2014,0.265,8.698,32792528.0,64346106000.0
Afghanistan,AFG,2015,0.277,9.384,33831767.0,62783392000.0
Afghanistan,AFG,2016,0.248,8.606,34700613.0,64372217488.0
Afghanistan,AFG,2017,0.261,9.311,35688941.0,65169281649.0
Afghanistan,AFG,2018,0.277,10.192,36743040.0,65996738862.0
Afghanistan,AFG,2019,0.275,10.4,37856125.0,73085701943.0
Afghanistan,AFG,2020,0.285,11.119,39068977.0,71417706295.0
Afghanistan,AFG,2021,0.247,9.869,40000410.0,56638852656.0
Afghanistan,AFG,2022,0.251,10.17,40578847.0,53303471617.0
Afghanistan,AFG,2023,0.254,10.516,41454762.0,
Afghanistan,AFG,2024,0.254,10.826,42647502.0,
Africa,,2010,1.136,1216.281,1071809929.0,
Africa,,2011,1.152,1264.906,1099732995.0,
Africa,,2012,1.121,1263.516,1128396676.0,
Africa,,2013,1.107,1280.567,1158293959.0,
Africa,,2014,1.146,1360.819,1188685762.0,
Africa,,2015,1.097,1335.946,1219484027.0,
Africa,,2016,1.095,1367.232,1250551239.0,
Africa,,2017,1.076,1377.318,1282169538.0,
Africa,,2018,1.06,1391.187,1314609397.0,
Africa,,2019,1.082,1456.083,1347162538.0,
Africa,,2020,0.993,1369.249,1379939686.0,
Africa,,2021,1.046,1475.349,1412811077.0,
Africa,,2022,1.01,1459.114,1445862695.0,
Africa,,2023,1.003,1481.814,1479690254.0,
Africa,,2024,0.993,1502.099,1514032368.0,
Africa (GCP),,2010,,1216.27,,
Africa (GCP),,2011,,1264.895,,
Africa (GCP),,2012,,1263.505,,
Africa (GCP),,2013,,1280.556,,
Africa (GCP),,2014,,1360.808,,
Africa (GCP),,2015,,1335.935,,
Africa (GCP),,2016,,1367.218,,
Africa (GCP),,2017,,1377.307,,
Africa (GCP),,2018,,1391.176,,
Africa (GCP),,2019,,1456.068,,
Africa (GCP),,2020,,1369.238,,
Africa (GCP),,2021,,1475.342,,
Africa (GCP),,2022,,1459.103,,
Africa (GCP),,2023,,1481.803,,
Africa (GCP),,2024,,1502.087,,
Albania,ALB,2010,1.645,4.817,2928731.0,26747818608.0
Albania,ALB,2011,1.778,5.175,2911499.0,27431048326.0
Albania,ALB,2012,1.694,4.93,2910003.0,27819814441.0
Albania,ALB,2013,1.839,5.346,2907571.0,28098562696.0
Albania,ALB,2014,2.091,6.072,2903748.0,28597169040.0
Albania,ALB,2015,1.626,4.712,2898634.0,29231663899.0
Albania,ALB,2016,1.572,4.555,2897868.0,30200694449.0
Albania,ALB,2017,1.844,5.344,2898245.0,31348975722.0
Albania,ALB,2018,1.795,5.195,2894229.0,32609000823.0
Albania,ALB,2019,1.712,4.941,2885011.0,33289747424.0
Albania,ALB,2020,1.694,4.865,2871950.0,32130726850.0
Albania,ALB,2021,1.803,5.137,2849641.0,34866976278.0
Albania,ALB,2022,1.591,4.498,2827614.0,36171005594.0
Albania,ALB,2023,1.571,4.417,2811660.0,
Albania,ALB,2024,1.592,4.444,2791756.0,
Algeria,DZA,2010,3.257,117.847,36188237.0,450705801593.0
Algeria,DZA,2011,3.38,124.715,36903374.0,482028679734.0
Algeria,DZA,2012,3.602,135.593,37646165.0,498417638719.0
Algeria,DZA,2013,3.684,141.534,38414176.0,512373332647.0
Algeria,DZA,2014,3.888,152.435,39205035.0,531843509827.0
Algeria,DZA,2015,4.006,160.322,40019528.0,551521739825.0
Algeria,DZA,2016,3.875,158.308,40850719.0,569170418715.0
Algeria,DZA,2017,3.964,165.252,41689302.0,577138830559.0
Algeria,DZA,2018,4.104,174.461,42505033.0,584064441740.0
Algeria,DZA,2019,4.214,182.425,43294551.0,589905104177.0
Algeria,DZA,2020,3.886,171.139,44042094.0,559819958223.0
Algeria,DZA,2021,4.067,182.036,44761099.0,578853830170.0
Algeria,DZA,2022,4.239,192.779,45477391.0,595820067103.0
Algeria,DZA,2023,4.394,202.847,46164222.0,
Algeria,DZA,2024,4.234,198.203,46814302.0,
Andorra,AND,2010,6.4,0.517,80727.0,
Andorra,AND,2011,6.311,0.491,77801.0,
Andorra,AND,2012,6.34,0.487,76858.0,
Andorra,AND,2013,6.332,0.476,75220.0,
Andorra,AND,2014,6.259,0.462,73755.0,
Andorra,AND,2015,6.445,0.465,72195.0,
Andorra,AND,2016,6.547,0.473,72197.0,
Andorra,AND,2017,6.406,0.473,73780.0,
Andorra,AND,2018,6.628,0.498,75181.0,
Andorra,AND,2019,6.419,0.491,76492.0,
Andorra,AND,2020,4.876,0.377,77397.0,
Andorra,AND,2021,5.282,0.414,78379.0,
Andorra,AND,2022,5.311,0.423,79722.0,
Andorra,AND,2023,5.17,0.418,80869.0,
Andorra,AND,2024,5.182,0.425,81955.0,
Angola,AGO,2010,0.987,22.983,23294822.0,126984175354.0
Angola,AGO,2011,0.966,23.397,24218358.0,140477268750.0
Angola,AGO,2012,1.03,25.941,25177398.0,152476849129.0
Angola,AGO,2013,0.983,25.71,26165616.0,160032073258.0
Angola,AGO,2014,0.961,26.092,27160767.0,167750415635.0
Angola,AGO,2015,0.977,27.505,28157802.0,169333972139.0
Angola,AGO,2016,0.873,25.466,29183072.0,164965166058.0
Angola,AGO,2017,0.781,23.601,30234836.0,164717711409.0
Angola,AGO,2018,0.744,23.278,31297160.0,162550037080.0
Angola,AGO,2019,0.686,22.21,32375633.0,161408924528.0
Angola,AGO,2020,0.495,16.549,33451139.0,152308692850.0
Angola,AGO,2021,0.557,19.219,34532427.0,153971902307.0
Angola,AGO,2022,0.592,21.089,35635028.0,158346237030.0
Angola,AGO,2023,0.59,21.675,36749909.0,
Angola,AGO,2024,0.589,22.334,37885854.0,
Anguilla,AIA,2010,9.59,0.128,13372.0,
Anguilla,AIA,2011,9.165,0.125,13593.0,
Anguilla,AIA,2012,9.023,0.121,13401.0,
Anguilla,AIA,2013,8.558,0.114,13272.0,
Anguilla,AIA,2014,8.795,0.121,13748.0,
Anguilla,AIA,2015,9.524,0.136,14235.0,
Anguilla,AIA,2016,9.707,0.139,14344.0,
Anguilla,AIA,2017,8.875,0.128,14450.0,
Anguilla,AIA,2018,8.944,0.132,14747.0,
Anguilla,AIA,2019,9.626,0.143,14845.0,
Anguilla,AIA,2020,9.121,0.136,14864.0,
Anguilla,AIA,2021,9.6,0.139,14503.0,
Anguilla,AIA,2022,10.062,0.143,14202.0,
Anguilla,AIA,2023,9.879,0.143,14435.0,
Anguilla,AIA,2024,10.127,0.148,14623.0,
Antarctica,ATA,2010,,0.0,,
Antarctica,ATA,2011,,0.0,,
Antarctica,ATA,2012,,0.0,,
Antarctica,ATA,2013,,0.0,,
Antarctica,ATA,2014,,0.0,,
Antarctica,ATA,2015,,0.0,,
Antarctica,ATA,2016,,0.0,,
Antarctica,ATA,2017,,0.0,,
Antarctica,ATA,2018,,0.0,,
Antarctica,ATA,2019,,0.0,,
Antarctica,ATA,2020,,0.0,,
Antarctica,ATA,2021,,0.0,,
Antarctica,ATA,2022,,0.0,,
Antarctica,ATA,2023,,0.0,,
Antarctica,ATA,2024,,0.0,,
Antigua and Barbuda,ATG,2010,6.44,0.55,85337.0,
Antigua and Barbuda,ATG,2011,6.322,0.546,86350.0,
Antigua and Barbuda,ATG,2012,6.381,0.557,87275.0,
Antigua and Barbuda,ATG,2013,6.323,0.557,88074.0,
Antigua and Barbuda,ATG,2014,6.397,0.568,88784.0,
Antigua and Barbuda,ATG,2015,6.474,0.579,89421.0,
Antigua and Barbuda,ATG,2016,6.597,0.594,89980.0,
Antigua and Barbuda,ATG,2017,6.641,0.601,90483.0,
Antigua and Barbuda,ATG,2018,6.769,0.616,90942.0,
Antigua and Barbuda,ATG,2019,6.977,0.638,91377.0,
Antigua and Barbuda,ATG,2020,6.701,0.616,91864.0,
Antigua and Barbuda,ATG,2021,6.863,0.634,92358.0,
Antigua and Barbuda,ATG,2022,6.913,0.642,92850.0,
Antigua and Barbuda,ATG,2023,6.863,0.641,93331.0,
Antigua and Barbuda,ATG,2024,7.092,0.665,93782.0,
Argentina,ARG,2010,4.508,186.121,41288694.0,785785170150.0
Argentina,ARG,2011,4.55,189.884,41730655.0,837742673804.0
Argentina,ARG,2012,4.547,191.715,42161718.0,829147409948.0
Argentina,ARG,2013,4.451,189.525,42582453.0,849088398588.0
Argentina,ARG,2014,4.382,188.539,43024071.0,827750786191.0
Argentina,ARG,2015,4.412,191.809,43477011.0,850356641236.0
Argentina,ARG,2016,4.328,190.02,43900312.0,832669278245.0
Argentina,ARG,2017,4.224,187.068,44288898.0,856142153676.0
Argentina,ARG,2018,4.087,182.483,44654876.0,833736983405.0
Argentina,ARG,2019,4.012,180.428,44973469.0,817053926667.0
Argentina,ARG,2020,3.643,164.613,45191960.0,735814250460.0
Argentina,ARG,2021,4.197,190.197,45312282.0,812324184006.0
Argentina,ARG,2022,4.047,183.768,45407904.0,854914363923.0
Argentina,ARG,2023,3.918,178.407,45538402.0,
Argentina,ARG,2024,3.743,171.059,45696153.0,
Armenia,ARM,2010,1.452,4.256,2931083.0,24485670654.0
Armenia,ARM,2011,1.7,4.969,2923269.0,24860520809.0
Armenia,ARM,2012,1.967,5.748,2922529.0,26634064691.0
Armenia,ARM,2013,1.894,5.535,2922526.0,27542825799.0
Armenia,ARM,2014,1.918,5.604,2922433.0,28536291283.0
Armenia,ARM,2015,1.872,5.469,2921179.0,29464863299.0
Armenia,ARM,2016,1.784,5.207,2918796.0,29522321034.0
Armenia,ARM,2017,1.899,5.537,2914966.0,31741802974.0
Armenia,ARM,2018,2.001,5.822,2909971.0,33400320594.0
Armenia,ARM,2019,2.164,6.284,2903975.0,35949092334.0
Armenia,ARM,2020,2.351,6.795,2890893.0,33378378959.0
Armenia,ARM,2021,2.561,7.351,2870339.0,35275596129.0
Armenia,ARM,2022,2.672,7.699,2880880.0,39721734780.0
Armenia,ARM,2023,2.524,7.43,2943398.0,
Armenia,ARM,2024,2.499,7.431,2973843.0,
Aruba,ABW,2010,25.03,2.506,100127.0,
Aruba,ABW,2011,24.706,2.495,100995.0,
Aruba,ABW,2012,13.212,1.345,101774.0,
Aruba,ABW,2013,8.395,0.861,102570.0,
Aruba,ABW,2014,8.435,0.872,103381.0,
Aruba,ABW,2015,8.615,0.898,104200.0,
Aruba,ABW,2016,8.411,0.883,104989.0,
Aruba,ABW,2017,8.42,0.89,105737.0,
Aruba,ABW,2018,8.158,0.868,106447.0,
Aruba,ABW,2019,7.767,0.832,107089.0,
Aruba,ABW,2020,7.641,0.821,107411.0,
Aruba,ABW,2021,8.005,0.861,107565.0,
Aruba,ABW,2022,8.242,0.888,107792.0,
Aruba,ABW,2023,8.213,0.887,107946.0,
Aruba,ABW,2024,8.518,0.921,108076.0,
Asia,,2010,3.901,16536.467,4238694946.0,
Asia,,2011,4.144,17768.818,4288350005.0,
Asia,,2012,4.25,18438.48,4338443538.0,
Asia,,2013,4.259,18685.477,4387757369.0,
Asia,,2014,4.275,18961.438,4435744576.0,
Asia,,2015,4.255,19070.406,4482088489.0,
Asia,,2016,4.242,19202.404,4527178153.0,
Asia,,2017,4.326,19775.838,4571224645.0,
Asia,,2018,4.416,20366.35,4612352852.0,
Asia,,2019,4.499,20926.584,4651098724.0,
Asia,,2020,4.415,20691.949,4686811214.0,
Asia,,2021,4.562,21520.502,4716999164.0,
Asia,,2022,4.685,22237.812,4746329727.0,
Asia,,2023,4.814,22997.092,4776659631.0,
Asia,,2024,4.868,23392.488,4805539800.0,
Asia (GCP),,2010,,14362.529,,
Asia (GCP),,2011,,15542.228,,
Asia (GCP),,2012,,16061.427,,
Asia (GCP),,2013,,16345.718,,
Asia (GCP),,2014,,16580.381,,
Asia (GCP),,2015,,16605.201,,
Asia (GCP),,2016,,16688.727,,
Asia (GCP),,2017,,17182.279,,
Asia (GCP),,2018,,17777.24,,
Asia (GCP),,2019,,18223.221,,
Asia (GCP),,2020,,18046.271,,
Asia (GCP),,2021,,18740.865,,
Asia (GCP),,2022,,19455.877,,
Asia (GCP),,2023,,20111.111,,
Asia (GCP),,2024,,20432.227,,
Asia (excl. China and India),,2010,3.801,6247.89,,
Asia (excl. China and India),,2011,3.889,6482.97,,
Asia (excl. China and India),,2012,3.99,6744.184,,
Asia (excl. China and India),,2013,3.939,6747.768,,
Asia (excl. China and India),,2014,3.94,6837.358,,
Asia (excl. China and India),,2015,3.971,6980.549,,
Asia (excl. China and India),,2016,3.992,7101.688,,
Asia (excl. China and India),,2017,4.085,7350.104,,
Asia (excl. China and India),,2018,4.082,7424.333,,
Asia (excl. China and India),,2019,4.135,7601.896,,
Asia (excl. China and India),,2020,3.968,7372.697,,
Asia (excl. China and India),,2021,4.029,7560.324,,
Asia (excl. China and India),,2022,4.059,7694.873,,
Asia (excl. China and India),,2023,4.051,7762.328,,
Asia (excl. China and India),,2024,4.087,7909.973,,
Australia,AUS,2010,18.293,405.026,22141583.0,993853968687.0
Australia,AUS,2011,17.966,403.874,22479779.0,1024000293343.0
Australia,AUS,2012,17.722,405.005,22852648.0,1062662906305.0
Australia,AUS,2013,17.122,397.85,23236271.0,1086068056518.0
Australia,AUS,2014,16.639,392.61,23595599.0,1113888062929.0
Australia,AUS,2015,16.727,400.589,23947997.0,1139303344945.0
Australia,AUS,2016,16.838,409.666,24329963.0,1169967279612.0
Australia,AUS,2017,16.716,413.408,24731044.0,1197832839959.0
Australia,AUS,2018,16.512,414.781,25119700.0,1231576952488.0
Australia,AUS,2019,16.283,414.925,25482714.0,1255505542015.0
Australia,AUS,2020,15.481,398.547,25743787.0,1232259790388.0
Australia,AUS,2021,14.966,388.472,25956417.0,1296705194119.0
Australia,AUS,2022,14.659,384.078,26200987.0,1344251444393.0
Australia,AUS,2023,14.529,384.316,26451126.0,
Australia,AUS,2024,14.477,386.732,26713206.0,
Austria,AUT,2010,8.607,72.0,8365087.0,338832243101.0
Austria,AUT,2011,8.327,69.892,8393272.0,349713455451.0
Austria,AUT,2012,7.977,67.26,8431599.0,352093108730.0
Austria,AUT,2013,7.989,67.759,8481411.0,352182904722.0
Austria,AUT,2014,7.506,64.159,8547812.0,354511819035.0
Austria,AUT,2015,7.677,66.358,8644037.0,358108266932.0
Austria,AUT,2016,7.693,67.219,8737920.0,365232738553.0
Austria,AUT,2017,7.91,69.601,8798779.0,373481694490.0
Austria,AUT,2018,7.529,66.567,8841653.0,382540042762.0
Austria,AUT,2019,7.651,67.951,8880876.0,388344674039.0
Austria,AUT,2020,6.97,62.18,8921402.0,363281092036.0
Austria,AUT,2021,7.333,65.751,8967053.0,379835198584.0
Austria,AUT,2022,6.78,61.454,9064678.0,398815419150.0
Austria,AUT,2023,6.233,56.909,9130434.0,
Austria,AUT,2024,6.18,56.368,9120815.0,
Azerbaijan,AZE,2010,3.012,27.549,9146852.0,144296577620.0
Azerbaijan,AZE,2011,3.264,30.21,9256156.0,145980469968.0
Azerbaijan,AZE,2012,3.495,32.77,9376179.0,149196415149.0
Azerbaijan,AZE,2013,3.531,33.559,9504417.0,157913964589.0
Azerbaijan,AZE,2014,3.566,34.345,9631136.0,162332395164.0
Azerbaijan,AZE,2015,3.556,34.683,9752859.0,164036906588.0
Azerbaijan,AZE,2016,3.519,34.727,9868434.0,159010796104.0
Azerbaijan,AZE,2017,3.481,34.698,9968510.0,159255674569.0
Azerbaijan,AZE,2018,3.444,34.576,10039782.0,161644514845.0
Azerbaijan,AZE,2019,3.734,37.753,10110483.0,165653307401.0
Azerbaijan,AZE,2020,3.559,36.237,10181736.0,158697520949.0
Azerbaijan,AZE,2021,3.742,38.3,10234372.0,167584576527.0
Azerbaijan,AZE,2022,3.999,41.175,10295307.0,175370552026.0
Azerbaijan,AZE,2023,4.143,42.748,10318209.0,
Azerbaijan,AZE,2024,3.853,39.83,10336577.0,
Bahamas,BHS,2010,6.072,2.231,367482.0,
Bahamas,BHS,2011,5.677,2.11,371738.0,
Bahamas,BHS,2012,5.455,2.048,375474.0,
Bahamas,BHS,2013,5.26,1.993,378957.0,
Bahamas,BHS,2014,5.396,2.063,382312.0,
Bahamas,BHS,2015,5.79,2.231,385355.0,
Bahamas,BHS,2016,5.788,2.246,388060.0,
Bahamas,BHS,2017,6.455,2.521,390496.0,
Bahamas,BHS,2018,6.251,2.455,392718.0,
Bahamas,BHS,2019,6.387,2.521,394684.0,
Bahamas,BHS,2020,5.183,2.052,395874.0,
Bahamas,BHS,2021,6.877,2.726,396381.0,
Bahamas,BHS,2022,7.451,2.962,397542.0,
Bahamas,BHS,2023,7.4,2.956,399452.0,
Bahamas,BHS,2024,7.65,3.07,401282.0,
Bahrain,BHR,2010,24.02,29.143,1213248.0,39778047298.0
Bahrain,BHR,2011,23.654,28.544,1206733.0,43727144774.0
Bahrain,BHR,2012,22.365,27.202,1216307.0,45357290589.0
Bahrain,BHR,2013,24.839,31.228,1257206.0,47813841200.0
Bahrain,BHR,2014,23.59,30.971,1312857.0,49894227022.0
Bahrain,BHR,2015,23.744,32.521,1369656.0,51134096686.0
Bahrain,BHR,2016,22.129,31.635,1429609.0,52953446666.0
Bahrain,BHR,2017,22.211,32.917,1482003.0,55226208950.0
Bahrain,BHR,2018,21.833,32.698,1497634.0,56391482183.0
Bahrain,BHR,2019,25.319,37.616,1485675.0,57613480945.0
Bahrain,BHR,2020,25.238,37.429,1483081.0,54937336615.0
Bahrain,BHR,2021,24.148,36.265,1501762.0,56404169544.0
Bahrain,BHR,2022,24.668,37.827,1533460.0,58769760175.0
Bahrain,BHR,2023,24.71,38.787,1569674.0,
Bahrain,BHR,2024,24.27,39.003,1607059.0,
Bangladesh,BGD,2010,0.355,54.036,152201978.0,400087800634.0
Bangladesh,BGD,2011,0.362,55.593,153591074.0,431418704062.0
Bangladesh,BGD,2012,0.385,59.704,155070110.0,458456647637.0
Bangladesh,BGD,2013,0.414,64.763,156532134.0,486135250102.0
Bangladesh,BGD,2014,0.428,67.552,157964931.0,516793803718.0
Bangladesh,BGD,2015,0.483,76.946,159383179.0,552104723056.0
Bangladesh,BGD,2016,0.508,81.761,160811934.0,589932630231.0
Bangladesh,BGD,2017,0.534,86.531,162186146.0,630957812405.0
Bangladesh,BGD,2018,0.53,86.608,163523109.0,678912369102.0
Bangladesh,BGD,2019,0.575,94.808,164913060.0,717214595514.0
Bangladesh,BGD,2020,0.576,95.729,166298024.0,754358367084.0
Bangladesh,BGD,2021,0.588,98.53,167658855.0,807308397444.0
Bangladesh,BGD,2022,0.603,102.147,169384891.0,858143907016.0
Bangladesh,BGD,2023,0.61,104.527,171466986.0,
Bangladesh,BGD,2024,0.624,108.318,173562366.0,
Barbados,BRB,2010,5.692,1.567,275251.0,3418936167.0
Barbados,BRB,2011,5.889,1.626,276150.0,3406690000.0
Barbados,BRB,2012,5.612,1.554,276949.0,3415680000.0
Barbados,BRB,2013,5.546,1.54,277669.0,3412801000.0
Barbados,BRB,2014,4.913,1.368,278355.0,3416200000.0
Barbados,BRB,2015,4.784,1.335,278999.0,3448059000.0
Barbados,BRB,2016,4.905,1.371,279604.0,3528285767.0
Barbados,BRB,2017,4.994,1.399,280177.0,3554020089.0
Barbados,BRB,2018,5.154,1.447,280719.0,3526291932.0
Barbados,BRB,2019,4.95,1.392,281216.0,3535586950.0
Barbados,BRB,2020,4.457,1.256,281706.0,3085224475.0
Barbados,BRB,2021,4.218,1.19,282157.0,3061072053.0
Barbados,BRB,2022,4.658,1.315,282324.0,3408005977.0
Barbados,BRB,2023,4.664,1.317,282347.0,
Barbados,BRB,2024,4.833,1.365,282476.0,
Belarus,BLR,2010,6.587,62.515,9490752.0,166239903113.0
Belarus,BLR,2011,6.477,61.353,9472738.0,173120303880.0
Belarus,BLR,2012,6.614,62.592,9463075.0,175940441074.0
Belarus,BLR,2013,6.778,64.152,9464454.0,177632980571.0
Belarus,BLR,2014,6.725,63.699,9472704.0,180627882895.0
Belarus,BLR,2015,6.201,58.828,9487289.0,173709821418.0
Belarus,BLR,2016,6.126,58.188,9499066.0,169304543676.0
Belarus,BLR,2017,6.26,59.444,9495793.0,173606575679.0
Belarus,BLR,2018,6.558,62.171,9480031.0,179054352755.0
Belarus,BLR,2019,6.589,62.171,9435415.0,181643469714.0
Belarus,BLR,2020,6.323,59.123,9350943.0,180420997693.0
Belarus,BLR,2021,6.579,60.861,9251368.0,184521985376.0
Belarus,BLR,2022,6.227,57.121,9173240.0,175773799265.0
Belarus,BLR,2023,6.114,55.736,9115679.0,
Belarus,BLR,2024,6.163,55.818,9056696.0,
Belgium,BEL,2010,10.475,114.563,10936619.0,411261674695.0
Belgium,BEL,2011,9.526,105.159,11038624.0,420934235947.0
Belgium,BEL,2012,9.227,102.486,11107522.0,424045845634.0
Belgium,BEL,2013,9.213,102.816,11160277.0,425993254852.0
Belgium,BEL,2014,8.66,97.081,11210113.0,432717694183.0
Belgium,BEL,2015,8.987,101.327,11275332.0,441551470878.0
Belgium,BEL,2016,8.808,99.816,11332707.0,447144517813.0
Belgium,BEL,2017,8.727,99.282,11376583.0,454386396677.0
Belgium,BEL,2018,8.772,100.256,11428608.0,462533269863.0
Belgium,BEL,2019,8.685,99.799,11490623.0,472897988852.0
Belgium,BEL,2020,7.908,91.255,11540102.0,447544069854.0
Belgium,BEL,2021,8.204,94.928,11570843.0,474995824355.0
Belgium,BEL,2022,7.638,88.915,11641814.0,489678394377.0
Belgium,BEL,2023,7.232,84.703,11712891.0,
Belgium,BEL,2024,7.28,85.456,11738761.0,
Belize,BLZ,2010,1.682,0.539,320256.0,
Belize,BLZ,2011,1.746,0.572,327306.0,
Belize,BLZ,2012,1.413,0.473,334421.0,
Belize,BLZ,2013,1.384,0.473,341635.0,
Belize,BLZ,2014,1.439,0.502,348934.0,
Belize,BLZ,2015,1.923,0.685,356341.0,
Belize,BLZ,2016,1.848,0.674,364717.0,
Belize,BLZ,2017,1.787,0.667,373215.0,
Belize,BLZ,2018,1.735,0.66,380232.0,
Belize,BLZ,2019,1.994,0.769,385833.0,
Belize,BLZ,2020,1.672,0.654,390819.0,
Belize,BLZ,2021,1.754,0.694,395355.0,
Belize,BLZ,2022,1.797,0.724,402741.0,
Belize,BLZ,2023,1.864,0.766,411112.0,
Belize,BLZ,2024,1.909,0.796,417077.0,
Benin,BEN,2010,0.478,4.679,9797488.0,17023196060.0
Benin,BEN,2011,0.444,4.48,10093626.0,17416238625.0
Benin,BEN,2012,0.423,4.403,10397659.0,18305935000.0
Benin,BEN,2013,0.426,4.566,10708831.0,19651418479.0
Benin,BEN,2014,0.433,4.774,11030008.0,21043177203.0
Benin,BEN,2015,0.468,5.318,11360681.0,22279707949.0
Benin,BEN,2016,0.454,5.311,11697845.0,23134706997.0
Benin,BEN,2017,0.461,5.555,12039777.0,24568275710.0
Benin,BEN,2018,0.458,5.668,12383349.0,26346543293.0
Benin,BEN,2019,0.414,5.273,12726760.0,28155410176.0
Benin,BEN,2020,0.424,5.541,13070169.0,29239039610.0
Benin,BEN,2021,0.433,5.806,13413423.0,31331235336.0
Benin,BEN,2022,0.443,6.092,13759507.0,33290362034.0
Benin,BEN,2023,0.42,5.928,14111035.0,
Benin,BEN,2024,0.419,6.066,14462721.0,
Bermuda,BMU,2010,9.484,0.605,63748.0,
Bermuda,BMU,2011,6.954,0.443,63753.0,
Bermuda,BMU,2012,5.755,0.366,63665.0,
Bermuda,BMU,2013,8.412,0.535,63593.0,
Bermuda,BMU,2014,10.493,0.667,63551.0,
Bermuda,BMU,2015,8.542,0.542,63482.0,
Bermuda,BMU,2016,9.699,0.616,63466.0,
Bermuda,BMU,2017,10.081,0.641,63603.0,
Bermuda,BMU,2018,10.903,0.696,63852.0,
Bermuda,BMU,2019,9.256,0.594,64130.0,
Bermuda,BMU,2020,6.77,0.436,64404.0,
Bermuda,BMU,2021,7.988,0.517,64672.0,
Bermuda,BMU,2022,8.194,0.531,64772.0,
Bermuda,BMU,2023,8.184,0.53,64721.0,
Bermuda,BMU,2024,8.506,0.55,64660.0,
Bhutan,BTN,2010,1.291,0.905,701638.0,
Bhutan,BTN,2011,1.419,1.007,709387.0,
Bhutan,BTN,2012,1.603,1.15,717288.0,
Bhutan,BTN,2013,1.75,1.269,725282.0,
Bhutan,BTN,2014,1.817,1.332,733151.0,
Bhutan,BTN,2015,1.936,1.434,740623.0,
Bhutan,BTN,2016,2.086,1.56,747878.0,
Bhutan,BTN,2017,2.186,1.649,754343.0,
Bhutan,BTN,2018,2.214,1.682,759766.0,
Bhutan,BTN,2019,2.046,1.565,764830.0,
Bhutan,BTN,2020,1.576,1.214,770013.0,
Bhutan,BTN,2021,1.876,1.455,775450.0,
Bhutan,BTN,2022,1.984,1.55,780921.0,
Bhutan,BTN,2023,2.072,1.63,786386.0,
Bhutan,BTN,2024,2.094,1.657,791530.0,
Bolivia,BOL,2010,1.454,14.809,10182345.0,51541502268.0
Bolivia,BOL,2011,1.551,16.051,10348931.0,54437027542.0
Bolivia,BOL,2012,1.671,17.575,10515814.0,57225289193.0
Bolivia,BOL,2013,1.664,17.778,10682612.0,61114326124.0
Bolivia,BOL,2014,1.834,19.9,10848889.0,64451770571.0
Bolivia,BOL,2015,1.807,19.9,11014707.0,67582198248.0
Bolivia,BOL,2016,1.901,21.25,11180020.0,70463901130.0
Bolivia,BOL,2017,1.955,22.182,11344591.0,73419862854.0
Bolivia,BOL,2018,1.956,22.509,11508370.0,76521114837.0
Bolivia,BOL,2019,1.937,22.609,11671386.0,78217588630.0
Bolivia,BOL,2020,1.55,18.32,11816301.0,71382934039.0
Bolivia,BOL,2021,1.823,21.767,11937369.0,75741579784.0
Bolivia,BOL,2022,1.945,23.488,12077156.0,78165311428.0
Bolivia,BOL,2023,2.011,24.621,12244161.0,
Bolivia,BOL,2024,2.313,28.709,12413318.0,
Bonaire Sint Eustatius and Saba,BES,2010,3.655,0.075,20583.0,
Bonaire Sint Eustatius and Saba,BES,2011,4.432,0.096,21650.0,
Bonaire Sint Eustatius and Saba,BES,2012,5.132,0.117,22847.0,
Bonaire Sint Eustatius and Saba,BES,2013,4.765,0.114,23835.0,
Bonaire Sint Eustatius and Saba,BES,2014,4.787,0.117,24491.0,
Bonaire Sint Eustatius and Saba,BES,2015,5.205,0.128,24638.0,
Bonaire Sint Eustatius and Saba,BES,2016,5.369,0.132,24567.0,
Bonaire Sint Eustatius and Saba,BES,2017,5.609,0.139,24821.0,
Bonaire Sint Eustatius and Saba,BES,2018,5.238,0.132,25184.0,
Bonaire Sint Eustatius and Saba,BES,2019,5.428,0.139,25652.0,
Bonaire Sint Eustatius and Saba,BES,2020,4.982,0.132,26476.0,
Bonaire Sint Eustatius and Saba,BES,2021,5.091,0.139,27347.0,
Bonaire Sint Eustatius and Saba,BES,2022,5.115,0.147,28654.0,
Bonaire Sint Eustatius and Saba,BES,2023,4.889,0.146,29920.0,
Bonaire Sint Eustatius and Saba,BES,2024,4.947,0.152,30699.0,
Bosnia and Herzegovina,BIH,2010,5.548,21.146,3811480.0,35774435069.0
Bosnia and Herzegovina,BIH,2011,6.351,23.765,3741799.0,35664062419.0
Bosnia and Herzegovina,BIH,2012,6.032,22.138,3670109.0,35371051813.0
Bosnia and Herzegovina,BIH,2013,6.038,21.801,3610857.0,36202157063.0
Bosnia and Herzegovina,BIH,2014,5.417,19.312,3564831.0,36619951250.0
Bosnia and Herzegovina,BIH,2015,5.247,18.46,3518541.0,38199900995.0
Bosnia and Herzegovina,BIH,2016,6.258,21.734,3472997.0,39438504839.0
Bosnia and Herzegovina,BIH,2017,6.461,22.153,3428684.0,40717914490.0
Bosnia and Herzegovina,BIH,2018,6.519,22.079,3386999.0,42277004927.0
Bosnia and Herzegovina,BIH,2019,6.22,20.81,3345532.0,43497123759.0
Bosnia and Herzegovina,BIH,2020,6.314,20.832,3299352.0,42185625323.0
Bosnia and Herzegovina,BIH,2021,6.554,21.268,3244912.0,45303796505.0
Bosnia and Herzegovina,BIH,2022,6.472,20.743,3204802.0,47069138435.0
Bosnia and Herzegovina,BIH,2023,6.242,19.881,3185072.0,
Bosnia and Herzegovina,BIH,2024,6.139,19.426,3164256.0,
Botswana,BWA,2010,2.232,4.537,2033110.0,24958864035.0
Botswana,BWA,2011,1.943,4.029,2073538.0,27061119164.0
Botswana,BWA,2012,2.408,5.077,2108617.0,27014847416.0
Botswana,BWA,2013,2.645,5.663,2140687.0,30014304729.0
Botswana,BWA,2014,3.154,6.85,2172053.0,31724220202.0
Botswana,BWA,2015,2.459,5.418,2203276.0,30185273524.0
Botswana,BWA,2016,2.837,6.341,2234784.0,32359220755.0
Botswana,BWA,2017,3.117,7.066,2266749.0,33690154993.0
Botswana,BWA,2018,3.324,7.643,2299149.0,35101769105.0
Botswana,BWA,2019,3.21,7.486,2332082.0,36166405883.0
Botswana,BWA,2020,2.617,6.192,2365895.0,33010529929.0
Botswana,BWA,2021,2.783,6.683,2401448.0,36918974292.0
Botswana,BWA,2022,3.031,7.396,2439895.0,39293967463.0
Botswana,BWA,2023,2.923,7.249,2480242.0,
Botswana,BWA,2024,2.96,7.462,2521145.0,
Brazil,BRA,2010,2.273,440.269,193701931.0,2820492538862.0
Brazil,BRA,2011,2.365,461.911,195284736.0,2968455007203.0
Brazil,BRA,2012,2.527,497.468,196876113.0,3025484250011.0
Brazil,BRA,2013,2.678,531.569,198478290.0,3116394665745.0
Brazil,BRA,2014,2.781,556.526,200085126.0,3132099937531.0
Brazil,BRA,2015,2.619,528.174,201675534.0,3021043246476.0
Brazil,BRA,2016,2.42,491.745,203218108.0,2922076150345.0
Brazil,BRA,2017,2.429,497.255,204703440.0,2960731613785.0
Brazil,BRA,2018,2.312,476.601,206107265.0,3013541086239.0
Brazil,BRA,2019,2.298,476.724,207455459.0,3050327159562.0
Brazil,BRA,2020,2.147,447.999,208660845.0,2950377451264.0
Brazil,BRA,2021,2.37,496.562,209550291.0,3097565215045.0
Brazil,BRA,2022,2.283,480.058,210306411.0,3187412907763.0
Brazil,BRA,2023,2.292,483.992,211140731.0,
Brazil,BRA,2024,2.278,483.012,211998565.0,
British Virgin Islands,VGB,2010,7.672,0.213,27698.0,
British Virgin Islands,VGB,2011,7.269,0.209,28733.0,
British Virgin Islands,VGB,2012,6.877,0.209,30369.0,
British Virgin Islands,VGB,2013,6.698,0.213,31727.0,
British Virgin Islands,VGB,2014,6.553,0.216,32988.0,
British Virgin Islands,VGB,2015,6.474,0.224,34523.0,
British Virgin Islands,VGB,2016,6.7,0.227,33904.0,
British Virgin Islands,VGB,2017,5.486,0.18,32724.0,
British Virgin Islands,VGB,2018,4.543,0.158,34682.0,
British Virgin Islands,VGB,2019,5.03,0.183,36423.0,
British Virgin Islands,VGB,2020,4.831,0.18,37161.0,
British Virgin Islands,VGB,2021,4.842,0.183,37833.0,
British Virgin Islands,VGB,2022,4.844,0.186,38346.0,
British Virgin Islands,VGB,2023,4.752,0.185,39009.0,
British Virgin Islands,VGB,2024,4.874,0.193,39498.0,
Brunei,BRN,2010,20.435,8.017,392340.0,
Brunei,BRN,2011,23.925,9.555,399395.0,
Brunei,BRN,2012,23.424,9.5,405564.0,
Brunei,BRN,2013,18.546,7.626,411205.0,
Brunei,BRN,2014,21.19,8.831,416757.0,
Brunei,BRN,2015,16.421,6.933,422223.0,
Brunei,BRN,2016,17.852,7.633,427571.0,
Brunei,BRN,2017,21.51,9.309,432787.0,
Brunei,BRN,2018,21.336,9.341,437811.0,
Brunei,BRN,2019,21.605,9.564,442690.0,
Brunei,BRN,2020,24.937,11.157,447411.0,
Brunei,BRN,2021,25.92,11.709,451722.0,
Brunei,BRN,2022,26.872,12.237,455374.0,
Brunei,BRN,2023,27.241,12.503,458959.0,
Brunei,BRN,2024,26.046,12.052,462734.0,
Bulgaria,BGR,2010,6.429,47.816,7437594.0,109045208364.0
Bulgaria,BGR,2011,7.198,53.12,7380023.0,109435363210.0
Bulgaria,BGR,2012,6.598,48.277,7317020.0,110261509885.0
Bulgaria,BGR,2013,5.862,42.583,7264605.0,109643527181.0
Bulgaria,BGR,2014,6.253,45.169,7223450.0,110703533681.0
Bulgaria,BGR,2015,6.705,48.127,7177515.0,114498611934.0
Bulgaria,BGR,2016,6.362,45.344,7127436.0,117979077002.0
Bulgaria,BGR,2017,6.706,47.446,7075642.0,121237951710.0
Bulgaria,BGR,2018,6.193,43.503,7024745.0,124492855771.0
Bulgaria,BGR,2019,6.049,42.195,6975466.0,129520075495.0
Bulgaria,BGR,2020,5.274,36.571,6933656.0,124392792956.0
Bulgaria,BGR,2021,6.16,42.365,6877222.0,133889804025.0
Bulgaria,BGR,2022,6.876,46.932,6825862.0,138390156500.0
Bulgaria,BGR,2023,5.077,34.501,6795805.0,
Bulgaria,BGR,2024,4.679,31.622,6757686.0,
Burkina Faso,BFA,2010,0.123,1.985,16176503.0,20688336651.0
Burkina Faso,BFA,2011,0.129,2.149,16661907.0,21589787625.0
Burkina Faso,BFA,2012,0.152,2.612,17172284.0,22982976785.0
Burkina Faso,BFA,2013,0.159,2.809,17695411.0,24314382909.0
Burkina Faso,BFA,2014,0.157,2.868,18229466.0,25366464630.0
Burkina Faso,BFA,2015,0.199,3.744,18777488.0,26361085012.0
Burkina Faso,BFA,2016,0.206,3.988,19334854.0,27931683815.0
Burkina Faso,BFA,2017,0.232,4.622,19894413.0,29664279937.0
Burkina Faso,BFA,2018,0.256,5.226,20438289.0,31623015393.0
Burkina Faso,BFA,2019,0.268,5.618,20961956.0,33422048798.0
Burkina Faso,BFA,2020,0.262,5.618,21478691.0,34067429050.0
Burkina Faso,BFA,2021,0.288,6.329,21995249.0,36419784717.0
Burkina Faso,BFA,2022,0.291,6.542,22509038.0,37320442404.0
Burkina Faso,BFA,2023,0.274,6.308,23025777.0,
Burkina Faso,BFA,2024,0.276,6.508,23548782.0,
Burundi,BDI,2010,0.036,0.333,9376448.0,6558969212.0
Burundi,BDI,2011,0.043,0.414,9717980.0,6787360000.0
Burundi,BDI,2012,0.039,0.392,10071033.0,7086796000.0
Burundi,BDI,2013,0.042,0.436,10439346.0,7430922000.0
Burundi,BDI,2014,0.033,0.355,10799789.0,7764240000.0
Burundi,BDI,2015,0.032,0.355,11047581.0,7340438000.0
Burundi,BDI,2016,0.038,0.429,11239459.0,7554391939.0
Burundi,BDI,2017,0.045,0.516,11506764.0,7833860723.0
Burundi,BDI,2018,0.054,0.645,11859444.0,8207327776.0
Burundi,BDI,2019,0.056,0.685,12255339.0,8573379471.0
Burundi,BDI,2020,0.059,0.739,12617041.0,8635657446.0
Burundi,BDI,2021,0.06,0.772,12965487.0,8956206318.0
Burundi,BDI,2022,0.066,0.878,13321102.0,9177077459.0
Burundi,BDI,2023,0.066,0.901,13689455.0,
Burundi,BDI,2024,0.065,0.917,14047788.0,
Cambodia,KHM,2010,0.349,5.067,14500730.0,34365990229.0
Cambodia,KHM,2011,0.358,5.271,14722587.0,35746712625.0
Cambodia,KHM,2012,0.373,5.572,14945090.0,38360866456.0
Cambodia,KHM,2013,0.371,5.626,15170210.0,41183075555.0
Cambodia,KHM,2014,0.435,6.702,15396771.0,44124784572.0
Cambodia,KHM,2015,0.524,8.186,15623253.0,47229402407.0
Cambodia,KHM,2016,0.671,10.644,15852802.0,50470756754.0
Cambodia,KHM,2017,0.752,12.087,16073374.0,54002196805.0
Cambodia,KHM,2018,0.856,13.938,16274522.0,58035619609.0
Cambodia,KHM,2019,1.13,18.626,16481305.0,62129452776.0
Cambodia,KHM,2020,1.255,20.991,16725484.0,60205930987.0
Cambodia,KHM,2021,1.224,20.775,16974309.0,62027758832.0
Cambodia,KHM,2022,1.213,20.865,17201721.0,65136593996.0
Cambodia,KHM,2023,1.229,21.412,17423884.0,
Cambodia,KHM,2024,1.241,21.883,17638804.0,
Cameroon,CMR,2010,0.426,8.383,19668063.0,50826589427.0
Cameroon,CMR,2011,0.401,8.105,20232312.0,53836234148.0
Cameroon,CMR,2012,0.366,7.607,20809530.0,56263171005.0
Cameroon,CMR,2013,0.367,7.853,21402379.0,59069016946.0
Cameroon,CMR,2014,0.398,8.775,22059894.0,62482615428.0
Cameroon,CMR,2015,0.433,9.85,22763418.0,65981645134.0
Cameroon,CMR,2016,0.425,9.965,23454165.0,68936963106.0
Cameroon,CMR,2017,0.397,9.582,24128609.0,71378025048.0
Cameroon,CMR,2018,0.397,9.844,24806377.0,74248839020.0
Cameroon,CMR,2019,0.377,9.605,25506095.0,76789634582.0
Cameroon,CMR,2020,0.371,9.716,26210566.0,77203536828.0
Cameroon,CMR,2021,0.362,9.734,26915765.0,80020685294.0
Cameroon,CMR,2022,0.354,9.792,27632770.0,82727797383.0
Cameroon,CMR,2023,0.342,9.695,28372690.0,
Cameroon,CMR,2024,0.331,9.632,29123748.0,
Canada,CAN,2010,16.209,554.307,34196900.0,1406355361431.0
Canada,CAN,2011,16.288,562.832,34555449.0,1454221365109.0
Canada,CAN,2012,16.086,561.77,34922513.0,1479829523672.0
Canada,CAN,2013,16.11,568.59,35293421.0,1514296485427.0
Canada,CAN,2014,15.854,564.938,35634265.0,1557757464897.0
Canada,CAN,2015,15.655,563.003,35962236.0,1568025782105.0
Canada,CAN,2016,15.231,553.707,36353345.0,1583727974022.0
Canada,CAN,2017,15.395,566.66,36808498.0,1631871440185.0
Canada,CAN,2018,15.42,575.091,37294996.0,1677189073139.0
Canada,CAN,2019,15.325,579.007,37782934.0,1708858221312.0
Canada,CAN,2020,13.733,524.208,38171903.0,1622144486274.0
Canada,CAN,2021,13.977,537.479,38454058.0,1703443269914.0
Canada,CAN,2022,14.107,547.658,38821259.0,1761295624423.0
Canada,CAN,2023,13.88,545.479,39299098.0,
Canada,CAN,2024,13.42,533.34,39742429.0,
Cape Verde,CPV,2010,1.092,0.557,509793.0,3071163589.0
Cape Verde,CPV,2011,1.204,0.616,511453.0,3248220000.0
Cape Verde,CPV,2012,0.98,0.502,511966.0,3287052000.0
Cape Verde,CPV,2013,0.966,0.495,512231.0,3310254000.0
Cape Verde,CPV,2014,0.958,0.491,512334.0,3375218000.0
Cape Verde,CPV,2015,0.965,0.495,512405.0,3421236000.0
Cape Verde,CPV,2016,1.037,0.531,512556.0,3573126874.0
Cape Verde,CPV,2017,1.114,0.572,512899.0,3751791578.0
Cape Verde,CPV,2018,1.113,0.572,513418.0,3892648372.0
Cape Verde,CPV,2019,1.226,0.63,514116.0,4189894317.0
Cape Verde,CPV,2020,1.011,0.52,514683.0,3381126423.0
Cape Verde,CPV,2021,1.142,0.59,516655.0,3611420923.0
Cape Verde,CPV,2022,1.15,0.598,519750.0,4251154554.0
Cape Verde,CPV,2023,1.094,0.571,522335.0,
Cape Verde,CPV,2024,1.131,0.594,524878.0,
Central African Republic,CAF,2010,0.038,0.169,4493003.0,4410453712.0
Central African Republic,CAF,2011,0.034,0.154,4565023.0,4499550000.0
Central African Republic,CAF,2012,0.04,0.183,4610848.0,4632212000.0
Central African Republic,CAF,2013,0.022,0.103,4642423.0,2929689000.0
Central African Republic,CAF,2014,0.029,0.132,4623187.0,2960958000.0
Central African Republic,CAF,2015,0.042,0.194,4629322.0,3105792000.0
Central African Republic,CAF,2016,0.051,0.238,4713663.0,3265229504.0
Central African Republic,CAF,2017,0.06,0.286,4793512.0,3421678627.0
Central African Republic,CAF,2018,0.056,0.271,4878663.0,3557270233.0
Central African Republic,CAF,2019,0.063,0.311,4944708.0,3662931320.0
Central African Republic,CAF,2020,0.066,0.333,5026629.0,3698072848.0
Central African Republic,CAF,2021,0.072,0.366,5112103.0,3734422040.0
Central African Republic,CAF,2022,0.074,0.377,5098038.0,3752056621.0
Central African Republic,CAF,2023,0.076,0.389,5152415.0,
Central African Republic,CAF,2024,0.074,0.395,5330691.0,
Central America (GCP),,2010,,171.17,,
Central America (GCP),,2011,,171.403,,
Central America (GCP),,2012,,170.354,,
Central America (GCP),,2013,,170.805,,
Central America (GCP),,2014,,173.789,,
Central America (GCP),,2015,,181.22,,
Central America (GCP),,2016,,175.069,,
Central America (GCP),,2017,,169.963,,
Central America (GCP),,2018,,170.968,,
Central America (GCP),,2019,,179.63,,
Central America (GCP),,2020,,154.65,,
Central America (GCP),,2021,,171.831,,
Central America (GCP),,2022,,178.535,,
Central America (GCP),,2023,,181.89,,
Central America (GCP),,2024,,185.166,,
Chad,TCD,2010,0.1,1.236,12312580.0,19869964230.0
Chad,TCD,2011,0.1,1.277,12755004.0,19903398034.0
Chad,TCD,2012,0.132,1.747,13211006.0,21656293766.0
Chad,TCD,2013,0.152,2.082,13691081.0,22902174388.0
Chad,TCD,2014,0.154,2.183,14188680.0,24480827952.0
Chad,TCD,2015,0.161,2.352,14647626.0,24914134960.0
Chad,TCD,2016,0.158,2.382,15114652.0,23529405356.0
Chad,TCD,2017,0.15,2.341,15622756.0,22969403286.0
Chad,TCD,2018,0.148,2.384,16156535.0,23510339039.0
Chad,TCD,2019,0.138,2.3,16685223.0,24314153239.0
Chad,TCD,2020,0.137,2.356,17224686.0,23793345004.0
Chad,TCD,2021,0.15,2.67,17828274.0,23531147275.0
Chad,TCD,2022,0.152,2.8,18455319.0,24118013870.0
Chad,TCD,2023,0.147,2.848,19319075.0,
Chad,TCD,2024,0.139,2.831,20299131.0,
Chile,CHL,2010,4.153,71.347,17181463.0,321457401232.0
Chile,CHL,2011,4.499,78.071,17351810.0,338708860136.0
Chile,CHL,2012,4.545,79.621,17519116.0,359556383692.0
Chile,CHL,2013,4.621,81.733,17687006.0,371454072393.0
Chile,CHL,2014,4.343,77.586,17864192.0,378114271615.0
Chile,CHL,2015,4.531,81.778,18047630.0,386251266445.0
Chile,CHL,2016,4.612,84.25,18267225.0,393022253885.0
Chile,CHL,2017,4.533,84.135,18558868.0,398359518680.0
Chile,CHL,2018,4.469,84.443,18893185.0,414254051745.0
Chile,CHL,2019,4.791,91.977,19197748.0,417331966568.0
Chile,CHL,2020,4.139,80.178,19370621.0,391686945225.0
Chile,CHL,2021,4.298,83.63,19456323.0,437659188270.0
Chile,CHL,2022,4.385,85.744,19553033.0,448338105532.0
Chile,CHL,2023,3.948,77.604,19658833.0,
Chile,CHL,2024,3.983,78.726,19764774.0,
China,CHN,2010,6.37,8610.048,1351561505.0,12858808500983.0
China,CHN,2011,6.999,9520.153,1360250658.0,13691526496125.0
China,CHN,2012,7.132,9767.311,1369520866.0,14773157494771.0
China,CHN,2013,7.21,9942.371,1379008040.0,15925464549520.0
China,CHN,2014,7.188,9976.027,1387951970.0,17103948867278.0
China,CHN,2015,7.061,9858.04,1396134171.0,18301224436466.0
China,CHN,2016,6.943,9748.175,1404052628.0,19545709173693.0
China,CHN,2017,7.08,10000.014,1412354730.0,20894362082435.0
China,CHN,2018,7.292,10346.79,1419008954.0,22294284747546.0
China,CHN,2019,7.526,10713.515,1423520357.0,23631941251482.0
China,CHN,2020,7.641,10896.521,1426106093.0,24151843898871.0
China,CHN,2021,7.911,11284.401,1426437269.0,26180600167672.0
China,CHN,2022,8.218,11711.808,1425179562.0,26966016991166.0
China,CHN,2023,8.556,12172.009,1422584930.0,
China,CHN,2024,8.658,12289.037,1419321284.0,
Christmas Island,CXR,2010,,0.0,,
Christmas Island,CXR,2011,,0.0,,
Christmas Island,CXR,2012,,0.0,,
Christmas Island,CXR,2013,,0.0,,
Christmas Island,CXR,2014,,0.0,,
Christmas Island,CXR,2015,,0.0,,
Christmas Island,CXR,2016,,0.0,,
Christmas Island,CXR,2017,,0.0,,
Christmas Island,CXR,2018,,0.0,,
Christmas Island,CXR,2019,,0.0,,
Christmas Island,CXR,2020,,0.0,,
Christmas Island,CXR,2021,,0.0,,
Christmas Island,CXR,2022,,0.0,,
Christmas Island,CXR,2023,,0.0,,
Christmas Island,CXR,2024,,0.0,,
Colombia,COL,2010,1.685,75.431,44777325.0,489870174161.0
Colombia,COL,2011,1.661,75.191,45259614.0,521323240921.0
Colombia,COL,2012,1.721,78.675,45715807.0,541722649583.0
Colombia,COL,2013,1.873,86.445,46151583.0,569534665242.0
Colombia,COL,2014,1.977,92.042,46565426.0,595158021031.0
Colombia,COL,2015,1.938,91.027,46969938.0,612750891790.0
Colombia,COL,2016,1.931,91.583,47437513.0,625545111723.0
Colombia,COL,2017,1.734,83.459,48131076.0,634046295892.0
Colombia,COL,2018,1.852,90.811,49024463.0,650303209362.0
Colombia,COL,2019,1.983,98.962,49907987.0,671028388046.0
Colombia,COL,2020,1.823,92.305,50629997.0,622365414246.0
Colombia,COL,2021,2.027,103.734,51188174.0,690925195330.0
Colombia,COL,2022,1.729,89.437,51737944.0,742716953392.0
Colombia,COL,2023,1.72,89.992,52321152.0,
Colombia,COL,2024,1.752,92.659,52886360.0,
Comoros,COM,2010,0.246,0.161,654846.0,1011389038.0
Comoros,COM,2011,0.214,0.143,668064.0,1067838000.0
Comoros,COM,2012,0.226,0.154,681637.0,1112133000.0
Comoros,COM,2013,0.263,0.183,696203.0,1217488000.0
Comoros,COM,2014,0.232,0.165,711512.0,1263249000.0
Comoros,COM,2015,0.247,0.18,726685.0,1324576000.0
Comoros,COM,2016,0.277,0.205,741745.0,1356063486.0
Comoros,COM,2017,0.349,0.264,756672.0,1426021134.0
Comoros,COM,2018,0.37,0.286,771597.0,1479483924.0
Comoros,COM,2019,0.396,0.311,786582.0,1533170985.0
Comoros,COM,2020,0.461,0.37,802172.0,1594579416.0
Comoros,COM,2021,0.609,0.498,818178.0,1639163875.0
Comoros,COM,2022,0.637,0.532,834191.0,1682076951.0
Comoros,COM,2023,0.638,0.542,850390.0,
Comoros,COM,2024,0.637,0.552,866632.0,
Congo,COG,2010,1.233,5.5,4462304.0,24809062977.0
Congo,COG,2011,1.095,5.046,4609728.0,26249089782.0
Congo,COG,2012,1.059,5.018,4740457.0,28860086022.0
Congo,COG,2013,1.213,5.89,4857104.0,28654592534.0
Congo,COG,2014,1.1,5.471,4975887.0,30579326354.0
Congo,COG,2015,1.106,5.637,5097583.0,29493455123.0
Congo,COG,2016,1.097,5.727,5222545.0,26313174327.0
Congo,COG,2017,1.056,5.651,5351013.0,25159867387.0
Congo,COG,2018,1.194,6.545,5483128.0,23950933949.0
Congo,COG,2019,1.299,7.294,5616656.0,24196673159.0
Congo,COG,2020,1.335,7.677,5752792.0,22696964187.0
Congo,COG,2021,1.255,7.393,5892187.0,23037421913.0
Congo,COG,2022,1.446,8.728,6035104.0,23679011891.0
Congo,COG,2023,1.338,8.274,6182890.0,
Congo,COG,2024,1.396,8.84,6332969.0,
Cook Islands,COK,2010,4.095,0.07,17000.0,
Cook Islands,COK,2011,4.402,0.077,17480.0,
Cook Islands,COK,2012,4.557,0.081,17690.0,
Cook Islands,COK,2013,4.572,0.081,17629.0,
Cook Islands,COK,2014,4.591,0.081,17556.0,
Cook Islands,COK,2015,4.404,0.077,17471.0,
Cook Islands,COK,2016,4.432,0.077,17360.0,
Cook Islands,COK,2017,4.509,0.077,17066.0,
Cook Islands,COK,2018,4.629,0.077,16623.0,
Cook Islands,COK,2019,4.991,0.081,16151.0,
Cook Islands,COK,2020,4.21,0.066,15664.0,
Cook Islands,COK,2021,4.819,0.073,15205.0,
Cook Islands,COK,2022,5.218,0.077,14747.0,
Cook Islands,COK,2023,5.376,0.077,14244.0,
Cook Islands,COK,2024,5.824,0.08,13750.0,
Costa Rica,CRI,2010,1.638,7.461,4555965.0,54669051273.0
Costa Rica,CRI,2011,1.578,7.276,4609834.0,56719502938.0
Costa Rica,CRI,2012,1.547,7.217,4663930.0,59489116143.0
Costa Rica,CRI,2013,1.608,7.584,4716153.0,60973369897.0
Costa Rica,CRI,2014,1.616,7.702,4767126.0,63133053443.0
Costa Rica,CRI,2015,1.526,7.353,4818045.0,65438671759.0
Costa Rica,CRI,2016,1.609,7.829,4867003.0,68189707920.0
Costa Rica,CRI,2017,1.626,7.987,4913177.0,71025038908.0
Costa Rica,CRI,2018,1.607,7.967,4957813.0,72883048113.0
Costa Rica,CRI,2019,1.532,7.66,4999549.0,74645366733.0
Costa Rica,CRI,2020,1.342,6.754,5034323.0,71455765338.0
Costa Rica,CRI,2021,1.515,7.665,5059991.0,77015741091.0
Costa Rica,CRI,2022,1.576,8.01,5081764.0,80345898158.0
Costa Rica,CRI,2023,1.659,8.473,5105526.0,
Costa Rica,CRI,2024,1.708,8.76,5129909.0,
Cote d'Ivoire,CIV,2010,0.277,6.225,22488068.0,58369987439.0
Cote d'Ivoire,CIV,2011,0.284,6.523,22982003.0,57051170312.0
Cote d'Ivoire,CIV,2012,0.364,8.54,23467083.0,63249209930.0
Cote d'Ivoire,CIV,2013,0.404,9.68,23939775.0,69113673482.0
Cote d'Ivoire,CIV,2014,0.404,9.903,24527393.0,75191536255.0
Cote d'Ivoire,CIV,2015,0.378,9.555,25246347.0,81840720288.0
Cote d'Ivoire,CIV,2016,0.461,11.979,25989404.0,87711151924.0
Cote d'Ivoire,CIV,2017,0.449,12.002,26733376.0,93099253173.0
Cote d'Ivoire,CIV,2018,0.379,10.415,27464175.0,96591406762.0
Cote d'Ivoire,CIV,2019,0.374,10.539,28193014.0,104618149506.0
Cote d'Ivoire,CIV,2020,0.381,11.019,28915452.0,106396657387.0
Cote d'Ivoire,CIV,2021,0.461,13.666,29639737.0,113844428305.0
Cote d'Ivoire,CIV,2022,0.477,14.504,30395004.0,121471995793.0
Cote d'Ivoire,CIV,2023,0.451,14.052,31165653.0,
Cote d'Ivoire,CIV,2024,0.464,14.829,31934229.0,
Croatia,HRV,2010,4.877,20.978,4301150.0,81303793822.0
Croatia,HRV,2011,4.816,20.615,4280827.0,82302805353.0
Croatia,HRV,2012,4.473,19.05,4259233.0,80383800465.0
Croatia,HRV,2013,4.337,18.401,4242403.0,80064089923.0
Croatia,HRV,2014,4.183,17.65,4219485.0,79720242860.0
Croatia,HRV,2015,4.253,17.794,4183732.0,81731110395.0
Croatia,HRV,2016,4.371,18.079,4136438.0,84640158587.0
Croatia,HRV,2017,4.587,18.713,4079198.0,87528490789.0
Croatia,HRV,2018,4.396,17.695,4024868.0,89979865983.0
Croatia,HRV,2019,4.47,17.82,3986338.0,93057982684.0
Croatia,HRV,2020,4.267,16.87,3953956.0,85073361985.0
Croatia,HRV,2021,4.434,17.403,3924607.0,96194363488.0
Croatia,HRV,2022,4.501,17.585,3907031.0,102284645672.0
Croatia,HRV,2023,4.74,18.468,3896023.0,
Croatia,HRV,2024,4.765,18.465,3875325.0,
Cuba,CUB,2010,2.925,33.042,11297414.0,74083580619.0
Cuba,CUB,2011,2.573,29.076,11301578.0,78036992000.0
Cuba,CUB,2012,2.608,29.476,11303172.0,80388156000.0
Cuba,CUB,2013,2.469,27.894,11298163.0,83013750000.0
Cuba,CUB,2014,2.425,27.366,11285780.0,85723464000.0
Cuba,CUB,2015,2.58,29.091,11275069.0,88467246000.0
Cuba,CUB,2016,2.465,27.772,11265615.0,88635596816.0
Cuba,CUB,2017,2.183,24.559,11247824.0,90020495157.0
Cuba,CUB,2018,2.05,23.019,11227116.0,91854653880.0
Cuba,CUB,2019,2.007,22.487,11202847.0,91703236400.0
Cuba,CUB,2020,1.904,21.281,11176349.0,81663255167.0
Cuba,CUB,2021,2.027,22.549,11122169.0,82687389665.0
Cuba,CUB,2022,2.103,23.259,11059822.0,84154971449.0
Cuba,CUB,2023,2.13,23.47,11019932.0,
Cuba,CUB,2024,2.226,24.44,10979781.0,
Curacao,CUW,2010,25.713,4.034,156881.0,
Curacao,CUW,2011,32.452,5.146,158572.0,
Curacao,CUW,2012,39.076,6.287,160904.0,
Curacao,CUW,2013,36.366,5.932,163122.0,
Curacao,CUW,2014,41.182,6.797,165041.0,
Curacao,CUW,2015,44.002,7.332,166621.0,
Curacao,CUW,2016,36.97,6.203,167787.0,
Curacao,CUW,2017,29.482,4.968,168525.0,
Curacao,CUW,2018,23.809,4.324,181590.0,
Curacao,CUW,2019,12.641,2.396,189555.0,
Curacao,CUW,2020,10.852,2.008,185029.0,
Curacao,CUW,2021,11.546,2.14,185324.0,
Curacao,CUW,2022,11.92,2.209,185350.0,
Curacao,CUW,2023,11.89,2.205,185437.0,
Curacao,CUW,2024,12.344,2.29,185482.0,
Cyprus,CYP,2010,7.157,8.072,1127826.0,27285556934.0
Cyprus,CYP,2011,6.797,7.792,1146493.0,27627899267.0
Cyprus,CYP,2012,6.231,7.262,1165403.0,26675451028.0
Cyprus,CYP,2013,5.556,6.578,1183899.0,24918237857.0
Cyprus,CYP,2014,5.766,6.93,1201806.0,24475580582.0
Cyprus,CYP,2015,5.701,6.952,1219504.0,25312505108.0
Cyprus,CYP,2016,5.941,7.35,1237114.0,26976335005.0
Cyprus,CYP,2017,5.955,7.469,1254274.0,28523085691.0
Cyprus,CYP,2018,5.764,7.324,1270743.0,30134014224.0
Cyprus,CYP,2019,5.693,7.324,1286669.0,31800247242.0
Cyprus,CYP,2020,5.301,6.903,1302250.0,30409793367.0
Cyprus,CYP,2021,5.276,6.951,1317311.0,32428676744.0
Cyprus,CYP,2022,5.311,7.071,1331376.0,34255009922.0
Cyprus,CYP,2023,5.344,7.188,1344981.0,
Cyprus,CYP,2024,5.374,7.299,1358287.0,
Czechia,CZE,2010,11.226,117.464,10464035.0,271231988282.0
Czechia,CZE,2011,10.974,115.178,10495508.0,279082754736.0
Czechia,CZE,2012,10.59,111.276,10507339.0,276891945353.0
Czechia,CZE,2013,10.152,106.71,10511164.0,276764861619.0
Czechia,CZE,2014,9.911,104.233,10517223.0,283025537919.0
Czechia,CZE,2015,9.976,104.99,10524418.0,298276052489.0
Czechia,CZE,2016,10.125,106.636,10531946.0,305844147713.0
Czechia,CZE,2017,10.22,107.736,10541343.0,321652381589.0
Czechia,CZE,2018,10.079,106.322,10548934.0,332009886797.0
Czechia,CZE,2019,9.569,100.997,10554872.0,342069373423.0
Czechia,CZE,2020,8.688,91.661,10550129.0,323245433506.0
Czechia,CZE,2021,9.176,96.629,10530683.0,334729441747.0
Czechia,CZE,2022,8.905,95.04,10673216.0,342966849621.0
Czechia,CZE,2023,7.7,83.232,10809722.0,
Czechia,CZE,2024,7.044,75.623,10735857.0,
Democratic Republic of Congo,COD,2010,0.04,2.735,68563038.0,46223524668.0
Democratic Republic of Congo,COD,2011,0.043,3.041,70849311.0,51169100367.0
Democratic Republic of Congo,COD,2012,0.038,2.797,73254623.0,55604951736.0
Democratic Republic of Congo,COD,2013,0.052,3.921,75789397.0,60956372609.0
Democratic Republic of Congo,COD,2014,0.065,5.066,78403248.0,65407411596.0
Democratic Republic of Congo,COD,2015,0.04,3.274,81035532.0,69567321729.0
Democratic Republic of Congo,COD,2016,0.032,2.659,83956416.0,69841412960.0
Democratic Republic of Congo,COD,2017,0.034,2.92,87083400.0,72396212035.0
Democratic Republic of Congo,COD,2018,0.042,3.774,90047647.0,75889338637.0
Democratic Republic of Congo,COD,2019,0.044,4.118,92947450.0,79292965259.0
Democratic Republic of Congo,COD,2020,0.045,4.305,95990000.0,80617953765.0
Democratic Republic of Congo,COD,2021,0.043,4.292,99148930.0,85639643645.0
Democratic Republic of Congo,COD,2022,0.058,5.892,102396974.0,91314988450.0
Democratic Republic of Congo,COD,2023,0.056,5.881,105789733.0,
Democratic Republic of Congo,COD,2024,0.054,5.904,109276264.0,
Denmark,DNK,2010,8.866,49.19,5547865.0,238190225279.0
Denmark,DNK,2011,7.941,44.237,5570848.0,242757622888.0
Denmark,DNK,2012,7.128,39.861,5591911.0,243307499552.0
Denmark,DNK,2013,7.437,41.763,5615333.0,245578374484.0
Denmark,DNK,2014,6.657,37.571,5643795.0,249555233739.0
Denmark,DNK,2015,6.177,35.111,5683698.0,255401297489.0
Denmark,DNK,2016,6.445,36.917,5728196.0,263691544304.0
Denmark,DNK,2017,6.013,34.665,5765164.0,271132202845.0
Denmark,DNK,2018,5.973,34.609,5793824.0,276526484620.0
Denmark,DNK,2019,5.323,30.95,5814618.0,280656364923.0
Denmark,DNK,2020,4.853,28.3,5831529.0,275058379473.0
Denmark,DNK,2021,5.055,29.604,5856774.0,288414406840.0
Denmark,DNK,2022,4.929,29.094,5902901.0,299429011832.0
Denmark,DNK,2023,4.847,28.831,5948134.0,
Denmark,DNK,2024,4.746,28.369,5977417.0,
Djibouti,DJI,2010,0.555,0.517,930252.0,1885010108.0
Djibouti,DJI,2011,0.332,0.315,948565.0,1960630000.0
Djibouti,DJI,2012,0.303,0.293,966754.0,2054196000.0
Djibouti,DJI,2013,0.387,0.381,984833.0,2157408000.0
Djibouti,DJI,2014,0.416,0.418,1002720.0,2286630000.0
Djibouti,DJI,2015,0.495,0.505,1020316.0,2435148000.0
Djibouti,DJI,2016,0.412,0.428,1037660.0,2612607480.0
Djibouti,DJI,2017,0.392,0.414,1054844.0,2767106002.0
Djibouti,DJI,2018,0.44,0.472,1071886.0,2924431711.0
Djibouti,DJI,2019,0.496,0.54,1088710.0,3086593147.0
Djibouti,DJI,2020,0.419,0.463,1105193.0,3123694253.0
Djibouti,DJI,2021,0.497,0.558,1121251.0,3274020536.0
Djibouti,DJI,2022,0.484,0.55,1137101.0,3395681646.0
Djibouti,DJI,2023,0.484,0.558,1152951.0,
Djibouti,DJI,2024,0.483,0.564,1168726.0,
Dominica,DMA,2010,2.447,0.169,68872.0,640098860.0
Dominica,DMA,2011,2.175,0.15,69073.0,652912000.0
Dominica,DMA,2012,2.385,0.165,69138.0,644079000.0
Dominica,DMA,2013,2.259,0.158,69733.0,667585000.0
Dominica,DMA,2014,2.395,0.169,70387.0,694011000.0
Dominica,DMA,2015,2.497,0.176,70429.0,689606000.0
Dominica,DMA,2016,2.473,0.172,69627.0,707976572.0
Dominica,DMA,2017,2.246,0.154,68514.0,656048862.0
Dominica,DMA,2018,2.418,0.165,68195.0,677586340.0
Dominica,DMA,2019,2.536,0.172,67901.0,714870398.0
Dominica,DMA,2020,2.331,0.158,67588.0,600082697.0
Dominica,DMA,2021,2.398,0.161,67222.0,637252112.0
Dominica,DMA,2022,2.466,0.165,66847.0,675098029.0
Dominica,DMA,2023,2.473,0.165,66531.0,
Dominica,DMA,2024,2.58,0.171,66226.0,
Dominican Republic,DOM,2010,2.082,20.445,9820180.0,107260793439.0
Dominican Republic,DOM,2011,2.104,20.922,9945623.0,112433265383.0
Dominican Republic,DOM,2012,2.076,20.903,10070409.0,115488083453.0
Dominican Republic,DOM,2013,2.045,20.842,10193838.0,121118130894.0
Dominican Republic,DOM,2014,2.061,21.264,10315523.0,129656952614.0
Dominican Republic,DOM,2015,2.203,22.986,10434826.0,138638287562.0
Dominican Republic,DOM,2016,2.288,24.14,10551430.0,147870212847.0
Dominican Republic,DOM,2017,2.199,23.455,10666846.0,154771313809.0
Dominican Republic,DOM,2018,2.338,25.203,10782048.0,165578989651.0
Dominican Republic,DOM,2019,2.613,28.471,10894043.0,173944046167.0
Dominican Republic,DOM,2020,2.383,26.228,11008298.0,162255006875.0
Dominican Republic,DOM,2021,2.64,29.363,11123480.0,182166940060.0
Dominican Republic,DOM,2022,2.78,31.225,11230734.0,191182362267.0
Dominican Republic,DOM,2023,2.809,31.829,11331269.0,
Dominican Republic,DOM,2024,2.899,33.131,11427558.0,
East Timor,TLS,2010,0.289,0.313,1084688.0,
East Timor,TLS,2011,0.391,0.434,1110212.0,
East Timor,TLS,2012,0.521,0.591,1134891.0,
East Timor,TLS,2013,0.535,0.62,1158697.0,
East Timor,TLS,2014,0.531,0.627,1181913.0,
East Timor,TLS,2015,0.49,0.59,1205133.0,
East Timor,TLS,2016,0.523,0.643,1228314.0,
East Timor,TLS,2017,0.554,0.693,1251711.0,
East Timor,TLS,2018,0.484,0.617,1275962.0,
East Timor,TLS,2019,0.519,0.675,1300946.0,
East Timor,TLS,2020,0.487,0.646,1326051.0,
East Timor,TLS,2021,0.459,0.62,1350142.0,
East Timor,TLS,2022,0.489,0.67,1369299.0,
East Timor,TLS,2023,0.46,0.637,1384292.0,
East Timor,TLS,2024,0.477,0.668,1400638.0,
Ecuador,ECU,2010,2.419,36.469,15076697.0,137913290159.0
Ecuador,ECU,2011,2.511,38.48,15326232.0,149795272280.0
Ecuador,ECU,2012,2.408,37.493,15572195.0,158246726051.0
Ecuador,ECU,2013,2.511,39.685,15807132.0,166075183974.0
Ecuador,ECU,2014,2.729,43.76,16035127.0,172367775440.0
Ecuador,ECU,2015,2.539,41.298,16266229.0,172538423301.0
Ecuador,ECU,2016,2.386,39.375,16505142.0,170423090933.0
Ecuador,ECU,2017,2.339,39.196,16759515.0,174458721084.0
Ecuador,ECU,2018,2.255,38.451,17049542.0,176707497535.0
Ecuador,ECU,2019,2.312,40.083,17340017.0,176728682555.0
Ecuador,ECU,2020,1.851,32.473,17546058.0,162965075602.0
Ecuador,ECU,2021,2.159,38.185,17682454.0,169866634253.0
Ecuador,ECU,2022,2.36,42.066,17823900.0,175028884708.0
Ecuador,ECU,2023,2.481,44.6,17980079.0,
Ecuador,ECU,2024,2.535,45.98,18135478.0,
Egypt,EGY,2010,2.273,202.704,89196073.0,898751418203.0
Egypt,EGY,2011,2.434,221.675,91093066.0,923052843843.0
Egypt,EGY,2012,2.281,212.524,93161000.0,950287307199.0
Egypt,EGY,2013,2.298,219.087,95333551.0,984556585202.0
Egypt,EGY,2014,2.33,227.254,97528655.0,1035721838706.0
Egypt,EGY,2015,2.276,226.654,99597334.0,1079611566322.0
Egypt,EGY,2016,2.412,245.164,101644583.0,1121578599865.0
Egypt,EGY,2017,2.443,253.364,103696055.0,1158060486104.0
Egypt,EGY,2018,2.289,241.903,105682092.0,1220661740193.0
Egypt,EGY,2019,2.176,234.06,107553159.0,1289253465646.0
Egypt,EGY,2020,2.253,246.323,109315118.0,1307778142529.0
Egypt,EGY,2021,2.405,266.839,110957005.0,1400985648780.0
Egypt,EGY,2022,2.219,249.899,112618252.0,1460427350416.0
Egypt,EGY,2023,2.185,250.23,114535772.0,
Egypt,EGY,2024,2.217,258.368,116538256.0,
El Salvador,SLV,2010,1.036,6.287,6068253.0,43862777197.0
El Salvador,SLV,2011,1.062,6.467,6090128.0,45520507146.0
El Salvador,SLV,2012,1.053,6.436,6113977.0,46608113564.0
El Salvador,SLV,2013,0.987,6.058,6138845.0,48017379514.0
El Salvador,SLV,2014,0.993,6.12,6162952.0,49026874064.0
El Salvador,SLV,2015,1.073,6.637,6183675.0,50319726389.0
El Salvador,SLV,2016,1.06,6.572,6200808.0,51794877474.0
El Salvador,SLV,2017,0.956,5.942,6213538.0,53295513328.0
El Salvador,SLV,2018,1.037,6.452,6219803.0,55053057931.0
El Salvador,SLV,2019,1.227,7.634,6222316.0,56393644127.0
El Salvador,SLV,2020,0.984,6.135,6234679.0,51960808936.0
El Salvador,SLV,2021,1.115,6.977,6255780.0,57771997522.0
El Salvador,SLV,2022,1.26,7.913,6280316.0,59270934820.0
El Salvador,SLV,2023,1.374,8.67,6309629.0,
El Salvador,SLV,2024,1.416,8.972,6338197.0,
Equatorial Guinea,GNQ,2010,5.363,6.377,1189097.0,27366671882.0
Equatorial Guinea,GNQ,2011,4.885,6.067,1241843.0,29285788000.0
Equatorial Guinea,GNQ,2012,5.315,6.875,1293485.0,31730930000.0
Equatorial Guinea,GNQ,2013,6.068,8.168,1346220.0,30419136000.0
Equatorial Guinea,GNQ,2014,5.459,7.641,1399829.0,30256854000.0
Equatorial Guinea,GNQ,2015,4.821,7.01,1453925.0,28026102000.0
Equatorial Guinea,GNQ,2016,4.998,7.538,1508192.0,25203837269.0
Equatorial Guinea,GNQ,2017,4.362,6.816,1562401.0,23511758900.0
Equatorial Guinea,GNQ,2018,4.352,7.034,1616425.0,21813514918.0
Equatorial Guinea,GNQ,2019,3.301,5.514,1670184.0,20617750095.0
Equatorial Guinea,GNQ,2020,3.722,6.39,1716479.0,19743252847.0
Equatorial Guinea,GNQ,2021,4.03,7.088,1758796.0,19556604569.0
Equatorial Guinea,GNQ,2022,4.157,7.497,1803549.0,20191378731.0
Equatorial Guinea,GNQ,2023,3.742,6.913,1847556.0,
Equatorial Guinea,GNQ,2024,3.704,7.01,1892523.0,
Eritrea,ERI,2010,0.159,0.468,2945184.0,
Eritrea,ERI,2011,0.193,0.578,2998493.0,
Eritrea,ERI,2012,0.2,0.608,3036998.0,
Eritrea,ERI,2013,0.185,0.57,3074367.0,
Eritrea,ERI,2014,0.184,0.569,3095168.0,
Eritrea,ERI,2015,0.18,0.557,3105554.0,
Eritrea,ERI,2016,0.177,0.554,3124700.0,
Eritrea,ERI,2017,0.176,0.553,3150350.0,
Eritrea,ERI,2018,0.193,0.616,3192763.0,
Eritrea,ERI,2019,0.199,0.645,3240194.0,
Eritrea,ERI,2020,0.195,0.641,3291277.0,
Eritrea,ERI,2021,0.203,0.682,3350185.0,
Eritrea,ERI,2022,0.211,0.718,3409450.0,
Eritrea,ERI,2023,0.211,0.731,3470391.0,
Eritrea,ERI,2024,0.21,0.743,3535610.0,
Estonia,EST,2010,14.244,18.965,1331450.0,27586968284.0
Estonia,EST,2011,14.275,18.948,1327366.0,29217295065.0
Estonia,EST,2012,13.429,17.761,1322615.0,30160490093.0
Estonia,EST,2013,14.898,19.634,1317920.0,30600421813.0
Estonia,EST,2014,14.29,18.784,1314457.0,31521829560.0
Estonia,EST,2015,12.004,15.78,1314580.0,32106015454.0
Estonia,EST,2016,13.248,17.433,1315850.0,33119083785.0
Estonia,EST,2017,14.131,18.616,1317430.0,35037377711.0
Estonia,EST,2018,13.465,17.801,1321972.0,36363239216.0
Estonia,EST,2019,9.261,12.288,1326822.0,37723175050.0
Estonia,EST,2020,6.918,9.198,1329675.0,37515273353.0
Estonia,EST,2021,7.802,10.391,1331750.0,40521483538.0
Estonia,EST,2022,8.863,11.966,1350093.0,39999856613.0
Estonia,EST,2023,6.396,8.744,1367195.0,
Estonia,EST,2024,6.105,8.307,1360548.0,
Eswatini,SWZ,2010,0.897,0.997,1111651.0,7332277029.0
Eswatini,SWZ,2011,0.859,0.96,1117845.0,7567466177.0
Eswatini,SWZ,2012,0.988,1.11,1123870.0,7793097968.0
Eswatini,SWZ,2013,1.164,1.315,1130000.0,8126636123.0
Eswatini,SWZ,2014,0.671,0.762,1136305.0,8327527350.0
Eswatini,SWZ,2015,0.744,0.85,1142822.0,8445665268.0
Eswatini,SWZ,2016,0.889,1.022,1149516.0,8545156780.0
Eswatini,SWZ,2017,0.838,0.971,1158198.0,8725282454.0
Eswatini,SWZ,2018,0.868,1.015,1168933.0,8936238936.0
Eswatini,SWZ,2019,0.932,1.099,1179885.0,9177836965.0
Eswatini,SWZ,2020,0.829,0.989,1192734.0,9034694873.0
Eswatini,SWZ,2021,0.82,0.989,1206598.0,9746927305.0
Eswatini,SWZ,2022,0.844,1.028,1218921.0,9594910875.0
Eswatini,SWZ,2023,0.837,1.03,1230507.0,
Eswatini,SWZ,2024,0.841,1.045,1242829.0,
Ethiopia,ETH,2010,0.07,6.344,90538518.0,94148625646.0
Ethiopia,ETH,2011,0.079,7.355,93149977.0,104948629242.0
Ethiopia,ETH,2012,0.083,7.988,95798771.0,116345224724.0
Ethiopia,ETH,2013,0.099,9.744,98438752.0,128310309167.0
Ethiopia,ETH,2014,0.114,11.543,101115615.0,141950543442.0
Ethiopia,ETH,2015,0.121,12.564,103867140.0,157107146471.0
Ethiopia,ETH,2016,0.134,14.323,106718163.0,173708917362.0
Ethiopia,ETH,2017,0.133,14.603,109666482.0,190761659136.0
Ethiopia,ETH,2018,0.143,16.117,112664157.0,206205566995.0
Ethiopia,ETH,2019,0.148,17.177,115737384.0,221885291686.0
Ethiopia,ETH,2020,0.141,16.735,118917670.0,237860193068.0
Ethiopia,ETH,2021,0.147,17.906,122138588.0,251849804145.0
Ethiopia,ETH,2022,0.135,16.96,125384285.0,269977225159.0
Ethiopia,ETH,2023,0.137,17.571,128691695.0,
Ethiopia,ETH,2024,0.135,17.837,132059770.0,
Europe,,2010,8.279,6117.359,739291483.0,
Europe,,2011,8.166,6044.341,740524016.0,
Europe,,2012,8.092,5998.599,741642607.0,
Europe,,2013,7.868,5840.099,742672989.0,
Europe,,2014,7.544,5609.139,743860819.0,
Europe,,2015,7.534,5613.446,745474876.0,
Europe,,2016,7.495,5598.047,747258527.0,
Europe,,2017,7.527,5632.42,748701837.0,
Europe,,2018,7.49,5613.848,749853945.0,
Europe,,2019,7.245,5437.201,750809114.0,
Europe,,2020,6.697,5025.675,750844584.0,
Europe,,2021,7.025,5265.446,749949128.0,
Europe,,2022,6.813,5095.635,748314268.0,
Europe,,2023,6.546,4887.137,746966209.0,
Europe,,2024,6.542,4880.514,746460441.0,
Europe (GCP),,2010,,6117.359,,
Europe (GCP),,2011,,6044.341,,
Europe (GCP),,2012,,5998.598,,
Europe (GCP),,2013,,5840.099,,
Europe (GCP),,2014,,5609.14,,
Europe (GCP),,2015,,5613.446,,
Europe (GCP),,2016,,5598.047,,
Europe (GCP),,2017,,5632.42,,
Europe (GCP),,2018,,5613.848,,
Europe (GCP),,2019,,5437.201,,
Europe (GCP),,2020,,5025.676,,
Europe (GCP),,2021,,5265.446,,
Europe (GCP),,2022,,5095.634,,
Europe (GCP),,2023,,4887.137,,
Europe (GCP),,2024,,4880.514,,
Europe (excl. EU-27),,2010,9.027,2693.033,,
Europe (excl. EU-27),,2011,9.096,2717.282,,
Europe (excl. EU-27),,2012,9.155,2739.982,,
Europe (excl. EU-27),,2013,8.881,2663.57,,
Europe (excl. EU-27),,2014,8.553,2570.278,,
Europe (excl. EU-27),,2015,8.362,2518.539,,
Europe (excl. EU-27),,2016,8.291,2503.531,,
Europe (excl. EU-27),,2017,8.307,2513.96,,
Europe (excl. EU-27),,2018,8.464,2564.364,,
Europe (excl. EU-27),,2019,8.356,2532.252,,
Europe (excl. EU-27),,2020,7.924,2398.624,,
Europe (excl. EU-27),,2021,8.163,2463.978,,
Europe (excl. EU-27),,2022,7.893,2358.689,,
Europe (excl. EU-27),,2023,8.117,2402.14,,
Europe (excl. EU-27),,2024,8.297,2454.348,,
Europe (excl. EU-28),,2010,9.269,2181.128,,
Europe (excl. EU-28),,2011,9.555,2247.568,,
Europe (excl. EU-28),,2012,9.572,2252.505,,
Europe (excl. EU-28),,2013,9.281,2185.959,,
Europe (excl. EU-28),,2014,9.045,2131.471,,
Europe (excl. EU-28),,2015,8.889,2096.078,,
Europe (excl. EU-28),,2016,8.913,2104.101,,
Europe (excl. EU-28),,2017,9.0,2126.593,,
Europe (excl. EU-28),,2018,9.248,2184.634,,
Europe (excl. EU-28),,2019,9.186,2167.499,,
Europe (excl. EU-28),,2020,8.806,2072.361,,
Europe (excl. EU-28),,2021,9.059,2121.612,,
Europe (excl. EU-28),,2022,8.878,2047.571,,
Europe (excl. EU-28),,2023,9.216,2094.314,,
Europe (excl. EU-28),,2024,9.447,2141.443,,
European Union (27),,2010,7.772,3424.327,440608965.0,
European Union (27),,2011,7.537,3327.059,441440625.0,
European Union (27),,2012,7.372,3258.616,441999248.0,
European Union (27),,2013,7.18,3176.529,442399413.0,
European Union (27),,2014,6.86,3038.861,442964758.0,
European Union (27),,2015,6.972,3094.906,443910920.0,
European Union (27),,2016,6.955,3094.515,444911502.0,
European Union (27),,2017,6.997,3118.46,445696788.0,
European Union (27),,2018,6.83,3049.484,446503671.0,
European Union (27),,2019,6.493,2904.949,447369201.0,
European Union (27),,2020,5.867,2627.051,447777523.0,
European Union (27),,2021,6.257,2801.469,447705920.0,
European Union (27),,2022,6.094,2736.946,449113463.0,
European Union (27),,2023,5.514,2484.997,450657572.0,
European Union (27),,2024,5.388,2426.166,450259560.0,
European Union (28),,2010,7.816,3936.231,,
European Union (28),,2011,7.519,3796.772,,
European Union (28),,2012,7.404,3746.093,,
European Union (28),,2013,7.21,3654.14,,
European Union (28),,2014,6.848,3477.668,,
European Union (28),,2015,6.906,3517.367,,
European Union (28),,2016,6.84,3493.946,,
European Union (28),,2017,6.847,3505.827,,
European Union (28),,2018,6.681,3429.214,,
European Union (28),,2019,6.355,3269.703,,
European Union (28),,2020,5.733,2953.314,,
European Union (28),,2021,6.1,3143.835,,
European Union (28),,2022,5.892,3048.064,,
European Union (28),,2023,5.378,2792.823,,
European Union (28),,2024,5.274,2739.072,,
Faroe Islands,FRO,2010,13.001,0.627,48191.0,
Faroe Islands,FRO,2011,11.766,0.564,47957.0,
Faroe Islands,FRO,2012,12.337,0.594,48113.0,
Faroe Islands,FRO,2013,13.428,0.649,48297.0,
Faroe Islands,FRO,2014,12.31,0.597,48515.0,
Faroe Islands,FRO,2015,12.434,0.608,48916.0,
Faroe Islands,FRO,2016,12.644,0.627,49554.0,
Faroe Islands,FRO,2017,13.995,0.703,50268.0,
Faroe Islands,FRO,2018,14.208,0.725,51062.0,
Faroe Islands,FRO,2019,14.269,0.74,51868.0,
Faroe Islands,FRO,2020,14.415,0.758,52615.0,
Faroe Islands,FRO,2021,14.704,0.784,53324.0,
Faroe Islands,FRO,2022,13.378,0.723,54039.0,
Faroe Islands,FRO,2023,13.038,0.714,54738.0,
Faroe Islands,FRO,2024,13.089,0.725,55419.0,
Fiji,FJI,2010,1.131,1.03,910427.0,
Fiji,FJI,2011,1.019,0.931,912991.0,
Fiji,FJI,2012,0.993,0.909,914920.0,
Fiji,FJI,2013,1.132,1.037,916359.0,
Fiji,FJI,2014,1.286,1.18,917589.0,
Fiji,FJI,2015,1.592,1.462,918585.0,
Fiji,FJI,2016,1.463,1.345,919167.0,
Fiji,FJI,2017,1.583,1.455,918762.0,
Fiji,FJI,2018,1.614,1.48,917185.0,
Fiji,FJI,2019,1.65,1.509,914906.0,
Fiji,FJI,2020,1.498,1.37,914971.0,
Fiji,FJI,2021,1.187,1.088,916718.0,
Fiji,FJI,2022,1.51,1.389,919428.0,
Fiji,FJI,2023,1.496,1.382,924150.0,
Fiji,FJI,2024,1.556,1.445,928800.0,
Finland,FIN,2010,11.95,64.092,5363347.0,201746033638.0
Finland,FIN,2011,10.513,56.646,5388236.0,207084301562.0
Finland,FIN,2012,9.449,51.154,5413978.0,204190196792.0
Finland,FIN,2013,9.509,51.719,5439057.0,202349011206.0
Finland,FIN,2014,8.719,47.622,5461686.0,201610622550.0
Finland,FIN,2015,8.065,44.192,5479719.0,202706706722.0
Finland,FIN,2016,8.598,47.252,5495468.0,208405735062.0
Finland,FIN,2017,8.107,44.657,5508398.0,215058877437.0
Finland,FIN,2018,8.292,45.736,5515730.0,217509947213.0
Finland,FIN,2019,7.687,42.444,5521754.0,220173891564.0
Finland,FIN,2020,6.821,37.72,5529616.0,214988893865.0
Finland,FIN,2021,6.825,37.82,5541069.0,221538476826.0
Finland,FIN,2022,6.525,36.337,5569300.0,226154847456.0
Finland,FIN,2023,5.677,31.799,5601185.0,
Finland,FIN,2024,5.301,29.775,5617311.0,
France,FRA,2010,5.946,377.079,63417366.0,2342490492199.0
France,FRA,2011,5.572,355.127,63733776.0,2393401943613.0
France,FRA,2012,5.59,358.1,64058465.0,2400896391731.0
France,FRA,2013,5.591,360.013,64387736.0,2414733629218.0
France,FRA,2014,5.067,327.809,64692495.0,2437822780219.0
France,FRA,2015,5.116,332.131,64916337.0,2464953810985.0
France,FRA,2016,5.155,335.496,65086853.0,2491956183265.0
France,FRA,2017,5.183,338.368,65284775.0,2549057506683.0
France,FRA,2018,4.931,323.102,65519537.0,2596599107835.0
France,FRA,2019,4.812,316.321,65729460.0,2644453795826.0
France,FRA,2020,4.272,281.515,65905273.0,2438594133224.0
France,FRA,2021,4.65,307.272,66083547.0,2604822841790.0
France,FRA,2022,4.456,295.304,66277412.0,2671568767031.0
France,FRA,2023,4.068,270.263,66438828.0,
France,FRA,2024,3.969,264.156,66548532.0,
French Polynesia,PYF,2010,3.412,0.923,270590.0,
French Polynesia,PYF,2011,3.25,0.883,271734.0,
French Polynesia,PYF,2012,3.207,0.876,273092.0,
French Polynesia,PYF,2013,3.214,0.883,274736.0,
French Polynesia,PYF,2014,3.076,0.85,276391.0,
French Polynesia,PYF,2015,3.046,0.846,277877.0,
French Polynesia,PYF,2016,3.11,0.868,279180.0,
French Polynesia,PYF,2017,3.126,0.876,280096.0,
French Polynesia,PYF,2018,3.143,0.879,279823.0,
French Polynesia,PYF,2019,3.191,0.89,279040.0,
French Polynesia,PYF,2020,2.979,0.832,279218.0,
French Polynesia,PYF,2021,3.103,0.868,279808.0,
French Polynesia,PYF,2022,3.162,0.887,280388.0,
French Polynesia,PYF,2023,3.139,0.882,281125.0,
French Polynesia,PYF,2024,3.275,0.923,281816.0,
Gabon,GAB,2010,3.214,5.528,1719883.0,23885406357.0
Gabon,GAB,2011,3.057,5.447,1781987.0,27165828850.0
Gabon,GAB,2012,2.716,5.016,1846893.0,28592310064.0
Gabon,GAB,2013,2.713,5.19,1913061.0,30169739768.0
Gabon,GAB,2014,2.863,5.663,1978400.0,31507773384.0
Gabon,GAB,2015,2.828,5.772,2040990.0,32729961516.0
Gabon,GAB,2016,2.672,5.613,2100310.0,33414337569.0
Gabon,GAB,2017,2.55,5.501,2156902.0,33572391290.0
Gabon,GAB,2018,2.515,5.563,2212320.0,33855404131.0
Gabon,GAB,2019,2.473,5.607,2267711.0,35180839675.0
Gabon,GAB,2020,2.427,5.636,2322538.0,34525072669.0
Gabon,GAB,2021,2.333,5.545,2376729.0,35037430976.0
Gabon,GAB,2022,2.379,5.783,2430750.0,36035291983.0
Gabon,GAB,2023,2.141,5.321,2484790.0,
Gabon,GAB,2024,2.126,5.399,2538953.0,
Gambia,GMB,2010,0.224,0.432,1926634.0,3111135545.0
Gambia,GMB,2011,0.223,0.443,1983785.0,3000862000.0
Gambia,GMB,2012,0.221,0.451,2043097.0,3174000000.0
Gambia,GMB,2013,0.204,0.429,2103825.0,3327261000.0
Gambia,GMB,2014,0.234,0.506,2164535.0,3357018000.0
Gambia,GMB,2015,0.262,0.583,2224530.0,3514848000.0
Gambia,GMB,2016,0.258,0.59,2283775.0,3558432648.0
Gambia,GMB,2017,0.255,0.597,2342191.0,3704517995.0
Gambia,GMB,2018,0.27,0.649,2399633.0,3947001965.0
Gambia,GMB,2019,0.289,0.711,2456847.0,4192588256.0
Gambia,GMB,2020,0.278,0.7,2515744.0,4217390293.0
Gambia,GMB,2021,0.282,0.725,2576015.0,4439051582.0
Gambia,GMB,2022,0.306,0.808,2636472.0,4656793663.0
Gambia,GMB,2023,0.286,0.773,2697846.0,
Gambia,GMB,2024,0.291,0.803,2759999.0,
Georgia,GEO,2010,1.614,6.29,3895932.0,41359835742.0
Georgia,GEO,2011,2.02,7.814,3868724.0,44138043878.0
Georgia,GEO,2012,2.16,8.294,3839208.0,46970386649.0
Georgia,GEO,2013,2.108,8.028,3809128.0,48668828674.0
Georgia,GEO,2014,2.388,9.058,3792921.0,50830708616.0
Georgia,GEO,2015,2.582,9.791,3791570.0,52369351007.0
Georgia,GEO,2016,2.648,10.043,3792061.0,53891203471.0
Georgia,GEO,2017,2.652,10.06,3792860.0,56501161966.0
Georgia,GEO,2018,2.606,9.888,3794881.0,59237502380.0
Georgia,GEO,2019,2.77,10.517,3796722.0,62188716739.0
Georgia,GEO,2020,2.734,10.378,3795680.0,57984758412.0
Georgia,GEO,2021,2.838,10.75,3788450.0,64053441556.0
Georgia,GEO,2022,3.162,12.0,3794782.0,70528605169.0
Georgia,GEO,2023,3.131,11.922,3807494.0,
Georgia,GEO,2024,3.095,11.784,3807668.0,
Germany,DEU,2010,10.228,826.705,80830916.0,3301123203586.0
Germany,DEU,2011,9.95,804.542,80857877.0,3467712967640.0
Germany,DEU,2012,10.061,814.093,80916391.0,3482225441398.0
Germany,DEU,2013,10.263,831.746,81041581.0,3497463140441.0
Germany,DEU,2014,9.74,792.584,81376078.0,3574741315261.0
Germany,DEU,2015,9.757,800.823,82077546.0,3628073946157.0
Germany,DEU,2016,9.642,797.988,82760102.0,3708979940863.0
Germany,DEU,2017,9.441,784.595,83104010.0,3808389445530.0
Germany,DEU,2018,9.101,758.771,83368507.0,3845758522294.0
Germany,DEU,2019,8.481,708.649,83559184.0,3886392581475.0
Germany,DEU,2020,7.739,647.177,83628711.0,3742721113842.0
Germany,DEU,2021,8.101,677.998,83697080.0,3841041747482.0
Germany,DEU,2022,7.942,667.843,84086227.0,3909612753939.0
Germany,DEU,2023,7.023,593.766,84548233.0,
Germany,DEU,2024,6.769,572.319,84552234.0,
Ghana,GHA,2010,0.351,8.943,25475000.0,75296610301.0
Ghana,GHA,2011,0.396,10.329,26095091.0,86160263888.0
Ghana,GHA,2012,0.473,12.641,26734273.0,93421855305.0
Ghana,GHA,2013,0.46,12.61,27386193.0,100187456075.0
Ghana,GHA,2014,0.473,13.257,28041592.0,103048820009.0
Ghana,GHA,2015,0.508,14.568,28696071.0,105234477793.0
Ghana,GHA,2016,0.474,13.914,29356736.0,108784039058.0
Ghana,GHA,2017,0.414,12.437,30008364.0,117627099029.0
Ghana,GHA,2018,0.496,15.19,30637592.0,124919973796.0
Ghana,GHA,2019,0.525,16.415,31258943.0,133049773378.0
Ghana,GHA,2020,0.601,19.164,31887802.0,133733644694.0
Ghana,GHA,2021,0.632,20.556,32518662.0,140896419821.0
Ghana,GHA,2022,0.626,20.745,33149152.0,145431875240.0
Ghana,GHA,2023,0.596,20.136,33787916.0,
Ghana,GHA,2024,0.611,21.022,34427417.0,
Greece,GRC,2010,8.751,97.354,11124666.0,290984350750.0
Greece,GRC,2011,8.507,94.505,11108838.0,266793942822.0
Greece,GRC,2012,8.272,91.393,11048291.0,247887031358.0
Greece,GRC,2013,7.45,81.713,10967534.0,241650188710.0
Greece,GRC,2014,7.219,78.636,10893169.0,242799798246.0
Greece,GRC,2015,6.924,74.927,10820902.0,242323725826.0
Greece,GRC,2016,6.622,71.36,10775506.0,241143085639.0
Greece,GRC,2017,6.96,74.842,10753532.0,243776808141.0
Greece,GRC,2018,6.689,71.778,10730846.0,247844015413.0
Greece,GRC,2019,6.133,65.736,10718581.0,252514250712.0
Greece,GRC,2020,5.194,55.577,10699370.0,229777821500.0
Greece,GRC,2021,5.438,57.528,10579561.0,249158215293.0
Greece,GRC,2022,5.533,57.609,10412481.0,263892672733.0
Greece,GRC,2023,5.076,51.988,10242910.0,
Greece,GRC,2024,5.311,53.361,10047813.0,
Greenland,GRL,2010,11.666,0.661,56634.0,
Greenland,GRL,2011,12.402,0.705,56853.0,
Greenland,GRL,2012,9.631,0.547,56797.0,
Greenland,GRL,2013,9.945,0.562,56532.0,
Greenland,GRL,2014,8.942,0.503,56195.0,
Greenland,GRL,2015,9.77,0.548,56048.0,
Greenland,GRL,2016,9.08,0.509,56082.0,
Greenland,GRL,2017,9.554,0.536,56094.0,
Greenland,GRL,2018,9.336,0.524,56100.0,
Greenland,GRL,2019,9.377,0.526,56109.0,
Greenland,GRL,2020,9.794,0.55,56105.0,
Greenland,GRL,2021,9.745,0.546,56065.0,
Greenland,GRL,2022,10.483,0.587,56014.0,
Greenland,GRL,2023,10.884,0.609,55951.0,
Greenland,GRL,2024,11.08,0.619,55864.0,
Grenada,GRD,2010,2.298,0.256,111600.0,
Grenada,GRD,2011,2.223,0.249,112093.0,
Grenada,GRD,2012,2.371,0.267,112792.0,
Grenada,GRD,2013,2.647,0.3,113499.0,
Grenada,GRD,2014,2.119,0.242,114148.0,
Grenada,GRD,2015,2.268,0.26,114691.0,
Grenada,GRD,2016,2.387,0.275,115147.0,
Grenada,GRD,2017,2.539,0.293,115448.0,
Grenada,GRD,2018,2.66,0.308,115703.0,
Grenada,GRD,2019,2.874,0.333,115995.0,
Grenada,GRD,2020,2.488,0.289,116353.0,
Grenada,GRD,2021,2.669,0.311,116696.0,
Grenada,GRD,2022,2.928,0.342,116928.0,
Grenada,GRD,2023,3.1,0.363,117094.0,
Grenada,GRD,2024,3.216,0.377,117218.0,
Guatemala,GTM,2010,0.746,10.817,14500118.0,96390296358.0
Guatemala,GTM,2011,0.742,10.979,14792123.0,100335200000.0
Guatemala,GTM,2012,0.752,11.347,15089639.0,103492749162.0
Guatemala,GTM,2013,0.812,12.493,15387339.0,107099471666.0
Guatemala,GTM,2014,0.856,13.425,15681725.0,111858970345.0
Guatemala,GTM,2015,0.967,15.449,15971745.0,116436247567.0
Guatemala,GTM,2016,1.016,16.524,16268761.0,119554400888.0
Guatemala,GTM,2017,1.026,16.993,16567363.0,123236680953.0
Guatemala,GTM,2018,1.089,18.338,16845688.0,127435350812.0
Guatemala,GTM,2019,1.126,19.259,17103803.0,132535316516.0
Guatemala,GTM,2020,0.988,17.157,17357331.0,130197392340.0
Guatemala,GTM,2021,1.136,19.984,17598652.0,140588440273.0
Guatemala,GTM,2022,1.06,18.913,17847877.0,146224632616.0
Guatemala,GTM,2023,1.089,19.736,18124841.0,
Guatemala,GTM,2024,1.08,19.88,18406366.0,
Guinea,GIN,2010,0.236,2.459,10396090.0,12362234837.0
Guinea,GIN,2011,0.24,2.557,10656812.0,13233698841.0
Guinea,GIN,2012,0.219,2.393,10921580.0,14087313893.0
Guinea,GIN,2013,0.186,2.077,11191874.0,14709018009.0
Guinea,GIN,2014,0.207,2.371,11472921.0,14874105154.0
Guinea,GIN,2015,0.209,2.454,11767077.0,14900874140.0
Guinea,GIN,2016,0.224,2.7,12073031.0,16533568057.0
Guinea,GIN,2017,0.391,4.847,12385668.0,18265129177.0
Guinea,GIN,2018,0.297,3.77,12704776.0,19467826772.0
Guinea,GIN,2019,0.315,4.104,13034349.0,20561330331.0
Guinea,GIN,2020,0.331,4.43,13371185.0,21528646361.0
Guinea,GIN,2021,0.297,4.068,13710515.0,22615336825.0
Guinea,GIN,2022,0.288,4.052,14055136.0,23678257190.0
Guinea,GIN,2023,0.269,3.875,14405469.0,
Guinea,GIN,2024,0.273,4.026,14754779.0,
Guinea-Bissau,GNB,2010,0.065,0.103,1566352.0,2015432308.0
Guinea-Bissau,GNB,2011,0.068,0.11,1608084.0,2192198781.0
Guinea-Bissau,GNB,2012,0.069,0.114,1651425.0,2160239109.0
Guinea-Bissau,GNB,2013,0.084,0.143,1695980.0,2238347369.0
Guinea-Bissau,GNB,2014,0.082,0.143,1741126.0,2253617077.0
Guinea-Bissau,GNB,2015,0.086,0.154,1786461.0,2372699688.0
Guinea-Bissau,GNB,2016,0.092,0.169,1831898.0,2519068025.0
Guinea-Bissau,GNB,2017,0.098,0.183,1877074.0,2668676184.0
Guinea-Bissau,GNB,2018,0.103,0.198,1922167.0,2771625236.0
Guinea-Bissau,GNB,2019,0.13,0.256,1967704.0,2896348420.0
Guinea-Bissau,GNB,2020,0.155,0.311,2013259.0,2939793794.0
Guinea-Bissau,GNB,2021,0.166,0.341,2058841.0,3127940606.0
Guinea-Bissau,GNB,2022,0.164,0.344,2105535.0,3259313986.0
Guinea-Bissau,GNB,2023,0.153,0.329,2153343.0,
Guinea-Bissau,GNB,2024,0.155,0.342,2201360.0,
Guyana,GUY,2010,2.514,1.883,749259.0,
Guyana,GUY,2011,2.622,1.957,746161.0,
Guyana,GUY,2012,2.622,1.957,746296.0,
Guyana,GUY,2013,2.535,1.902,750020.0,
Guyana,GUY,2014,2.618,1.975,754231.0,
Guyana,GUY,2015,2.588,1.964,758783.0,
Guyana,GUY,2016,2.893,2.209,763553.0,
Guyana,GUY,2017,2.808,2.158,768483.0,
Guyana,GUY,2018,2.93,2.319,791563.0,
Guyana,GUY,2019,3.275,2.645,807668.0,
Guyana,GUY,2020,3.839,3.1,807486.0,
Guyana,GUY,2021,3.596,2.933,815484.0,
Guyana,GUY,2022,5.351,4.397,821638.0,
Guyana,GUY,2023,5.299,4.379,826357.0,
Guyana,GUY,2024,5.427,4.51,831092.0,
Haiti,HTI,2010,0.217,2.129,9803299.0,14869726114.0
Haiti,HTI,2011,0.229,2.272,9914904.0,15936160000.0
Haiti,HTI,2012,0.225,2.262,10069770.0,16393482000.0
Haiti,HTI,2013,0.264,2.703,10222365.0,17085684000.0
Haiti,HTI,2014,0.26,2.698,10373241.0,17572203000.0
Haiti,HTI,2015,0.252,2.654,10523249.0,17862468000.0
Haiti,HTI,2016,0.279,2.977,10671462.0,18337150574.0
Haiti,HTI,2017,0.29,3.133,10817759.0,18822570039.0
Haiti,HTI,2018,0.31,3.401,10962373.0,19129086184.0
Haiti,HTI,2019,0.281,3.119,11105165.0,18799472313.0
Haiti,HTI,2020,0.29,3.265,11243846.0,18185520397.0
Haiti,HTI,2021,0.308,3.507,11374592.0,17851170361.0
Haiti,HTI,2022,0.25,2.87,11503603.0,17550916862.0
Haiti,HTI,2023,0.246,2.865,11637402.0,
Haiti,HTI,2024,0.252,2.971,11772562.0,
High-income countries,,2010,11.845,15713.739,1331186276.0,
High-income countries,,2011,11.694,15608.247,1339286565.0,
High-income countries,,2012,11.557,15520.974,1347506296.0,
High-income countries,,2013,11.463,15485.766,1355469061.0,
High-income countries,,2014,11.253,15294.128,1363592543.0,
High-income countries,,2015,11.124,15215.524,1372281696.0,
High-income countries,,2016,10.948,15070.386,1380894709.0,
High-income countries,,2017,10.89,15069.183,1388094202.0,
High-income countries,,2018,10.939,15204.227,1394159697.0,
High-income countries,,2019,10.686,14916.665,1400146576.0,
High-income countries,,2020,9.786,13694.959,1403650770.0,
High-income countries,,2021,10.26,14370.719,1404873283.0,
High-income countries,,2022,10.153,14274.797,1410112397.0,
High-income countries,,2023,9.833,13890.804,1416794460.0,
High-income countries,,2024,9.794,13867.993,1420176158.0,
Honduras,HND,2010,0.969,8.107,8365881.0,34409603132.0
Honduras,HND,2011,1.037,8.857,8540587.0,35990758725.0
Honduras,HND,2012,1.045,9.108,8715081.0,37443688294.0
Honduras,HND,2013,1.049,9.328,8889276.0,38446700070.0
Honduras,HND,2014,1.049,9.503,9063127.0,39484545761.0
Honduras,HND,2015,1.18,10.898,9237306.0,40757802007.0
Honduras,HND,2016,1.056,9.939,9412380.0,42125312119.0
Honduras,HND,2017,1.064,10.198,9588144.0,43936103834.0
Honduras,HND,2018,1.011,9.876,9765209.0,45477892182.0
Honduras,HND,2019,1.102,10.963,9943637.0,46684518271.0
Honduras,HND,2020,0.986,9.977,10119638.0,42499283305.0
Honduras,HND,2021,1.075,11.06,10289881.0,47826185166.0
Honduras,HND,2022,1.122,11.742,10463880.0,49738252980.0
Honduras,HND,2023,1.165,12.404,10644853.0,
Honduras,HND,2024,1.187,12.855,10825704.0,
Hong Kong,HKG,2010,5.641,40.063,7101614.0,302377330309.0
Hong Kong,HKG,2011,6.041,43.15,7142969.0,314044556431.0
Hong Kong,HKG,2012,5.935,42.738,7201059.0,319384208506.0
Hong Kong,HKG,2013,6.1,44.31,7264330.0,329290162080.0
Hong Kong,HKG,2014,6.215,45.492,7319502.0,338386398632.0
Hong Kong,HKG,2015,5.756,42.404,7366411.0,346466191769.0
Hong Kong,HKG,2016,5.854,43.366,7408006.0,354003396927.0
Hong Kong,HKG,2017,5.699,42.431,7444889.0,367441685993.0
Hong Kong,HKG,2018,5.702,42.597,7471190.0,377902310676.0
Hong Kong,HKG,2019,5.597,41.897,7485817.0,371582312306.0
Hong Kong,HKG,2020,4.474,33.513,7490240.0,347263059452.0
Hong Kong,HKG,2021,4.494,33.637,7484604.0,369654417943.0
Hong Kong,HKG,2022,4.121,30.764,7465913.0,356690492875.0
Hong Kong,HKG,2023,4.428,32.957,7442738.0,
Hong Kong,HKG,2024,4.494,33.324,7414914.0,
Hungary,HUN,2010,5.21,51.993,9979128.0,200496589291.0
Hungary,HUN,2011,5.042,50.156,9946675.0,208407605976.0
Hungary,HUN,2012,4.711,46.72,9916621.0,205802052322.0
Hungary,HUN,2013,4.397,43.487,9889344.0,209511661762.0
Hungary,HUN,2014,4.425,43.639,9862843.0,218378634753.0
Hungary,HUN,2015,4.733,46.567,9839211.0,226474616785.0
Hungary,HUN,2016,4.795,47.039,9810529.0,231459349147.0
Hungary,HUN,2017,5.051,49.424,9785608.0,241347220007.0
Hungary,HUN,2018,5.051,49.366,9774395.0,254289117363.0
Hungary,HUN,2019,5.031,49.159,9770346.0,266658311342.0
Hungary,HUN,2020,4.832,47.105,9749459.0,254563881936.0
Hungary,HUN,2021,4.978,48.326,9707848.0,272892486007.0
Hungary,HUN,2022,4.674,45.267,9684308.0,285385229433.0
Hungary,HUN,2023,4.165,40.344,9686465.0,
Hungary,HUN,2024,4.136,40.017,9676135.0,
Iceland,ISL,2010,11.399,3.627,318163.0,11531450215.0
Iceland,ISL,2011,10.978,3.503,319139.0,11716753534.0
Iceland,ISL,2012,10.906,3.499,320851.0,11841375384.0
Iceland,ISL,2013,10.772,3.489,323891.0,12380449213.0
Iceland,ISL,2014,10.519,3.445,327517.0,12589333385.0
Iceland,ISL,2015,10.699,3.541,330962.0,13147880818.0
Iceland,ISL,2016,10.411,3.494,335571.0,13976682094.0
Iceland,ISL,2017,10.511,3.611,343537.0,14562998209.0
Iceland,ISL,2018,10.388,3.665,352860.0,15275006901.0
Iceland,ISL,2019,9.849,3.553,360709.0,15550746271.0
Iceland,ISL,2020,9.107,3.339,366626.0,14424580947.0
Iceland,ISL,2021,9.367,3.491,372647.0,15049658393.0
Iceland,ISL,2022,9.458,3.598,380368.0,16019540441.0
Iceland,ISL,2023,9.052,3.508,387559.0,
Iceland,ISL,2024,9.667,3.803,393404.0,
India,IND,2010,1.35,1678.53,1243481565.0,5361371354007.0
India,IND,2011,1.4,1765.695,1261224956.0,5720692888000.0
India,IND,2012,1.507,1926.986,1278674501.0,6052427493607.0
India,IND,2013,1.54,1995.337,1295829507.0,6424470752490.0
India,IND,2014,1.637,2148.052,1312277184.0,6875186158349.0
India,IND,2015,1.681,2231.817,1328024494.0,7391521519812.0
India,IND,2016,1.75,2352.54,1343944296.0,8057465593010.0
India,IND,2017,1.784,2425.722,1359657398.0,8550029645172.0
India,IND,2018,1.888,2595.227,1374659067.0,9173201683791.0
India,IND,2019,1.88,2611.175,1389030307.0,9595463242427.0
India,IND,2020,1.727,2422.732,1402617694.0,8945313249462.0
India,IND,2021,1.892,2675.778,1414203896.0,9801621018003.0
India,IND,2022,1.986,2831.132,1425423209.0,10476248645535.0
India,IND,2023,2.13,3062.756,1438069597.0,
India,IND,2024,2.201,3193.478,1450935785.0,
Indonesia,IDN,2010,1.808,445.37,246305327.0,2039334560589.0
Indonesia,IDN,2011,2.006,500.458,249470029.0,2178184530109.0
Indonesia,IDN,2012,2.041,515.77,252698525.0,2309530044109.0
Indonesia,IDN,2013,1.929,493.435,255852464.0,2437876929100.0
Indonesia,IDN,2014,1.924,498.029,258877395.0,2559933272409.0
Indonesia,IDN,2015,2.105,551.16,261799249.0,2684763880628.0
Indonesia,IDN,2016,2.071,547.969,264627429.0,2819889903036.0
Indonesia,IDN,2017,2.136,570.928,267346654.0,2962852274581.0
Indonesia,IDN,2018,2.25,607.378,269951847.0,3116158974437.0
Indonesia,IDN,2019,2.441,665.049,272489381.0,3272568062078.0
Indonesia,IDN,2020,2.268,623.304,274814861.0,3204972631957.0
Indonesia,IDN,2021,2.287,632.946,276758056.0,3323654666991.0
Indonesia,IDN,2022,2.719,758.021,278830527.0,3500093638879.0
Indonesia,IDN,2023,2.711,762.358,281190068.0,
Indonesia,IDN,2024,2.865,812.22,283487933.0,
International aviation,,2010,,448.827,,
International aviation,,2011,,466.316,,
International aviation,,2012,,480.94,,
International aviation,,2013,,494.792,,
International aviation,,2014,,494.141,,
International aviation,,2015,,514.844,,
International aviation,,2016,,536.874,,
International aviation,,2017,,555.845,,
International aviation,,2018,,593.353,,
International aviation,,2019,,597.521,,
International aviation,,2020,,258.86,,
International aviation,,2021,,281.429,,
International aviation,,2022,,407.078,,
International aviation,,2023,,501.516,,
International aviation,,2024,,569.039,,
International shipping,,2010,,623.205,,
International shipping,,2011,,639.74,,
International shipping,,2012,,613.153,,
International shipping,,2013,,615.404,,
International shipping,,2014,,621.706,,
International shipping,,2015,,637.775,,
International shipping,,2016,,632.205,,
International shipping,,2017,,645.271,,
International shipping,,2018,,643.022,,
International shipping,,2019,,642.053,,
International shipping,,2020,,580.691,,
International shipping,,2021,,597.654,,
International shipping,,2022,,558.591,,
International shipping,,2023,,581.238,,
International shipping,,2024,,623.424,,
Iran,IRN,2010,7.253,561.496,77420851.0,1310507059384.0
Iran,IRN,2011,7.353,576.366,78383602.0,1345049307937.0
Iran,IRN,2012,7.55,599.278,79370583.0,1324570752684.0
Iran,IRN,2013,7.586,609.997,80414689.0,1287095594893.0
Iran,IRN,2014,7.904,644.228,81502045.0,1352737013920.0
Iran,IRN,2015,7.77,641.959,82619365.0,1331012211481.0
Iran,IRN,2016,7.692,644.68,83812230.0,1413723685657.0
Iran,IRN,2017,8.19,696.407,85026761.0,1486668357750.0
Iran,IRN,2018,7.716,664.523,86117999.0,1483607175221.0
Iran,IRN,2019,8.354,727.269,87051649.0,1438754460224.0
Iran,IRN,2020,8.499,745.596,87723448.0,1446203709942.0
Iran,IRN,2021,8.813,779.525,88455490.0,1525523070071.0
Iran,IRN,2022,8.57,767.178,89524247.0,1572209055082.0
Iran,IRN,2023,8.715,789.676,90608708.0,
Iran,IRN,2024,8.656,792.631,91567737.0,
Iraq,IRQ,2010,3.672,113.983,31045367.0,297507194079.0
Iraq,IRQ,2011,3.841,123.526,32161425.0,344220720679.0
Iraq,IRQ,2012,3.983,134.04,33654843.0,392191319237.0
Iraq,IRQ,2013,4.016,141.704,35281987.0,422107689937.0
Iraq,IRQ,2014,3.762,137.513,36550058.0,425222855485.0
Iraq,IRQ,2015,3.795,142.53,37560535.0,436010743372.0
Iraq,IRQ,2016,3.981,153.132,38469628.0,502280002568.0
Iraq,IRQ,2017,4.257,167.472,39337358.0,485207548291.0
Iraq,IRQ,2018,4.623,186.156,40265629.0,508026800522.0
Iraq,IRQ,2019,4.656,191.778,41192172.0,537548265143.0
Iraq,IRQ,2020,4.086,172.098,42116602.0,453147782672.0
Iraq,IRQ,2021,4.484,193.115,43071208.0,487935979007.0
Iraq,IRQ,2022,4.939,217.644,44070556.0,527639326800.0
Iraq,IRQ,2023,5.056,227.91,45074055.0,
Iraq,IRQ,2024,5.074,233.635,46042015.0,
Ireland,IRL,2010,9.167,41.791,4559084.0,221852442105.0
Ireland,IRL,2011,8.31,38.054,4579603.0,224397469453.0
Ireland,IRL,2012,8.309,38.224,4600135.0,217871560184.0
Ireland,IRL,2013,8.061,37.279,4624686.0,222738952818.0
Ireland,IRL,2014,7.911,36.85,4658236.0,236178350686.0
Ireland,IRL,2015,8.233,38.715,4702497.0,249955928768.0
Ireland,IRL,2016,8.492,40.369,4753506.0,255118282428.0
Ireland,IRL,2017,8.116,39.04,4810258.0,266528546717.0
Ireland,IRL,2018,7.988,38.922,4872559.0,282500483309.0
Ireland,IRL,2019,7.54,37.2,4933493.0,294503693886.0
Ireland,IRL,2020,7.035,35.053,4982602.0,274762344680.0
Ireland,IRL,2021,7.452,37.474,5028428.0,287639621097.0
Ireland,IRL,2022,7.177,36.676,5110015.0,308390920561.0
Ireland,IRL,2023,6.46,33.568,5196629.0,
Ireland,IRL,2024,6.339,33.311,5255016.0,
Israel,ISR,2010,9.308,68.287,7336735.0,210327630432.0
Israel,ISR,2011,9.181,68.595,7471023.0,220210380263.0
Israel,ISR,2012,9.83,74.781,7607781.0,225909436249.0
Israel,ISR,2013,8.142,63.095,7749369.0,235885601546.0
Israel,ISR,2014,7.633,60.279,7897173.0,245129958334.0
Israel,ISR,2015,7.815,62.936,8052916.0,251223879854.0
Israel,ISR,2016,7.45,61.164,8210006.0,262584215516.0
Israel,ISR,2017,7.038,58.849,8361796.0,273812314306.0
Israel,ISR,2018,7.049,59.986,8510067.0,284956472967.0
Israel,ISR,2019,6.809,58.95,8657466.0,296799271432.0
Israel,ISR,2020,6.737,59.285,8800380.0,291287719910.0
Israel,ISR,2021,6.592,58.95,8942925.0,316373426613.0
Israel,ISR,2022,6.84,62.267,9103143.0,336722563455.0
Israel,ISR,2023,5.983,55.382,9256311.0,
Israel,ISR,2024,5.607,52.637,9387015.0,
Italy,ITA,2010,7.241,435.672,60164212.0,2080545936781.0
Italy,ITA,2011,7.022,423.897,60367882.0,2110883320816.0
Italy,ITA,2012,6.665,403.444,60531522.0,2047959835066.0
Italy,ITA,2013,6.091,369.461,60653864.0,2010255414011.0
Italy,ITA,2014,5.759,349.389,60664169.0,2010164047423.0
Italy,ITA,2015,5.964,361.244,60575314.0,2025809415322.0
Italy,ITA,2016,5.922,358.133,60478103.0,2052012434345.0
Italy,ITA,2017,5.84,352.666,60390317.0,2086237040647.0
Italy,ITA,2018,5.791,349.048,60277496.0,2105551772855.0
Italy,ITA,2019,5.648,339.638,60130136.0,2115725732767.0
Italy,ITA,2020,5.051,302.6,59912763.0,1925751927111.0
Italy,ITA,2021,5.624,335.93,59729353.0,2060299944789.0
Italy,ITA,2022,5.705,340.115,59619106.0,2136009300257.0
Italy,ITA,2023,5.249,312.291,59499452.0,
Italy,ITA,2024,5.088,301.93,59342870.0,
Jamaica,JAM,2010,2.793,7.677,2748573.0,18949004011.0
Jamaica,JAM,2011,2.98,8.226,2760493.0,19220287418.0
Jamaica,JAM,2012,2.845,7.887,2772432.0,19123987392.0
Jamaica,JAM,2013,3.042,8.467,2783689.0,19166827044.0
Jamaica,JAM,2014,2.747,7.675,2793756.0,19277035737.0
Jamaica,JAM,2015,2.843,7.966,2802536.0,19444553127.0
Jamaica,JAM,2016,2.895,8.134,2809919.0,19735837824.0
Jamaica,JAM,2017,2.759,7.768,2815765.0,19869841700.0
Jamaica,JAM,2018,2.858,8.061,2820103.0,20232863013.0
Jamaica,JAM,2019,3.343,9.439,2823275.0,20429119874.0
Jamaica,JAM,2020,2.425,6.866,2830745.0,18402554628.0
Jamaica,JAM,2021,2.577,7.313,2837680.0,19249256856.0
Jamaica,JAM,2022,2.785,7.908,2839150.0,20019224153.0
Jamaica,JAM,2023,2.841,8.069,2839785.0,
Jamaica,JAM,2024,2.959,8.402,2839182.0,
Japan,JPN,2010,9.448,1211.09,128185273.0,4480295644398.0
Japan,JPN,2011,9.846,1261.181,128096430.0,4468738319171.0
Japan,JPN,2012,10.178,1302.113,127928283.0,4530172048567.0
Japan,JPN,2013,10.271,1311.876,127723642.0,4621006950566.0
Japan,JPN,2014,9.886,1260.272,127486601.0,4634693421103.0
Japan,JPN,2015,9.585,1219.982,127275868.0,4707025000790.0
Japan,JPN,2016,9.436,1199.933,127159950.0,4742508721138.0
Japan,JPN,2017,9.321,1184.392,127064686.0,4821960242931.0
Japan,JPN,2018,8.971,1138.55,126913432.0,4852985093686.0
Japan,JPN,2019,8.698,1102.063,126699421.0,4833467877373.0
Japan,JPN,2020,8.213,1037.285,126304533.0,4626661481209.0
Japan,JPN,2021,8.422,1058.502,125679342.0,4725883595048.0
Japan,JPN,2022,8.237,1029.645,124997585.0,4774494846664.0
Japan,JPN,2023,7.935,986.91,124370947.0,
Japan,JPN,2024,7.772,961.867,123753041.0,
Jordan,JOR,2010,2.856,20.838,7297046.0,77493873619.0
Jordan,JOR,2011,2.862,21.409,7480431.0,79441955134.0
Jordan,JOR,2012,3.172,24.069,7587133.0,81371594307.0
Jordan,JOR,2013,3.011,24.061,7991812.0,83495396478.0
Jordan,JOR,2014,2.976,26.165,8791715.0,86320876820.0
Jordan,JOR,2015,2.703,25.799,9544730.0,88475445240.0
Jordan,JOR,2016,2.493,24.949,10006369.0,90239641982.0
Jordan,JOR,2017,2.548,26.08,10234227.0,92472176531.0
Jordan,JOR,2018,2.43,25.419,10462310.0,94246709824.0
Jordan,JOR,2019,2.302,24.57,10671893.0,96062846478.0
Jordan,JOR,2020,1.898,20.622,10865232.0,94554674762.0
Jordan,JOR,2021,1.915,21.19,11066356.0,96661338596.0
Jordan,JOR,2022,1.992,22.428,11256269.0,99281825499.0
Jordan,JOR,2023,2.021,23.119,11439220.0,
Jordan,JOR,2024,2.01,23.219,11552885.0,
Kazakhstan,KAZ,2010,14.735,248.093,16836808.0,333341740713.0
Kazakhstan,KAZ,2011,13.955,238.157,17065996.0,360244945296.0
Kazakhstan,KAZ,2012,14.172,245.263,17306115.0,378260779954.0
Kazakhstan,KAZ,2013,14.441,253.533,17556502.0,400574375261.0
Kazakhstan,KAZ,2014,16.79,299.137,17816285.0,417799078586.0
Kazakhstan,KAZ,2015,16.758,303.052,18084175.0,421977118608.0
Kazakhstan,KAZ,2016,16.431,301.739,18363600.0,425774884998.0
Kazakhstan,KAZ,2017,17.034,317.72,18651931.0,442384368842.0
Kazakhstan,KAZ,2018,17.408,329.572,18932725.0,460522121041.0
Kazakhstan,KAZ,2019,15.411,296.04,19209556.0,481245619523.0
Kazakhstan,KAZ,2020,14.464,281.789,19482116.0,468733212615.0
Kazakhstan,KAZ,2021,12.404,244.904,19743607.0,487951301251.0
Kazakhstan,KAZ,2022,13.694,274.346,20034612.0,503634062609.0
Kazakhstan,KAZ,2023,14.076,286.175,20330109.0,
Kazakhstan,KAZ,2024,13.937,287.006,20592574.0,
Kenya,KEN,2010,0.285,11.857,41598570.0,108082167772.0
Kenya,KEN,2011,0.286,12.218,42758467.0,117152107312.0
Kenya,KEN,2012,0.256,11.246,43888306.0,122504792826.0
Kenya,KEN,2013,0.27,12.163,44986794.0,127157517259.0
Kenya,KEN,2014,0.287,13.214,46051441.0,133540839466.0
Kenya,KEN,2015,0.323,15.212,47088528.0,140175144054.0
Kenya,KEN,2016,0.338,16.289,48139683.0,146082118752.0
Kenya,KEN,2017,0.329,16.181,49197757.0,151656608610.0
Kenya,KEN,2018,0.339,17.003,50207109.0,160257055688.0
Kenya,KEN,2019,0.355,18.159,51202829.0,168452589868.0
Kenya,KEN,2020,0.383,19.99,52217327.0,168031463891.0
Kenya,KEN,2021,0.387,20.59,53219167.0,180662393951.0
Kenya,KEN,2022,0.379,20.544,54252458.0,190362153076.0
Kenya,KEN,2023,0.383,21.186,55339007.0,
Kenya,KEN,2024,0.376,21.225,56432946.0,
Kiribati,KIR,2010,0.539,0.059,108717.0,
Kiribati,KIR,2011,0.497,0.055,110660.0,
Kiribati,KIR,2012,0.489,0.055,112293.0,
Kiribati,KIR,2013,0.483,0.055,113847.0,
Kiribati,KIR,2014,0.477,0.055,115339.0,
Kiribati,KIR,2015,0.502,0.059,116826.0,
Kiribati,KIR,2016,0.464,0.055,118488.0,
Kiribati,KIR,2017,0.579,0.07,120288.0,
Kiribati,KIR,2018,0.57,0.07,122097.0,
Kiribati,KIR,2019,0.562,0.07,123928.0,
Kiribati,KIR,2020,0.552,0.07,126110.0,
Kiribati,KIR,2021,0.542,0.07,128387.0,
Kiribati,KIR,2022,0.534,0.07,130483.0,
Kiribati,KIR,2023,0.523,0.069,132540.0,
Kiribati,KIR,2024,0.539,0.072,134521.0,
Kosovo,,2010,4.671,8.355,1788756.0,
Kosovo,,2011,4.629,8.294,1791949.0,
Kosovo,,2012,4.344,7.848,1806538.0,
Kosovo,,2013,4.384,7.966,1817171.0,
Kosovo,,2014,3.941,7.129,1808983.0,
Kosovo,,2015,4.66,8.291,1779019.0,
Kosovo,,2016,4.991,8.794,1761765.0,
Kosovo,,2017,4.537,8.023,1768125.0,
Kosovo,,2018,4.551,8.045,1767748.0,
Kosovo,,2019,4.778,8.386,1755048.0,
Kosovo,,2020,4.826,8.452,1751413.0,
Kosovo,,2021,5.062,8.816,1741449.0,
Kosovo,,2022,4.988,8.569,1717950.0,
Kosovo,,2023,4.835,8.22,1700039.0,
Kosovo,,2024,4.778,8.05,1684796.0,
Kuwait,KWT,2010,30.482,89.721,2943374.0,176036955078.0
Kuwait,KWT,2011,27.819,87.151,3132815.0,201228682118.0
Kuwait,KWT,2012,30.327,101.201,3337025.0,214560063974.0
Kuwait,KWT,2013,23.675,83.047,3507755.0,217029672079.0
Kuwait,KWT,2014,20.458,74.994,3665769.0,218112639263.0
Kuwait,KWT,2015,24.337,93.317,3834465.0,219406044434.0
Kuwait,KWT,2016,25.979,104.019,4003976.0,225825859800.0
Kuwait,KWT,2017,24.072,100.01,4154686.0,215180426540.0
Kuwait,KWT,2018,23.697,102.453,4323389.0,220424403170.0
Kuwait,KWT,2019,23.559,104.654,4442201.0,219207651814.0
Kuwait,KWT,2020,20.477,90.103,4400146.0,199796812404.0
Kuwait,KWT,2021,20.15,87.869,4360748.0,202410138854.0
Kuwait,KWT,2022,25.242,115.849,4589514.0,218961227193.0
Kuwait,KWT,2023,25.454,123.169,4838781.0,
Kuwait,KWT,2024,26.248,129.519,4934508.0,
Kuwaiti Oil Fires,,2010,,,,
Kuwaiti Oil Fires,,2011,,,,
Kuwaiti Oil Fires,,2012,,,,
Kuwaiti Oil Fires,,2013,,,,
Kuwaiti Oil Fires,,2014,,,,
Kuwaiti Oil Fires,,2015,,,,
Kuwaiti Oil Fires,,2016,,,,
Kuwaiti Oil Fires,,2017,,,,
Kuwaiti Oil Fires,,2018,,,,
Kuwaiti Oil Fires,,2019,,,,
Kuwaiti Oil Fires,,2020,,,,
Kuwaiti Oil Fires,,2021,,,,
Kuwaiti Oil Fires,,2022,,,,
Kuwaiti Oil Fires,,2023,,,,
Kuwaiti Oil Fires,,2024,,,,
Kuwaiti Oil Fires (GCP),,2010,,0.0,,
Kuwaiti Oil Fires (GCP),,2011,,0.0,,
Kuwaiti Oil Fires (GCP),,2012,,0.0,,
Kuwaiti Oil Fires (GCP),,2013,,0.0,,
Kuwaiti Oil Fires (GCP),,2014,,0.0,,
Kuwaiti Oil Fires (GCP),,2015,,0.0,,
Kuwaiti Oil Fires (GCP),,2016,,0.0,,
Kuwaiti Oil Fires (GCP),,2017,,0.0,,
Kuwaiti Oil Fires (GCP),,2018,,0.0,,
Kuwaiti Oil Fires (GCP),,2019,,0.0,,
Kuwaiti Oil Fires (GCP),,2020,,0.0,,
Kuwaiti Oil Fires (GCP),,2021,,0.0,,
Kuwaiti Oil Fires (GCP),,2022,,0.0,,
Kuwaiti Oil Fires (GCP),,2023,,0.0,,
Kuwaiti Oil Fires (GCP),,2024,,0.0,,
Kyrgyzstan,KGZ,2010,1.157,6.356,5491763.0,21037148123.0
Kyrgyzstan,KGZ,2011,1.362,7.62,5594537.0,22069322288.0
Kyrgyzstan,KGZ,2012,1.771,10.087,5696521.0,22049906072.0
Kyrgyzstan,KGZ,2013,1.679,9.734,5797294.0,24456653043.0
Kyrgyzstan,KGZ,2014,1.735,10.236,5898322.0,25440781974.0
Kyrgyzstan,KGZ,2015,1.71,10.265,6001876.0,26426866370.0
Kyrgyzstan,KGZ,2016,1.575,9.622,6108460.0,27572739134.0
Kyrgyzstan,KGZ,2017,1.505,9.364,6220148.0,28879683468.0
Kyrgyzstan,KGZ,2018,1.762,11.175,6341733.0,29878637891.0
Kyrgyzstan,KGZ,2019,1.393,9.047,6494036.0,31253353975.0
Kyrgyzstan,KGZ,2020,1.253,8.348,6664143.0,28560253227.0
Kyrgyzstan,KGZ,2021,1.516,10.338,6820483.0,29628978769.0
Kyrgyzstan,KGZ,2022,1.655,11.513,6955792.0,31703003147.0
Kyrgyzstan,KGZ,2023,1.576,11.144,7073523.0,
Kyrgyzstan,KGZ,2024,1.638,11.77,7186014.0,
Laos,LAO,2010,0.474,3.001,6334198.0,26198017296.0
Laos,LAO,2011,0.482,3.097,6426592.0,28505277000.0
Laos,LAO,2012,0.511,3.328,6518981.0,30756620000.0
Laos,LAO,2013,0.635,4.198,6611385.0,33213895000.0
Laos,LAO,2014,0.654,4.383,6703170.0,35727804000.0
Laos,LAO,2015,1.35,9.185,6801647.0,38423808000.0
Laos,LAO,2016,2.375,16.407,6908800.0,41128975200.0
Laos,LAO,2017,2.796,19.625,7018150.0,43958737408.0
Laos,LAO,2018,2.873,20.481,7128043.0,46694965948.0
Laos,LAO,2019,2.534,18.34,7237635.0,49243304815.0
Laos,LAO,2020,2.49,18.294,7346534.0,50856670244.0
Laos,LAO,2021,2.93,21.837,7453192.0,52626361275.0
Laos,LAO,2022,2.983,22.549,7559008.0,54953902901.0
Laos,LAO,2023,3.152,24.157,7665001.0,
Laos,LAO,2024,3.14,24.4,7769823.0,
Latvia,LVA,2010,4.078,8.555,2097834.0,35881177042.0
Latvia,LVA,2011,3.791,7.808,2059940.0,37869724459.0
Latvia,LVA,2012,3.696,7.52,2034639.0,40536567235.0
Latvia,LVA,2013,3.661,7.369,2013004.0,41350512828.0
Latvia,LVA,2014,3.597,7.172,1994153.0,42137028688.0
Latvia,LVA,2015,3.672,7.262,1977874.0,43774190659.0
Latvia,LVA,2016,3.679,7.211,1959863.0,44810998817.0
Latvia,LVA,2017,3.714,7.215,1942599.0,46295495418.0
Latvia,LVA,2018,4.069,7.843,1927586.0,48143398790.0
Latvia,LVA,2019,3.988,7.633,1914267.0,49380620266.0
Latvia,LVA,2020,3.682,6.999,1901119.0,48292861660.0
Latvia,LVA,2021,3.828,7.218,1885593.0,50255494980.0
Latvia,LVA,2022,3.513,6.608,1881059.0,51248480035.0
Latvia,LVA,2023,3.501,6.59,1882399.0,
Latvia,LVA,2024,3.452,6.462,1871874.0,
Least developed countries (Jones et al.),,2010,,,,
Least developed countries (Jones et al.),,2011,,,,
Least developed countries (Jones et al.),,2012,,,,
Least developed countries (Jones et al.),,2013,,,,
Least developed countries (Jones et al.),,2014,,,,
Least developed countries (Jones et al.),,2015,,,,
Least developed countries (Jones et al.),,2016,,,,
Least developed countries (Jones et al.),,2017,,,,
Least developed countries (Jones et al.),,2018,,,,
Least developed countries (Jones et al.),,2019,,,,
Least developed countries (Jones et al.),,2020,,,,
Least developed countries (Jones et al.),,2021,,,,
Least developed countries (Jones et al.),,2022,,,,
Least developed countries (Jones et al.),,2023,,,,
Least developed countries (Jones et al.),,2024,,,,
Lebanon,LBN,2010,3.967,19.997,5041290.0,64006241939.0
Lebanon,LBN,2011,3.976,20.264,5096018.0,66782067583.0
Lebanon,LBN,2012,4.265,22.332,5235742.0,68494363923.0
Lebanon,LBN,2013,3.859,22.164,5743441.0,71116324024.0
Lebanon,LBN,2014,3.78,23.992,6346993.0,72883563855.0
Lebanon,LBN,2015,3.975,25.731,6472470.0,73219558993.0
Lebanon,LBN,2016,4.181,26.438,6323061.0,74358860056.0
Lebanon,LBN,2017,4.516,27.821,6160129.0,75030320802.0
Lebanon,LBN,2018,4.313,25.812,5984120.0,73615988520.0
Lebanon,LBN,2019,4.339,25.141,5794601.0,68525451094.0
Lebanon,LBN,2020,4.155,23.694,5702400.0,50772560784.0
Lebanon,LBN,2021,3.406,19.474,5718129.0,50772615264.0
Lebanon,LBN,2022,2.674,15.361,5744492.0,48741710654.0
Lebanon,LBN,2023,2.695,15.559,5773494.0,
Lebanon,LBN,2024,2.696,15.65,5805962.0,
Lesotho,LSO,2010,1.14,2.275,1996256.0,4442653593.0
Lesotho,LSO,2011,1.37,2.759,2014015.0,4516050000.0
Lesotho,LSO,2012,1.372,2.792,2034363.0,4740080000.0
Lesotho,LSO,2013,1.033,2.125,2056509.0,4954224000.0
Lesotho,LSO,2014,1.078,2.242,2080091.0,5134648000.0
Lesotho,LSO,2015,0.971,2.045,2104614.0,5279080000.0
Lesotho,LSO,2016,0.951,2.026,2130424.0,5418793037.0
Lesotho,LSO,2017,1.06,2.286,2157117.0,5197453242.0
Lesotho,LSO,2018,0.992,2.165,2183611.0,5068079163.0
Lesotho,LSO,2019,0.99,2.187,2209414.0,4996214053.0
Lesotho,LSO,2020,0.888,1.986,2235727.0,4623560803.0
Lesotho,LSO,2021,1.369,3.096,2261549.0,4709220668.0
Lesotho,LSO,2022,1.116,2.551,2286112.0,4761723180.0
Lesotho,LSO,2023,1.079,2.494,2311476.0,
Lesotho,LSO,2024,1.1,2.572,2337428.0,
Liberia,LBR,2010,0.175,0.709,4058897.0,3260614939.0
Liberia,LBR,2011,0.195,0.822,4221177.0,3266880000.0
Liberia,LBR,2012,0.209,0.915,4373046.0,3532273000.0
Liberia,LBR,2013,0.196,0.874,4470246.0,3819600000.0
Liberia,LBR,2014,0.161,0.734,4564299.0,3843632000.0
Liberia,LBR,2015,0.15,0.699,4659436.0,3857900000.0
Liberia,LBR,2016,0.136,0.647,4755607.0,3859976097.0
Liberia,LBR,2017,0.138,0.667,4848927.0,3977674130.0
Liberia,LBR,2018,0.123,0.609,4944728.0,4051631897.0
Liberia,LBR,2019,0.185,0.932,5043719.0,3959325948.0
Liberia,LBR,2020,0.151,0.777,5149470.0,3845664451.0
Liberia,LBR,2021,0.149,0.783,5259327.0,4037436536.0
Liberia,LBR,2022,0.161,0.864,5373297.0,4231561135.0
Liberia,LBR,2023,0.152,0.834,5493035.0,
Liberia,LBR,2024,0.153,0.859,5612813.0,
Libya,LBY,2010,9.103,59.148,6497837.0,187528533215.0
Libya,LBY,2011,8.441,53.542,6343210.0,79210078190.0
Libya,LBY,2012,9.97,61.606,6179327.0,147985814988.0
Libya,LBY,2013,8.144,51.344,6304636.0,121351322417.0
Libya,LBY,2014,10.634,68.348,6427260.0,93388346336.0
Libya,LBY,2015,9.318,60.866,6531825.0,92601079752.0
Libya,LBY,2016,8.652,57.379,6632130.0,91220396354.0
Libya,LBY,2017,9.956,67.092,6738771.0,120859728232.0
Libya,LBY,2018,9.146,62.645,6849058.0,130457185445.0
Libya,LBY,2019,10.614,73.778,6951040.0,115851209708.0
Libya,LBY,2020,5.125,36.111,7045403.0,81726075633.0
Libya,LBY,2021,7.892,56.312,7135179.0,104883157614.0
Libya,LBY,2022,8.164,58.974,7223804.0,91444480945.0
Libya,LBY,2023,8.79,64.219,7305659.0,
Libya,LBY,2024,8.842,65.26,7381029.0,
Liechtenstein,LIE,2010,5.296,0.191,36021.0,
Liechtenstein,LIE,2011,4.869,0.177,36295.0,
Liechtenstein,LIE,2012,5.059,0.185,36621.0,
Liechtenstein,LIE,2013,5.212,0.192,36930.0,
Liechtenstein,LIE,2014,4.334,0.161,37191.0,
Liechtenstein,LIE,2015,4.266,0.16,37424.0,
Liechtenstein,LIE,2016,3.976,0.15,37635.0,
Liechtenstein,LIE,2017,4.105,0.155,37872.0,
Liechtenstein,LIE,2018,3.736,0.143,38157.0,
Liechtenstein,LIE,2019,3.865,0.149,38463.0,
Liechtenstein,LIE,2020,3.65,0.142,38793.0,
Liechtenstein,LIE,2021,3.727,0.146,39062.0,
Liechtenstein,LIE,2022,3.262,0.128,39338.0,
Liechtenstein,LIE,2023,3.312,0.131,39622.0,
Liechtenstein,LIE,2024,3.299,0.132,39895.0,
Lithuania,LTU,2010,4.455,13.802,3097721.0,56073777524.0
Lithuania,LTU,2011,4.609,13.96,3028642.0,59460372771.0
Lithuania,LTU,2012,4.703,14.054,2988334.0,61745948022.0
Lithuania,LTU,2013,4.444,13.148,2958359.0,63937849304.0
Lithuania,LTU,2014,4.379,12.846,2933171.0,66199372603.0
Lithuania,LTU,2015,4.489,13.045,2905771.0,67539660018.0
Lithuania,LTU,2016,4.566,13.102,2869109.0,69240911932.0
Lithuania,LTU,2017,4.693,13.277,2829317.0,72206131673.0
Lithuania,LTU,2018,4.787,13.414,2802485.0,75089601435.0
Lithuania,LTU,2019,4.883,13.647,2795057.0,78562641002.0
Lithuania,LTU,2020,4.829,13.5,2795766.0,78545278418.0
Lithuania,LTU,2021,4.93,13.778,2794490.0,83242845981.0
Lithuania,LTU,2022,4.578,12.895,2816923.0,84814257826.0
Lithuania,LTU,2023,4.382,12.507,2854104.0,
Lithuania,LTU,2024,4.387,12.542,2859112.0,
Low-income countries,,2010,0.403,209.248,519647365.0,
Low-income countries,,2011,0.359,191.834,534392915.0,
Low-income countries,,2012,0.323,177.457,549004721.0,
Low-income countries,,2013,0.297,167.16,563040135.0,
Low-income countries,,2014,0.303,174.6,577051647.0,
Low-income countries,,2015,0.258,152.336,591583770.0,
Low-income countries,,2016,0.262,159.13,607210136.0,
Low-income countries,,2017,0.323,201.244,623824285.0,
Low-income countries,,2018,0.31,199.088,641385698.0,
Low-income countries,,2019,0.325,214.494,659875267.0,
Low-income countries,,2020,0.305,207.23,678679145.0,
Low-income countries,,2021,0.286,199.59,697273071.0,
Low-income countries,,2022,0.283,202.7,715844683.0,
Low-income countries,,2023,0.284,209.172,735385966.0,
Low-income countries,,2024,0.279,210.953,755559274.0,
Lower-middle-income countries,,2010,1.113,2838.991,2550520230.0,
Lower-middle-income countries,,2011,1.157,3000.531,2594096178.0,
Lower-middle-income countries,,2012,1.198,3160.159,2637381315.0,
Lower-middle-income countries,,2013,1.216,3259.565,2680848784.0,
Lower-middle-income countries,,2014,1.28,3487.512,2724066420.0,
Lower-middle-income countries,,2015,1.313,3632.174,2765984952.0,
Lower-middle-income countries,,2016,1.373,3854.897,2807490854.0,
Lower-middle-income countries,,2017,1.407,4009.564,2848767185.0,
Lower-middle-income countries,,2018,1.454,4202.012,2889324239.0,
Lower-middle-income countries,,2019,1.478,4329.725,2929401303.0,
Lower-middle-income countries,,2020,1.406,4174.303,2969245757.0,
Lower-middle-income countries,,2021,1.497,4500.257,3007019418.0,
Lower-middle-income countries,,2022,1.52,4626.043,3044254723.0,
Lower-middle-income countries,,2023,1.583,4879.772,3083154885.0,
Lower-middle-income countries,,2024,1.63,5089.165,3122339016.0,
Luxembourg,LUX,2010,22.054,11.191,507418.0,27526699944.0
Luxembourg,LUX,2011,21.384,11.09,518583.0,28143126706.0
Luxembourg,LUX,2012,20.45,10.858,530951.0,28607408843.0
Luxembourg,LUX,2013,18.999,10.323,543358.0,29514812514.0
Luxembourg,LUX,2014,17.629,9.807,556285.0,30289014849.0
Luxembourg,LUX,2015,16.389,9.334,569540.0,30976491415.0
Luxembourg,LUX,2016,15.556,9.077,583511.0,32518554202.0
Luxembourg,LUX,2017,15.509,9.251,596506.0,32946911821.0
Luxembourg,LUX,2018,15.715,9.556,608109.0,33348602359.0
Luxembourg,LUX,2019,15.722,9.75,620167.0,34122291521.0
Luxembourg,LUX,2020,12.796,8.069,630597.0,33850190319.0
Luxembourg,LUX,2021,13.134,8.41,640276.0,35577396523.0
Luxembourg,LUX,2022,11.135,7.274,653315.0,36128358732.0
Luxembourg,LUX,2023,10.285,6.841,665101.0,
Luxembourg,LUX,2024,10.46,7.04,673042.0,
Macao,MAC,2010,2.194,1.235,562809.0,
Macao,MAC,2011,2.247,1.293,575644.0,
Macao,MAC,2012,1.927,1.132,587450.0,
Macao,MAC,2013,1.652,0.989,598752.0,
Macao,MAC,2014,2.119,1.293,610308.0,
Macao,MAC,2015,2.85,1.773,622185.0,
Macao,MAC,2016,2.807,1.781,634317.0,
Macao,MAC,2017,2.981,1.927,646558.0,
Macao,MAC,2018,1.885,1.242,658777.0,
Macao,MAC,2019,1.807,1.213,670982.0,
Macao,MAC,2020,1.513,1.033,683069.0,
Macao,MAC,2021,1.483,1.03,694404.0,
Macao,MAC,2022,1.489,1.049,704360.0,
Macao,MAC,2023,1.461,1.043,713916.0,
Macao,MAC,2024,1.467,1.056,720270.0,
Madagascar,MDG,2010,0.084,1.872,22183343.0,28122419419.0
Madagascar,MDG,2011,0.102,2.33,22822305.0,28843634595.0
Madagascar,MDG,2012,0.113,2.66,23462444.0,29712119552.0
Madagascar,MDG,2013,0.127,3.061,24109290.0,30395500923.0
Madagascar,MDG,2014,0.12,2.971,24764356.0,31410405446.0
Madagascar,MDG,2015,0.123,3.121,25426703.0,32394175176.0
Madagascar,MDG,2016,0.125,3.257,26099950.0,33687674194.0
Madagascar,MDG,2017,0.142,3.804,26788379.0,35012614968.0
Madagascar,MDG,2018,0.131,3.604,27494930.0,36130917975.0
Madagascar,MDG,2019,0.147,4.147,28219559.0,37724649896.0
Madagascar,MDG,2020,0.131,3.788,28953560.0,35031864099.0
Madagascar,MDG,2021,0.143,4.246,29691087.0,37042695870.0
Madagascar,MDG,2022,0.138,4.21,30437261.0,38602188321.0
Madagascar,MDG,2023,0.143,4.447,31195937.0,
Madagascar,MDG,2024,0.142,4.528,31964960.0,
Malawi,MWI,2010,0.066,0.972,14826466.0,17495879385.0
Malawi,MWI,2011,0.068,1.034,15265026.0,18220347468.0
Malawi,MWI,2012,0.066,1.041,15709577.0,18563980884.0
Malawi,MWI,2013,0.069,1.12,16161816.0,19529310978.0
Malawi,MWI,2014,0.061,1.015,16621534.0,20642483934.0
Malawi,MWI,2015,0.061,1.05,17085587.0,21251437245.0
Malawi,MWI,2016,0.067,1.172,17557741.0,21733841491.0
Malawi,MWI,2017,0.066,1.193,18039714.0,22603193649.0
Malawi,MWI,2018,0.091,1.69,18528086.0,23595927755.0
Malawi,MWI,2019,0.089,1.695,19025748.0,24881432457.0
Malawi,MWI,2020,0.096,1.868,19533885.0,25108605204.0
Malawi,MWI,2021,0.084,1.682,20047264.0,26255309111.0
Malawi,MWI,2022,0.088,1.801,20568731.0,26465351444.0
Malawi,MWI,2023,0.088,1.853,21104480.0,
Malawi,MWI,2024,0.087,1.881,21655288.0,
Malaysia,MYS,2010,6.957,199.346,28655772.0,525056610488.0
Malaysia,MYS,2011,6.977,203.453,29162034.0,557469657636.0
Malaysia,MYS,2012,7.18,212.994,29662835.0,587985572583.0
Malaysia,MYS,2013,8.009,241.671,30174269.0,615585637854.0
Malaysia,MYS,2014,7.983,245.053,30696133.0,652563833807.0
Malaysia,MYS,2015,7.554,235.942,31232796.0,685237676618.0
Malaysia,MYS,2016,7.464,237.294,31789692.0,715730748101.0
Malaysia,MYS,2017,7.555,244.457,32355642.0,757336192678.0
Malaysia,MYS,2018,7.981,262.647,32910963.0,794013962862.0
Malaysia,MYS,2019,8.303,277.673,33440590.0,829053844392.0
Malaysia,MYS,2020,7.736,262.159,33889554.0,783174020832.0
Malaysia,MYS,2021,7.973,273.332,34282404.0,807389756202.0
Malaysia,MYS,2022,8.125,281.884,34695494.0,877584198429.0
Malaysia,MYS,2023,7.866,276.297,35126295.0,
Malaysia,MYS,2024,8.162,290.224,35557670.0,
Maldives,MDV,2010,2.579,0.931,360802.0,
Maldives,MDV,2011,2.638,0.986,373683.0,
Maldives,MDV,2012,2.87,1.11,386821.0,
Maldives,MDV,2013,2.738,1.096,400077.0,
Maldives,MDV,2014,3.189,1.319,413623.0,
Maldives,MDV,2015,2.995,1.282,428165.0,
Maldives,MDV,2016,3.232,1.433,443316.0,
Maldives,MDV,2017,3.302,1.513,458297.0,
Maldives,MDV,2018,3.671,1.737,473106.0,
Maldives,MDV,2019,4.087,1.993,487737.0,
Maldives,MDV,2020,3.342,1.678,502127.0,
Maldives,MDV,2021,3.869,1.997,516163.0,
Maldives,MDV,2022,4.228,2.216,524116.0,
Maldives,MDV,2023,4.193,2.205,526009.0,
Maldives,MDV,2024,4.369,2.306,527801.0,
Mali,MLI,2010,0.131,2.088,15945201.0,20054729287.0
Mali,MLI,2011,0.138,2.279,16469054.0,20518694824.0
Mali,MLI,2012,0.144,2.437,16957039.0,20347159384.0
Mali,MLI,2013,0.157,2.743,17459619.0,20814126326.0
Mali,MLI,2014,0.174,3.139,18020267.0,22288805151.0
Mali,MLI,2015,0.183,3.399,18593022.0,23664472662.0
Mali,MLI,2016,0.223,4.286,19191298.0,25049317347.0
Mali,MLI,2017,0.241,4.767,19813016.0,26378184458.0
Mali,MLI,2018,0.254,5.198,20442031.0,27630093375.0
Mali,MLI,2019,0.266,5.594,21068405.0,28946666484.0
Mali,MLI,2020,0.292,6.33,21713837.0,28586570096.0
Mali,MLI,2021,0.33,7.393,22388637.0,29459890071.0
Mali,MLI,2022,0.304,7.02,23072641.0,30551085997.0
Mali,MLI,2023,0.284,6.743,23769130.0,
Mali,MLI,2024,0.285,6.979,24478597.0,
Malta,MLT,2010,6.197,2.619,422654.0,9788869399.0
Malta,MLT,2011,6.142,2.608,424635.0,9930574943.0
Malta,MLT,2012,6.444,2.749,426616.0,10339580228.0
Malta,MLT,2013,5.671,2.43,428457.0,10905471410.0
Malta,MLT,2014,5.564,2.417,434494.0,11737898948.0
Malta,MLT,2015,3.815,1.697,444978.0,12865695938.0
Malta,MLT,2016,3.022,1.376,455276.0,13300698899.0
Malta,MLT,2017,3.285,1.537,467902.0,14746505042.0
Malta,MLT,2018,3.194,1.548,484560.0,15659758064.0
Malta,MLT,2019,3.272,1.649,504017.0,16757308198.0
Malta,MLT,2020,3.089,1.601,518212.0,15314071319.0
Malta,MLT,2021,3.073,1.611,524383.0,17122043843.0
Malta,MLT,2022,3.359,1.774,528194.0,18295132993.0
Malta,MLT,2023,3.317,1.768,532964.0,
Malta,MLT,2024,3.204,1.729,539612.0,
Marshall Islands,MHL,2010,2.604,0.136,52064.0,
Marshall Islands,MHL,2011,2.611,0.136,51927.0,
Marshall Islands,MHL,2012,2.636,0.136,51438.0,
Marshall Islands,MHL,2013,2.746,0.139,50696.0,
Marshall Islands,MHL,2014,2.795,0.139,49815.0,
Marshall Islands,MHL,2015,2.927,0.143,48823.0,
Marshall Islands,MHL,2016,2.994,0.143,47730.0,
Marshall Islands,MHL,2017,3.149,0.147,46544.0,
Marshall Islands,MHL,2018,3.235,0.147,45307.0,
Marshall Islands,MHL,2019,3.329,0.147,44030.0,
Marshall Islands,MHL,2020,3.43,0.147,42728.0,
Marshall Islands,MHL,2021,3.541,0.147,41387.0,
Marshall Islands,MHL,2022,3.702,0.148,40094.0,
Marshall Islands,MHL,2023,3.802,0.148,38849.0,
Marshall Islands,MHL,2024,4.112,0.154,37572.0,
Mauritania,MRT,2010,0.617,2.094,3390968.0,9559709837.0
Mauritania,MRT,2011,0.636,2.227,3502813.0,10187328000.0
Mauritania,MRT,2012,0.676,2.448,3619035.0,10792467000.0
Mauritania,MRT,2013,0.581,2.169,3734324.0,11410722000.0
Mauritania,MRT,2014,0.666,2.563,3848511.0,12165303000.0
Mauritania,MRT,2015,0.757,3.002,3965959.0,12316128000.0
Mauritania,MRT,2016,0.642,2.624,4086655.0,12416318727.0
Mauritania,MRT,2017,0.851,3.581,4210603.0,13137043588.0
Mauritania,MRT,2018,1.025,4.444,4337685.0,13699199188.0
Mauritania,MRT,2019,1.033,4.613,4467714.0,14424796068.0
Mauritania,MRT,2020,1.039,4.782,4600136.0,14289417678.0
Mauritania,MRT,2021,0.95,4.5,4734874.0,14638845766.0
Mauritania,MRT,2022,1.08,5.267,4875644.0,15674544913.0
Mauritania,MRT,2023,1.003,5.037,5022442.0,
Mauritania,MRT,2024,1.013,5.239,5169403.0,
Mauritius,MUS,2010,3.051,3.913,1282710.0,20850923367.0
Mauritius,MUS,2011,3.045,3.917,1286270.0,21190874379.0
Mauritius,MUS,2012,3.075,3.964,1289174.0,21931705213.0
Mauritius,MUS,2013,3.15,4.067,1290988.0,22668609990.0
Mauritius,MUS,2014,3.256,4.206,1292006.0,23536142578.0
Mauritius,MUS,2015,3.258,4.21,1292283.0,24404852680.0
Mauritius,MUS,2016,3.361,4.342,1291807.0,25347373765.0
Mauritius,MUS,2017,3.517,4.54,1290654.0,26345551590.0
Mauritius,MUS,2018,3.457,4.455,1288836.0,27401224769.0
Mauritius,MUS,2019,3.518,4.525,1286269.0,28193387492.0
Mauritius,MUS,2020,2.961,3.8,1283231.0,24077716198.0
Mauritius,MUS,2021,3.101,3.968,1279628.0,24920195118.0
Mauritius,MUS,2022,3.383,4.317,1276134.0,26988574640.0
Mauritius,MUS,2023,3.602,4.588,1273591.0,
Mauritius,MUS,2024,3.677,4.674,1271171.0,
Mexico,MEX,2010,4.017,456.409,113623898.0,1638271507559.0
Mexico,MEX,2011,4.194,483.302,115243503.0,1716088331953.0
Mexico,MEX,2012,4.293,501.492,116818208.0,1774999946047.0
Mexico,MEX,2013,4.186,495.412,118343572.0,1803059285337.0
Mexico,MEX,2014,4.041,484.045,119784265.0,1854551091374.0
Mexico,MEX,2015,3.96,479.434,121072310.0,1916008739051.0
Mexico,MEX,2016,3.917,478.828,122251344.0,1961906742138.0
Mexico,MEX,2017,3.763,464.407,123400052.0,2007719438156.0
Mexico,MEX,2018,3.76,468.421,124573713.0,2051539127317.0
Mexico,MEX,2019,3.723,468.236,125762978.0,2047701179708.0
Mexico,MEX,2020,3.383,428.937,126799053.0,1880176557054.0
Mexico,MEX,2021,3.501,446.838,127648151.0,1973141022977.0
Mexico,MEX,2022,3.528,453.799,128613116.0,2033437602787.0
Mexico,MEX,2023,3.532,458.254,129739761.0,
Mexico,MEX,2024,3.523,460.988,130861001.0,
Micronesia (country),FSM,2010,0.954,0.103,107559.0,
Micronesia (country),FSM,2011,1.089,0.117,107712.0,
Micronesia (country),FSM,2012,1.188,0.128,107908.0,
Micronesia (country),FSM,2013,1.254,0.136,108133.0,
Micronesia (country),FSM,2014,1.284,0.139,108407.0,
Micronesia (country),FSM,2015,1.314,0.143,108727.0,
Micronesia (country),FSM,2016,1.31,0.143,109088.0,
Micronesia (country),FSM,2017,1.305,0.143,109495.0,
Micronesia (country),FSM,2018,1.3,0.143,109925.0,
Micronesia (country),FSM,2019,1.296,0.143,110293.0,
Micronesia (country),FSM,2020,1.288,0.143,110930.0,
Micronesia (country),FSM,2021,1.28,0.143,111635.0,
Micronesia (country),FSM,2022,1.291,0.145,112122.0,
Micronesia (country),FSM,2023,1.279,0.144,112646.0,
Micronesia (country),FSM,2024,1.331,0.151,113171.0,
Middle East (GCP),,2010,,2178.652,,
Middle East (GCP),,2011,,2231.887,,
Middle East (GCP),,2012,,2381.427,,
Middle East (GCP),,2013,,2344.29,,
Middle East (GCP),,2014,,2387.181,,
Middle East (GCP),,2015,,2471.521,,
Middle East (GCP),,2016,,2520.702,,
Middle East (GCP),,2017,,2600.11,,
Middle East (GCP),,2018,,2596.707,,
Middle East (GCP),,2019,,2710.947,,
Middle East (GCP),,2020,,2653.588,,
Middle East (GCP),,2021,,2787.512,,
Middle East (GCP),,2022,,2790.371,,
Middle East (GCP),,2023,,2894.338,,
Middle East (GCP),,2024,,2968.607,,
Moldova,MDA,2010,1.33,4.831,3631990.0,17299250407.0
Moldova,MDA,2011,1.39,4.945,3557278.0,18145357193.0
Moldova,MDA,2012,1.368,4.766,3482629.0,18038303680.0
Moldova,MDA,2013,1.437,4.899,3408741.0,19669685322.0
Moldova,MDA,2014,1.423,4.755,3342715.0,20653170404.0
Moldova,MDA,2015,1.456,4.785,3287168.0,20583362405.0
Moldova,MDA,2016,1.516,4.907,3237798.0,21490882450.0
Moldova,MDA,2017,1.594,5.09,3193500.0,22393497127.0
Moldova,MDA,2018,1.697,5.351,3153779.0,23311634910.0
Moldova,MDA,2019,1.728,5.378,3112561.0,24150849841.0
Moldova,MDA,2020,1.666,5.113,3069135.0,22146328756.0
Moldova,MDA,2021,1.905,5.76,3023780.0,25234640526.0
Moldova,MDA,2022,1.702,5.173,3039986.0,23827554273.0
Moldova,MDA,2023,1.738,5.329,3067072.0,
Moldova,MDA,2024,1.755,5.327,3034967.0,
Monaco,MCO,2010,,,33188.0,
Monaco,MCO,2011,,,33968.0,
Monaco,MCO,2012,,,34738.0,
Monaco,MCO,2013,,,35476.0,
Monaco,MCO,2014,,,36155.0,
Monaco,MCO,2015,,,36785.0,
Monaco,MCO,2016,,,37301.0,
Monaco,MCO,2017,,,37700.0,
Monaco,MCO,2018,,,38179.0,
Monaco,MCO,2019,,,38131.0,
Monaco,MCO,2020,,,38074.0,
Monaco,MCO,2021,,,38548.0,
Monaco,MCO,2022,,,38950.0,
Monaco,MCO,2023,,,38979.0,
Monaco,MCO,2024,,,38657.0,
Mongolia,MNG,2010,5.098,13.772,2701739.0,21791068014.0
Mongolia,MNG,2011,7.784,21.368,2745183.0,26811268000.0
Mongolia,MNG,2012,12.519,34.996,2795463.0,30114910000.0
Mongolia,MNG,2013,15.245,43.478,2851887.0,33619040000.0
Mongolia,MNG,2014,10.171,29.63,2913041.0,36271699000.0
Mongolia,MNG,2015,7.821,23.279,2976528.0,37107214000.0
Mongolia,MNG,2016,8.428,25.629,3040815.0,37322351698.0
Mongolia,MNG,2017,10.997,34.139,3104371.0,39053686549.0
Mongolia,MNG,2018,14.307,45.319,3167714.0,41646694213.0
Mongolia,MNG,2019,14.578,47.119,3232118.0,43979841080.0
Mongolia,MNG,2020,12.908,42.478,3290786.0,41975349786.0
Mongolia,MNG,2021,10.771,35.972,3339676.0,42662390805.0
Mongolia,MNG,2022,11.944,40.443,3386015.0,44809463232.0
Mongolia,MNG,2023,12.874,44.184,3431938.0,
Mongolia,MNG,2024,12.86,44.694,3475541.0,
Montenegro,MNE,2010,3.832,2.422,632088.0,9033097807.0
Montenegro,MNE,2011,3.805,2.407,632689.0,9801452189.0
Montenegro,MNE,2012,3.493,2.213,633546.0,9593079942.0
Montenegro,MNE,2013,3.397,2.151,633199.0,9985414363.0
Montenegro,MNE,2014,3.337,2.107,631377.0,10205667487.0
Montenegro,MNE,2015,3.564,2.239,628145.0,10689584516.0
Montenegro,MNE,2016,3.228,2.015,624246.0,10988665274.0
Montenegro,MNE,2017,3.392,2.103,620112.0,11487747356.0
Montenegro,MNE,2018,3.903,2.404,615798.0,12049855060.0
Montenegro,MNE,2019,4.049,2.477,611671.0,12539436047.0
Montenegro,MNE,2020,3.954,2.404,607934.0,10620037519.0
Montenegro,MNE,2021,3.993,2.411,603854.0,12005261164.0
Montenegro,MNE,2022,4.06,2.495,614649.0,12774399882.0
Montenegro,MNE,2023,3.799,2.407,633553.0,
Montenegro,MNE,2024,3.722,2.376,638481.0,
Montserrat,MSR,2010,12.165,0.059,4819.0,
Montserrat,MSR,2011,7.561,0.037,4846.0,
Montserrat,MSR,2012,8.358,0.04,4822.0,
Montserrat,MSR,2013,10.745,0.051,4774.0,
Montserrat,MSR,2014,9.28,0.044,4738.0,
Montserrat,MSR,2015,10.93,0.051,4693.0,
Montserrat,MSR,2016,6.283,0.029,4665.0,
Montserrat,MSR,2017,5.547,0.026,4624.0,
Montserrat,MSR,2018,6.379,0.029,4595.0,
Montserrat,MSR,2019,5.62,0.026,4564.0,
Montserrat,MSR,2020,4.851,0.022,4532.0,
Montserrat,MSR,2021,4.88,0.022,4505.0,
Montserrat,MSR,2022,5.73,0.026,4476.0,
Montserrat,MSR,2023,5.765,0.026,4440.0,
Montserrat,MSR,2024,6.022,0.027,4414.0,
Morocco,MAR,2010,1.674,54.365,32467009.0,225643836837.0
Morocco,MAR,2011,1.667,54.868,32912585.0,238103276789.0
Morocco,MAR,2012,1.707,56.954,33355246.0,245270189355.0
Morocco,MAR,2013,1.675,56.606,33787573.0,256393198875.0
Morocco,MAR,2014,1.672,57.175,34204784.0,263251716082.0
Morocco,MAR,2015,1.69,58.499,34607590.0,274689990243.0
Morocco,MAR,2016,1.669,58.457,35023459.0,276121131010.0
Morocco,MAR,2017,1.724,61.104,35446395.0,290087315215.0
Morocco,MAR,2018,1.739,62.315,35839760.0,298981397583.0
Morocco,MAR,2019,1.898,68.743,36210907.0,307624970074.0
Morocco,MAR,2020,1.764,64.542,36584208.0,285515953096.0
Morocco,MAR,2021,1.902,70.275,36954443.0,308157391278.0
Morocco,MAR,2022,1.869,69.779,37329068.0,311654947615.0
Morocco,MAR,2023,1.829,68.961,37712516.0,
Morocco,MAR,2024,1.814,69.062,38081176.0,
Mozambique,MOZ,2010,0.115,2.638,22999234.0,20039610112.0
Mozambique,MOZ,2011,0.131,3.107,23649045.0,19919625683.0
Mozambique,MOZ,2012,0.125,3.052,24337849.0,21365393250.0
Mozambique,MOZ,2013,0.143,3.579,25051613.0,22853277292.0
Mozambique,MOZ,2014,0.315,8.118,25788473.0,24544192952.0
Mozambique,MOZ,2015,0.254,6.731,26547576.0,26194296097.0
Mozambique,MOZ,2016,0.313,8.548,27337107.0,27195969056.0
Mozambique,MOZ,2017,0.245,6.905,28166397.0,28213368238.0
Mozambique,MOZ,2018,0.242,7.01,29018647.0,29185036688.0
Mozambique,MOZ,2019,0.237,7.097,29884378.0,29860675429.0
Mozambique,MOZ,2020,0.206,6.34,30783685.0,29502646219.0
Mozambique,MOZ,2021,0.244,7.722,31707798.0,30189464161.0
Mozambique,MOZ,2022,0.285,9.296,32656242.0,31441725629.0
Mozambique,MOZ,2023,0.27,9.093,33635163.0,
Mozambique,MOZ,2024,0.249,8.613,34631767.0,
Myanmar,MMR,2010,0.268,13.125,49024376.0,189724140707.0
Myanmar,MMR,2011,0.306,15.122,49419825.0,197359087812.0
Myanmar,MMR,2012,0.237,11.826,49837451.0,210159799971.0
Myanmar,MMR,2013,0.253,12.715,50262658.0,226760324221.0
Myanmar,MMR,2014,0.313,15.849,50681635.0,245354667120.0
Myanmar,MMR,2015,0.428,21.88,51089060.0,263690038660.0
Myanmar,MMR,2016,0.411,21.144,51495701.0,280587266112.0
Myanmar,MMR,2017,0.455,23.633,51894939.0,296721043920.0
Myanmar,MMR,2018,0.651,34.017,52272250.0,315726037240.0
Myanmar,MMR,2019,0.639,33.617,52640718.0,337037542855.0
Myanmar,MMR,2020,0.652,34.588,53016525.0,347785669977.0
Myanmar,MMR,2021,0.549,29.285,53387103.0,285399881185.0
Myanmar,MMR,2022,0.589,31.639,53756791.0,291025085135.0
Myanmar,MMR,2023,0.587,31.793,54133800.0,
Myanmar,MMR,2024,0.58,31.603,54500086.0,
Namibia,NAM,2010,1.322,2.788,2109815.0,17398594185.0
Namibia,NAM,2011,1.298,2.786,2146331.0,18309342330.0
Namibia,NAM,2012,1.455,3.194,2194656.0,19236166518.0
Namibia,NAM,2013,1.334,3.004,2252505.0,20316276333.0
Namibia,NAM,2014,1.34,3.099,2312143.0,21554146363.0
Namibia,NAM,2015,1.429,3.394,2374305.0,22473214767.0
Namibia,NAM,2016,1.469,3.582,2439219.0,22480856444.0
Namibia,NAM,2017,1.432,3.59,2506854.0,22249978012.0
Namibia,NAM,2018,1.41,3.635,2577327.0,22485828408.0
Namibia,NAM,2019,1.407,3.73,2650499.0,22297166631.0
Namibia,NAM,2020,1.261,3.44,2728760.0,20505368156.0
Namibia,NAM,2021,1.284,3.608,2810552.0,21049990407.0
Namibia,NAM,2022,1.181,3.414,2889668.0,21858730428.0
Namibia,NAM,2023,1.162,3.443,2963102.0,
Namibia,NAM,2024,1.145,3.469,3030127.0,
Nauru,NRU,2010,4.368,0.044,10067.0,
Nauru,NRU,2011,3.984,0.04,10116.0,
Nauru,NRU,2012,3.917,0.04,10289.0,
Nauru,NRU,2013,4.52,0.048,10539.0,
Nauru,NRU,2014,4.765,0.051,10766.0,
Nauru,NRU,2015,5.008,0.055,10975.0,
Nauru,NRU,2016,4.591,0.051,11173.0,
Nauru,NRU,2017,4.842,0.055,11351.0,
Nauru,NRU,2018,4.78,0.055,11499.0,
Nauru,NRU,2019,4.419,0.051,11609.0,
Nauru,NRU,2020,4.712,0.055,11665.0,
Nauru,NRU,2021,4.687,0.055,11727.0,
Nauru,NRU,2022,4.989,0.059,11822.0,
Nauru,NRU,2023,4.933,0.059,11900.0,
Nauru,NRU,2024,5.13,0.061,11968.0,
Nepal,NPL,2010,0.177,4.828,27341955.0,57388251486.0
Nepal,NPL,2011,0.19,5.217,27464499.0,59280309000.0
Nepal,NPL,2012,0.199,5.47,27534916.0,62106290000.0
Nepal,NPL,2013,0.225,6.218,27589997.0,64655772000.0
Nepal,NPL,2014,0.274,7.588,27672373.0,68540931000.0
Nepal,NPL,2015,0.248,6.905,27823631.0,70404490000.0
Nepal,NPL,2016,0.361,10.088,27955471.0,70942615519.0
Nepal,NPL,2017,0.443,12.422,28011258.0,77349484140.0
Nepal,NPL,2018,0.5,14.039,28079688.0,83234791901.0
Nepal,NPL,2019,0.449,12.75,28414066.0,88775779267.0
Nepal,NPL,2020,0.54,15.631,28966580.0,86672124340.0
Nepal,NPL,2021,0.525,15.486,29475016.0,90865461899.0
Nepal,NPL,2022,0.593,17.609,29715435.0,95965910597.0
Nepal,NPL,2023,0.618,18.348,29694614.0,
Nepal,NPL,2024,0.633,18.776,29651054.0,
Netherlands,NLD,2010,10.88,182.479,16771232.0,728193221597.0
Netherlands,NLD,2011,10.05,169.346,16851061.0,744614396708.0
Netherlands,NLD,2012,9.799,165.752,16915191.0,736942199791.0
Netherlands,NLD,2013,9.72,164.925,16967066.0,735982982299.0
Netherlands,NLD,2014,9.249,157.503,17030085.0,746458868661.0
Netherlands,NLD,2015,9.584,163.958,17107429.0,761083250759.0
Netherlands,NLD,2016,9.579,164.812,17204693.0,777764090323.0
Netherlands,NLD,2017,9.373,162.296,17315376.0,800404023156.0
Netherlands,NLD,2018,9.085,158.264,17421285.0,819300805024.0
Netherlands,NLD,2019,8.709,152.727,17537505.0,835323029559.0
Netherlands,NLD,2020,7.766,136.974,17636732.0,802861622095.0
Netherlands,NLD,2021,7.89,139.886,17730565.0,841906706612.0
Netherlands,NLD,2022,7.121,127.503,17904421.0,879609110665.0
Netherlands,NLD,2023,6.468,117.016,18092526.0,
Netherlands,NLD,2024,6.297,114.785,18228740.0,
New Caledonia,NCL,2010,13.983,3.658,261580.0,
New Caledonia,NCL,2011,13.86,3.694,266550.0,
New Caledonia,NCL,2012,13.641,3.706,271640.0,
New Caledonia,NCL,2013,14.341,3.97,276832.0,
New Caledonia,NCL,2014,17.811,5.009,281233.0,
New Caledonia,NCL,2015,17.222,4.877,283179.0,
New Caledonia,NCL,2016,19.341,5.482,283432.0,
New Caledonia,NCL,2017,19.692,5.584,283554.0,
New Caledonia,NCL,2018,20.853,5.913,283551.0,
New Caledonia,NCL,2019,20.002,5.673,283616.0,
New Caledonia,NCL,2020,17.978,5.109,284187.0,
New Caledonia,NCL,2021,15.906,4.537,285227.0,
New Caledonia,NCL,2022,17.816,5.116,287130.0,
New Caledonia,NCL,2023,17.483,5.068,289879.0,
New Caledonia,NCL,2024,18.064,5.287,292655.0,
New Zealand,NZL,2010,8.001,34.787,4347766.0,139478805582.0
New Zealand,NZL,2011,7.813,34.241,4382699.0,142521900112.0
New Zealand,NZL,2012,8.142,35.918,4411682.0,146280651356.0
New Zealand,NZL,2013,7.908,35.219,4453857.0,149512485774.0
New Zealand,NZL,2014,7.827,35.399,4522976.0,154422989929.0
New Zealand,NZL,2015,7.76,35.805,4614035.0,160782215776.0
New Zealand,NZL,2016,7.24,34.135,4714768.0,167418113760.0
New Zealand,NZL,2017,7.41,35.661,4812749.0,174187918857.0
New Zealand,NZL,2018,7.282,35.687,4900840.0,181445758308.0
New Zealand,NZL,2019,7.358,36.711,4989410.0,187274507980.0
New Zealand,NZL,2020,6.728,34.109,5069895.0,184971347287.0
New Zealand,NZL,2021,6.773,34.597,5107694.0,196312458906.0
New Zealand,NZL,2022,6.229,31.966,5131731.0,200602760076.0
New Zealand,NZL,2023,6.101,31.56,5172837.0,
New Zealand,NZL,2024,6.229,32.479,5213942.0,
Nicaragua,NIC,2010,0.776,4.453,5737451.0,21950676457.0
Nicaragua,NIC,2011,0.823,4.789,5819051.0,23734874000.0
Nicaragua,NIC,2012,0.768,4.534,5901290.0,25065728000.0
Nicaragua,NIC,2013,0.766,4.586,5983852.0,26206803000.0
Nicaragua,NIC,2014,0.778,4.72,6066493.0,27402565000.0
Nicaragua,NIC,2015,0.879,5.408,6149417.0,28748328000.0
Nicaragua,NIC,2016,0.863,5.379,6232664.0,29929662026.0
Nicaragua,NIC,2017,0.861,5.441,6316235.0,31179621906.0
Nicaragua,NIC,2018,0.809,5.178,6400074.0,30002714290.0
Nicaragua,NIC,2019,0.803,5.208,6483660.0,29133575354.0
Nicaragua,NIC,2020,0.707,4.641,6565267.0,28619004754.0
Nicaragua,NIC,2021,0.772,5.133,6644745.0,31580275032.0
Nicaragua,NIC,2022,0.762,5.131,6730662.0,32764782125.0
Nicaragua,NIC,2023,0.796,5.428,6823619.0,
Nicaragua,NIC,2024,0.814,5.63,6916136.0,
Niger,NER,2010,0.07,1.16,16548833.0,12694118605.0
Niger,NER,2011,0.076,1.313,17176286.0,12994344552.0
Niger,NER,2012,0.104,1.852,17836770.0,14364207370.0
Niger,NER,2013,0.112,2.078,18519899.0,15127089342.0
Niger,NER,2014,0.117,2.256,19215917.0,16132130068.0
Niger,NER,2015,0.11,2.199,19939496.0,16840818422.0
Niger,NER,2016,0.104,2.142,20685758.0,17807651308.0
Niger,NER,2017,0.105,2.243,21435449.0,18698209711.0
Niger,NER,2018,0.081,1.803,22188074.0,20008393727.0
Niger,NER,2019,0.11,2.513,22947765.0,21237507069.0
Niger,NER,2020,0.128,3.04,23717615.0,21991440513.0
Niger,NER,2021,0.106,2.588,24502145.0,22299096291.0
Niger,NER,2022,0.126,3.201,25311978.0,24776754234.0
Niger,NER,2023,0.12,3.133,26159863.0,
Niger,NER,2024,0.117,3.17,27032417.0,
Nigeria,NGA,2010,0.672,112.05,166642888.0,809999411809.0
Nigeria,NGA,2011,0.736,126.115,171379602.0,871103799000.0
Nigeria,NGA,2012,0.625,110.125,176200627.0,908380661120.0
Nigeria,NGA,2013,0.648,117.401,181049440.0,957382666012.0
Nigeria,NGA,2014,0.667,123.971,185896917.0,1017790765613.0
Nigeria,NGA,2015,0.58,110.525,190671883.0,1044789628210.0
Nigeria,NGA,2016,0.596,116.396,195443698.0,1027896680223.0
Nigeria,NGA,2017,0.562,112.54,200254580.0,1036180414988.0
Nigeria,NGA,2018,0.521,106.786,204938752.0,1056103594567.0
Nigeria,NGA,2019,0.61,127.859,209485637.0,1079426893318.0
Nigeria,NGA,2020,0.584,124.899,213996185.0,1060059201469.0
Nigeria,NGA,2021,0.676,147.777,218529286.0,1098721596994.0
Nigeria,NGA,2022,0.589,131.441,223150906.0,1134448580250.0
Nigeria,NGA,2023,0.568,129.376,227882949.0,
Nigeria,NGA,2024,0.584,135.824,232679482.0,
Niue,NIU,2010,2.052,0.004,1786.0,
Niue,NIU,2011,2.063,0.004,1776.0,
Niue,NIU,2012,2.054,0.004,1784.0,
Niue,NIU,2013,4.103,0.007,1786.0,
Niue,NIU,2014,4.089,0.007,1792.0,
Niue,NIU,2015,4.064,0.007,1803.0,
Niue,NIU,2016,4.058,0.007,1806.0,
Niue,NIU,2017,4.064,0.007,1803.0,
Niue,NIU,2018,4.06,0.007,1805.0,
Niue,NIU,2019,4.04,0.007,1814.0,
Niue,NIU,2020,4.022,0.007,1822.0,
Niue,NIU,2021,3.991,0.007,1836.0,
Niue,NIU,2022,3.974,0.007,1844.0,
Niue,NIU,2023,3.961,0.007,1841.0,
Niue,NIU,2024,4.143,0.008,1841.0,
Non-OECD (GCP),,2010,,19017.867,,
Non-OECD (GCP),,2011,,20287.479,,
Non-OECD (GCP),,2012,,20934.553,,
Non-OECD (GCP),,2013,,21177.152,,
Non-OECD (GCP),,2014,,21552.881,,
Non-OECD (GCP),,2015,,21584.74,,
Non-OECD (GCP),,2016,,21700.916,,
Non-OECD (GCP),,2017,,22268.627,,
Non-OECD (GCP),,2018,,22922.354,,
Non-OECD (GCP),,2019,,23620.557,,
Non-OECD (GCP),,2020,,23176.334,,
Non-OECD (GCP),,2021,,24228.293,,
Non-OECD (GCP),,2022,,24901.666,,
Non-OECD (GCP),,2023,,25758.965,,
Non-OECD (GCP),,2024,,26233.051,,
North America,,2010,12.715,6851.849,543593308.0,
North America,,2011,12.402,6757.271,549552428.0,
North America,,2012,11.92,6565.685,555486393.0,
North America,,2013,12.05,6708.86,561345659.0,
North America,,2014,12.008,6754.714,567078666.0,
North America,,2015,11.605,6592.756,572637322.0,
North America,,2016,11.249,6453.526,578186332.0,
North America,,2017,11.043,6397.039,583669319.0,
North America,,2018,11.246,6576.287,589049569.0,
North America,,2019,10.953,6463.362,594346844.0,
North America,,2020,9.761,5798.35,598250669.0,
North America,,2021,10.352,6176.852,600876349.0,
North America,,2022,10.39,6236.024,604356255.0,
North America,,2023,10.097,6104.681,608770547.0,
North America,,2024,9.991,6084.276,613150315.0,
North America (GCP),,2010,,6680.689,,
North America (GCP),,2011,,6585.878,,
North America (GCP),,2012,,6395.342,,
North America (GCP),,2013,,6538.066,,
North America (GCP),,2014,,6580.936,,
North America (GCP),,2015,,6411.546,,
North America (GCP),,2016,,6278.472,,
North America (GCP),,2017,,6227.086,,
North America (GCP),,2018,,6405.33,,
North America (GCP),,2019,,6283.747,,
North America (GCP),,2020,,5643.71,,
North America (GCP),,2021,,6005.028,,
North America (GCP),,2022,,6057.5,,
North America (GCP),,2023,,5922.802,,
North America (GCP),,2024,,5899.122,,
North America (excl. USA),,2010,5.191,1182.599,,
North America (excl. USA),,2011,5.28,1218.298,,
North America (excl. USA),,2012,5.281,1234.218,,
North America (excl. USA),,2013,5.221,1235.424,,
North America (excl. USA),,2014,5.11,1223.329,,
North America (excl. USA),,2015,5.059,1224.259,,
North America (excl. USA),,2016,4.941,1208.164,,
North America (excl. USA),,2017,4.863,1201.621,,
North America (excl. USA),,2018,4.866,1215.051,,
North America (excl. USA),,2019,4.865,1227.45,,
North America (excl. USA),,2020,4.354,1108.396,,
North America (excl. USA),,2021,4.51,1156.741,,
North America (excl. USA),,2022,4.565,1180.621,,
North America (excl. USA),,2023,4.543,1186.274,,
North America (excl. USA),,2024,4.478,1180.156,,
North Korea,PRK,2010,2.616,65.355,24987257.0,42605438930.0
North Korea,PRK,2011,1.907,47.867,25097877.0,42961431310.0
North Korea,PRK,2012,1.854,46.755,25211737.0,43545173971.0
North Korea,PRK,2013,1.427,36.144,25329456.0,44033758330.0
North Korea,PRK,2014,1.565,39.825,25451263.0,44518471841.0
North Korea,PRK,2015,1.223,31.278,25575355.0,44032955306.0
North Korea,PRK,2016,1.332,34.236,25698325.0,45739740287.0
North Korea,PRK,2017,2.7,69.708,25817710.0,44160501992.0
North Korea,PRK,2018,2.414,62.608,25931153.0,42349472757.0
North Korea,PRK,2019,2.67,69.512,26037633.0,42499100315.0
North Korea,PRK,2020,2.509,65.577,26136312.0,40572892149.0
North Korea,PRK,2021,2.057,53.97,26232530.0,40550428396.0
North Korea,PRK,2022,2.138,56.289,26328843.0,40488847458.0
North Korea,PRK,2023,2.348,62.025,26418196.0,
North Korea,PRK,2024,2.36,62.55,26498832.0,
North Macedonia,MKD,2010,3.988,8.182,2051510.0,22583127369.0
North Macedonia,MKD,2011,4.324,8.823,2040445.0,23201482935.0
North Macedonia,MKD,2012,4.171,8.457,2027288.0,23095684802.0
North Macedonia,MKD,2013,3.702,7.452,2013280.0,23771197646.0
North Macedonia,MKD,2014,3.587,7.167,1997842.0,24633991465.0
North Macedonia,MKD,2015,3.393,6.72,1980366.0,25583815729.0
North Macedonia,MKD,2016,3.368,6.606,1961268.0,26312536822.0
North Macedonia,MKD,2017,3.653,7.09,1940877.0,26597107306.0
North Macedonia,MKD,2018,3.466,6.654,1919730.0,27363281668.0
North Macedonia,MKD,2019,4.018,7.625,1897643.0,28433274864.0
North Macedonia,MKD,2020,3.729,6.98,1872021.0,27100243788.0
North Macedonia,MKD,2021,3.521,6.518,1851109.0,28165634846.0
North Macedonia,MKD,2022,3.995,7.352,1840236.0,28770256385.0
North Macedonia,MKD,2023,4.006,7.338,1831800.0,
North Macedonia,MKD,2024,3.631,6.62,1823011.0,
Norway,NOR,2010,9.339,45.659,4889160.0,383760934305.0
Norway,NOR,2011,9.04,44.775,4952969.0,399420041611.0
Norway,NOR,2012,8.819,44.258,5018453.0,410276121127.0
Norway,NOR,2013,8.767,44.539,5080126.0,414445317738.0
Norway,NOR,2014,8.754,44.975,5137397.0,422933730082.0
Norway,NOR,2015,8.772,45.523,5189777.0,430788988142.0
Norway,NOR,2016,8.539,44.708,5235974.0,435806553454.0
Norway,NOR,2017,8.376,44.197,5276807.0,446543702505.0
Norway,NOR,2018,8.372,44.472,5311751.0,450245217440.0
Norway,NOR,2019,8.016,42.866,5347733.0,455304831150.0
Norway,NOR,2020,7.673,41.275,5379275.0,449485260525.0
Norway,NOR,2021,7.592,41.058,5408082.0,467007972731.0
Norway,NOR,2022,7.483,40.833,5456796.0,482328451592.0
Norway,NOR,2023,7.043,38.869,5519167.0,
Norway,NOR,2024,6.668,37.183,5576656.0,
OECD (GCP),,2010,,13227.773,,
OECD (GCP),,2011,,13086.457,,
OECD (GCP),,2012,,12926.088,,
OECD (GCP),,2013,,12988.472,,
OECD (GCP),,2014,,12796.966,,
OECD (GCP),,2015,,12666.168,,
OECD (GCP),,2016,,12522.836,,
OECD (GCP),,2017,,12504.867,,
OECD (GCP),,2018,,12575.275,,
OECD (GCP),,2019,,12226.434,,
OECD (GCP),,2020,,11142.346,,
OECD (GCP),,2021,,11759.488,,
OECD (GCP),,2022,,11660.435,,
OECD (GCP),,2023,,11252.323,,
OECD (GCP),,2024,,11173.062,,
OECD (Jones et al.),,2010,,,,
OECD (Jones et al.),,2011,,,,
OECD (Jones et al.),,2012,,,,
OECD (Jones et al.),,2013,,,,
OECD (Jones et al.),,2014,,,,
OECD (Jones et al.),,2015,,,,
OECD (Jones et al.),,2016,,,,
OECD (Jones et al.),,2017,,,,
OECD (Jones et al.),,2018,,,,
OECD (Jones et al.),,2019,,,,
OECD (Jones et al.),,2020,,,,
OECD (Jones et al.),,2021,,,,
OECD (Jones et al.),,2022,,,,
OECD (Jones et al.),,2023,,,,
OECD (Jones et al.),,2024,,,,
Oceania,,2010,12.212,451.56,37254088.0,
Oceania,,2011,11.974,450.377,37890098.0,
Oceania,,2012,11.816,452.248,38550537.0,
Oceania,,2013,11.422,445.004,39233938.0,
Oceania,,2014,11.166,442.693,39918746.0,
Oceania,,2015,11.188,451.376,40615015.0,
Oceania,,2016,11.2,460.059,41347231.0,
Oceania,,2017,11.119,465.087,42093989.0,
Oceania,,2018,10.997,467.919,42815501.0,
Oceania,,2019,10.844,468.925,43504534.0,
Oceania,,2020,10.258,449.486,44079305.0,
Oceania,,2021,9.913,439.095,44558542.0,
Oceania,,2022,9.679,433.49,45049680.0,
Oceania,,2023,9.562,433.177,45563135.0,
Oceania,,2024,9.533,436.897,46089066.0,
Oceania (GCP),,2010,,446.845,,
Oceania (GCP),,2011,,445.078,,
Oceania (GCP),,2012,,447.875,,
Oceania (GCP),,2013,,440.472,,
Oceania (GCP),,2014,,436.568,,
Oceania (GCP),,2015,,445.06,,
Oceania (GCP),,2016,,453.035,,
Oceania (GCP),,2017,,458.537,,
Oceania (GCP),,2018,,460.323,,
Oceania (GCP),,2019,,461.343,,
Oceania (GCP),,2020,,441.576,,
Oceania (GCP),,2021,,431.222,,
Oceania (GCP),,2022,,425.054,,
Oceania (GCP),,2023,,424.819,,
Oceania (GCP),,2024,,428.551,,
Oman,OMN,2010,18.651,51.429,2757450.0,135198273857.0
Oman,OMN,2011,18.625,57.305,3076762.0,132756531310.0
Oman,OMN,2012,17.791,63.105,3547104.0,144522749866.0
Oman,OMN,2013,17.107,65.587,3833915.0,152076951430.0
Oman,OMN,2014,16.537,66.19,4002444.0,154041791696.0
Oman,OMN,2015,16.221,67.883,4184898.0,161770059399.0
Oman,OMN,2016,15.086,66.24,4390880.0,169932976616.0
Oman,OMN,2017,14.622,66.344,4537397.0,170449577065.0
Oman,OMN,2018,15.372,70.678,4597878.0,172643265345.0
Oman,OMN,2019,15.69,72.035,4591248.0,170692383655.0
Oman,OMN,2020,15.886,71.845,4522502.0,165230251016.0
Oman,OMN,2021,16.674,75.041,4500429.0,170025212745.0
Oman,OMN,2022,16.488,77.994,4730229.0,177355008173.0
Oman,OMN,2023,15.806,79.811,5049267.0,
Oman,OMN,2024,15.651,82.662,5281542.0,
Pakistan,PAK,2010,0.74,147.504,199239048.0,805491514683.0
Pakistan,PAK,2011,0.734,149.488,203746069.0,845096928750.0
Pakistan,PAK,2012,0.725,150.555,207667129.0,878485024934.0
Pakistan,PAK,2013,0.702,148.183,211073979.0,918328534363.0
Pakistan,PAK,2014,0.704,150.81,214264649.0,961516822345.0
Pakistan,PAK,2015,0.667,144.896,217290884.0,1010825281718.0
Pakistan,PAK,2016,0.803,176.741,220138863.0,1061146810870.0
Pakistan,PAK,2017,0.949,211.981,223273974.0,1117267177186.0
Pakistan,PAK,2018,0.897,203.5,226928893.0,1165406508457.0
Pakistan,PAK,2019,0.827,190.826,230800908.0,1172330212219.0
Pakistan,PAK,2020,0.917,215.51,235001745.0,1202026422230.0
Pakistan,PAK,2021,1.017,243.552,239477805.0,1278204948031.0
Pakistan,PAK,2022,0.87,211.97,243700667.0,1318834969356.0
Pakistan,PAK,2023,0.755,186.861,247504505.0,
Pakistan,PAK,2024,0.716,179.8,251269160.0,
Palau,PLW,2010,11.338,0.209,18420.0,
Palau,PLW,2011,11.742,0.213,18099.0,
Palau,PLW,2012,12.563,0.224,17791.0,
Palau,PLW,2013,12.856,0.227,17670.0,
Palau,PLW,2014,12.392,0.22,17740.0,
Palau,PLW,2015,11.327,0.202,17791.0,
Palau,PLW,2016,11.717,0.209,17824.0,
Palau,PLW,2017,12.119,0.216,17838.0,
Palau,PLW,2018,11.91,0.213,17843.0,
Palau,PLW,2019,12.13,0.216,17821.0,
Palau,PLW,2020,11.722,0.209,17817.0,
Palau,PLW,2021,11.933,0.213,17809.0,
Palau,PLW,2022,12.215,0.217,17784.0,
Palau,PLW,2023,12.18,0.216,17751.0,
Palau,PLW,2024,12.76,0.226,17719.0,
Palestine,PSE,2010,0.506,2.034,4016918.0,17771111593.0
Palestine,PSE,2011,0.546,2.246,4115912.0,19437411000.0
Palestine,PSE,2012,0.521,2.195,4215318.0,20660752000.0
Palestine,PSE,2013,0.565,2.437,4315263.0,21115612000.0
Palestine,PSE,2014,0.642,2.836,4415887.0,21084591000.0
Palestine,PSE,2015,0.664,3.001,4521564.0,21808077000.0
Palestine,PSE,2016,0.698,3.235,4632743.0,23665914839.0
Palestine,PSE,2017,0.688,3.265,4742747.0,23886477912.0
Palestine,PSE,2018,0.61,2.957,4850593.0,24082206405.0
Palestine,PSE,2019,0.658,3.265,4957773.0,24410373377.0
Palestine,PSE,2020,0.656,3.327,5069692.0,21647493143.0
Palestine,PSE,2021,0.701,3.635,5185341.0,23165411997.0
Palestine,PSE,2022,0.886,4.702,5305274.0,24076501614.0
Palestine,PSE,2023,0.879,4.755,5409201.0,
Palestine,PSE,2024,0.87,4.78,5495447.0,
Panama,PAN,2010,2.497,9.06,3628537.0,51741885375.0
Panama,PAN,2011,2.68,9.899,3693509.0,57996520000.0
Panama,PAN,2012,2.538,9.54,3759261.0,63359010000.0
Panama,PAN,2013,2.686,10.274,3825333.0,67546261000.0
Panama,PAN,2014,2.746,10.689,3892100.0,71636840000.0
Panama,PAN,2015,2.69,10.652,3960034.0,75784011000.0
Panama,PAN,2016,2.565,10.334,4029085.0,79454188125.0
Panama,PAN,2017,2.334,9.568,4098704.0,83812229677.0
Panama,PAN,2018,2.188,9.121,4167860.0,86820962356.0
Panama,PAN,2019,2.94,12.449,4234698.0,89670319909.0
Panama,PAN,2020,1.527,6.557,4293258.0,73827064971.0
Panama,PAN,2021,2.335,10.145,4345410.0,85518149482.0
Panama,PAN,2022,2.66,11.707,4400775.0,94762119668.0
Panama,PAN,2023,2.916,13.002,4458758.0,
Panama,PAN,2024,2.805,12.664,4515576.0,
Papua New Guinea,PNG,2010,0.618,4.715,7633524.0,
Papua New Guinea,PNG,2011,0.674,5.298,7859349.0,
Papua New Guinea,PNG,2012,0.541,4.372,8081396.0,
Papua New Guinea,PNG,2013,0.546,4.532,8302700.0,
Papua New Guinea,PNG,2014,0.719,6.125,8523440.0,
Papua New Guinea,PNG,2015,0.722,6.316,8743247.0,
Papua New Guinea,PNG,2016,0.784,7.024,8961717.0,
Papua New Guinea,PNG,2017,0.714,6.55,9178717.0,
Papua New Guinea,PNG,2018,0.809,7.596,9394518.0,
Papua New Guinea,PNG,2019,0.789,7.583,9609014.0,
Papua New Guinea,PNG,2020,0.806,7.911,9815743.0,
Papua New Guinea,PNG,2021,0.786,7.873,10012898.0,
Papua New Guinea,PNG,2022,0.827,8.436,10203177.0,
Papua New Guinea,PNG,2023,0.804,8.358,10389638.0,
Papua New Guinea,PNG,2024,0.789,8.345,10576509.0,
Paraguay,PRY,2010,0.873,5.011,5737973.0,45961696292.0
Paraguay,PRY,2011,0.893,5.192,5814632.0,48113309093.0
Paraguay,PRY,2012,0.875,5.159,5897011.0,47772664940.0
Paraguay,PRY,2013,0.864,5.169,5982447.0,51734453611.0
Paraguay,PRY,2014,0.898,5.451,6069819.0,54476893712.0
Paraguay,PRY,2015,0.982,6.045,6159106.0,56087783311.0
Paraguay,PRY,2016,1.15,7.187,6249129.0,58481604773.0
Paraguay,PRY,2017,1.253,7.939,6338658.0,61294571103.0
Paraguay,PRY,2018,1.323,8.504,6427382.0,63258456042.0
Paraguay,PRY,2019,1.269,8.268,6515059.0,63004153609.0
Paraguay,PRY,2020,1.127,7.444,6603741.0,62487519891.0
Paraguay,PRY,2021,1.225,8.187,6684184.0,64997640183.0
Paraguay,PRY,2022,1.114,7.533,6760460.0,65127634644.0
Paraguay,PRY,2023,1.117,7.646,6844150.0,
Paraguay,PRY,2024,1.145,7.937,6929152.0,
Peru,PER,2010,1.461,42.505,29086021.0,230353256282.0
Peru,PER,2011,1.444,42.327,29304083.0,244711917914.0
Peru,PER,2012,1.54,45.509,29550367.0,259737230567.0
Peru,PER,2013,1.433,42.718,29817908.0,274939626306.0
Peru,PER,2014,1.64,49.388,30115825.0,281488723310.0
Peru,PER,2015,1.615,49.204,30457598.0,290642734598.0
Peru,PER,2016,1.707,52.698,30866497.0,302131843581.0
Peru,PER,2017,1.747,54.726,31324639.0,309742529723.0
Peru,PER,2018,1.756,56.014,31897590.0,322061010919.0
Peru,PER,2019,1.808,58.668,32449302.0,329252610797.0
Peru,PER,2020,1.438,47.237,32838577.0,292988745490.0
Peru,PER,2021,1.808,59.962,33155883.0,332691638600.0
Peru,PER,2022,1.935,64.785,33475436.0,341677633395.0
Peru,PER,2023,1.952,66.065,33845616.0,
Peru,PER,2024,2.053,70.247,34217850.0,
Philippines,PHL,2010,0.854,82.246,96337127.0,565514808274.0
Philippines,PHL,2011,0.845,82.98,98248614.0,590943092007.0
Philippines,PHL,2012,0.873,87.476,100175511.0,631700459807.0
Philippines,PHL,2013,0.929,94.825,102076334.0,674346563689.0
Philippines,PHL,2014,0.964,100.074,103767127.0,717154029846.0
Philippines,PHL,2015,1.054,111.046,105312988.0,762678999551.0
Philippines,PHL,2016,1.126,120.216,106735721.0,817202925336.0
Philippines,PHL,2017,1.235,133.576,108119691.0,873843247356.0
Philippines,PHL,2018,1.278,139.857,109465284.0,929253628653.0
Philippines,PHL,2019,1.287,142.601,110804685.0,986114678778.0
Philippines,PHL,2020,1.173,131.457,112081270.0,892256290776.0
Philippines,PHL,2021,1.24,140.27,113100947.0,943141651518.0
Philippines,PHL,2022,1.325,150.963,113964343.0,1014811024029.0
Philippines,PHL,2023,1.401,160.98,114891199.0,
Philippines,PHL,2024,1.51,174.878,115843663.0,
Poland,POL,2010,8.768,334.028,38095356.0,795619859853.0
Poland,POL,2011,8.726,333.406,38208644.0,843236863910.0
Poland,POL,2012,8.518,325.778,38247867.0,856266755052.0
Poland,POL,2013,8.41,321.757,38259267.0,863601156195.0
Poland,POL,2014,8.086,309.415,38265113.0,896737189458.0
Poland,POL,2015,8.168,312.549,38266314.0,936043804062.0
Poland,POL,2016,8.449,323.3,38263260.0,963689941627.0
Poland,POL,2017,8.796,336.505,38254964.0,1013223736654.0
Poland,POL,2018,8.779,335.719,38241070.0,1073462064151.0
Poland,POL,2019,8.304,317.444,38225884.0,1121231497071.0
Poland,POL,2020,7.914,302.102,38171005.0,1098581305284.0
Poland,POL,2021,8.693,330.694,38040303.0,1173809548862.0
Poland,POL,2022,8.203,314.892,38385734.0,1231021338216.0
Poland,POL,2023,7.307,283.243,38762847.0,
Poland,POL,2024,7.08,272.862,38539209.0,
Portugal,PRT,2010,5.0,52.89,10578659.0,267277408809.0
Portugal,PRT,2011,4.905,51.784,10557050.0,263425010810.0
Portugal,PRT,2012,4.749,49.932,10513155.0,252737143203.0
Portugal,PRT,2013,4.604,48.146,10458287.0,250405237435.0
Portugal,PRT,2014,4.607,47.942,10406203.0,252388910611.0
Portugal,PRT,2015,5.037,52.233,10370264.0,256911888409.0
Portugal,PRT,2016,4.863,50.311,10346377.0,262100101273.0
Portugal,PRT,2017,5.34,55.165,10330838.0,271290329012.0
Portugal,PRT,2018,4.972,51.34,10325355.0,279020275961.0
Portugal,PRT,2019,4.6,47.583,10343218.0,286505655767.0
Portugal,PRT,2020,4.025,41.738,10370519.0,262724232089.0
Portugal,PRT,2021,3.878,40.3,10390957.0,277181288542.0
Portugal,PRT,2022,3.909,40.722,10417074.0,295712910456.0
Portugal,PRT,2023,3.607,37.622,10430735.0,
Portugal,PRT,2024,3.409,35.539,10425291.0,
Qatar,QAT,2010,43.09,73.651,1709238.0,238648100494.0
Qatar,QAT,2011,45.175,81.809,1810960.0,296148824653.0
Qatar,QAT,2012,49.152,93.738,1907122.0,310156648715.0
Qatar,QAT,2013,44.982,91.433,2032650.0,327388964338.0
Qatar,QAT,2014,41.31,91.642,2218378.0,344851898869.0
Qatar,QAT,2015,38.441,93.31,2427340.0,361242719905.0
Qatar,QAT,2016,35.154,91.378,2599382.0,372311173588.0
Qatar,QAT,2017,39.035,105.657,2706716.0,366733973367.0
Qatar,QAT,2018,37.166,102.621,2761144.0,371263146890.0
Qatar,QAT,2019,36.252,101.43,2797927.0,373817411294.0
Qatar,QAT,2020,36.145,101.329,2803375.0,360517012801.0
Qatar,QAT,2021,37.082,104.386,2814988.0,366245595916.0
Qatar,QAT,2022,37.89,109.594,2892466.0,381778107010.0
Qatar,QAT,2023,40.128,119.544,2979086.0,
Qatar,QAT,2024,41.271,125.812,3048429.0,
Romania,ROU,2010,4.135,84.488,20432575.0,335489566640.0
Romania,ROU,2011,4.555,92.391,20282009.0,350086824382.0
Romania,ROU,2012,4.457,89.848,20158451.0,356825919340.0
Romania,ROU,2013,3.927,78.795,20062913.0,357789262640.0
Romania,ROU,2014,3.973,79.335,19968179.0,372532510801.0
Romania,ROU,2015,3.928,78.046,19871018.0,384306463712.0
Romania,ROU,2016,3.873,76.587,19777049.0,395288226514.0
Romania,ROU,2017,4.034,79.432,19689405.0,456012361225.0
Romania,ROU,2018,4.076,79.874,19597874.0,473122658487.0
Romania,ROU,2019,3.933,76.69,19501542.0,456564507688.0
Romania,ROU,2020,3.813,73.946,19392467.0,483499378450.0
Romania,ROU,2021,4.026,77.501,19248159.0,505119539256.0
Romania,ROU,2022,3.818,73.186,19166776.0,504741667296.0
Romania,ROU,2023,3.55,67.866,19118482.0,
Romania,ROU,2024,3.605,68.551,19015096.0,
Russia,RUS,2010,11.346,1633.147,143934468.0,3105249267337.0
Russia,RUS,2011,11.698,1684.989,144043751.0,3306765993750.0
Russia,RUS,2012,11.782,1700.104,144291025.0,3439833075673.0
Russia,RUS,2013,11.324,1637.547,144604105.0,3500216789791.0
Russia,RUS,2014,11.298,1637.311,144925639.0,3525987597216.0
Russia,RUS,2015,11.254,1635.244,145307612.0,3456429719677.0
Russia,RUS,2016,11.177,1629.328,145778668.0,3463123938280.0
Russia,RUS,2017,11.362,1661.012,146186798.0,3526353842599.0
Russia,RUS,2018,11.677,1709.91,146430146.0,3625347362801.0
Russia,RUS,2019,11.632,1704.459,146533063.0,3705035583500.0
Russia,RUS,2020,11.149,1631.902,146371295.0,3606716578675.0
Russia,RUS,2021,11.482,1674.524,145836172.0,3809571453737.0
Russia,RUS,2022,11.509,1675.461,145579889.0,3731440829579.0
Russia,RUS,2023,11.916,1733.135,145440502.0,
Russia,RUS,2024,12.295,1780.524,144820421.0,
Rwanda,RWA,2010,0.056,0.581,10317560.0,13742192522.0
Rwanda,RWA,2011,0.061,0.643,10573742.0,14451195383.0
Rwanda,RWA,2012,0.066,0.718,10829904.0,15700063621.0
Rwanda,RWA,2013,0.07,0.779,11093340.0,16440168692.0
Rwanda,RWA,2014,0.073,0.83,11364758.0,17455015690.0
Rwanda,RWA,2015,0.083,0.967,11640026.0,19000488690.0
Rwanda,RWA,2016,0.088,1.052,11919183.0,20135193148.0
Rwanda,RWA,2017,0.096,1.17,12202062.0,20935170126.0
Rwanda,RWA,2018,0.105,1.313,12488000.0,22730987759.0
Rwanda,RWA,2019,0.111,1.413,12776102.0,24883378782.0
Rwanda,RWA,2020,0.107,1.394,13065838.0,24048043469.0
Rwanda,RWA,2021,0.127,1.699,13355260.0,26663035281.0
Rwanda,RWA,2022,0.143,1.957,13651025.0,28466253314.0
Rwanda,RWA,2023,0.144,2.016,13954473.0,
Rwanda,RWA,2024,0.143,2.034,14256573.0,
Ryukyu Islands,,2010,,,,
Ryukyu Islands,,2011,,,,
Ryukyu Islands,,2012,,,,
Ryukyu Islands,,2013,,,,
Ryukyu Islands,,2014,,,,
Ryukyu Islands,,2015,,,,
Ryukyu Islands,,2016,,,,
Ryukyu Islands,,2017,,,,
Ryukyu Islands,,2018,,,,
Ryukyu Islands,,2019,,,,
Ryukyu Islands,,2020,,,,
Ryukyu Islands,,2021,,,,
Ryukyu Islands,,2022,,,,
Ryukyu Islands,,2023,,,,
Ryukyu Islands,,2024,,,,
Ryukyu Islands (GCP),,2010,,0.0,,
Ryukyu Islands (GCP),,2011,,0.0,,
Ryukyu Islands (GCP),,2012,,0.0,,
Ryukyu Islands (GCP),,2013,,0.0,,
Ryukyu Islands (GCP),,2014,,0.0,,
Ryukyu Islands (GCP),,2015,,0.0,,
Ryukyu Islands (GCP),,2016,,0.0,,
Ryukyu Islands (GCP),,2017,,0.0,,
Ryukyu Islands (GCP),,2018,,0.0,,
Ryukyu Islands (GCP),,2019,,0.0,,
Ryukyu Islands (GCP),,2020,,0.0,,
Ryukyu Islands (GCP),,2021,,0.0,,
Ryukyu Islands (GCP),,2022,,0.0,,
Ryukyu Islands (GCP),,2023,,0.0,,
Ryukyu Islands (GCP),,2024,,0.0,,
Saint Helena,SHN,2010,2.054,0.011,5352.0,
Saint Helena,SHN,2011,2.041,0.011,5385.0,
Saint Helena,SHN,2012,2.025,0.011,5428.0,
Saint Helena,SHN,2013,2.012,0.011,5462.0,
Saint Helena,SHN,2014,2.001,0.011,5493.0,
Saint Helena,SHN,2015,1.988,0.011,5529.0,
Saint Helena,SHN,2016,2.644,0.015,5544.0,
Saint Helena,SHN,2017,1.988,0.011,5528.0,
Saint Helena,SHN,2018,1.996,0.011,5507.0,
Saint Helena,SHN,2019,2.672,0.015,5485.0,
Saint Helena,SHN,2020,2.017,0.011,5451.0,
Saint Helena,SHN,2021,1.353,0.007,5415.0,
Saint Helena,SHN,2022,2.047,0.011,5369.0,
Saint Helena,SHN,2023,2.064,0.011,5316.0,
Saint Helena,SHN,2024,2.165,0.011,5262.0,
Saint Kitts and Nevis,KNA,2010,4.69,0.22,46871.0,
Saint Kitts and Nevis,KNA,2011,4.842,0.227,46917.0,
Saint Kitts and Nevis,KNA,2012,4.75,0.224,47056.0,
Saint Kitts and Nevis,KNA,2013,4.746,0.224,47092.0,
Saint Kitts and Nevis,KNA,2014,4.822,0.227,47112.0,
Saint Kitts and Nevis,KNA,2015,4.9,0.231,47108.0,
Saint Kitts and Nevis,KNA,2016,5.057,0.238,47099.0,
Saint Kitts and Nevis,KNA,2017,5.137,0.242,47075.0,
Saint Kitts and Nevis,KNA,2018,5.297,0.249,47032.0,
Saint Kitts and Nevis,KNA,2019,5.538,0.26,46976.0,
Saint Kitts and Nevis,KNA,2020,5.157,0.242,46896.0,
Saint Kitts and Nevis,KNA,2021,5.012,0.234,46786.0,
Saint Kitts and Nevis,KNA,2022,5.364,0.251,46732.0,
Saint Kitts and Nevis,KNA,2023,5.347,0.25,46783.0,
Saint Kitts and Nevis,KNA,2024,5.542,0.26,46867.0,
Saint Lucia,LCA,2010,2.83,0.484,170921.0,1619438310.0
Saint Lucia,LCA,2011,2.815,0.484,171814.0,1661310000.0
Saint Lucia,LCA,2012,2.823,0.487,172595.0,1630854000.0
Saint Lucia,LCA,2013,2.811,0.487,173380.0,1636031000.0
Saint Lucia,LCA,2014,2.798,0.487,174145.0,1635705000.0
Saint Lucia,LCA,2015,2.744,0.48,174919.0,1670340000.0
Saint Lucia,LCA,2016,2.691,0.473,175651.0,1719860632.0
Saint Lucia,LCA,2017,2.805,0.495,176352.0,1781316024.0
Saint Lucia,LCA,2018,2.877,0.509,177032.0,1830625072.0
Saint Lucia,LCA,2019,2.825,0.502,177675.0,1824037649.0
Saint Lucia,LCA,2020,2.734,0.487,178261.0,1361621707.0
Saint Lucia,LCA,2021,2.832,0.506,178540.0,1515672504.0
Saint Lucia,LCA,2022,2.898,0.518,178794.0,1749086152.0
Saint Lucia,LCA,2023,2.884,0.517,179291.0,
Saint Lucia,LCA,2024,2.987,0.537,179751.0,
Saint Pierre and Miquelon,SPM,2010,10.301,0.062,6047.0,
Saint Pierre and Miquelon,SPM,2011,10.926,0.066,6036.0,
Saint Pierre and Miquelon,SPM,2012,10.957,0.066,6019.0,
Saint Pierre and Miquelon,SPM,2013,10.994,0.066,5999.0,
Saint Pierre and Miquelon,SPM,2014,11.021,0.066,5984.0,
Saint Pierre and Miquelon,SPM,2015,11.045,0.066,5971.0,
Saint Pierre and Miquelon,SPM,2016,11.071,0.066,5957.0,
Saint Pierre and Miquelon,SPM,2017,11.092,0.066,5946.0,
Saint Pierre and Miquelon,SPM,2018,9.883,0.059,5932.0,
Saint Pierre and Miquelon,SPM,2019,11.18,0.066,5899.0,
Saint Pierre and Miquelon,SPM,2020,10.644,0.062,5852.0,
Saint Pierre and Miquelon,SPM,2021,9.473,0.055,5802.0,
Saint Pierre and Miquelon,SPM,2022,9.268,0.053,5760.0,
Saint Pierre and Miquelon,SPM,2023,9.335,0.053,5707.0,
Saint Pierre and Miquelon,SPM,2024,9.788,0.055,5652.0,
Saint Vincent and the Grenadines,VCT,2010,2.032,0.224,109974.0,
Saint Vincent and the Grenadines,VCT,2011,1.977,0.216,109367.0,
Saint Vincent and the Grenadines,VCT,2012,2.123,0.231,108753.0,
Saint Vincent and the Grenadines,VCT,2013,1.999,0.216,108156.0,
Saint Vincent and the Grenadines,VCT,2014,2.385,0.256,107555.0,
Saint Vincent and the Grenadines,VCT,2015,2.192,0.234,106975.0,
Saint Vincent and the Grenadines,VCT,2016,2.274,0.242,106365.0,
Saint Vincent and the Grenadines,VCT,2017,2.011,0.213,105674.0,
Saint Vincent and the Grenadines,VCT,2018,2.304,0.242,104939.0,
Saint Vincent and the Grenadines,VCT,2019,2.11,0.22,104183.0,
Saint Vincent and the Grenadines,VCT,2020,2.3,0.238,103540.0,
Saint Vincent and the Grenadines,VCT,2021,2.28,0.234,102848.0,
Saint Vincent and the Grenadines,VCT,2022,2.417,0.247,102063.0,
Saint Vincent and the Grenadines,VCT,2023,2.43,0.246,101331.0,
Saint Vincent and the Grenadines,VCT,2024,2.541,0.256,100630.0,
Samoa,WSM,2010,0.968,0.187,193035.0,
Samoa,WSM,2011,0.978,0.191,194726.0,
Samoa,WSM,2012,0.97,0.191,196518.0,
Samoa,WSM,2013,0.961,0.191,198284.0,
Samoa,WSM,2014,1.007,0.202,200051.0,
Samoa,WSM,2015,1.126,0.227,201794.0,
Samoa,WSM,2016,1.17,0.238,203509.0,
Samoa,WSM,2017,1.142,0.234,205423.0,
Samoa,WSM,2018,1.13,0.234,207595.0,
Samoa,WSM,2019,1.24,0.26,209794.0,
Samoa,WSM,2020,1.106,0.234,211957.0,
Samoa,WSM,2021,1.251,0.267,213792.0,
Samoa,WSM,2022,1.096,0.236,215270.0,
Samoa,WSM,2023,1.084,0.235,216673.0,
Samoa,WSM,2024,1.126,0.246,218031.0,
San Marino,SMR,2010,,,30648.0,
San Marino,SMR,2011,,,32194.0,
San Marino,SMR,2012,,,33494.0,
San Marino,SMR,2013,,,33641.0,
San Marino,SMR,2014,,,33753.0,
San Marino,SMR,2015,,,33927.0,
San Marino,SMR,2016,,,34188.0,
San Marino,SMR,2017,,,34405.0,
San Marino,SMR,2018,,,34557.0,
San Marino,SMR,2019,,,34674.0,
San Marino,SMR,2020,,,34796.0,
San Marino,SMR,2021,,,34599.0,
San Marino,SMR,2022,,,34113.0,
San Marino,SMR,2023,,,33761.0,
San Marino,SMR,2024,,,33606.0,
Sao Tome and Principe,STP,2010,0.584,0.106,181810.0,544428757.0
Sao Tome and Principe,STP,2011,0.533,0.099,185665.0,572220000.0
Sao Tome and Principe,STP,2012,0.58,0.11,189452.0,588711000.0
Sao Tome and Principe,STP,2013,0.569,0.11,193158.0,619718000.0
Sao Tome and Principe,STP,2014,0.652,0.128,196780.0,660060000.0
Sao Tome and Principe,STP,2015,0.677,0.136,200308.0,687730000.0
Sao Tome and Principe,STP,2016,0.719,0.147,203702.0,718608950.0
Sao Tome and Principe,STP,2017,0.673,0.139,206986.0,745271993.0
Sao Tome and Principe,STP,2018,0.662,0.139,210198.0,768095622.0
Sao Tome and Principe,STP,2019,0.687,0.147,213405.0,784993764.0
Sao Tome and Principe,STP,2020,0.657,0.143,217450.0,809328569.0
Sao Tome and Principe,STP,2021,0.644,0.143,221975.0,824700110.0
Sao Tome and Principe,STP,2022,0.599,0.136,226313.0,825238400.0
Sao Tome and Principe,STP,2023,0.606,0.14,230882.0,
Sao Tome and Principe,STP,2024,0.602,0.142,235548.0,
Saudi Arabia,SAU,2010,22.087,555.64,25157134.0,1156842077931.0
Saudi Arabia,SAU,2011,20.694,540.236,26105636.0,1347950226660.0
Saudi Arabia,SAU,2012,22.382,605.712,27062447.0,1421109142119.0
Saudi Arabia,SAU,2013,20.808,583.178,28026825.0,1461615692896.0
Saudi Arabia,SAU,2014,20.177,585.109,28998127.0,1520484201383.0
Saudi Arabia,SAU,2015,20.836,624.547,29974944.0,1591797027903.0
Saudi Arabia,SAU,2016,20.873,641.174,30717804.0,1629412617614.0
Saudi Arabia,SAU,2017,20.937,644.487,30782400.0,1628276592787.0
Saudi Arabia,SAU,2018,21.479,652.204,30365119.0,1673253984473.0
Saudi Arabia,SAU,2019,23.245,708.335,30472809.0,1687180073621.0
Saudi Arabia,SAU,2020,21.089,653.565,30991206.0,1613932868835.0
Saudi Arabia,SAU,2021,22.197,695.394,31328374.0,1677226744197.0
Saudi Arabia,SAU,2022,20.73,666.994,32175351.0,1823886192336.0
Saudi Arabia,SAU,2023,20.365,677.442,33264289.0,
Saudi Arabia,SAU,2024,20.379,692.133,33962751.0,
Senegal,SEN,2010,0.543,6.862,12635418.0,29674469620.0
Senegal,SEN,2011,0.603,7.819,12958902.0,30201416523.0
Senegal,SEN,2012,0.553,7.362,13310499.0,31410375400.0
Senegal,SEN,2013,0.573,7.853,13710857.0,32167998974.0
Senegal,SEN,2014,0.616,8.724,14152103.0,34170131826.0
Senegal,SEN,2015,0.675,9.845,14593335.0,36345743124.0
Senegal,SEN,2016,0.666,10.013,15034517.0,38655882471.0
Senegal,SEN,2017,0.695,10.757,15475001.0,41519118886.0
Senegal,SEN,2018,0.712,11.33,15914495.0,44097044770.0
Senegal,SEN,2019,0.777,12.711,16352926.0,46131678369.0
Senegal,SEN,2020,0.644,10.82,16789217.0,46743389453.0
Senegal,SEN,2021,0.715,12.319,17220866.0,49579310412.0
Senegal,SEN,2022,0.801,14.133,17651099.0,51913993763.0
Senegal,SEN,2023,0.779,14.082,18077573.0,
Senegal,SEN,2024,0.762,14.092,18501988.0,
Serbia,SRB,2010,6.178,45.694,7395872.0,88047936265.0
Serbia,SRB,2011,6.647,48.956,7364858.0,91032746041.0
Serbia,SRB,2012,5.975,43.764,7324624.0,90412315334.0
Serbia,SRB,2013,6.126,44.576,7276183.0,93027618312.0
Serbia,SRB,2014,5.165,37.331,7227203.0,91548933459.0
Serbia,SRB,2015,6.116,43.897,7177257.0,93202353035.0
Serbia,SRB,2016,6.342,45.193,7126083.0,96313997829.0
Serbia,SRB,2017,6.457,45.673,7073507.0,98337716405.0
Serbia,SRB,2018,6.336,44.478,7020014.0,102758122729.0
Serbia,SRB,2019,6.38,44.445,6966155.0,107209329080.0
Serbia,SRB,2020,6.566,45.356,6907814.0,106240984752.0
Serbia,SRB,2021,6.42,43.886,6835429.0,114262090563.0
Serbia,SRB,2022,6.547,44.462,6791215.0,116834638171.0
Serbia,SRB,2023,6.335,42.907,6773204.0,
Serbia,SRB,2024,6.238,42.019,6736217.0,
Seychelles,SYC,2010,4.629,0.44,94993.0,1772951640.0
Seychelles,SYC,2011,4.153,0.403,97041.0,1917505000.0
Seychelles,SYC,2012,4.195,0.418,99565.0,1991700000.0
Seychelles,SYC,2013,4.055,0.414,102108.0,2096276000.0
Seychelles,SYC,2014,4.376,0.458,104663.0,2231000000.0
Seychelles,SYC,2015,4.646,0.498,107247.0,2363480000.0
Seychelles,SYC,2016,5.037,0.553,109836.0,2658740126.0
Seychelles,SYC,2017,5.116,0.575,112443.0,2824383463.0
Seychelles,SYC,2018,5.191,0.597,115053.0,2983293782.0
Seychelles,SYC,2019,5.014,0.59,117662.0,3137071789.0
Seychelles,SYC,2020,4.965,0.597,120299.0,2871729130.0
Seychelles,SYC,2021,4.975,0.612,123000.0,2944095268.0
Seychelles,SYC,2022,5.01,0.629,125533.0,3053368129.0
Seychelles,SYC,2023,5.012,0.641,127961.0,
Seychelles,SYC,2024,5.003,0.653,130436.0,
Sierra Leone,SLE,2010,0.088,0.546,6222715.0,7455363914.0
Sierra Leone,SLE,2011,0.112,0.714,6387258.0,7933356000.0
Sierra Leone,SLE,2012,0.127,0.832,6551078.0,9134190000.0
Sierra Leone,SLE,2013,0.157,1.052,6714057.0,11029545000.0
Sierra Leone,SLE,2014,0.164,1.129,6876385.0,11528208000.0
Sierra Leone,SLE,2015,0.154,1.084,7037660.0,9188877000.0
Sierra Leone,SLE,2016,0.158,1.14,7205339.0,9765347713.0
Sierra Leone,SLE,2017,0.148,1.096,7379300.0,10128155156.0
Sierra Leone,SLE,2018,0.137,1.037,7554568.0,10480967104.0
Sierra Leone,SLE,2019,0.145,1.118,7731994.0,11031662186.0
Sierra Leone,SLE,2020,0.15,1.187,7912557.0,10814455084.0
Sierra Leone,SLE,2021,0.183,1.484,8094603.0,11258356071.0
Sierra Leone,SLE,2022,0.174,1.444,8276809.0,11681270534.0
Sierra Leone,SLE,2023,0.163,1.38,8460523.0,
Sierra Leone,SLE,2024,0.166,1.434,8642029.0,
Singapore,SGP,2010,8.745,44.4,5077020.0,297586792174.0
Singapore,SGP,2011,9.069,47.0,5182242.0,319718127421.0
Singapore,SGP,2012,8.709,46.1,5293345.0,333899221028.0
Singapore,SGP,2013,8.727,47.0,5385589.0,349985256634.0
Singapore,SGP,2014,8.721,47.6,5457899.0,363759075569.0
Singapore,SGP,2015,8.941,49.4,5525343.0,374587437267.0
Singapore,SGP,2016,8.803,49.1,5577936.0,388078809982.0
Singapore,SGP,2017,8.94,50.1,5604087.0,405715948493.0
Singapore,SGP,2018,8.927,50.3,5634366.0,420221993120.0
Singapore,SGP,2019,8.643,49.0,5669562.0,425816263950.0
Singapore,SGP,2020,8.309,46.7,5620151.0,409204971045.0
Singapore,SGP,2021,9.033,50.1,5546291.0,445551993008.0
Singapore,SGP,2022,8.661,48.934,5649888.0,461801118473.0
Singapore,SGP,2023,8.821,51.068,5789092.0,
Singapore,SGP,2024,9.245,53.919,5832387.0,
Sint Maarten (Dutch part),SXM,2010,13.278,0.449,33814.0,
Sint Maarten (Dutch part),SXM,2011,16.705,0.573,34288.0,
Sint Maarten (Dutch part),SXM,2012,19.972,0.7,35040.0,
Sint Maarten (Dutch part),SXM,2013,19.918,0.714,35871.0,
Sint Maarten (Dutch part),SXM,2014,19.77,0.725,36695.0,
Sint Maarten (Dutch part),SXM,2015,19.84,0.744,37490.0,
Sint Maarten (Dutch part),SXM,2016,19.529,0.747,38274.0,
Sint Maarten (Dutch part),SXM,2017,18.033,0.703,39012.0,
Sint Maarten (Dutch part),SXM,2018,17.243,0.685,39736.0,
Sint Maarten (Dutch part),SXM,2019,17.046,0.689,40410.0,
Sint Maarten (Dutch part),SXM,2020,15.897,0.652,41027.0,
Sint Maarten (Dutch part),SXM,2021,16.385,0.682,41593.0,
Sint Maarten (Dutch part),SXM,2022,16.424,0.692,42163.0,
Sint Maarten (Dutch part),SXM,2023,16.157,0.691,42775.0,
Sint Maarten (Dutch part),SXM,2024,16.546,0.718,43372.0,
Slovakia,SVK,2010,7.134,38.464,5391857.0,118344324253.0
Slovakia,SVK,2011,7.048,38.045,5398105.0,120554965758.0
Slovakia,SVK,2012,6.654,35.961,5404877.0,122144694992.0
Slovakia,SVK,2013,6.584,35.622,5410422.0,122917618179.0
Slovakia,SVK,2014,6.225,33.708,5415238.0,126232947119.0
Slovakia,SVK,2015,6.37,34.528,5420278.0,132755573802.0
Slovakia,SVK,2016,6.445,34.978,5427262.0,135336424966.0
Slovakia,SVK,2017,6.657,36.184,5435702.0,139312659832.0
Slovakia,SVK,2018,6.648,36.184,5443229.0,144927513498.0
Slovakia,SVK,2019,6.211,33.853,5450627.0,148579167627.0
Slovakia,SVK,2020,5.715,31.176,5455028.0,143565091421.0
Slovakia,SVK,2021,6.477,35.251,5442766.0,147892579134.0
Slovakia,SVK,2022,5.772,31.589,5473195.0,150360426456.0
Slovakia,SVK,2023,5.576,30.766,5518057.0,
Slovakia,SVK,2024,5.283,29.091,5506759.0,
Slovenia,SVN,2010,8.053,16.466,2044611.0,53649775101.0
Slovenia,SVN,2011,7.987,16.364,2048805.0,53761447942.0
Slovenia,SVN,2012,7.678,15.765,2053322.0,52342432631.0
Slovenia,SVN,2013,7.361,15.137,2056452.0,51803647300.0
Slovenia,SVN,2014,6.592,13.568,2058395.0,53237651266.0
Slovenia,SVN,2015,6.631,13.659,2059946.0,54414237086.0
Slovenia,SVN,2016,7.019,14.468,2061379.0,56151179265.0
Slovenia,SVN,2017,7.097,14.637,2062410.0,58855036945.0
Slovenia,SVN,2018,7.037,14.563,2069484.0,61476689663.0
Slovenia,SVN,2019,6.745,14.053,2083438.0,63598215879.0
Slovenia,SVN,2020,6.123,12.873,2102421.0,60849951865.0
Slovenia,SVN,2021,6.187,13.076,2113495.0,65846342756.0
Slovenia,SVN,2022,6.017,12.728,2115231.0,69385349463.0
Slovenia,SVN,2023,5.67,12.012,2118394.0,
Slovenia,SVN,2024,6.018,12.751,2118692.0,
Solomon Islands,SLB,2010,0.626,0.333,532976.0,
Solomon Islands,SLB,2011,0.629,0.348,552958.0,
Solomon Islands,SLB,2012,0.6,0.344,573623.0,
Solomon Islands,SLB,2013,0.634,0.377,594952.0,
Solomon Islands,SLB,2014,0.535,0.33,616915.0,
Solomon Islands,SLB,2015,0.464,0.297,639423.0,
Solomon Islands,SLB,2016,0.443,0.293,662387.0,
Solomon Islands,SLB,2017,0.422,0.289,685677.0,
Solomon Islands,SLB,2018,0.413,0.293,709109.0,
Solomon Islands,SLB,2019,0.408,0.297,728156.0,
Solomon Islands,SLB,2020,0.394,0.293,744505.0,
Solomon Islands,SLB,2021,0.38,0.289,762594.0,
Solomon Islands,SLB,2022,0.362,0.283,781075.0,
Solomon Islands,SLB,2023,0.352,0.282,800014.0,
Solomon Islands,SLB,2024,0.36,0.295,819206.0,
Somalia,SOM,2010,0.063,0.777,12261761.0,
Somalia,SOM,2011,0.066,0.81,12348829.0,
Somalia,SOM,2012,0.067,0.832,12461163.0,
Somalia,SOM,2013,0.067,0.857,12869599.0,
Somalia,SOM,2014,0.066,0.887,13339497.0,
Somalia,SOM,2015,0.067,0.923,13806969.0,
Somalia,SOM,2016,0.067,0.956,14348741.0,
Somalia,SOM,2017,0.067,0.993,14916630.0,
Somalia,SOM,2018,0.067,1.033,15452489.0,
Somalia,SOM,2019,0.067,1.07,16030969.0,
Somalia,SOM,2020,0.068,1.14,16651200.0,
Somalia,SOM,2021,0.067,1.154,17271435.0,
Somalia,SOM,2022,0.071,1.271,17801895.0,
Somalia,SOM,2023,0.071,1.296,18358622.0,
Somalia,SOM,2024,0.069,1.319,19009155.0,
South Africa,ZAF,2010,8.928,467.353,52344047.0,607601612432.0
South Africa,ZAF,2011,8.949,474.273,52995212.0,645388107070.0
South Africa,ZAF,2012,8.58,461.438,53782570.0,660853021773.0
South Africa,ZAF,2013,8.343,456.188,54678789.0,677278303675.0
South Africa,ZAF,2014,8.663,481.638,55594840.0,686853872664.0
South Africa,ZAF,2015,8.065,457.473,56723536.0,695933197143.0
South Africa,ZAF,2016,7.982,457.05,57259550.0,700558003750.0
South Africa,ZAF,2017,7.634,440.01,57635158.0,708670169977.0
South Africa,ZAF,2018,7.742,453.766,58613001.0,719458334697.0
South Africa,ZAF,2019,7.9,470.727,59587880.0,721641639539.0
South Africa,ZAF,2020,7.188,435.298,60562374.0,675871755463.0
South Africa,ZAF,2021,7.145,439.464,61502602.0,709077881289.0
South Africa,ZAF,2022,6.874,428.782,62378417.0,723559323969.0
South Africa,ZAF,2023,6.907,436.604,63212386.0,
South Africa,ZAF,2024,6.872,439.831,64007187.0,
South America,,2010,2.746,1072.125,390701117.0,
South America,,2011,2.76,1088.221,394477912.0,
South America,,2012,2.87,1142.114,398255319.0,
South America,,2013,3.001,1205.618,402022546.0,
South America,,2014,3.011,1221.043,405812435.0,
South America,,2015,2.9,1186.978,409619969.0,
South America,,2016,2.765,1142.483,413395039.0,
South America,,2017,2.701,1125.792,417045362.0,
South America,,2018,2.575,1082.037,420440405.0,
South America,,2019,2.587,1094.835,423548291.0,
South America,,2020,2.31,983.97,426213552.0,
South America,,2021,2.594,1110.535,428331419.0,
South America,,2022,2.557,1100.028,430492816.0,
South America,,2023,2.559,1107.388,433024223.0,
South America,,2024,2.55,1109.841,435611337.0,
South America (GCP),,2010,,1072.125,,
South America (GCP),,2011,,1088.221,,
South America (GCP),,2012,,1142.114,,
South America (GCP),,2013,,1205.618,,
South America (GCP),,2014,,1221.043,,
South America (GCP),,2015,,1186.978,,
South America (GCP),,2016,,1142.484,,
South America (GCP),,2017,,1125.792,,
South America (GCP),,2018,,1082.037,,
South America (GCP),,2019,,1094.835,,
South America (GCP),,2020,,983.969,,
South America (GCP),,2021,,1110.535,,
South America (GCP),,2022,,1100.028,,
South America (GCP),,2023,,1107.388,,
South America (GCP),,2024,,1109.841,,
South Korea,KOR,2010,12.187,594.339,48769329.0,1562822824921.0
South Korea,KOR,2011,12.69,623.443,49127640.0,1609219825000.0
South Korea,KOR,2012,12.66,627.943,49599580.0,1647889319531.0
South Korea,KOR,2013,12.674,634.581,50071168.0,1700045113031.0
South Korea,KOR,2014,12.453,629.366,50539055.0,1754480590300.0
South Korea,KOR,2015,12.439,634.177,50983909.0,1803763858886.0
South Korea,KOR,2016,12.435,637.914,51297836.0,1856920794289.0
South Korea,KOR,2017,12.713,654.537,51486268.0,1915599559593.0
South Korea,KOR,2018,12.977,670.169,51640894.0,1971285914824.0
South Korea,KOR,2019,12.481,646.102,51767844.0,2015521635585.0
South Korea,KOR,2020,11.524,597.634,51858481.0,2001231642062.0
South Korea,KOR,2021,11.882,616.075,51848401.0,2084182684453.0
South Korea,KOR,2022,11.72,606.877,51782515.0,2137558645699.0
South Korea,KOR,2023,11.385,589.178,51748744.0,
South Korea,KOR,2024,11.286,583.679,51717587.0,
South Sudan,SSD,2010,0.13,1.27,9745955.0,
South Sudan,SSD,2011,0.12,1.239,10288112.0,
South Sudan,SSD,2012,0.124,1.33,10756245.0,
South Sudan,SSD,2013,0.129,1.444,11166280.0,
South Sudan,SSD,2014,0.133,1.499,11235071.0,
South Sudan,SSD,2015,0.172,1.913,11107569.0,
South Sudan,SSD,2016,0.157,1.704,10830108.0,
South Sudan,SSD,2017,0.142,1.455,10259150.0,
South Sudan,SSD,2018,0.172,1.737,10122983.0,
South Sudan,SSD,2019,0.17,1.77,10423382.0,
South Sudan,SSD,2020,0.16,1.707,10698471.0,
South Sudan,SSD,2021,0.16,1.74,10865786.0,
South Sudan,SSD,2022,0.148,1.634,11021175.0,
South Sudan,SSD,2023,0.145,1.666,11483370.0,
South Sudan,SSD,2024,0.142,1.696,11943410.0,
Spain,ESP,2010,6.033,282.585,46840469.0,1480376411582.0
Spain,ESP,2011,6.027,283.275,46998040.0,1477187548437.0
Spain,ESP,2012,5.901,277.432,47018323.0,1433478645419.0
Spain,ESP,2013,5.38,252.109,46860394.0,1413362053623.0
Spain,ESP,2014,5.429,253.658,46720187.0,1433089409797.0
Spain,ESP,2015,5.789,270.248,46683683.0,1488098863146.0
Spain,ESP,2016,5.554,259.555,46732768.0,1533303930046.0
Spain,ESP,2017,5.835,273.484,46868594.0,1578931492849.0
Spain,ESP,2018,5.702,268.521,47092817.0,1615001473949.0
Spain,ESP,2019,5.285,250.674,47435121.0,1647042667976.0
Spain,ESP,2020,4.441,211.765,47679482.0,1460507935923.0
Spain,ESP,2021,4.793,228.806,47735670.0,1541121952313.0
Spain,ESP,2022,4.897,234.223,47828386.0,1625139888517.0
Spain,ESP,2023,4.497,215.461,47911583.0,
Spain,ESP,2024,4.599,220.341,47910533.0,
Sri Lanka,LKA,2010,0.608,12.697,20879092.0,180642805306.0
Sri Lanka,LKA,2011,0.689,14.476,21009054.0,195461606183.0
Sri Lanka,LKA,2012,0.727,15.389,21169461.0,212333854625.0
Sri Lanka,LKA,2013,0.662,14.143,21358829.0,220937614421.0
Sri Lanka,LKA,2014,0.792,17.076,21547454.0,235029015924.0
Sri Lanka,LKA,2015,0.883,19.179,21729975.0,244914328998.0
Sri Lanka,LKA,2016,1.02,22.339,21910763.0,257292293131.0
Sri Lanka,LKA,2017,1.004,22.168,22087525.0,273915973018.0
Sri Lanka,LKA,2018,0.905,20.137,22253116.0,280243422762.0
Sri Lanka,LKA,2019,0.942,21.106,22410552.0,279626891521.0
Sri Lanka,LKA,2020,0.905,20.412,22561808.0,269918239631.0
Sri Lanka,LKA,2021,0.917,20.823,22700377.0,278898406287.0
Sri Lanka,LKA,2022,0.805,18.377,22834965.0,254748598293.0
Sri Lanka,LKA,2023,0.834,19.166,22971615.0,
Sri Lanka,LKA,2024,0.901,20.826,23103561.0,
Sudan,SDN,2010,0.426,15.07,35414403.0,
Sudan,SDN,2011,0.407,14.711,36140808.0,
Sudan,SDN,2012,0.427,15.763,36923175.0,
Sudan,SDN,2013,0.46,17.374,37785852.0,
Sudan,SDN,2014,0.337,13.095,38823324.0,
Sudan,SDN,2015,0.356,14.247,40024433.0,
Sudan,SDN,2016,0.478,19.737,41259892.0,
Sudan,SDN,2017,0.475,20.306,42714311.0,
Sudan,SDN,2018,0.464,20.516,44230597.0,
Sudan,SDN,2019,0.483,22.007,45548179.0,
Sudan,SDN,2020,0.423,19.8,46789237.0,
Sudan,SDN,2021,0.4,19.208,48066930.0,
Sudan,SDN,2022,0.355,17.529,49383344.0,
Sudan,SDN,2023,0.354,17.716,50042800.0,
Sudan,SDN,2024,0.353,17.795,50448960.0,
Suriname,SUR,2010,4.319,2.375,549931.0,
Suriname,SUR,2011,4.958,2.758,556279.0,
Suriname,SUR,2012,4.432,2.494,562640.0,
Suriname,SUR,2013,5.538,3.151,569024.0,
Suriname,SUR,2014,5.563,3.201,575380.0,
Suriname,SUR,2015,4.666,2.714,581634.0,
Suriname,SUR,2016,4.957,2.914,587765.0,
Suriname,SUR,2017,4.093,2.43,593720.0,
Suriname,SUR,2018,3.491,2.093,599519.0,
Suriname,SUR,2019,4.345,2.632,605779.0,
Suriname,SUR,2020,4.772,2.922,612320.0,
Suriname,SUR,2021,4.284,2.647,617905.0,
Suriname,SUR,2022,4.537,2.828,623172.0,
Suriname,SUR,2023,4.561,2.869,628892.0,
Suriname,SUR,2024,4.709,2.988,634438.0,
Sweden,SWE,2010,5.654,53.029,9378234.0,399838964466.0
Sweden,SWE,2011,5.198,49.114,9449263.0,397617949429.0
Sweden,SWE,2012,4.896,46.607,9519477.0,395278763366.0
Sweden,SWE,2013,4.698,45.106,9600620.0,399973749048.0
Sweden,SWE,2014,4.474,43.385,9696438.0,410604225974.0
Sweden,SWE,2015,4.42,43.31,9799483.0,429037422635.0
Sweden,SWE,2016,4.364,43.308,9923281.0,437921057919.0
Sweden,SWE,2017,4.211,42.355,10057864.0,449166531542.0
Sweden,SWE,2018,4.113,41.856,10175400.0,457925387676.0
Sweden,SWE,2019,3.967,40.772,10279120.0,467020665386.0
Sweden,SWE,2020,3.537,36.622,10353682.0,456885314424.0
Sweden,SWE,2021,3.703,38.568,10416134.0,481492421258.0
Sweden,SWE,2022,3.465,36.342,10487335.0,494214521158.0
Sweden,SWE,2023,3.479,36.709,10551493.0,
Sweden,SWE,2024,3.592,38.097,10606993.0,
Switzerland,CHE,2010,5.755,45.034,7825750.0,451139715920.0
Switzerland,CHE,2011,5.177,40.973,7914379.0,467103594697.0
Switzerland,CHE,2012,5.281,42.242,7998927.0,472611933649.0
Switzerland,CHE,2013,5.337,43.183,8091199.0,481081829913.0
Switzerland,CHE,2014,4.792,39.244,8190238.0,492386642888.0
Switzerland,CHE,2015,4.678,38.756,8283940.0,500484653705.0
Switzerland,CHE,2016,4.684,39.225,8374903.0,510838097521.0
Switzerland,CHE,2017,4.523,38.234,8453630.0,517799793781.0
Switzerland,CHE,2018,4.338,36.945,8516341.0,532611137213.0
Switzerland,CHE,2019,4.293,36.822,8577525.0,538693495449.0
Switzerland,CHE,2020,3.975,34.343,8640582.0,525896489462.0
Switzerland,CHE,2021,4.123,35.902,8707019.0,548098275898.0
Switzerland,CHE,2022,3.748,32.951,8792180.0,559384947989.0
Switzerland,CHE,2023,3.605,31.977,8870564.0,
Switzerland,CHE,2024,3.595,32.072,8921979.0,
Syria,SYR,2010,2.76,62.057,22482417.0,143781004115.0
Syria,SYR,2011,2.582,59.078,22878104.0,134274046453.0
Syria,SYR,2012,2.036,46.339,22759763.0,98907693956.0
Syria,SYR,2013,1.581,34.257,21666921.0,72894799336.0
Syria,SYR,2014,1.72,34.869,20273661.0,65379097607.0
Syria,SYR,2015,1.602,31.115,19424615.0,63295273863.0
Syria,SYR,2016,1.519,29.162,19193835.0,59731474595.0
Syria,SYR,2017,1.793,34.473,19224671.0,59296820428.0
Syria,SYR,2018,1.623,31.771,19577849.0,60171975441.0
Syria,SYR,2019,1.645,33.492,20353536.0,62427096792.0
Syria,SYR,2020,1.537,32.344,21049431.0,55872251610.0
Syria,SYR,2021,1.503,32.508,21628837.0,54251957890.0
Syria,SYR,2022,1.399,31.423,22462170.0,52353139385.0
Syria,SYR,2023,1.342,31.674,23594623.0,
Syria,SYR,2024,1.288,31.778,24672758.0,
Taiwan,TWN,2010,11.657,270.718,23224049.0,859487483344.0
Taiwan,TWN,2011,11.892,276.771,23273078.0,888546864638.0
Taiwan,TWN,2012,11.706,273.282,23345963.0,908290377366.0
Taiwan,TWN,2013,11.726,274.576,23416870.0,930852328389.0
Taiwan,TWN,2014,11.799,276.959,23472811.0,974779255338.0
Taiwan,TWN,2015,11.741,276.264,23529260.0,989069527295.0
Taiwan,TWN,2016,11.88,280.197,23586140.0,1010482869589.0
Taiwan,TWN,2017,12.091,285.736,23632950.0,1043939947916.0
Taiwan,TWN,2018,12.01,284.151,23659308.0,1073034529603.0
Taiwan,TWN,2019,11.604,274.704,23674137.0,1105912366266.0
Taiwan,TWN,2020,11.514,272.464,23663461.0,1143369531447.0
Taiwan,TWN,2021,12.048,283.821,23558330.0,1218008773904.0
Taiwan,TWN,2022,11.699,273.989,23420107.0,1247874288934.0
Taiwan,TWN,2023,11.456,267.127,23317145.0,
Taiwan,TWN,2024,11.301,262.345,23213964.0,
Tajikistan,TJK,2010,0.331,2.535,7652144.0,22275913223.0
Tajikistan,TJK,2011,0.299,2.342,7824788.0,23719353153.0
Tajikistan,TJK,2012,0.366,2.934,8014087.0,25498307279.0
Tajikistan,TJK,2013,0.354,2.908,8216733.0,27385180748.0
Tajikistan,TJK,2014,0.547,4.606,8425559.0,29219994834.0
Tajikistan,TJK,2015,0.614,5.307,8643839.0,30973186706.0
Tajikistan,TJK,2016,0.679,6.016,8865623.0,33110336724.0
Tajikistan,TJK,2017,0.757,6.879,9085942.0,35461181351.0
Tajikistan,TJK,2018,0.868,8.081,9307345.0,38156222428.0
Tajikistan,TJK,2019,0.914,8.714,9529970.0,40979787244.0
Tajikistan,TJK,2020,0.967,9.423,9749312.0,42778793597.0
Tajikistan,TJK,2021,0.942,9.384,9966912.0,46800009054.0
Tajikistan,TJK,2022,1.033,10.521,10182228.0,50544013546.0
Tajikistan,TJK,2023,0.988,10.264,10389807.0,
Tajikistan,TJK,2024,1.014,10.74,10590930.0,
Tanzania,TZA,2010,0.161,7.194,44758491.0,93371216148.0
Tanzania,TZA,2011,0.183,8.44,46029371.0,103624510902.0
Tanzania,TZA,2012,0.219,10.367,47374261.0,108951852558.0
Tanzania,TZA,2013,0.23,11.251,48824134.0,116340969671.0
Tanzania,TZA,2014,0.218,10.997,50351506.0,124173043529.0
Tanzania,TZA,2015,0.246,12.783,52020958.0,131823350494.0
Tanzania,TZA,2016,0.251,13.529,53824012.0,140875654933.0
Tanzania,TZA,2017,0.243,13.513,55652888.0,150417154803.0
Tanzania,TZA,2018,0.248,14.233,57437134.0,160884699826.0
Tanzania,TZA,2019,0.274,16.191,59174889.0,172128919031.0
Tanzania,TZA,2020,0.262,15.952,60972803.0,180418650860.0
Tanzania,TZA,2021,0.281,17.678,62830410.0,189343959556.0
Tanzania,TZA,2022,0.304,19.702,64711822.0,198220407805.0
Tanzania,TZA,2023,0.305,20.31,66617607.0,
Tanzania,TZA,2024,0.292,20.018,68560162.0,
Thailand,THA,2010,3.514,241.019,68579443.0,870109340511.0
Thailand,THA,2011,3.549,244.878,69007212.0,873642799890.0
Thailand,THA,2012,3.778,262.348,69436091.0,936920832597.0
Thailand,THA,2013,3.776,263.754,69845112.0,962095812070.0
Thailand,THA,2014,3.881,272.488,70216362.0,971562808709.0
Thailand,THA,2015,3.928,277.099,70540787.0,1002011619070.0
Thailand,THA,2016,4.009,284.045,70859835.0,1036430730493.0
Thailand,THA,2017,3.982,283.348,71160183.0,1079732734924.0
Thailand,THA,2018,4.039,288.305,71376081.0,1125329902301.0
Thailand,THA,2019,3.941,281.877,71522264.0,1149130685920.0
Thailand,THA,2020,3.796,271.923,71641484.0,1078332670656.0
Thailand,THA,2021,3.724,267.142,71727338.0,1095187026392.0
Thailand,THA,2022,3.8,272.573,71735321.0,1124143758569.0
Thailand,THA,2023,3.692,264.734,71702436.0,
Thailand,THA,2024,3.736,267.76,71668010.0,
Togo,TGO,2010,0.41,2.596,6325791.0,7846071439.0
Togo,TGO,2011,0.385,2.504,6500577.0,8309244000.0
Togo,TGO,2012,0.333,2.216,6653719.0,8791743000.0
Togo,TGO,2013,0.241,1.635,6798851.0,9242968000.0
Togo,TGO,2014,0.215,1.491,6937647.0,9806234000.0
Togo,TGO,2015,0.254,1.798,7071500.0,10346240000.0
Togo,TGO,2016,0.318,2.293,7200883.0,10960546310.0
Togo,TGO,2017,0.261,1.912,7324379.0,11420230383.0
Togo,TGO,2018,0.273,2.034,7458205.0,11989462252.0
Togo,TGO,2019,0.31,2.364,7619916.0,12579682405.0
Togo,TGO,2020,0.353,2.751,7788058.0,12720130961.0
Togo,TGO,2021,0.33,2.62,7936185.0,13482266787.0
Togo,TGO,2022,0.339,2.739,8068616.0,14265660408.0
Togo,TGO,2023,0.325,2.671,8223853.0,
Togo,TGO,2024,0.328,2.754,8406554.0,
Tonga,TON,2010,1.092,0.117,107415.0,
Tonga,TON,2011,0.988,0.106,107584.0,
Tonga,TON,2012,0.989,0.106,107476.0,
Tonga,TON,2013,1.026,0.11,107093.0,
Tonga,TON,2014,0.997,0.106,106627.0,
Tonga,TON,2015,1.001,0.106,106110.0,
Tonga,TON,2016,1.319,0.139,105536.0,
Tonga,TON,2017,1.356,0.143,105373.0,
Tonga,TON,2018,1.249,0.132,105590.0,
Tonga,TON,2019,1.525,0.161,105688.0,
Tonga,TON,2020,1.317,0.139,105721.0,
Tonga,TON,2021,1.32,0.139,105504.0,
Tonga,TON,2022,1.395,0.147,105053.0,
Tonga,TON,2023,1.394,0.146,104613.0,
Tonga,TON,2024,1.464,0.153,104192.0,
Trinidad and Tobago,TTO,2010,33.961,47.092,1386657.0,41285434067.0
Trinidad and Tobago,TTO,2011,33.723,47.043,1394990.0,40819362692.0
Trinidad and Tobago,TTO,2012,32.881,46.159,1403814.0,42669299120.0
Trinidad and Tobago,TTO,2013,32.421,45.799,1412658.0,44309506041.0
Trinidad and Tobago,TTO,2014,32.978,46.866,1421135.0,45781910542.0
Trinidad and Tobago,TTO,2015,31.86,45.534,1429190.0,45435797433.0
Trinidad and Tobago,TTO,2016,27.743,39.867,1437031.0,42362516644.0
Trinidad and Tobago,TTO,2017,27.882,40.297,1445265.0,40368511597.0
Trinidad and Tobago,TTO,2018,27.41,40.307,1470522.0,40016907555.0
Trinidad and Tobago,TTO,2019,27.446,40.755,1484898.0,40060922958.0
Trinidad and Tobago,TTO,2020,23.661,35.043,1481026.0,36985045051.0
Trinidad and Tobago,TTO,2021,24.46,36.389,1487715.0,36605213818.0
Trinidad and Tobago,TTO,2022,25.063,37.493,1495923.0,37513383973.0
Trinidad and Tobago,TTO,2023,23.644,35.536,1502938.0,
Trinidad and Tobago,TTO,2024,22.932,34.576,1507778.0,
Tunisia,TUN,2010,2.591,27.9,10765984.0,112484995734.0
Tunisia,TUN,2011,2.428,26.429,10886041.0,110760053250.0
Tunisia,TUN,2012,2.561,28.194,11009649.0,115430801370.0
Tunisia,TUN,2013,2.583,28.773,11141365.0,118235775346.0
Tunisia,TUN,2014,2.65,29.875,11274295.0,121889250523.0
Tunisia,TUN,2015,2.752,31.381,11402270.0,123069138453.0
Tunisia,TUN,2016,2.686,30.971,11528676.0,124443824545.0
Tunisia,TUN,2017,2.719,31.677,11650504.0,127228891219.0
Tunisia,TUN,2018,2.645,31.122,11765515.0,130568635947.0
Tunisia,TUN,2019,2.575,30.579,11875084.0,132642060864.0
Tunisia,TUN,2020,2.409,28.845,11974058.0,120945694784.0
Tunisia,TUN,2021,2.617,31.527,12048625.0,126273349199.0
Tunisia,TUN,2022,2.54,30.785,12119338.0,129457959410.0
Tunisia,TUN,2023,2.601,31.738,12200434.0,
Tunisia,TUN,2024,2.661,32.664,12277103.0,
Turkey,TUR,2010,4.345,318.71,73346766.0,1240496805446.0
Turkey,TUR,2011,4.638,344.215,74215203.0,1364782716000.0
Turkey,TUR,2012,4.769,358.645,75197196.0,1430132002360.0
Turkey,TUR,2013,4.589,350.634,76403032.0,1551491738617.0
Turkey,TUR,2014,4.706,367.272,78036154.0,1628131977724.0
Turkey,TUR,2015,4.845,387.704,80014222.0,1727192876718.0
Turkey,TUR,2016,4.967,405.552,81652087.0,1784590365590.0
Turkey,TUR,2017,5.183,430.622,83083667.0,1918472081554.0
Turkey,TUR,2018,5.021,423.818,84415966.0,1975637604336.0
Turkey,TUR,2019,4.763,406.568,85357670.0,1991116616493.0
Turkey,TUR,2020,4.836,416.328,86091691.0,2029749392174.0
Turkey,TUR,2021,5.276,457.377,86686254.0,2260196231771.0
Turkey,TUR,2022,5.095,443.603,87058469.0,2385996374127.0
Turkey,TUR,2023,5.58,486.945,87270502.0,
Turkey,TUR,2024,5.865,513.035,87473800.0,
Turkmenistan,TKM,2010,10.636,59.184,5564356.0,71115148352.0
Turkmenistan,TKM,2011,11.464,65.155,5683413.0,82520290491.0
Turkmenistan,TKM,2012,11.524,66.939,5808548.0,87581261691.0
Turkmenistan,TKM,2013,10.833,64.34,5939348.0,87286119372.0
Turkmenistan,TKM,2014,10.337,62.799,6075286.0,90639646545.0
Turkmenistan,TKM,2015,10.15,63.092,6215773.0,93346148579.0
Turkmenistan,TKM,2016,9.763,62.091,6360041.0,92434154525.0
Turkmenistan,TKM,2017,9.675,62.957,6507065.0,96785037864.0
Turkmenistan,TKM,2018,9.211,61.302,6655523.0,97638670425.0
Turkmenistan,TKM,2019,9.15,62.254,6803943.0,94329707021.0
Turkmenistan,TKM,2020,9.051,62.905,6949915.0,91559235694.0
Turkmenistan,TKM,2021,12.929,91.694,7092042.0,95789282239.0
Turkmenistan,TKM,2022,14.116,102.063,7230197.0,97502944727.0
Turkmenistan,TKM,2023,12.957,95.421,7364437.0,
Turkmenistan,TKM,2024,10.809,81.006,7494494.0,
Turks and Caicos Islands,TCA,2010,9.479,0.282,29763.0,
Turks and Caicos Islands,TCA,2011,9.139,0.282,30870.0,
Turks and Caicos Islands,TCA,2012,8.775,0.282,32152.0,
Turks and Caicos Islands,TCA,2013,8.487,0.286,33675.0,
Turks and Caicos Islands,TCA,2014,8.774,0.308,35077.0,
Turks and Caicos Islands,TCA,2015,8.602,0.315,36632.0,
Turks and Caicos Islands,TCA,2016,8.505,0.326,38342.0,
Turks and Caicos Islands,TCA,2017,8.809,0.352,39931.0,
Turks and Caicos Islands,TCA,2018,8.636,0.359,41580.0,
Turks and Caicos Islands,TCA,2019,8.398,0.363,43191.0,
Turks and Caicos Islands,TCA,2020,8.086,0.359,44405.0,
Turks and Caicos Islands,TCA,2021,8.095,0.366,45262.0,
Turks and Caicos Islands,TCA,2022,7.97,0.366,45869.0,
Turks and Caicos Islands,TCA,2023,7.893,0.365,46221.0,
Turks and Caicos Islands,TCA,2024,8.136,0.379,46563.0,
Tuvalu,TUV,2010,1.034,0.011,10635.0,
Tuvalu,TUV,2011,1.017,0.011,10804.0,
Tuvalu,TUV,2012,1.003,0.011,10960.0,
Tuvalu,TUV,2013,0.664,0.007,11028.0,
Tuvalu,TUV,2014,0.666,0.007,11007.0,
Tuvalu,TUV,2015,0.667,0.007,10985.0,
Tuvalu,TUV,2016,0.669,0.007,10951.0,
Tuvalu,TUV,2017,0.673,0.007,10892.0,
Tuvalu,TUV,2018,1.02,0.011,10775.0,
Tuvalu,TUV,2019,1.037,0.011,10603.0,
Tuvalu,TUV,2020,1.055,0.011,10423.0,
Tuvalu,TUV,2021,1.076,0.011,10214.0,
Tuvalu,TUV,2022,1.098,0.011,10012.0,
Tuvalu,TUV,2023,1.112,0.011,9837.0,
Tuvalu,TUV,2024,1.183,0.011,9669.0,
Uganda,UGA,2010,0.11,3.57,32390801.0,59228535712.0
Uganda,UGA,2011,0.115,3.828,33354541.0,62855840742.0
Uganda,UGA,2012,0.106,3.627,34337436.0,64322268140.0
Uganda,UGA,2013,0.106,3.755,35337050.0,66855286085.0
Uganda,UGA,2014,0.112,4.09,36395542.0,70696115682.0
Uganda,UGA,2015,0.121,4.529,37531444.0,76356053069.0
Uganda,UGA,2016,0.124,4.817,38799153.0,76477462940.0
Uganda,UGA,2017,0.135,5.406,40177384.0,81700865546.0
Uganda,UGA,2018,0.133,5.549,41565839.0,86196050499.0
Uganda,UGA,2019,0.134,5.761,42999636.0,92903828922.0
Uganda,UGA,2020,0.125,5.571,44457148.0,91695146192.0
Uganda,UGA,2021,0.136,6.232,45910931.0,97200521048.0
Uganda,UGA,2022,0.13,6.128,47312718.0,101995416951.0
Uganda,UGA,2023,0.128,6.236,48656606.0,
Uganda,UGA,2024,0.127,6.334,50015091.0,
Ukraine,UKR,2010,6.336,294.366,46455997.0,439429783004.0
Ukraine,UKR,2011,6.659,308.376,46307854.0,471221167316.0
Ukraine,UKR,2012,6.588,304.43,46210051.0,472276721174.0
Ukraine,UKR,2013,6.45,297.54,46126760.0,472286166147.0
Ukraine,UKR,2014,5.606,257.703,45972379.0,441233307180.0
Ukraine,UKR,2015,4.889,223.85,45784904.0,398045419167.0
Ukraine,UKR,2016,5.132,234.106,45616831.0,407666198456.0
Ukraine,UKR,2017,4.914,223.288,45436037.0,417287091525.0
Ukraine,UKR,2018,5.13,231.9,45208903.0,431842093109.0
Ukraine,UKR,2019,4.942,222.188,44957451.0,445656664440.0
Ukraine,UKR,2020,4.635,207.101,44680008.0,428931213784.0
Ukraine,UKR,2021,4.755,210.636,44298642.0,443313281092.0
Ukraine,UKR,2022,3.485,143.04,41048768.0,309166674673.0
Ukraine,UKR,2023,3.692,139.325,37732833.0,
Ukraine,UKR,2024,3.764,142.498,37860221.0,
United Arab Emirates,ARE,2010,26.786,185.848,6938372.0,490048925162.0
United Arab Emirates,ARE,2011,27.574,198.518,7199436.0,551070287560.0
United Arab Emirates,ARE,2012,27.787,208.324,7497122.0,577394943300.0
United Arab Emirates,ARE,2013,27.348,214.188,7831851.0,606587973942.0
United Arab Emirates,ARE,2014,26.045,214.53,8236880.0,631858461256.0
United Arab Emirates,ARE,2015,25.943,225.045,8674633.0,674742705535.0
United Arab Emirates,ARE,2016,25.235,227.898,9030873.0,712265114847.0
United Arab Emirates,ARE,2017,21.279,196.493,9234330.0,717500233045.0
United Arab Emirates,ARE,2018,21.837,204.105,9346870.0,726928170282.0
United Arab Emirates,ARE,2019,21.76,204.058,9377855.0,734982504070.0
United Arab Emirates,ARE,2020,22.783,215.266,9448529.0,698549476819.0
United Arab Emirates,ARE,2021,21.675,212.173,9789055.0,725904671328.0
United Arab Emirates,ARE,2022,20.221,207.103,10242085.0,779701520404.0
United Arab Emirates,ARE,2023,19.773,210.425,10642089.0,
United Arab Emirates,ARE,2024,20.131,221.988,11027135.0,
United Kingdom,GBR,2010,8.125,511.905,63006482.0,2190919919855.0
United Kingdom,GBR,2011,7.396,469.713,63509285.0,2223011392593.0
United Kingdom,GBR,2012,7.622,487.477,63960488.0,2255210551431.0
United Kingdom,GBR,2013,7.418,477.611,64389386.0,2296252599482.0
United Kingdom,GBR,2014,6.765,438.807,64865914.0,2369725553442.0
United Kingdom,GBR,2015,6.461,422.461,65382107.0,2426435869267.0
United Kingdom,GBR,2016,6.062,399.43,65893359.0,2478973016876.0
United Kingdom,GBR,2017,5.838,387.367,66354473.0,2539548543933.0
United Kingdom,GBR,2018,5.689,379.73,66752473.0,2582848171416.0
United Kingdom,GBR,2019,5.435,364.753,67110958.0,2624285076706.0
United Kingdom,GBR,2020,4.844,326.263,67351860.0,2334804059780.0
United Kingdom,GBR,2021,5.059,342.366,67668788.0,2512190098029.0
United Kingdom,GBR,2022,4.563,311.118,68179315.0,2615230634906.0
United Kingdom,GBR,2023,4.482,307.826,68682965.0,
United Kingdom,GBR,2024,4.526,312.906,69138185.0,
United States,USA,2010,18.225,5669.25,311062785.0,15239586726210.0
United States,USA,2011,17.634,5538.973,314105075.0,15477885525000.0
United States,USA,2012,16.812,5331.467,317115349.0,15830886903539.0
United States,USA,2013,17.099,5473.436,320110752.0,16122472460312.0
United States,USA,2014,17.119,5531.385,323115377.0,16491319003554.0
United States,USA,2015,16.461,5368.497,326126496.0,16937633974582.0
United States,USA,2016,15.935,5245.362,329179423.0,17220065720000.0
United States,USA,2017,15.639,5195.417,332204657.0,17606124654726.0
United States,USA,2018,16.001,5361.236,335056492.0,18124692769570.0
United States,USA,2019,15.5,5235.912,337790069.0,18540552700117.0
United States,USA,2020,13.817,4689.954,339436156.0,18027359681343.0
United States,USA,2021,14.758,5020.111,340161438.0,19099378164000.0
United States,USA,2022,14.802,5055.403,341534041.0,19493170182843.0
United States,USA,2023,14.319,4918.407,343477330.0,
United States,USA,2024,14.197,4904.12,345426566.0,
Upper-middle-income countries,,2010,5.151,13483.229,2617657240.0,
Upper-middle-income countries,,2011,5.52,14572.88,2640400163.0,
Upper-middle-income countries,,2012,5.631,15001.586,2664517398.0,
Upper-middle-income countries,,2013,5.671,15252.664,2689585465.0,
Upper-middle-income countries,,2014,5.672,15393.135,2713983279.0,
Upper-middle-income countries,,2015,5.571,15250.371,2737646890.0,
Upper-middle-income countries,,2016,5.486,15138.848,2759890904.0,
Upper-middle-income countries,,2017,5.57,15493.023,2781778743.0,
Upper-middle-income countries,,2018,5.673,15891.828,2801804568.0,
Upper-middle-income countries,,2019,5.814,16385.607,2818594893.0,
Upper-middle-income countries,,2020,5.735,16241.722,2832101028.0,
Upper-middle-income countries,,2021,5.953,16916.74,2841892610.0,
Upper-middle-income countries,,2022,6.131,17458.07,2847730001.0,
Upper-middle-income countries,,2023,6.321,18031.051,2852870890.0,
Upper-middle-income countries,,2024,6.377,18237.494,2860329839.0,
Uruguay,URY,2010,1.905,6.322,3318581.0,54642867455.0
Uruguay,URY,2011,2.31,7.686,3326829.0,57427770581.0
Uruguay,URY,2012,2.58,8.605,3335406.0,59459565927.0
Uruguay,URY,2013,2.239,7.491,3345335.0,62217298965.0
Uruguay,URY,2014,1.991,6.684,3356343.0,64232518554.0
Uruguay,URY,2015,2.001,6.738,3368022.0,64470831197.0
Uruguay,URY,2016,1.93,6.52,3379279.0,65560386931.0
Uruguay,URY,2017,1.815,6.151,3388444.0,66627711123.0
Uruguay,URY,2018,1.936,6.57,3394538.0,66946183643.0
Uruguay,URY,2019,1.886,6.408,3397206.0,67180494669.0
Uruguay,URY,2020,1.906,6.477,3398966.0,63072414563.0
Uruguay,URY,2021,2.305,7.829,3396693.0,65848852721.0
Uruguay,URY,2022,2.212,7.501,3390913.0,69066228178.0
Uruguay,URY,2023,2.251,7.627,3388083.0,
Uruguay,URY,2024,2.354,7.973,3386583.0,
Uzbekistan,UZB,2010,3.793,107.668,28385509.0,195160171269.0
Uzbekistan,UZB,2011,4.051,116.755,28823194.0,208063390835.0
Uzbekistan,UZB,2012,4.062,118.86,29261908.0,222840047403.0
Uzbekistan,UZB,2013,3.781,112.395,29724065.0,239100684823.0
Uzbekistan,UZB,2014,3.557,107.496,30222994.0,255536474727.0
Uzbekistan,UZB,2015,3.362,103.374,30749349.0,273983640646.0
Uzbekistan,UZB,2016,3.511,109.837,31284565.0,290236358613.0
Uzbekistan,UZB,2017,3.422,108.883,31819172.0,302992216928.0
Uzbekistan,UZB,2018,3.161,102.33,32373489.0,320808179800.0
Uzbekistan,UZB,2019,3.275,107.947,32964700.0,339998944961.0
Uzbekistan,UZB,2020,3.22,108.139,33586373.0,346785285756.0
Uzbekistan,UZB,2021,3.597,123.162,34243696.0,372457828275.0
Uzbekistan,UZB,2022,3.409,119.105,34938953.0,393572464308.0
Uzbekistan,UZB,2023,3.446,122.872,35652311.0,
Uzbekistan,UZB,2024,3.829,139.234,36361859.0,
Vanuatu,VUT,2010,0.523,0.125,238256.0,
Vanuatu,VUT,2011,0.542,0.132,243483.0,
Vanuatu,VUT,2012,0.471,0.117,248894.0,
Vanuatu,VUT,2013,0.432,0.11,254495.0,
Vanuatu,VUT,2014,0.605,0.158,260247.0,
Vanuatu,VUT,2015,0.496,0.132,266115.0,
Vanuatu,VUT,2016,0.552,0.15,272097.0,
Vanuatu,VUT,2017,0.5,0.139,278518.0,
Vanuatu,VUT,2018,0.617,0.176,285273.0,
Vanuatu,VUT,2019,0.565,0.165,291995.0,
Vanuatu,VUT,2020,0.687,0.205,298867.0,
Vanuatu,VUT,2021,0.707,0.216,305882.0,
Vanuatu,VUT,2022,0.605,0.189,313061.0,
Vanuatu,VUT,2023,0.588,0.188,320422.0,
Vanuatu,VUT,2024,0.601,0.197,327786.0,
Vatican,VAT,2010,,,629.0,
Vatican,VAT,2011,,,624.0,
Vatican,VAT,2012,,,612.0,
Vatican,VAT,2013,,,598.0,
Vatican,VAT,2014,,,587.0,
Vatican,VAT,2015,,,579.0,
Vatican,VAT,2016,,,571.0,
Vatican,VAT,2017,,,563.0,
Vatican,VAT,2018,,,552.0,
Vatican,VAT,2019,,,543.0,
Vatican,VAT,2020,,,536.0,
Vatican,VAT,2021,,,527.0,
Vatican,VAT,2022,,,513.0,
Vatican,VAT,2023,,,501.0,
Vatican,VAT,2024,,,507.0,
Venezuela,VEN,2010,6.58,189.582,28813101.0,477591738082.0
Venezuela,VEN,2011,5.781,168.713,29185220.0,502688619769.0
Venezuela,VEN,2012,5.95,175.845,29553829.0,530969916373.0
Venezuela,VEN,2013,6.634,198.452,29912195.0,538100828642.0
Venezuela,VEN,2014,5.817,175.992,30254080.0,517147151484.0
Venezuela,VEN,2015,5.44,166.328,30573968.0,484975458402.0
Venezuela,VEN,2016,4.964,152.733,30765719.0,402335647692.0
Venezuela,VEN,2017,4.551,139.093,30565331.0,339285602968.0
Venezuela,VEN,2018,3.732,111.24,29807591.0,272599019803.0
Venezuela,VEN,2019,3.643,105.43,28938096.0,197170883456.0
Venezuela,VEN,2020,2.844,80.901,28444080.0,138029481377.0
Venezuela,VEN,2021,3.361,94.902,28237830.0,138656126606.0
Venezuela,VEN,2022,3.843,108.424,28213015.0,149682062815.0
Venezuela,VEN,2023,4.226,119.588,28300861.0,
Venezuela,VEN,2024,4.085,116.042,28405544.0,
Vietnam,VNM,2010,1.596,139.564,87455148.0,413666257649.0
Vietnam,VNM,2011,1.725,152.564,88468315.0,438354712953.0
Vietnam,VNM,2012,1.612,144.288,89510355.0,462486159336.0
Vietnam,VNM,2013,1.672,151.459,90573103.0,488172621311.0
Vietnam,VNM,2014,1.964,180.048,91679582.0,519523061605.0
Vietnam,VNM,2015,2.299,213.391,92823254.0,555822142751.0
Vietnam,VNM,2016,2.351,221.027,94000115.0,593006635951.0
Vietnam,VNM,2017,2.392,227.694,95176978.0,634161327073.0
Vietnam,VNM,2018,2.655,255.468,96237319.0,681501440291.0
Vietnam,VNM,2019,3.492,339.312,97173778.0,731653148132.0
Vietnam,VNM,2020,3.697,362.599,98079196.0,752629620043.0
Vietnam,VNM,2021,3.176,314.197,98935101.0,771912038182.0
Vietnam,VNM,2022,3.237,322.653,99680656.0,833803909046.0
Vietnam,VNM,2023,3.462,347.399,100352189.0,
Vietnam,VNM,2024,3.673,370.931,100987685.0,
Wallis and Futuna,WLF,2010,1.945,0.026,13189.0,
Wallis and Futuna,WLF,2011,1.982,0.026,12942.0,
Wallis and Futuna,WLF,2012,2.018,0.026,12709.0,
Wallis and Futuna,WLF,2013,2.052,0.026,12500.0,
Wallis and Futuna,WLF,2014,2.08,0.026,12328.0,
Wallis and Futuna,WLF,2015,2.105,0.026,12185.0,
Wallis and Futuna,WLF,2016,2.127,0.026,12057.0,
Wallis and Futuna,WLF,2017,2.147,0.026,11945.0,
Wallis and Futuna,WLF,2018,2.169,0.026,11827.0,
Wallis and Futuna,WLF,2019,2.19,0.026,11711.0,
Wallis and Futuna,WLF,2020,2.518,0.029,11640.0,
Wallis and Futuna,WLF,2021,2.529,0.029,11590.0,
Wallis and Futuna,WLF,2022,2.549,0.029,11501.0,
Wallis and Futuna,WLF,2023,2.56,0.029,11394.0,
Wallis and Futuna,WLF,2024,2.699,0.031,11303.0,
World,,2010,4.745,33317.672,7021732143.0,89807710403740.0
World,,2011,4.849,34479.988,7110923773.0,
World,,2012,4.854,34954.734,7201202478.0,
World,,2013,4.838,35275.82,7291793585.0,
World,,2014,4.805,35465.695,7381616239.0,
World,,2015,4.739,35403.527,7470491876.0,106871829405667.0
World,,2016,4.682,35392.832,7558554527.0,110407200853028.0
World,,2017,4.705,35974.609,7645617952.0,114529588369027.0
World,,2018,4.752,36734.004,7729902779.0,118765812557841.0
World,,2019,4.748,37086.566,7811293699.0,122149370355621.0
World,,2020,4.458,35158.23,7887001289.0,118590021803593.0
World,,2021,4.635,36866.863,7954448387.0,126004793520756.0
World,,2022,4.678,37527.773,8021407196.0,130112562171125.0
World,,2023,4.708,38094.039,8091734933.0,
World,,2024,4.729,38598.578,8161972574.0,
Yemen,YEM,2010,0.965,25.818,26754383.0,111622920604.0
Yemen,YEM,2011,0.82,22.625,27582902.0,97623324312.0
Yemen,YEM,2012,0.72,20.467,28433655.0,99959450246.0
Yemen,YEM,2013,0.931,27.281,29312955.0,104781489392.0
Yemen,YEM,2014,0.88,26.592,30226311.0,104583458743.0
Yemen,YEM,2015,0.453,14.123,31159378.0,75305316956.0
Yemen,YEM,2016,0.313,10.044,32109023.0,68245442015.0
Yemen,YEM,2017,0.278,9.214,33090923.0,64784033932.0
Yemen,YEM,2018,0.338,11.504,34085181.0,65271212493.0
Yemen,YEM,2019,0.336,11.788,35111416.0,66185009341.0
Yemen,YEM,2020,0.298,10.757,36134867.0,60559285911.0
Yemen,YEM,2021,0.286,10.608,37140234.0,59953691816.0
Yemen,YEM,2022,0.272,10.404,38222878.0,60852995288.0
Yemen,YEM,2023,0.257,10.141,39390800.0,
Yemen,YEM,2024,0.249,10.123,40583173.0,
Zambia,ZMB,2010,0.223,3.121,13965592.0,43221855090.0
Zambia,ZMB,2011,0.234,3.379,14437796.0,47143916201.0
Zambia,ZMB,2012,0.28,4.177,14913631.0,50725916750.0
Zambia,ZMB,2013,0.287,4.427,15399000.0,53291123090.0
Zambia,ZMB,2014,0.332,5.283,15895320.0,55794746119.0
Zambia,ZMB,2015,0.337,5.522,16399092.0,57423952993.0
Zambia,ZMB,2016,0.353,5.978,16914428.0,59592851316.0
Zambia,ZMB,2017,0.428,7.459,17441328.0,61680980857.0
Zambia,ZMB,2018,0.482,8.658,17973574.0,64169815579.0
Zambia,ZMB,2019,0.478,8.846,18513839.0,65094496543.0
Zambia,ZMB,2020,0.524,9.991,19059394.0,63281615083.0
Zambia,ZMB,2021,0.477,9.35,19603610.0,66191936884.0
Zambia,ZMB,2022,0.543,10.939,20152935.0,68469600029.0
Zambia,ZMB,2023,0.571,11.831,20723967.0,
Zambia,ZMB,2024,0.565,12.043,21314962.0,
Zimbabwe,ZWE,2010,0.655,8.754,13356551.0,17918418386.0
Zimbabwe,ZWE,2011,0.762,10.363,13595421.0,19554105000.0
Zimbabwe,ZWE,2012,0.815,11.257,13817887.0,22811427551.0
Zimbabwe,ZWE,2013,0.833,11.671,14013811.0,23261956135.0
Zimbabwe,ZWE,2014,0.841,11.946,14207367.0,23818844326.0
Zimbabwe,ZWE,2015,0.835,12.017,14399008.0,24246158745.0
Zimbabwe,ZWE,2016,0.725,10.588,14600297.0,24362052665.0
Zimbabwe,ZWE,2017,0.664,9.831,14812484.0,25576014023.0
Zimbabwe,ZWE,2018,0.746,11.209,15034457.0,26786271482.0
Zimbabwe,ZWE,2019,0.672,10.267,15271377.0,25146416205.0
Zimbabwe,ZWE,2020,0.547,8.491,15526887.0,23178707175.0
Zimbabwe,ZWE,2021,0.647,10.223,15797220.0,25140088767.0
Zimbabwe,ZWE,2022,0.761,12.232,16069061.0,25901585881.0
Zimbabwe,ZWE,2023,0.823,13.443,16340829.0,
Zimbabwe,ZWE,2024,0.824,13.701,16634366.0,
