country_code,country_name,year,LCE,URB,FDI,GDP,NTR,PO,TO,IND,INF,PS
ABW,Aruba,2010,5.5,64.1612965549477,7.61167220218675,25429.2180974853,0.00387013761309746,101838.0,135.464654677581,11.5460620013165,-1.22340655068425,1.2560673
ABW,Aruba,2011,5.7,63.9992605838571,18.5057800383246,26093.0542083227,0.00380977060432498,102591.0,154.437786862887,12.3664483303712,4.00567421402882,1.251139
ABW,Aruba,2012,6.9,63.8252085199599,-12.0331802180755,25444.7336646687,0.00340775585550675,104110.0,156.645197205944,10.0760634560669,0.184032701346126,1.3159088
ABW,Aruba,2013,6.9,63.6382914355326,9.97445713517423,26680.1411206342,0.00245165331607624,105675.0,155.731904522973,10.7496646425755,-1.99594849465619,1.3143193
ABW,Aruba,2014,6.9,63.4392531303795,7.46525460335849,26773.8229102391,0.00323517161852513,106807.0,156.491052864098,10.799498200524,0.871011342731578,1.2105482
ABW,Aruba,2015,6.7,63.2288374043053,-0.907264375161604,27458.2201537506,0.00238765944448716,107906.0,140.493001133496,12.4688254381031,2.4645534438519,1.209329
ABW,Aruba,2016,7.0,63.0077880571142,0.923397287531133,27587.2498040483,0.0033437423337293,108727.0,136.887263320827,12.7138128237982,-0.528141045675781,1.2062931
ABW,Aruba,2017,6.8,62.7768488886109,5.2533752062728,28548.8904317739,0.00282719063862959,108735.0,138.716620095236,12.3948278061063,0.147649480345706,1.2066651
ABW,Aruba,2018,8.6,62.5367636985996,4.39981717177271,29419.208623316,0.00188469168678285,108908.0,138.824972245657,11.358156434717,2.64481426494012,1.3341522
ABW,Aruba,2019,8.3,62.288276286885,-2.2472039816062,29700.3634670565,0.00168011577104813,109203.0,137.923249273411,11.6258665501014,0.937897399695473,1.3349374
ABW,Aruba,2020,9.1,62.0028837566365,6.54462863106249,22718.2294445007,0.00303719334778541,108587.0,123.24050373078,12.5254865142398,-3.3421952854823,1.3345061
ABW,Aruba,2021,8.8,61.9275339886843,4.62204992644621,26303.0397202375,0.0020661282461218,107700.0,139.510902584073,10.9774949258071,2.23569671078552,1.3328137
ABW,Aruba,2022,8.8,61.8811657924257,7.45941691066831,29198.9903584827,,107310.0,160.558140997897,9.72879750990604,4.09505853100598,1.3357267
ABW,Aruba,2023,,61.8351492675589,-3.66893557834966,31963.0764505349,,107359.0,153.719158343959,10.8379420338553,2.83604175500525,1.3362003
ABW,Aruba,2024,,61.7909396819594,2.4774663008564,33938.9541769192,,107995.0,164.138645148918,,4.14429063164181,1.3302095
ABW,Aruba,2025,,61.7485249229588,,,,108785.0,,,,
AFE,Africa Eastern and Southern,2010,62.8763868126774,32.5903609820214,1.64104298925317,1449.78072652181,12.02776111933,530308387.0,61.2442067271921,27.2914104919559,5.88302203486953,
AFE,Africa Eastern and Southern,2011,62.8052791594478,32.9380985869792,1.85627659158709,1464.88611192938,13.8333506211762,544737983.0,63.0810712698512,28.6288231942314,9.74570998523772,
AFE,Africa Eastern and Southern,2012,61.4099642987411,33.2867060801392,2.54477763727581,1452.76568595828,11.7000652143831,559609961.0,61.0394667872946,28.5885087132674,6.11915429388373,
AFE,Africa Eastern and Southern,2013,60.8017990466951,33.6673142772775,2.19676625195527,1478.87995623663,11.0183437235757,575202699.0,61.4883241423663,27.8660430106181,5.74217145952518,
AFE,Africa Eastern and Southern,2014,61.2358816947099,34.0775774023013,2.7750793200763,1495.79844862987,9.38328938268401,590968990.0,59.9253647268059,27.083148928812,5.40353538297499,
AFE,Africa Eastern and Southern,2015,61.6702780479896,34.4906809355644,3.15374863446916,1498.71597073834,6.60093459629015,607123269.0,54.9454145770714,24.8611280274922,5.4351166708285,
AFE,Africa Eastern and Southern,2016,61.8228841937413,34.8812106693274,2.01086478850792,1493.11936575691,7.24155035206818,623369401.0,52.8801706650962,24.7142687201753,6.85841639829724,
AFE,Africa Eastern and Southern,2017,61.4269497576408,35.2829868326458,1.03974029154369,1493.1423907296,7.92197924673185,640058741.0,51.7606954571189,25.404757436104,6.07507209721174,
AFE,Africa Eastern and Southern,2018,61.5875298317964,35.714718464725,1.29620160072117,1492.18670204384,7.57294565186571,657801085.0,54.8680901684044,26.161138697763,4.32175867770079,
AFE,Africa Eastern and Southern,2019,62.6907096127666,36.0973307017698,1.48113722956682,1480.22900239543,6.74339986653678,675950189.0,53.2143102862768,26.0404698152707,4.24217010556043,
AFE,Africa Eastern and Southern,2020,65.7823798017466,36.4883219609866,1.42136722132285,1398.57793000832,6.15065161567244,694446100.0,49.343584646059,25.0648521454273,5.37528980301067,
AFE,Africa Eastern and Southern,2021,,36.9085426088518,4.91733778368595,1422.65546311873,10.3300167787945,713090928.0,54.5513323505808,26.4567236508844,6.08815281141383,
AFE,Africa Eastern and Southern,2022,,37.3605781096471,1.72140037683879,1437.09139374966,,731821393.0,57.1173763714306,27.1304923215828,9.01334146505742,
AFE,Africa Eastern and Southern,2023,,37.7723012408349,1.96226870934897,1428.54623843676,,750491370.0,56.2837209179998,26.4679753709217,7.91600183099048,
AFE,Africa Eastern and Southern,2024,,38.2414414289603,2.14227343586629,1432.50843496815,,769280888.0,54.2032707213253,25.8749995822047,6.94861729017868,
AFE,Africa Eastern and Southern,2025,,38.7021396558821,,1449.27138341047,,788844284.0,51.9948174671171,26.2222082828057,5.84511682379794,
AFG,Afghanistan,2010,15.2,22.2614799010924,1.20311798981139,542.871030476037,0.62533261319642,28284089.0,,21.1514206977128,3.81463031545211,-2.53097419999999
AFG,Afghanistan,2011,12.6,22.8205691572485,0.293025179616803,525.42698276582,0.836389660299977,29347708.0,,22.7402524820273,16.5933467401627,-2.5512555
AFG,Afghanistan,2012,15.4,23.3434391310979,0.285440893554571,568.929021458341,0.684675468598181,30560034.0,,21.1578071539751,7.30175646760432,-2.5040196
AFG,Afghanistan,2013,16.9,23.8077136743646,0.239801184405551,580.603833333096,0.603571665401867,31622704.0,,20.4446053132561,4.82278547876986,-2.699732
AFG,Afghanistan,2014,19.1,24.1910166387726,0.209664794672203,575.146245808546,0.542756499666634,32792523.0,,21.2296632181805,0.56694454253261,-2.3186705
AFG,Afghanistan,2015,17.7,24.4649118421568,0.88400046336123,565.569730408751,0.469916949251438,33831764.0,,22.1240424906926,2.44756300147404,-2.48125299999999
AFG,Afghanistan,2016,20.2,24.6588345720126,0.516606084523093,563.872336723147,0.617409905168126,34700612.0,,10.4668076938201,-2.19752646733461,-2.4834928
AFG,Afghanistan,2017,19.5,24.8352821238871,0.274796791572807,562.769574140988,0.702981728943138,35688935.0,,10.0518739969063,2.40365618765746,-2.61393089999999
AFG,Afghanistan,2018,18.3,24.9991645191406,0.661572217787196,553.125151688293,0.855264249305936,36743039.0,,13.3872469597976,2.07134857783487,-2.5824048
AFG,Afghanistan,2019,18.9,25.1437258839803,0.124495985291258,557.861533207459,0.682287828246046,37856121.0,,14.0581123697768,6.52147984832531,-2.5893714
AFG,Afghanistan,2020,18.2,25.2622103446137,0.0649939571808755,527.834554499306,0.305978171646739,39068979.0,46.7098945514103,12.9525996015547,6.9629462552564,-2.5896897
AFG,Afghanistan,2021,20.0,25.3478620272481,0.144466946606861,408.625855217403,0.428525449642917,40000412.0,51.4117163747271,14.2736570191788,2.83899625081041,-2.4506389
AFG,Afghanistan,2022,20.0,25.3939250580909,,377.665627080705,,40578842.0,72.8854696086536,16.0503677223963,9.40623933931322,-2.4492487
AFG,Afghanistan,2023,,25.4730529631167,,378.06630312259,,41454761.0,66.9995780621951,13.4498227120978,2.92366213121669,-2.3922828
AFG,Afghanistan,2024,,25.7007352636188,,374.37669620849,,42647492.0,83.763025087768,14.5203506635167,-8.30513956740795,-2.2052112
AFG,Afghanistan,2025,,25.9401644699898,,,,43844111.0,,,,
AFW,Africa Western and Central,2010,80.6878062215966,44.7340356184081,3.15128327333591,1679.8619541977,14.2289387822407,363951468.0,,27.3403594100416,5.42501129598723,
AFW,Africa Western and Central,2011,79.282287064176,45.306921990073,3.54506641288497,1713.47507358227,17.8007612366644,374374251.0,,30.3228391803984,8.31363270258383,
AFW,Africa Western and Central,2012,78.4812300030604,45.8819111655464,2.79570166892181,1752.04877339883,16.1216507786235,384913331.0,,29.7369723232957,5.08156070785505,
AFW,Africa Western and Central,2013,76.7014987422216,46.4556737847896,2.26934686806581,1808.05542437383,12.4256049829422,395543613.0,,28.758696634869,1.55402532167179,
AFW,Africa Western and Central,2014,75.7410088804396,47.0323463433828,1.83587240694645,1859.65082949513,9.92718881457716,406457241.0,,27.3416284000539,0.648899894966959,
AFW,Africa Western and Central,2015,76.181670524591,47.6135647497926,2.13325794190672,1863.40151301991,6.1355763046932,417536152.0,,23.1519921410034,1.91155452817166,
AFW,Africa Western and Central,2016,75.7968398295924,48.1862744131428,2.23551265648099,1817.66095620629,6.36002696583083,428797338.0,,21.5173460003556,2.14211199262888,
AFW,Africa Western and Central,2017,76.1016805879549,48.7610092648065,2.55578571100265,1811.55471646765,8.87833065349545,440150152.0,,24.4159109188189,2.02599486446284,
AFW,Africa Western and Central,2018,75.4765777368905,49.3326762524323,1.91403757076891,1817.65066402569,10.0025260507854,451395343.0,,26.6870961069863,1.80058140705531,
AFW,Africa Western and Central,2019,75.0787881678252,49.9054685471984,1.22756003862108,1832.1636948549,8.62680558838547,462522286.0,,23.3394539279891,1.35862850854981,
AFW,Africa Western and Central,2020,75.846980103796,50.4923214842153,1.04094841864883,1722.44898220443,5.91726440307962,473687685.0,,21.2274912437449,1.98495225793653,
AFW,Africa Western and Central,2021,,51.0894191806819,1.6013875786779,1725.17121673839,9.73438039740326,484978794.0,,21.8973415363196,4.95604217983081,
AFW,Africa Western and Central,2022,,51.7001028474527,1.4680087549062,1761.05945140847,,496366058.0,,23.0647149302543,6.97625920341339,
AFW,Africa Western and Central,2023,,52.3021093132307,2.08109893521951,1782.32607004266,,508318102.0,,23.2446441882711,3.4850521916186,
AFW,Africa Western and Central,2024,,52.8788239433226,2.42891782753416,1820.07044608507,,520655398.0,,24.0327471414088,4.4282974923572,
AFW,Africa Western and Central,2025,,53.4772052295821,,1860.36585549564,,532809933.0,,23.2474029992815,2.75384932320785,
AGO,Angola,2010,53.1,60.1310289535053,-3.37761927935431,3540.79159568681,38.1623101146694,23294825.0,90.9940631357987,48.7187943753018,28.670799910363,-0.2720682
AGO,Angola,2011,51.7,60.8431610396073,-2.40838836781619,3528.16824373698,39.0226784952754,24218352.0,89.0369443426985,52.3009161856827,29.6448791405981,-0.494662599999999
AGO,Angola,2012,49.0,61.5114223949332,-1.02012839058611,3682.35229323075,34.7310076331615,25177394.0,81.939478548327,53.4845191974217,7.11226963719041,-0.4414594
AGO,Angola,2013,46.8,62.1333075212361,-4.78350487026264,3716.29718727597,29.4000452272015,26165620.0,77.3498013719917,50.5176777357803,3.23350803752567,-0.6100776
AGO,Angola,2014,47.5,62.723115793241,2.3835242701895,3746.81619978931,22.124247625088,27160769.0,69.5801424480502,44.1321246613696,4.0817318808473,-0.5090269
AGO,Angola,2015,47.1,63.51567832685,9.7795154502365,3641.72893920253,13.3056748880613,28157798.0,54.9793808780995,36.8949662869579,-2.95734582604562,-0.5591026
AGO,Angola,2016,48.1,64.2992302517989,-0.295404758867636,3505.59634681792,20.8851202682195,29183070.0,46.3256130571521,37.0197637586645,20.8685538437151,-0.434627999999999
AGO,Angola,2017,52.5,65.0850525086068,-8.6387131616293,3378.07588102598,25.9503299089307,30234839.0,44.9963253203189,36.6969299145389,23.7259625965011,-0.537214499999999
AGO,Angola,2018,52.5,65.8732136723372,-7.13330828809519,3246.87857140997,32.045405604301,31297155.0,58.2698953890633,40.9023531140042,24.6216242094767,-0.4058117
AGO,Angola,2019,51.0,66.6637823180533,-5.04777218289971,3105.59971242672,28.8978590593907,32375632.0,60.3713068739603,42.1702338802178,20.2498562671205,-0.420703899999999
AGO,Angola,2020,60.1,67.4568270208187,-3.18988760374688,2847.24241578243,20.2476653863539,33451132.0,54.6604030683749,37.1380634426867,16.2304798715277,-0.6427634
AGO,Angola,2021,52.9,68.2524163556969,-5.56323234141154,2788.16737086685,29.9674348417559,34532429.0,62.5287705320674,38.9945687670048,35.5994929753605,-0.7936068
AGO,Angola,2022,,69.0506188977513,-5.14579186855198,2798.01717317688,,35635029.0,56.5380722280743,35.9473211759091,18.0677653931336,-0.5414068
AGO,Angola,2023,,69.8515032220457,-1.9988544144521,2748.95196954248,,36749906.0,53.6070126498686,35.7012470046254,19.3339813816209,-0.3131654
AGO,Angola,2024,,70.6551379036435,-1.07650107199669,2798.59392792708,,37885849.0,49.8489506740963,33.8842284287983,27.8748539125374,-0.5735964
AGO,Angola,2025,,71.4615915176085,0.940234642686515,2800.95785565447,,39040039.0,34.6466403704517,27.0679258771492,20.4948074752163,
ALB,Albania,2010,37.0,51.8815774292716,9.01744998049889,3579.82413181046,1.52816814295294,2913021.0,75.5325329687378,27.4749142839601,4.12744389120799,-0.1725061
ALB,Albania,2011,35.8,53.2917382892465,8.08329285826067,3677.89457937717,2.89849835443056,2905195.0,80.6989985298954,26.9409865024688,1.69479180198789,-0.348045
ALB,Albania,2012,39.9,53.8637553661449,7.49597513325321,3771.84781862015,3.23145242472225,2860708.0,76.9683583166821,25.4077242038709,0.226739790649205,-0.3697641
ALB,Albania,2013,41.1,54.2979678058548,9.80035898039468,3895.89975621942,3.32799084447126,2816902.0,75.7506185619748,25.506803612245,0.352563785277709,-0.1931708
ALB,Albania,2014,38.6,54.7325813178673,8.64846635716115,4045.11934884933,3.41690043441322,2773767.0,75.0212023084129,23.8286690584956,1.44342053888136,0.2608816
ALB,Albania,2015,38.5,55.1579291374894,8.62740636982337,4199.53912925398,1.73486186826951,2731293.0,71.2794476606014,24.4814091473313,0.771576290611591,0.1252711
ALB,Albania,2016,39.4,55.5738734464276,8.71147225448456,4431.55635814168,1.05848104238626,2689469.0,74.0144504546815,23.8670178864359,-0.864265221201691,0.1659701
ALB,Albania,2017,36.9,55.980276426546,7.71411336285186,4648.23078660658,1.34604237945034,2648285.0,76.7873817898989,22.9533327106507,2.72506918540461,0.1638298
ALB,Albania,2018,37.8,56.377000259892,7.83109146132114,4893.82375538717,1.71111628143642,2607733.0,75.6940783717425,23.7535886253159,1.45328722509015,0.1502032
ALB,Albania,2019,40.1,56.7639071287255,7.70621465029911,5072.43648354739,1.63497378546365,2567801.0,75.382128932689,22.9655210859374,1.00063285556122,0.00437499999999999
ALB,Albania,2020,44.4,57.1408592155544,7.01865154497786,4980.61699524696,0.775369617467959,2528480.0,59.5206994391875,23.4687164183412,0.0410649985799267,-0.0049854
ALB,Albania,2021,41.9,57.5077187031778,6.75791457973236,5511.75743402862,1.44260146706838,2489762.0,75.5904040905009,22.4341412350759,3.4442567503793,0.0239536
ALB,Albania,2022,,57.8643477747383,7.57934042905775,5867.65096230557,,2451636.0,84.6980435944865,23.0250522159549,9.86160992016288,0.0115425
ALB,Albania,2023,,58.2106086137857,6.90036950940795,6204.43525612114,,2411658.0,82.3524933990723,23.160711973189,5.73390704564409,0.0246567
ALB,Albania,2024,,58.5463634043555,6.32558905401363,6549.23387415397,,2377128.0,79.4546360752224,22.4011031082403,2.35318090275747,0.0204668
ALB,Albania,2025,,58.871474331067,6.0631729079562,6877.07720478965,,2349580.0,79.5328146239161,21.8303449313888,1.44541215871111,
AND,Andorra,2010,18.7,88.7604726056609,,36277.2644425331,0.0,80706.0,,13.1256460606154,0.374313758110119,1.3332046
AND,Andorra,2011,18.6,88.6888340319763,,37637.4868342866,0.0,77783.0,,11.908853107908,0.196764152031051,1.3258412
AND,Andorra,2012,18.8,88.6290967082924,,36206.9784356446,0.0,76834.0,,11.0715796683925,0.174556905779482,1.3250639
AND,Andorra,2013,19.1,88.5809399121053,,35684.1694347737,0.0,75194.0,,10.6182471491429,0.448492200194735,1.3226889
AND,Andorra,2014,19.4,88.544042920911,,37300.6244197096,0.0,73737.0,,10.1535313011382,-0.0840193165570753,1.3308928
AND,Andorra,2015,19.0,88.5180850122057,,38654.9347217207,0.0,72174.0,,9.98126871637019,0.660588959137868,1.3290711
AND,Andorra,2016,18.9,88.5027454634853,,40085.020598622,0.0,72181.0,,10.1407794073814,0.347795381575793,1.3245352
AND,Andorra,2017,18.0,88.4977035522461,,39361.0622648699,0.0,73763.0,,10.3955176672591,1.13650934319639,1.3250909
AND,Andorra,2018,17.6,88.5080998493791,,39242.1448975099,0.0,75162.0,,11.0763337210625,1.01247848005298,1.3290002
AND,Andorra,2019,17.2,88.5391793666245,13.3818111196322,39346.275035865,0.0,76474.0,,11.6998176283166,1.37475350829189,1.5488694
AND,Andorra,2020,20.9,88.5907780427517,9.4322892740376,34536.6499222556,0.0,77380.0,,12.6601582717327,1.11378607410401,1.5484064
AND,Andorra,2021,18.4,88.6627318165299,14.5826583360123,36929.0191528644,0.0,78364.0,,12.3626363853047,2.5588606935971,1.5465903
AND,Andorra,2022,18.7,88.7548766267286,17.5702304948555,39780.3966130791,,79705.0,,11.1453411041301,4.23665226454663,1.5497163
AND,Andorra,2023,,88.8201609217082,7.28597182118917,40227.23352974,,80856.0,,12.4282261796617,6.29560082401824,1.5502246
AND,Andorra,2024,,88.8850044816278,6.63542850454759,41223.9924906603,,81938.0,,12.7985462097612,2.78151511775771,1.5437957
AND,Andorra,2025,,88.9492672283129,,42319.6276533021,,82904.0,,12.7863568008877,2.63499321286311,
ARB,Arab World,2010,4.83562159152557,55.5920977319462,2.10749375576594,5965.71571721365,27.7402361040906,363568534.0,85.0034075522851,49.4713627831392,12.0069509099953,
ARB,Arab World,2011,4.65946283874801,56.052080900428,1.31500857193351,6054.00045574247,34.8397862872227,372054934.0,87.8596765429878,53.4226998232477,12.3038189569919,
ARB,Arab World,2012,4.44428218260031,56.7609778940107,1.54790314827243,6235.42337538268,34.3721386886686,381030177.0,89.3842168625069,54.223161187866,4.66181078103054,
ARB,Arab World,2013,4.48323739439238,57.5747135596837,1.24804220740419,6234.27485821589,31.7357189389737,390954281.0,88.444009575381,52.0159586969639,1.752124423908,
ARB,Arab World,2014,4.35137245136187,58.0278238886845,0.857481581362446,6247.36371197299,28.3644944961778,400231008.0,86.2419614087605,49.4612326701075,1.08243261959311,
ARB,Arab World,2015,4.21496941236506,58.351712270484,0.847058015135024,6299.87807685552,17.1008526958972,410190679.0,81.4958468431887,40.4328484740419,-2.11493492392434,
ARB,Arab World,2016,4.29077756155343,58.5622937950483,1.90024622073676,6375.45441645456,14.4988143646937,419808341.0,75.8691580956355,38.1730908465782,0.896763976943191,
ARB,Arab World,2017,4.3581617981618,58.6808941601595,1.20577651808232,6332.00881888743,18.2462992035735,428315886.0,79.3120733083958,40.7976358186021,4.81838081736047,
ARB,Arab World,2018,4.50425823426351,58.7847025324078,1.51644764467473,6386.55005729143,23.1263479064163,435998060.0,79.7757157396393,44.5410503481328,6.86615222223973,
ARB,Arab World,2019,4.70633158020559,58.8962879377102,1.21806767348076,6377.12720480427,20.4156129126526,444281315.0,78.9788655191864,42.4549800285713,2.36623106515972,
ARB,Arab World,2020,5.17060073389405,59.0899689866908,1.28144912113878,5914.3140803644,13.6027286806591,453723239.0,74.6177547295619,36.2470425837081,0.361568755074615,
ARB,Arab World,2021,,59.112484714184,2.25423129793072,6083.57198947026,20.3694351969748,460646603.0,79.4427227325945,42.9076742028289,12.6339514297121,
ARB,Arab World,2022,,59.3339325148117,2.0753601968333,6361.38084442534,,471352066.0,86.5555785491757,48.8829967070435,12.5905319290861,
ARB,Arab World,2023,,59.569940800309,2.45858724905335,6322.02558331114,,482105978.0,87.0390451286186,44.7126704900598,1.99217504255009,
ARB,Arab World,2024,,59.8198752449274,3.64362660121716,6311.25329101256,,492612632.0,65.3540912329816,42.9517471480629,4.16750069443527,
ARB,Arab World,2025,,60.0362191816888,2.49152728062213,6403.69503357038,,503356133.0,,40.8092534114141,2.70477224402343,
ARE,United Arab Emirates,2010,0.1,83.3714299144178,2.85854098227163,42328.84668186,23.7768704858008,6869838.0,135.485740301669,50.2592508031343,19.4576082350439,0.8134966
ARE,United Arab Emirates,2011,0.1,83.5695007795347,1.93886244385384,43687.7919424546,29.7789568323524,7104538.0,144.176829734392,55.7509521893027,12.3038189569919,0.8143482
ARE,United Arab Emirates,2012,0.1,83.7643244751488,2.43554180804761,43958.5779670713,28.2144669709365,7391448.0,156.637656972961,55.3564356841858,1.71870142746712,0.8029803
ARE,United Arab Emirates,2013,0.1,83.9558135814626,2.3838227555723,44312.6320463505,27.3813114030779,7693031.0,157.398122639247,52.9894306306823,-0.601859679906511,0.7738837
ARE,United Arab Emirates,2014,0.1,84.1438806787019,2.60546090290076,44257.6652085451,23.9739257701595,8059440.0,159.515630313713,50.7402385283328,-0.857347446047513,0.8984847
ARE,United Arab Emirates,2015,0.1,84.3284383471193,2.23861341413826,44910.3458860776,14.0468089597238,8505237.0,164.286142899252,42.1587350173898,-16.0597980539113,0.8382509
ARE,United Arab Emirates,2016,0.1,84.5093991669984,2.51620120421066,45168.4955973912,11.8055195768229,8935095.0,165.394966240337,39.8749869565396,-5.41833849882184,0.6925969
ARE,United Arab Emirates,2017,0.2,84.686675718659,2.5669608321193,43293.0202360765,14.3278424370326,9223225.0,165.476523652994,41.4122326585365,6.80476909706682,0.7192871
ARE,United Arab Emirates,2018,0.3,84.8601805824625,2.35729206588897,43377.802601486,18.1866824883602,9346701.0,154.747042166299,45.7440553690851,7.56762608058783,0.8336611
ARE,United Arab Emirates,2019,0.7,85.0298263388195,4.11928554446951,43468.4534705013,16.8958990035406,9445785.0,163.822149025614,43.4669519380736,-2.74219181676689,0.8295526
ARE,United Arab Emirates,2020,0.9,85.1955255681984,5.56735667729859,39878.4663896389,11.9722335248016,9401038.0,181.291940227998,40.3215993754054,-9.85387330858988,0.826942
ARE,United Arab Emirates,2021,1.0,85.3571908511355,4.89230595097426,40935.8915482084,17.634095847399,9575152.0,182.909401076776,45.3811258793331,13.1268525834757,0.839581
ARE,United Arab Emirates,2022,,85.5147347682487,4.44591398367961,41828.5686923546,,10074977.0,185.741660631894,49.3332871882473,12.5978571520875,0.883216
ARE,United Arab Emirates,2023,,85.6680699002526,5.87183983564899,41926.5773498407,,10483751.0,199.044950127107,45.4007042021104,-2.02049184324265,0.7829523
ARE,United Arab Emirates,2024,,85.8171088279791,8.26261604873876,41605.4138706908,,10986400.0,,44.3292712081948,1.62664333887908,0.7886704
ARE,United Arab Emirates,2025,,85.9617641324017,,,,11513149.0,,,,
ARG,Argentina,2010,8.8,90.9930051940977,2.67516171886535,13387.1553748458,3.25709519384359,41288694.0,34.9710132635696,25.2587762576722,20.915124272047,-0.0975562
ARG,Argentina,2011,8.8,91.1072286738406,2.04465997872008,14040.6189124444,3.88650404225898,41730660.0,35.2061549999644,25.2126976058843,23.7034721839593,0.1203533
ARG,Argentina,2012,8.6,91.2041217246797,2.80667189982932,13754.4254235596,3.62564790864033,42161721.0,30.5265423717108,24.4290570649122,22.3148806733049,0.0804879
ARG,Argentina,2013,8.9,91.3014507719473,1.77920553648531,13946.0950832252,3.15558730477948,42582455.0,29.3339290021037,24.0058814423072,23.9487984162746,0.0324742
ARG,Argentina,2014,9.8,91.3975345472954,0.962406650325519,13456.1319159151,2.96561619466374,43024071.0,28.4067936452275,24.2773944936602,40.2829716315506,-0.0132091
ARG,Argentina,2015,9.4,91.4923019108628,1.97713461784426,13679.6264980954,1.11677493458146,43477012.0,22.4862260889792,23.153056135905,26.5799916024707,-0.0308863
ARG,Argentina,2016,9.4,91.5856817228217,0.584748941173009,13265.8860639123,0.929681521135013,43900313.0,26.0938878488799,22.0541072112108,41.1193799882279,0.1932708
ARG,Argentina,2017,10.4,91.6776028433824,1.78936504083806,13520.1129846159,1.02056616793198,44288894.0,25.2896011376779,21.782123219335,26.0063792819079,0.2394066
ARG,Argentina,2018,10.5,91.7679941327998,2.23253157689253,13058.3285449954,2.0371251352841,44654882.0,30.7625359549926,23.7195923321304,42.0336689575031,0.1204378
ARG,Argentina,2019,10.7,91.8567844513802,1.48500687570697,12706.3978108968,2.16668838721926,44973465.0,32.6306150458499,23.1578477391434,49.1955790596612,0.0571577
ARG,Argentina,2020,9.8,91.9439026594897,1.26616924308721,11393.0505957877,1.42962432529499,45191965.0,30.203698807416,22.4088763711802,40.0830878011993,0.0552501
ARG,Argentina,2021,9.2,92.0292776175651,1.36838083162438,12549.2811699342,2.65308888983975,45312281.0,33.078689567466,23.4994644263761,53.8020877665554,0.0921998
ARG,Argentina,2022,,92.112838186126,2.3984601182853,13276.8232110189,,45407904.0,31.5801792606256,24.1118636272911,68.9938267692314,0.0576438
ARG,Argentina,2023,,92.1945132257907,3.81190879856952,12993.0928872416,,45538401.0,26.6769512482215,25.1722105252735,136.742358437599,-0.0207671
ARG,Argentina,2024,,92.2742315972952,1.82409522925391,12774.3506596628,,45696159.0,27.929760849367,23.9965975604249,207.605241734472,-0.169745999999999
ARG,Argentina,2025,,92.3519221615173,0.458822968080686,13287.1159527489,,45851378.0,30.364633685192,22.8739891871732,39.0888939191528,
ARM,Armenia,2010,9.4,64.3304164043132,5.7160373406455,2796.08143428043,2.65466288053785,3044800.0,64.642975973633,,7.76871548067652,0.0171223
ARM,Armenia,2011,8.0,64.3207449145194,6.44066805582743,2943.83687119315,2.92345860143158,3027900.0,69.4355736620453,,4.28154999826118,-0.142543
ARM,Armenia,2012,6.6,64.3268379506998,4.67672759828402,3159.75860786889,1.49013408946162,3024100.0,75.9616759606704,27.8270946139077,5.34580441814725,0.0562514
ARM,Armenia,2013,6.8,64.3584061131466,3.11193185351156,3266.29882999873,1.09715390175807,3022000.0,77.5550481598824,26.7090481417071,3.36682464224465,-0.0281785
ARM,Armenia,2014,7.1,64.4142934233291,3.50211415457343,3393.09252326884,0.306948916876512,3013800.0,75.778866962639,25.2705329463993,2.30918242990974,-0.2358315
ARM,Armenia,2015,10.7,64.4929623431549,1.74473701796819,3512.39350276709,0.760031512473456,3004600.0,71.6820743427575,25.7086994351611,1.21390990471085,-0.139264399999999
ARM,Armenia,2016,13.2,64.5928753345316,3.16536727816995,3533.88503607007,0.22181770783942,2992300.0,76.0779674593548,25.5771330395605,0.268575076501392,-0.3896011
ARM,Armenia,2017,12.6,64.7124948593667,2.19257337687685,3815.3747426037,0.245815847777951,2979400.0,87.202376539837,25.8095323791656,2.15064189848613,-0.3015882
ARM,Armenia,2018,11.1,64.8502833795679,2.14204783415544,4027.83393010979,1.09866113638474,2969000.0,92.473107021212,24.7565578476257,2.78770951425761,-0.00389009999999999
ARM,Armenia,2019,10.3,65.0047033570428,0.736345856475298,4343.45839583019,2.20100166948291,2962500.0,97.847004865327,24.9716084573435,1.06562263923419,0.0683699
ARM,Armenia,2020,8.4,65.174217253699,0.463408850763634,4032.09043454955,2.42190551071811,2961500.0,70.1213571368789,26.8172956979296,1.80659270159933,-0.2935835
ARM,Armenia,2021,9.1,65.3572875314441,2.64014282794454,4264.79961505187,7.05429982361028,2962300.0,79.2489057647112,26.3643404113901,6.90051365787157,-0.5019
ARM,Armenia,2022,,65.5624462874485,4.99991586140552,4791.00481712183,,2969200.0,103.878629213508,25.4370966437794,7.98587852828175,-0.3556235
ARM,Armenia,2023,,65.6956882008852,2.39959276465582,5197.23509013575,,2964300.0,123.418750077627,22.8800961616671,3.10027629995311,-0.5022441
ARM,Armenia,2024,,65.8113671449901,0.506878336560983,5378.31799981682,,3033500.0,150.064726588742,22.8570663651858,1.40106081544975,-0.723297299999999
ARM,Armenia,2025,,65.9287015589872,2.06928849014455,5666.18616756416,,3086700.0,101.705936395702,23.0669528886689,3.57056205349267,
ASM,American Samoa,2010,0.0,86.3190673549669,,12446.3086265015,0.0,55228.0,157.940663176265,,-15.3648895532304,0.9942908
ASM,American Samoa,2011,0.0,86.0284991724475,,12521.8095058644,0.0,54895.0,157.543859649123,,-0.52356020942409,0.9847551
ASM,American Samoa,2012,0.1,85.7161174344451,,12068.2667374983,0.0,54489.0,176.40625,,17.3684210526316,0.9837485
ASM,American Samoa,2013,0.2,85.3846465194761,,11871.7937192729,0.0,54006.0,173.824451410658,,2.24358974358974,0.9806728
ASM,American Samoa,2014,0.2,85.0351448001542,,12203.0894714284,0.0,53466.0,174.805598755832,,-0.962160294226521,1.2631079
ASM,American Samoa,2015,0.2,84.668670649093,,12727.4102651386,0.0,52878.0,162.407132243685,,1.4697327650683,1.2607488
ASM,American Samoa,2016,0.2,84.2862824389061,,12665.2829921268,0.0,52245.0,159.165424739195,,1.40582171236608,1.2548748
ASM,American Samoa,2017,0.3,83.8890385422071,,11930.7771236826,0.0,51586.0,161.437908496732,,-1.94089005769675,1.2555945
ASM,American Samoa,2018,0.3,83.4779973316097,,12412.6024074562,0.0,50908.0,171.830985915493,,1.69536107125778,1.2606571
ASM,American Samoa,2019,0.4,83.0542171797274,,12524.0160252283,0.0,50209.0,156.568778979907,,1.74828930007058,1.2471192
ASM,American Samoa,2020,0.4,82.6240780620716,,13194.274740128,0.0,49761.0,154.368932038835,,6.72878072142282,1.2465402
ASM,American Samoa,2021,0.4,82.2127091544092,,13233.5784817341,0.0,49225.0,136.8,,4.8425556863277,1.2442687
ASM,American Samoa,2022,0.4,81.794797704649,,13709.0974895473,,48342.0,124.684270952928,,14.1527648578811,1.2481785
ASM,American Samoa,2023,,81.3721542708222,,,,47521.0,,,,1.2488142
ASM,American Samoa,2024,,80.9446986961818,,,,46765.0,,,,1.2530285
ASM,American Samoa,2025,,80.5123508239818,,,,46029.0,,,,
ATG,Antigua and Barbuda,2010,0.0,26.0170447850587,7.21860114712015,16135.397384487,0.0,85320.0,,14.8379422285868,1.60741690564493,0.9357643
ATG,Antigua and Barbuda,2011,0.1,25.694689859722,5.4088284644018,15633.9091131821,0.0,86332.0,,13.2274797388855,1.13459175890502,0.9304755
ATG,Antigua and Barbuda,2012,0.1,25.4555618588267,9.14709758740785,15989.3900199779,0.0,87260.0,,13.0746288099393,2.55082056964062,0.9299172
ATG,Antigua and Barbuda,2013,0.1,25.2475667667937,7.00759321793992,15748.1952024226,0.0,88064.0,,14.7598104413721,-2.28757187039086,0.9282114
ATG,Antigua and Barbuda,2014,0.1,25.0899726107741,3.35554163274444,15967.284996712,0.0,88765.0,141.546161057996,15.3667820905787,1.77707213641139,0.93921
ATG,Antigua and Barbuda,2015,0.4,25.0,7.93223201859466,16077.6340769406,0.0,89409.0,130.071549851721,15.9280224466081,2.80180153658335,0.9161633
ATG,Antigua and Barbuda,2016,0.4,24.9239807471655,6.54079848427652,16635.895232831,0.0,89969.0,132.025917905085,17.7641082763748,-0.475117518871471,0.7403626
ATG,Antigua and Barbuda,2017,0.4,24.8500263836871,9.85575663347108,16992.9327495236,0.0,90468.0,127.664323582144,18.8045201502856,0.31653179289151,0.614623
ATG,Antigua and Barbuda,2018,0.7,24.7781432093764,12.1775193572219,18042.1596435727,0.0,90926.0,130.655152659419,20.6520988023085,1.44421842084309,0.7900001
ATG,Antigua and Barbuda,2019,0.7,24.708337524045,7.75630247071163,18525.2588907167,0.0,91364.0,137.537783631991,21.0807459545502,0.712335041612306,0.9169085
ATG,Antigua and Barbuda,2020,0.9,24.6406156275043,6.82766026835143,14950.8942397208,0.0,91846.0,94.289529886499,21.1209995224877,0.781653570303064,0.9164728
ATG,Antigua and Barbuda,2021,0.9,24.574983819566,17.8854599675431,16084.7214406048,0.0,92349.0,101.074960584779,20.4832005622159,4.91927458082348,0.9147636
ATG,Antigua and Barbuda,2022,0.9,24.5114484000414,16.4666294790206,17359.2674811108,,92840.0,118.302584056113,19.7582470618502,6.83691046230426,1.0787211
ATG,Antigua and Barbuda,2023,,24.4500156687422,14.2656909589871,17938.3186828047,,93316.0,,19.2141808779566,6.49046469953581,1.0791994
ATG,Antigua and Barbuda,2024,,24.3906919254799,11.3643950130087,18304.5836762037,,93772.0,,17.2052569287081,2.66285878537451,1.0731489
ATG,Antigua and Barbuda,2025,,24.3334834700661,12.05860582627,19130.3022925054,,94209.0,,18.1718101797365,2.98416170074209,
AUS,Australia,2010,8.2,86.2198600512143,3.08482804330762,53768.349733441,8.06660025617252,22031750.0,40.3905070860606,25.108230070574,1.16518778810975,1.0028093
AUS,Australia,2011,8.3,86.3268946146423,4.67434620832808,54296.2321324814,8.72352035944917,22340024.0,41.7219860149689,26.461435749675,6.19890348463792,0.9549761
AUS,Australia,2012,8.3,86.4451259136625,3.70774989384992,55465.4462872577,5.29813880381044,22733465.0,43.0198495527558,26.3333149596521,1.79728622285839,0.9876022
AUS,Australia,2013,9.2,86.5740515760243,3.43950309398958,55966.1509270561,5.32011574075874,23128129.0,41.100511881056,25.1836151421438,-0.13127264372919,0.9563371
AUS,Australia,2014,9.3,86.7221289343356,4.28599049307814,56571.8062524437,4.76093943711509,23475686.0,42.2993095385282,25.5698594984676,1.41703057182264,1.0196126
AUS,Australia,2015,9.4,86.8778642539361,3.456117831131,56970.3613028094,3.23765474517452,23815995.0,41.4947506939901,23.6861098353126,-0.627407934606055,0.8032474
AUS,Australia,2016,9.6,87.0166295249235,3.54660341826144,57632.9995925594,4.08098789525561,24190907.0,40.813402217321,22.3130168026382,-0.673417495929741,0.9540785
AUS,Australia,2017,9.9,87.12809266445,3.62158795648508,57991.771347333,5.06804774011339,24592588.0,42.0354135251854,23.4479311698975,3.64623358006087,0.7831479
AUS,Australia,2018,9.8,87.2267680845925,4.23450805251819,58772.7063152213,5.22752063881788,24963258.0,43.5732253645218,24.1083351497002,1.84617555303311,0.8840942
AUS,Australia,2019,10.3,87.3019647888406,2.77077560426989,59181.2997904131,5.74886126457436,25334826.0,46.0016827052171,25.2555129054284,3.47660031414854,0.8454141
AUS,Australia,2020,11.2,87.2713470458985,1.34826011276187,58377.7670517802,6.09315865556076,25649248.0,44.499564103879,25.402839408227,1.86583412216189,0.8859397
AUS,Australia,2021,12.3,87.2353407632761,2.01542405903096,59465.535671364,13.3578752832739,25685412.0,40.2022359390595,25.4357795203592,3.06066984761631,0.8536507
AUS,Australia,2022,,87.3343268253813,4.05215286724898,61200.4588964781,,26018721.0,45.6946418805752,27.4019620848457,7.1995443407201,0.9015353
AUS,Australia,2023,,87.4866955653765,2.03614704389564,61869.082498576,,26659922.0,49.044339318428,27.5167800860919,6.45944110641071,0.9254365
AUS,Australia,2024,,87.6021469990446,3.05761029844929,61486.38147544,,27194286.0,47.1453811065195,25.5307319894404,2.58838430384326,0.7932693
AUS,Australia,2025,,87.7192672666333,2.030634840302,61368.6075579929,,27614411.0,45.9014493880126,23.8863117272788,2.30765889016192,
AUT,Austria,2010,31.1,67.1047429254747,-5.64539670207833,43035.4073531933,0.216291377827594,8363404.0,99.6448825546716,26.0396419655738,0.891338694909649,1.2601717
AUT,Austria,2011,31.6,67.1484255415056,5.35812778038962,44146.1956805294,0.244690493569111,8391643.0,105.775098372378,25.8570853999006,1.81993743804168,1.2207577
AUT,Austria,2012,34.4,67.2085909812279,1.2830027920872,44221.4599530893,0.238508218256069,8429991.0,105.840791389706,26.009804939464,2.09166476490424,1.3019271
AUT,Austria,2013,34.6,67.2981308784247,-0.302633479129545,43851.3675497404,0.218675365631407,8479823.0,104.985374015367,25.9697730865151,1.70872288191161,1.287147
AUT,Austria,2014,35.7,67.4154327591781,0.389557041234778,43838.8345892137,0.191846540562628,8546356.0,104.49673998926,25.7857017006482,2.00674413208939,1.3377971
AUT,Austria,2015,34.8,67.5576175537383,-1.80409511056007,43915.228020857,0.134711076032329,8642699.0,103.11758174626,25.5152402246539,2.29263470154871,1.1389655
AUT,Austria,2016,34.6,67.7218061923556,-7.23989904197038,44362.6702805116,0.111042441021613,8736668.0,101.573494597172,25.9124691845374,1.81475082333313,0.8951862
AUT,Austria,2017,34.0,67.9051196052802,3.38180275607348,45056.6385912412,0.121957004315667,8797566.0,105.556066755438,25.8023213025638,0.975317906732371,0.9266955
AUT,Austria,2018,34.1,68.1046787227623,-6.15119207172195,45951.5819164034,0.140755073164382,8840521.0,108.377969971828,25.7190926354333,1.81047996133594,0.8440814
AUT,Austria,2019,34.0,68.3176044750522,-2.85255617561831,46550.5622459492,0.110022913288221,8879920.0,108.207284904426,25.5363771006496,1.47368502823586,0.7878108
AUT,Austria,2020,35.8,68.5410177924001,-2.76332070661681,43428.6983137234,0.07085049948111,8916864.0,99.9482141095975,25.6544867826211,2.59313253599376,0.8186312
AUT,Austria,2021,36.0,68.773601700253,3.95409878611296,45368.6434337368,0.117855774382781,8955797.0,111.032932124165,25.7253456572227,1.80187299270295,0.7543747
AUT,Austria,2022,,68.998085127906,3.0221599256451,47332.4240357971,,9041851.0,123.579578652902,25.8444683875386,5.02343156333271,0.6005165
AUT,Austria,2023,,69.2265358276021,0.566112370322707,46497.9114640341,,9131761.0,115.152914822732,26.0904948643547,7.1747129124039,0.7016405
AUT,Austria,2024,,69.4658181096788,2.55351579610657,45958.8250071261,,9177982.0,108.825777834405,24.5834201904085,4.08681239792917,0.4915979
AUT,Austria,2025,,69.7152152366353,-2.01581463662181,46090.2514170459,,9208163.0,107.01983926573,23.9828232819247,3.15472771366517,
AZE,Azerbaijan,2010,4.4,53.2848367714869,6.337255132933,5300.11048729062,27.8844974121657,9054332.0,74.9859884610856,59.9948192629224,13.8276658365282,-0.3145012
AZE,Azerbaijan,2011,3.5,53.5085461893249,6.80050011965746,5149.20665913206,32.878647863762,9173082.0,80.5080450059522,61.7339963903076,24.6069496884519,-0.6570897
AZE,Azerbaijan,2012,2.8,53.8076442276208,7.59651867931835,5193.17501119552,29.0119697503912,9295784.0,78.263069540422,59.5173508549842,2.84498268342621,-0.683856599999999
AZE,Azerbaijan,2013,2.5,54.1821087431318,3.53211598676051,5425.99559780578,25.5323883349298,9416801.0,74.6758447629851,57.0544154549517,0.413163922120958,-0.483763999999999
AZE,Azerbaijan,2014,2.1,54.6319175926151,5.88846176710651,5508.60265612676,22.5181229967843,9535079.0,69.4832251953347,53.5868546669355,-1.33020421239041,-0.433564
AZE,Azerbaijan,2015,2.3,55.1570486328276,7.62606837682972,5500.50364628486,14.4439997922585,9649341.0,72.6015079073189,44.8913203383597,-8.80961556609952,-0.4941808
AZE,Azerbaijan,2016,1.9,55.7574797205266,11.8828171505465,5272.71817141861,14.7854023448198,9757812.0,90.0773187345677,47.5578070076723,14.6283389647903,-0.5043466
AZE,Azerbaijan,2017,1.9,56.4331887124691,7.01669598350389,5229.25259993413,19.6746501247433,9854033.0,90.4023156823216,49.7017251037138,16.226204549171,-0.455635299999999
AZE,Azerbaijan,2018,1.9,57.1841534654123,2.97797589143235,5261.92938234432,27.6209320144449,9939771.0,91.6725765369825,52.2509114518304,12.1844330031831,-0.3567438
AZE,Azerbaijan,2019,1.7,58.1308191977779,3.12183056112494,5346.95318604114,23.4349054129318,10024283.0,85.8181454084561,48.8232665251868,-0.221652784964604,-0.3373117
AZE,Azerbaijan,2020,1.3,58.2934691761937,1.18790387182911,5087.50022783627,13.0027347945894,10093121.0,72.0178676487811,41.9563201571824,-7.49363345867255,-0.5087721
AZE,Azerbaijan,2021,1.3,58.3659969744818,-3.11473447263613,5349.58226071425,29.9383945565987,10137750.0,76.286865687015,48.8181736249399,21.5888365787351,-0.4888287
AZE,Azerbaijan,2022,,58.4382815854684,-5.67773710614177,5599.58524971025,,10141756.0,86.9822732541779,56.1467373576856,37.2707211293747,-0.542048099999999
AZE,Azerbaijan,2023,,58.5075350483702,0.349083720733803,5668.61021317029,,10153958.0,83.5358861156321,45.8408458162374,-9.32261504785629,-0.4004143
AZE,Azerbaijan,2024,,58.573795837717,0.310746244591944,5876.03295533913,,10202830.0,82.5675246316515,42.4573322731936,-1.34423961292765,-0.1404058
AZE,Azerbaijan,2025,,58.6371024281175,0.492755588950687,5935.53323632509,,10246996.0,79.8295815452306,39.5149271073791,0.572911593494212,
BDI,Burundi,2010,93.2,10.9843097335487,0.0384119130803941,253.308577749924,23.8533757417192,9376444.0,,15.3861562777509,8.95751467638721,-1.6874837
BDI,Burundi,2011,92.1,11.5616652230006,0.150057243665302,254.242110648215,24.9891589486881,9717978.0,,14.8097338415988,8.3723788158744,-1.84318419999999
BDI,Burundi,2012,91.7,12.2244596804615,0.0259911934949934,256.180393931874,17.5501999315408,10071028.0,,15.791005307553,14.0294146140309,-1.9079102
BDI,Burundi,2013,90.8,12.9670962745892,4.7612156740524,259.311117203355,17.7328553188701,10439341.0,,15.5846860549996,8.22964264584481,-1.67571539999999
BDI,Burundi,2014,91.3,13.7839781740413,3.38973967159169,261.296721752002,17.4547483367972,10799785.0,,15.4515364871187,5.30226734051318,-1.06174299999999
BDI,Burundi,2015,91.2,14.6695085474754,0.264702987630016,254.402585226788,15.5344531520944,11047580.0,,15.4180338407269,5.99154257354965,-2.03645089999999
BDI,Burundi,2016,89.6,15.6180905635494,0.00210472726474441,258.061970804063,19.1016499815056,11239451.0,,16.9063592990669,6.33813181947818,-2.106715
BDI,Burundi,2017,88.2,16.6241273909209,2.30701019619549,261.725839287239,18.5076749744059,11506762.0,,16.9790944347346,13.2721096528668,-2.0904201
BDI,Burundi,2018,85.7,17.6820221982475,0.228727114717487,267.508692172687,13.4317629933204,11859446.0,,17.9191253800086,-1.53825722983987,-1.62367939999999
BDI,Burundi,2019,84.8,18.786178154187,1.05451097508345,270.411005710809,13.1274376353104,12255336.0,,17.5450876204546,0.293494889306075,-1.66929629999999
BDI,Burundi,2020,83.4,19.9309984273971,0.66481142584294,263.463876362597,13.8475521568267,12617036.0,,15.0960001503387,14.4320666058373,-1.49526809999999
BDI,Burundi,2021,83.1,21.1108861865354,0.652577753652764,264.682651658422,13.9570339894077,12965481.0,,16.1379436540909,11.1309790626874,-1.37835589999999
BDI,Burundi,2022,83.0,22.3202446002597,0.627981649090288,263.587550049119,,13321097.0,,16.0748131612992,14.9591687062584,-1.28089529999999
BDI,Burundi,2023,,23.5534768372276,0.9942604776831,264.84330794512,,13689450.0,,17.3685971500712,19.0522015163812,-1.2840156
BDI,Burundi,2024,,24.8302838651025,1.0970222856868,268.700857389911,,14047786.0,,17.2629747721706,18.5946790364748,-1.3763566
BDI,Burundi,2025,,25.6870184681663,1.04365754120843,273.432977612477,,14390003.0,,18.2285099793341,18.224682752781,
BEL,Belgium,2010,6.2,84.9719309583717,26.0596407490286,39991.5646206286,0.046971721948549,10895586.0,150.162563621427,20.6595926026257,1.70310444520605,0.9164492
BEL,Belgium,2011,6.7,85.2349607044689,31.0366884311298,40236.9596308558,0.0658456068279226,11038264.0,160.765516888126,20.7514599517248,2.29252172328242,0.9302398
BEL,Belgium,2012,7.7,85.4915403816388,2.36956900950954,40074.492800399,0.0633726115847057,11106932.0,160.383301425059,19.9956487544689,2.20573642403188,0.9449853
BEL,Belgium,2013,8.3,85.7415410247275,-5.65561784857252,40007.8997891411,0.0591221259863187,11159407.0,157.573622782434,19.9151935690442,1.41248965471736,0.9488863
BEL,Belgium,2014,9.1,85.9848336685807,-2.82643623555084,40533.9135027898,0.0681065559752469,11209057.0,158.571610953523,19.6190570732838,0.840395740063599,0.786586
BEL,Belgium,2015,9.4,86.2212893480444,-4.23261410354123,40893.804537772,0.0352518039794327,11274196.0,155.068682045926,19.4767746872729,1.12183851916816,0.6581707
BEL,Belgium,2016,9.2,86.4507790979645,12.1319420227113,41172.8862831209,0.0303780062977737,11331422.0,159.057696611945,19.0981057822176,1.89528913569444,0.4864269
BEL,Belgium,2017,9.7,86.6731739531869,-7.4442379017663,41619.328629169,0.0371502006793434,11375158.0,166.904078237791,19.1545604130921,1.98316343604859,0.3647602
BEL,Belgium,2018,10.7,86.8883449485575,-7.66649538713467,42208.3625650272,0.0484487814693338,11427054.0,168.277692877218,18.9641251486969,1.71728236623039,0.4247021
BEL,Belgium,2019,10.2,87.0961631189222,-1.97252997818915,43006.4042308863,0.0422427798272169,11488980.0,165.46547893199,19.2417105698694,1.85424076568934,0.3774033
BEL,Belgium,2020,12.3,87.2964994991269,-5.69020542304612,40769.0218072962,0.0284876381171316,11538604.0,156.950121282783,19.0811705163268,1.59611667576401,0.3686413
BEL,Belgium,2021,11.7,87.4305564090635,5.6774240968721,43140.9676652971,0.0448914290094104,11586195.0,177.381912201075,17.9965228539946,2.69731875410955,0.461917
BEL,Belgium,2022,,87.489200269855,2.22097062697703,44516.002160801,,11680210.0,191.053418131592,19.9890435484233,6.69902524819976,0.2465264
BEL,Belgium,2023,,87.551492636772,-0.652733821591808,44828.2274521244,,11779946.0,165.987440736442,19.4830082750909,5.50779389634111,0.1994126
BEL,Belgium,2024,,87.6126557010527,-6.1637514992582,45019.6989654607,,11858610.0,159.023481148927,18.7466235252195,1.88024411217241,0.1214526
BEL,Belgium,2025,,87.6726083114649,-3.96835875820548,45145.6641673237,,11941781.0,152.917788719365,18.6075316273615,2.55691476232489,
BEN,Benin,2010,47.2,42.8916891239353,0.561144747750256,928.246655329144,3.42232994008176,9797484.0,51.4308599492924,18.0090531395068,0.880885670477909,0.3130091
BEN,Benin,2011,48.7,43.4616136137276,1.50844050539908,927.716412836707,3.47893234434337,10093623.0,47.2170288118403,18.1374491115974,3.73308304042652,0.3444706
BEN,Benin,2012,50.3,44.0475065829838,2.52705777310103,943.918771531001,3.92162835813785,10397657.0,50.7367367791134,16.9566846878966,7.69890807691425,0.3524209
BEN,Benin,2013,52.0,44.6502883669319,2.87863747120321,982.399206290516,3.56116585676154,10708834.0,59.2001918331875,17.2437092893088,1.39729839455183,0.3313874
BEN,Benin,2014,51.0,45.2880529235999,3.054209933397,1014.4330062135,3.70461552370497,11030004.0,65.2682749404551,16.4115774866134,-0.247782653882282,0.1371161
BEN,Benin,2015,49.9,45.9407403257663,1.31501182124746,1002.41886879614,4.30030313599698,11360681.0,56.7563131849476,16.3850954444902,0.85150426118021,0.117506
BEN,Benin,2016,45.4,46.6094559006664,1.11488130998834,1006.03926633023,4.4537224695981,11697842.0,58.9869283378276,15.7020683118185,0.683591111274652,0.2420032
BEN,Benin,2017,45.4,47.2942774880391,1.58170495191393,1032.90471194182,4.09835325309901,12039780.0,61.4765969588474,15.1075858507501,-0.367897725119164,0.3155886
BEN,Benin,2018,44.0,47.9952829275963,1.36073573251591,1071.50452156932,2.60830727598415,12383347.0,61.7951944903448,14.6419567509163,0.670447614217636,0.1649971
BEN,Benin,2019,46.5,48.7125500590248,1.51620780888962,1114.17304526443,2.46799590195586,12726755.0,63.68133231423,16.3125612015902,-0.39755379308734,-0.197976799999999
BEN,Benin,2020,46.2,49.4461567219896,1.10934414138144,1126.65404122154,2.42798483756811,13070169.0,44.8332333768726,16.2905490528658,2.87803228859791,-0.283192699999999
BEN,Benin,2021,54.5,50.1961807561354,1.95608661099463,1176.37727637273,2.30442028320417,13413417.0,48.0548608324409,16.4674003775761,1.61872506665755,-0.4106645
BEN,Benin,2022,,50.9627000010887,2.15770537478617,1218.49668929091,,13759501.0,44.3815928877424,17.017826707817,4.13899447875367,-0.4373008
BEN,Benin,2023,,51.7457922964593,2.25158090881957,1263.62158336368,,14111034.0,44.6631308180211,17.3021977561605,3.38561739537163,-0.3096247
BEN,Benin,2024,,52.5455354818423,2.5276563137227,1324.78312597434,,14462724.0,40.6398022401523,17.3838276050023,1.57105014461685,-0.4030099
BEN,Benin,2025,,53.3620073968188,,1397.75362076916,,14814460.0,37.1169356248994,17.5043194202534,1.55053047705766,
BFA,Burkina Faso,2010,82.1,24.115092498158,0.384492219825665,561.847221302489,11.0860921412972,16176498.0,49.0732385398039,26.0555520336446,3.77961872815705,-0.3146407
BFA,Burkina Faso,2011,81.4,24.4682976845657,1.19074493368624,581.603658737407,13.6361933357251,16661908.0,57.4972531038508,28.3722709055706,6.73800480732596,-0.6837156
BFA,Burkina Faso,2012,79.2,24.8001912059054,2.62145990530181,600.731343697818,12.4016028413011,17172287.0,61.2386079818398,26.8675103794383,5.82399948795916,-0.6478491
BFA,Burkina Faso,2013,78.7,25.106116148748,3.64766773141753,616.741331164082,10.7523406528446,17695409.0,64.0358513024234,24.0957515828697,-2.12917117768745,-0.7949543
BFA,Burkina Faso,2014,78.9,25.3814155996643,2.56255154786841,624.576885187665,10.3109055603822,18229461.0,58.8235624937426,24.9295392471244,-0.620386925840478,-0.699829399999999
BFA,Burkina Faso,2015,78.8,25.621432645225,1.95992715697747,630.124750752312,11.6328502278275,18777487.0,59.0891813101662,24.3613757844362,-2.22395417919314,-0.6795154
BFA,Burkina Faso,2016,77.1,25.821510372001,3.04380349897538,648.420480176012,12.6155172354896,19334856.0,57.8931727994406,24.8815173666488,2.60429919226561,-0.9073878
BFA,Burkina Faso,2017,74.6,25.9769918665632,0.0182370342122821,669.276310328333,12.3099089646115,19894407.0,59.2687802020168,25.1402372200063,1.41629727998107,-0.855665599999999
BFA,Burkina Faso,2018,73.7,26.0832202154822,1.68919942943091,694.492813126351,8.87619594401664,20438288.0,60.5956256236488,25.5894433780973,1.07396688968345,-0.961889999999999
BFA,Burkina Faso,2019,72.7,26.1187254401157,1.0164787373679,717.021595096634,8.32797318460633,20961952.0,60.4086928753226,27.4259133812459,0.51290051556127,-1.19570659999999
BFA,Burkina Faso,2020,73.1,26.3578373628627,-0.557279533533573,713.8421779224,9.17782687692865,21478690.0,60.7397786403239,29.4694767840377,6.46559578788029,-1.4159765
BFA,Burkina Faso,2021,71.2,26.8114307743017,-0.405926078113797,745.472563435144,20.1354014379911,21995243.0,62.4203586607795,28.5306243008568,0.112863112943955,-1.5801637
BFA,Burkina Faso,2022,71.4,27.2791369742712,3.59640793567206,740.306319930259,,22509038.0,67.5202901331655,26.0439614485811,4.64258435284958,-1.82102069999999
BFA,Burkina Faso,2023,,27.7872478365158,0.54430723483886,745.405334618409,,23025776.0,63.1530435873964,25.7574137805107,1.93326680445267,-2.0423169
BFA,Burkina Faso,2024,,28.3352514896662,-0.874048616893636,764.082625588818,,23548781.0,60.492898852298,26.5128276060609,9.72565562090332,-1.9063314
BFA,Burkina Faso,2025,,28.9226360719085,,786.966437457548,,24074580.0,65.0029506969427,30.0632272104397,8.83883581587371,
BGD,Bangladesh,2010,40.3,27.7254372588696,1.06896766308322,943.66422864236,1.41590969915937,152201981.0,37.8028426708321,24.9564767264585,7.14466302810841,-1.4437712
BGD,Bangladesh,2011,38.4,28.1100162712427,0.983399364184761,995.579947155662,1.58942506825245,153591076.0,47.4208498356898,25.0452996007551,7.85945085272492,-1.4544464
BGD,Bangladesh,2012,37.3,28.4787972894576,1.18850391920183,1050.39140404066,1.55456977469424,155070101.0,48.1109227490467,25.3099593902625,8.16457367624635,-1.4690337
BGD,Bangladesh,2013,37.0,28.8407036106763,1.73532012481503,1103.15695907123,1.15168388504547,156532141.0,46.2964027228174,26.3070701636507,7.17495343232414,-1.771799
BGD,Bangladesh,2014,35.4,29.1944442321013,1.46870305074204,1159.40753475981,1.0471807482358,157964929.0,44.5140801968096,26.3110467833576,5.66878852513904,-1.0510112
BGD,Bangladesh,2015,33.1,29.5395099477892,1.4507824552936,1224.38647668165,0.899813880185078,159383179.0,42.0859963070382,26.8313948329541,5.87277704102323,-1.331635
BGD,Bangladesh,2016,30.2,29.8753915517965,0.879528340271998,1299.83091360792,0.716140756665905,160811932.0,31.3341501346142,31.0691513830358,27.8507377248339,-1.3416192
BGD,Bangladesh,2017,28.1,30.2015798381799,0.616341784631384,1373.75363740186,0.710420009979719,162186147.0,29.9997306724343,31.2482919641603,5.04759758203714,-1.3289506
BGD,Bangladesh,2018,27.0,30.5175656009959,0.75354913412869,1462.25050255713,0.649238822939078,163523103.0,32.5146317240884,31.9828135899766,5.80553876704575,-1.02517179999999
BGD,Bangladesh,2019,26.1,30.8228396343012,0.543244141585063,1564.20802445636,0.637717563815013,164913055.0,31.5780544912404,32.8525491977868,3.65813755162172,-0.996755
BGD,Bangladesh,2020,27.2,31.1168927321524,0.407859894856915,1604.6659234742,0.560867699425496,166298024.0,26.271447376215,32.9115650824449,3.84106338588026,-1.01518479999999
BGD,Bangladesh,2021,25.0,31.3992156886061,0.414118154040593,1702.08028414189,0.610069177584654,167658854.0,27.7240047036631,33.3160943869001,4.1211747067957,-1.0535518
BGD,Bangladesh,2022,,31.673734726234,0.347960024540439,1804.3493461776,,169384897.0,33.7799672705735,33.9200804971876,5.04902187883131,-1.0954422
BGD,Bangladesh,2023,,32.1578465036834,0.335721505298968,1885.37733613545,,171466990.0,30.9829714104596,34.5942721606063,6.89712404003441,-1.0359445
BGD,Bangladesh,2024,,32.6783196323307,0.283870773350074,1941.27874360025,,173562364.0,26.7780758040478,34.0971743458877,6.88285460605802,-1.46295089999999
BGD,Bangladesh,2025,,33.2395847043975,0.404544313117544,1984.73292428118,,175686899.0,27.9505840425563,34.0275541755359,6.52441155775195,
BGR,Bulgaria,2010,14.3,71.5149307250977,3.63551033232729,6429.04599233108,1.67975403719023,7395599.0,103.380518426721,23.7541735742531,0.764130914968717,0.3736482
BGR,Bulgaria,2011,13.2,72.6101653885532,3.64711376075685,6605.64616736859,2.14267004784609,7348328.0,117.418101416931,25.0301018138525,6.11282837292184,0.3085567
BGR,Bulgaria,2012,15.6,72.7684860229492,3.29303083433452,6693.76983060797,1.60464880529568,7305888.0,123.97132336227,25.3837682307053,1.11217130423154,0.3911291
BGR,Bulgaria,2013,18.2,72.9632821572019,3.56317557891608,6793.08253592745,1.1076323174832,7160005.0,129.688685003845,23.507482622906,0.0719574385567938,0.1704694
BGR,Bulgaria,2014,17.1,73.0844879150391,1.91577938000482,6941.37319825776,0.784766836474764,7073572.0,130.248372124871,23.4443002330488,1.34078607268415,0.242071
BGR,Bulgaria,2015,17.9,73.1030578613281,4.37552708346678,7269.02586513711,0.6587242316101,6984225.0,126.736652288689,24.0301415453605,2.94773984858946,0.1823906
BGR,Bulgaria,2016,17.7,73.1750030517578,2.759819403762,7586.89174668116,0.526340830586215,6894139.0,122.805519071127,24.4597733742659,3.32355888853566,0.2073039
BGR,Bulgaria,2017,17.1,73.3904571533203,3.39237322223916,7899.11056589871,0.749247066231762,6803468.0,129.634433774038,23.9892938350887,4.81312201964556,0.4061393
BGR,Bulgaria,2018,19.6,73.600212097168,2.73803840992463,8194.79296320014,0.678372706778028,6710798.0,129.166502231244,22.2389608057501,4.23528219652766,0.592909
BGR,Bulgaria,2019,19.3,73.7162322998047,3.24216894514095,8626.5750265742,0.580269555247755,6616726.0,125.260415075086,21.562453845875,5.28264348943156,0.5788167
BGR,Bulgaria,2020,21.1,73.3239898681641,3.97413959442467,8440.51416964556,0.618935967577506,6550696.0,110.423903082333,21.843325499922,4.34990779928985,0.4210468
BGR,Bulgaria,2021,20.4,73.346765618041,2.52871196630769,9161.94541759347,0.917744335906696,6507301.0,121.214091012604,20.7501959907094,6.96609956897447,0.4063981
BGR,Bulgaria,2022,,73.4799164005224,5.24634717472155,9598.35828571579,,6465097.0,138.844872770267,25.3037200863973,15.9184610592695,0.3269733
BGR,Bulgaria,2023,,73.7322671584613,5.05862477510411,9787.76510584614,,6446596.0,119.899505851916,22.7029885584048,7.99709199455781,0.3144686
BGR,Bulgaria,2024,,73.9499356882481,2.69152439380972,10127.4152566236,,6441421.0,110.226317731322,21.1316951784786,7.20423580050331,0.0399268
BGR,Bulgaria,2025,,74.1727501848475,3.7338455582314,10454.1739579477,,6433302.0,102.514263507931,21.2102638766314,7.41318494626326,
BHR,Bahrain,2010,0.0,100.0,0.581105356633959,22224.0736166249,20.4621165633706,1228543.0,115.561486449616,43.9268581860394,12.0069509099953,-0.7371495
BHR,Bahrain,2011,0.0,100.0,2.61026038592024,23288.0449398313,26.9949431372074,1195020.0,167.529641035854,48.2947958378082,9.48596325068939,-1.1775267
BHR,Bahrain,2012,0.0,100.0,4.83265436536461,23894.8804447088,23.5822213574272,1208964.0,178.824020821684,46.3397302766462,2.93394725551211,-1.0354447
BHR,Bahrain,2013,0.0,100.0,11.0211306090707,24271.6278814506,24.5336335455131,1253191.0,184.58950884485,46.6971284608616,0.499828956383851,-1.2920542
BHR,Bahrain,2014,0.0,100.0,4.36728984042946,24135.4991304849,22.4113282575127,1314562.0,168.57585814186,45.3135767644884,-1.44043683471969,-1.0441426
BHR,Bahrain,2015,0.0,100.0,0.199529633421541,23734.0551143019,12.6346752292951,1370322.0,147.916060172904,39.0907990671172,-8.75667340246945,-0.9584379
BHR,Bahrain,2016,0.0,100.0,0.718174283238518,23715.2791328712,9.6486154919148,1423726.0,132.822997902774,38.2033398636175,0.35724777804711,-0.909807199999999
BHR,Bahrain,2017,0.0,100.0,3.83300891199591,23606.8867501313,11.1603274625829,1501116.0,136.429239810394,39.9934662996166,4.61583421430929,-1.0066263
BHR,Bahrain,2018,0.0,100.0,4.18079308703845,24059.7838641562,14.7513564173951,1503091.0,144.075372574535,41.4758871750475,4.21271352571605,-0.8677102
BHR,Bahrain,2019,0.0,100.0,2.32837980010521,24873.6640060134,13.3637839937888,1483756.0,135.417543398211,40.6177669647554,0.164802199458762,-0.603362
BHR,Bahrain,2020,0.0,100.0,2.84973228101032,23586.9309581516,10.7041414154858,1472204.0,135.460985012931,39.1001079781372,-5.8288484641256,-0.5964745
BHR,Bahrain,2021,0.0,100.0,4.3566259787756,24086.7847803428,16.6400337175308,1504365.0,153.799316485108,44.2164324898801,9.20840263580602,-0.5041164
BHR,Bahrain,2022,,100.0,4.20018456310523,25234.40256182,,1524693.0,167.141241152535,46.3896273702963,7.13488879900781,-0.482549599999999
BHR,Bahrain,2023,,100.0,15.6428756083644,25342.6226641572,,1577059.0,157.447854682297,43.4381277604186,-4.28437217979031,-0.5007436
BHR,Bahrain,2024,,100.0,5.72467195311559,25886.2393152311,,1588670.0,157.480869430187,42.1777148976475,-0.672760487023226,-0.2758672
BHR,Bahrain,2025,,100.0,,26591.6651912691,,1600366.0,,41.2104128762928,0.228045002296412,
BHS,"Bahamas, The",2010,1.3,82.4198104431593,8.63699216304667,30657.4319059659,0.015294777644818,367478.0,78.6756024311196,11.4998771761611,-0.392565565624793,0.9175646
BHS,"Bahamas, The",2011,1.4,82.4130347470308,6.61957509346653,30492.6738528071,0.0133672662693222,371729.0,88.3336891598687,12.0451419747876,-0.858605322784499,0.9777309
BHS,"Bahamas, The",2012,1.4,82.3947485339925,4.90812842804373,31553.4919490645,0.0123502671887337,375469.0,84.2515204656543,13.0340285810231,1.85035568558141,0.9992333
BHS,"Bahamas, The",2013,1.4,82.3635791100868,3.64907926264642,30368.2631244189,0.0157205965291449,378953.0,84.5484138879077,12.939963533264,0.593910374696762,0.9869744
BHS,"Bahamas, The",2014,1.4,82.3180931037043,2.25581446274834,30658.5344563722,0.0177506910216208,382298.0,80.5370272284116,13.1841890278389,4.40841904386082,0.8227482
BHS,"Bahamas, The",2015,1.4,82.2568571432361,0.642663417838075,30719.405417469,0.0142629231307782,385346.0,69.6779752652565,11.1534432655268,5.22121540880474,0.7437356
BHS,"Bahamas, The",2016,1.2,82.1784378570728,3.28594665732394,30152.1619246021,0.0174296477466322,388055.0,67.212921580015,13.1841863831865,1.54010313518333,0.7974457
BHS,"Bahamas, The",2017,1.1,82.0814018736052,2.4470958481014,30974.7477261317,0.017196510578808,390485.0,68.334284038596,12.9253067028738,1.34713279397873,0.8186672
BHS,"Bahamas, The",2018,1.1,81.9643158212241,3.83334911094036,31537.2423841956,0.0131261113776456,392717.0,72.1542685971043,12.2620756365452,0.579260699451268,0.7130765
BHS,"Bahamas, The",2019,1.1,81.8257463283204,3.63206527371394,31117.6299132391,0.0121899442192584,394675.0,68.7866234842208,12.9893801310537,4.44708418228876,0.6927555
BHS,"Bahamas, The",2020,1.4,81.6642600232849,4.19368341635396,24791.6704945106,0.0192026251424872,395863.0,53.4207580670063,12.1169136946117,-2.3236661012091,0.7133519
BHS,"Bahamas, The",2021,1.1,81.4784235345083,3.18239411083404,29114.0597726386,0.0147540061086709,396373.0,65.9325413308964,11.850128769627,-1.2201754418756,0.7434332
BHS,"Bahamas, The",2022,1.1,81.3200717047725,3.82040434055862,32186.4575039237,,397538.0,75.9829601059237,9.50434632433366,4.12416966285063,0.8592816
BHS,"Bahamas, The",2023,,81.3213799173676,2.11151935376225,33009.645615121,,399440.0,76.5494751592857,9.77716369922666,6.64011757419027,1.0539708
BHS,"Bahamas, The",2024,,81.3249262966481,1.51932088638775,33968.2032187918,,401283.0,79.2424586933455,9.62558738820676,0.288421376901312,1.0493095
BHS,"Bahamas, The",2025,,81.3309172016028,,,,403033.0,,,,
BIH,Bosnia and Herzegovina,2010,19.6,45.7392153332604,2.58402449142469,3981.20985692032,2.72228942887324,3811472.0,80.9682159626823,22.4540096321725,1.40629600101072,-0.6337606
BIH,Bosnia and Herzegovina,2011,14.2,46.0528777644843,2.52952738058176,4094.25329541877,3.52625270170032,3741798.0,87.8363477136556,22.1932597066813,2.43252743901144,-0.6699284
BIH,Bosnia and Herzegovina,2012,15.3,46.3655655972,2.27539881306156,4139.91732773657,2.2205854902667,3670113.0,88.1451088628529,21.6232008180939,0.795774138749024,-0.590616799999999
BIH,Bosnia and Herzegovina,2013,19.5,46.6954224739896,1.72337931811156,4306.73175072214,1.76161048085692,3610859.0,87.9312380280562,22.3236748683798,-0.224120293699485,-0.4534621
BIH,Bosnia and Herzegovina,2014,23.6,47.130783484831,2.93590253684149,4412.67617817734,1.23632273750299,3564829.0,90.5522780395662,22.1563691753674,1.00033955450786,-0.0605189
BIH,Bosnia and Herzegovina,2015,25.2,47.5711645087011,2.33529310215055,4662.25869219448,1.0186279504412,3518541.0,88.291992587588,21.7264522311122,1.39548812387108,-0.2551002
BIH,Bosnia and Herzegovina,2016,23.0,48.0248845752382,1.82975695066218,4876.53471495633,1.04695668588363,3473003.0,88.2440340022738,22.3443510624615,1.3333075043618,-0.3709896
BIH,Bosnia and Herzegovina,2017,18.5,48.4918401819106,2.77975922538249,5099.81602856447,1.28162139967933,3428682.0,96.6458803566861,23.1210747823113,1.77870637884602,-0.3110983
BIH,Bosnia and Herzegovina,2018,35.4,48.971927825824,2.93781298692857,5360.25201017633,1.05259180342277,3387000.0,98.4320694182631,23.7113564316664,2.79015733966084,-0.2895156
BIH,Bosnia and Herzegovina,2019,36.8,49.4650440037758,2.18661375097898,5583.29721276458,0.800756928062343,3345533.0,94.516125154246,23.2037923257609,2.47296991734278,-0.309193899999999
BIH,Bosnia and Herzegovina,2020,37.7,49.9710852122997,2.38939027026416,5490.75366635139,0.7812488464624,3299349.0,82.5216467994007,23.7775660166922,0.0621485134519162,-0.2690285
BIH,Bosnia and Herzegovina,2021,36.6,50.4899479477034,3.24230818475028,5995.54197590494,0.813398711441269,3244907.0,96.7391144408744,24.7993812228801,4.96295225803046,-0.310701599999999
BIH,Bosnia and Herzegovina,2022,,51.0215287060993,3.78827280691079,6327.16206849174,,3204802.0,110.205283719751,24.6632482599279,11.8088381857197,-0.248056399999999
BIH,Bosnia and Herzegovina,2023,,51.5657239834305,4.0920266922729,6493.32400514463,,3185073.0,99.6330317954442,23.721885700131,7.29122831094762,-0.1999229
BIH,Bosnia and Herzegovina,2024,,52.1224302754935,3.3761353835982,6746.95366547249,,3164253.0,94.7601778509961,22.4415017755464,4.31037453758105,-0.5010614
BIH,Bosnia and Herzegovina,2025,,52.6915440779561,2.19810904099247,6943.58251284534,,3140095.0,95.1215717200063,21.539129801569,3.01361961528796,
BLR,Belarus,2010,7.3,74.5501403808594,2.43465600372626,5616.0941173307,1.2135788388197,9483836.0,115.917972989303,35.3917911979998,11.3403098732787,-0.0852672
BLR,Belarus,2011,7.5,75.0597534179688,6.48031997656593,5941.68999156239,1.6541017837394,9461643.0,157.974255073313,36.0880730361763,70.76129097803,-0.0818477
BLR,Belarus,2012,7.2,75.5281066894531,2.22818019245943,6052.6373706236,1.72782026745452,9446836.0,153.085269313372,36.2806503161792,75.2416667116347,0.00362419999999999
BLR,Belarus,2013,7.0,75.94970703125,2.97388136295762,6115.43288098707,1.43580105606,9443211.0,119.815965235724,35.9037019421087,21.2630002283286,0.0177012
BLR,Belarus,2014,6.7,76.3405227661133,2.36255232890544,6212.91667418659,1.32461564136151,9448515.0,110.651424367582,35.3790497233345,18.1925984572644,0.1349975
BLR,Belarus,2015,6.8,76.6263885498047,2.92676775504253,5967.05595058777,1.16867046065759,9461076.0,115.914826201946,32.6923057673017,16.0224937897335,0.1165415
BLR,Belarus,2016,6.7,76.8458709716797,2.61275643208459,5811.20159182547,1.24276957113325,9469379.0,125.209322899662,30.9584092512823,8.34191706191312,0.2027723
BLR,Belarus,2017,7.3,77.0208206176758,2.33218919527708,5964.89668834561,1.56417583319201,9458989.0,133.367754723012,31.5544850881623,8.62314741010877,0.0265511
BLR,Belarus,2018,7.2,77.2132720947266,2.37627120733619,6165.91320019277,1.98128406238056,9438785.0,139.393736250171,31.2656097096379,12.1392299880648,0.2676565
BLR,Belarus,2019,7.8,77.4550771852757,1.976861708457,6267.73508743505,1.66960534709783,9419758.0,130.850406102184,31.737128716913,8.57698909105054,0.4258145
BLR,Belarus,2020,8.4,77.7890385790408,2.27010267778425,6251.98898968645,1.52063831654103,9379952.0,118.934176146534,31.3515556956682,11.8774650462643,-0.818298499999999
BLR,Belarus,2021,8.2,78.131086803694,1.76640687852003,6457.73053706343,1.86330240223309,9302585.0,136.014167877476,32.144290729821,15.3265737193908,-0.616372399999999
BLR,Belarus,2022,,78.4732787892908,2.17745011943276,6206.61909685419,,9228071.0,120.024207576094,33.0290955450834,14.8848623635367,-0.6168791
BLR,Belarus,2023,,78.8146420666327,2.74854001098901,6497.78450683592,,9178298.0,131.584674884961,31.6950575540559,8.04676215128896,-0.392606499999999
BLR,Belarus,2024,,79.1551015210848,2.20948690351676,6814.34443423546,,9132629.0,128.242832314614,31.1972364832501,12.1668402198719,-0.3773003
BLR,Belarus,2025,,79.4945820380127,1.71482023151392,6938.36335858537,,9085991.0,112.107625821378,31.5825023617454,10.9160720003395,
BLZ,Belize,2010,29.4,45.1914838193558,5.51460930694585,5937.75398343789,4.21853544863999,320245.0,94.8581591507411,18.2141316660534,2.16418782713863,0.0218801
BLZ,Belize,2011,42.2,44.9417819131729,5.20581667105349,5802.24344531492,5.75130266465738,327298.0,106.914960208874,18.8728842204643,4.85845161527571,0.0910169
BLZ,Belize,2012,47.9,44.6903068035216,10.1300443506209,5902.74234696881,3.9491024337509,334414.0,111.166652365429,16.1069144875536,0.697094557768622,0.0905854
BLZ,Belize,2013,38.0,44.4380542363795,4.53263160783493,6013.07879895362,2.7478714589422,341627.0,108.672614067831,15.8082253146258,2.01251040998318,0.0892671
BLZ,Belize,2014,37.4,44.1850161758379,6.5987393918196,6116.49578852783,2.06063048735068,348923.0,107.112517468788,15.8379696182219,1.12730426417622,0.032488
BLZ,Belize,2015,30.3,43.931184585988,2.69569808214426,6154.62264230369,0.832694636763692,356333.0,104.070958799941,14.5536001937718,-0.189695067261511,0.0315234
BLZ,Belize,2016,33.3,43.6765514309211,1.46157075571746,6012.21296983668,0.707884094800211,364705.0,96.4998358304218,15.4437192148553,2.13988044008869,0.02715
BLZ,Belize,2017,37.2,43.4211086747287,1.40473162686238,5767.61921963762,0.740544655771488,373202.0,97.7072571800462,14.090859193834,3.06932498276909,0.0274572
BLZ,Belize,2018,35.5,43.164848281502,5.33885311944147,5707.61059954436,0.796890251194486,380226.0,100.989214362975,13.6672357968858,0.0550845795919201,0.0296183
BLZ,Belize,2019,30.4,42.9077622153323,3.94384011758557,5864.14611827109,0.584709328866043,385829.0,102.441856907677,14.0497462222479,-0.0851439516099362,0.1334022
BLZ,Belize,2020,31.4,42.649842440311,3.72214070775569,5006.48453276935,0.478914006262091,390812.0,81.6431433128545,16.2275288936379,-0.577783025389749,0.6026689
BLZ,Belize,2021,26.6,42.3910809205294,5.16738739330779,5839.40157956017,0.523036536890701,395346.0,98.9824369429997,16.9358309935997,0.538862154868497,0.3568757
BLZ,Belize,2022,30.8,42.1373251262137,4.95003696669658,6262.56088273674,,402733.0,107.840250086037,15.4868343400094,7.28685491123275,0.7353533
BLZ,Belize,2023,,41.9459437504976,0.553310090034322,6165.69414825936,,411106.0,106.400505850771,14.409549271611,6.6945920915479,0.78967
BLZ,Belize,2024,,41.7532107338224,4.01045578413843,6290.49294452749,,417072.0,108.972446521476,14.5714201613306,1.40200536796821,0.7847219
BLZ,Belize,2025,,41.5621435428272,0.0072149017030738,6373.94191324413,,422924.0,,,1.05788703835215,
BMU,Bermuda,2010,0.4,100.0,3.35684080299419,118382.908990645,0.0,63725.0,74.595080341836,6.59753236327659,2.23622200255707,0.959812
BMU,Bermuda,2011,0.4,100.0,-4.08488216132165,113937.835700983,0.0,63733.0,76.2704368073774,5.66742455792625,-1.15125598094265,0.9534886
BMU,Bermuda,2012,0.4,100.0,0.746514450097399,108040.575659203,0.0,63646.0,73.7823030616219,5.11874218822023,6.69820369155734,0.9528211
BMU,Bermuda,2013,1.5,100.0,0.849151218045336,107860.394791964,0.0,63574.0,76.2701066974999,5.29900911819128,1.65727319420499,0.9507816
BMU,Bermuda,2014,0.4,100.0,-0.0534057831746824,103941.982606956,0.0,63529.0,76.5167474588353,5.00463985900816,3.01189087721518,0.8176369
BMU,Bermuda,2015,0.6,100.0,-2.15032691390736,104855.366822135,0.0,63464.0,73.2954985174785,5.12438047943502,2.95202006984243,0.8160725
BMU,Bermuda,2016,1.1,100.0,-1.06108315938513,104190.876720334,0.0,63449.0,72.7499093828891,5.34979364226582,4.37320384221451,0.8121773
BMU,Bermuda,2017,0.6,100.0,-4.03383539732898,107734.608357327,0.0,63578.0,72.3924284503794,5.50930538497597,-0.094833735989738,0.8126545
BMU,Bermuda,2018,0.7,100.0,1.32046326053902,106843.163739391,0.0,63831.0,77.5552703807388,5.7012359712742,1.6111169764896,0.9762284
BMU,Bermuda,2019,0.8,100.0,0.0591344675296509,106709.881238843,0.0,64107.0,77.5601016506443,6.37065036340846,2.41849453612733,0.977236
BMU,Bermuda,2020,0.9,100.0,6.9187294841684,98846.4458079644,0.0,64382.0,70.5898221728952,5.63421651592685,-0.268824160439223,0.9766825
BMU,Bermuda,2021,0.9,100.0,0.681418926611757,103130.365845318,0.0,64648.0,72.9270921395872,5.29942440621358,1.03237589606262,0.974511
BMU,Bermuda,2022,0.9,100.0,0.0758736695647656,109412.251159598,,64749.0,77.9770526954316,5.3314390379671,0.280301699520351,0.9782486
BMU,Bermuda,2023,,100.0,1.75309861795349,114244.681047132,,64698.0,77.6465295570053,4.62362653969376,6.14194850668459,0.9788563
BMU,Bermuda,2024,,100.0,1.2816357911399,116513.536565041,,64636.0,80.2060884448408,4.89594919744948,4.90264646956962,0.9711697
BMU,Bermuda,2025,,100.0,,,,64555.0,,,,
BOL,Bolivia,2010,19.9,66.4075665659133,3.16542867647895,2481.4070083834,9.16161212209317,10182345.0,75.5116262512877,30.1439417460822,8.77750811668805,-0.2159855
BOL,Bolivia,2011,18.1,66.833715633176,3.58442251378885,2568.52051674406,14.001095606139,10348929.0,82.4803954243518,30.3691066361261,14.6023542294594,-0.2956719
BOL,Bolivia,2012,17.4,67.2581444827699,3.9135501461408,2657.2388497837,12.3531411069095,10515807.0,84.9487611684942,29.3342196293346,7.10027548042564,-0.381218399999999
BOL,Bolivia,2013,16.0,67.6697055519889,5.7066221190291,2793.51457124054,11.9598682861297,10682608.0,81.2309075267174,28.5181929044884,5.99538838385708,-0.256508
BOL,Bolivia,2014,15.0,68.037425413,1.98982485629696,2900.90241571477,10.5328802221264,10848888.0,85.2644695625131,27.6254998805738,2.04949774010372,-0.2978539
BOL,Bolivia,2015,14.2,68.3958051297665,1.68072787961335,2996.01289811344,4.11807754841214,11014705.0,67.9328451905248,25.2024162838659,-4.62060226334266,-0.175327899999999
BOL,Bolivia,2016,13.6,68.7446327876947,0.988080149462259,3077.57057582774,2.97275312620724,11180020.0,56.4010345026573,25.3263589797711,-1.35487058636205,-0.2594315
BOL,Bolivia,2017,14.3,69.0838016274736,1.55130384811576,3160.16421247588,5.01456692473101,11344587.0,45.5761123650708,30.1846229804293,29.8668322335728,-0.2207409
BOL,Bolivia,2018,14.3,69.4133879813999,0.624547731622922,3204.53670838005,5.37166725772886,11508368.0,46.9261953417368,30.385489117214,2.47511836027346,-0.1913596
BOL,Bolivia,2019,13.5,69.7334986708387,-0.44160551411852,3207.38695231128,4.09529358747088,11671386.0,45.8209732749024,30.4627271604529,-0.176747180072923,-0.7539613
BOL,Bolivia,2020,16.9,70.0442635528254,-2.66931283946252,2765.09271788602,2.7203797976672,11816299.0,37.5164342446486,27.2757447830119,-1.17503822390712,-0.3855901
BOL,Bolivia,2021,12.8,70.3450412826165,1.21888494970059,3011.55110825301,9.46769419569564,11937360.0,47.6670843158984,30.8437936181153,2.83614784173389,-0.2859636
BOL,Bolivia,2022,,70.6352598708131,0.0122391923945909,3088.24126173436,,12077154.0,57.5249335789631,32.0192722610323,2.59100275081603,-0.170608899999999
BOL,Bolivia,2023,,70.9151414044538,0.458812480265399,3122.77049466223,,12244159.0,49.6083255594597,29.7722060416097,0.189137413602765,-0.289823899999999
BOL,Bolivia,2024,,71.2361453773988,0.652112801170427,3045.61476620329,,12413315.0,46.9778716148403,31.2590732889611,6.04628385410035,-0.5460357
BOL,Bolivia,2025,,71.5631037265869,0.957783217657101,2957.27261403242,,12581843.0,,,19.9138522658601,
BRA,Brazil,2010,46.8,84.343846036308,3.73001288350945,8792.63436120342,3.64871282999395,193701929.0,22.772178113177,23.2679773559416,8.42333833760436,-0.1493446
BRA,Brazil,2011,45.2,84.6225758599683,3.91518011405433,9067.99316348047,4.33686638966397,195284734.0,23.9344051758721,23.1020509663714,8.31859222192008,-0.1721799
BRA,Brazil,2012,43.5,84.8973874181312,3.75496285641218,9167.49923929815,3.85552495977285,196876111.0,25.1142736107398,22.1336473653626,7.94312693485261,-0.0995934
BRA,Brazil,2013,42.3,85.1676585442726,3.04150901624338,9366.73932434359,3.78686028400519,198478299.0,25.7859573274674,21.2248099514406,7.50456453379576,-0.3656427
BRA,Brazil,2014,41.7,85.4331367898168,3.57135266957477,9338.34278278114,3.28623279487755,200085127.0,24.6854058131291,20.4724627471447,7.84670975161919,-0.2414052
BRA,Brazil,2015,43.7,85.6935697061881,3.59214931791344,8936.19661712113,2.35832735012319,201675532.0,26.95362593736,19.3600439818506,7.56617500668908,-0.4959054
BRA,Brazil,2016,45.4,85.9487048448108,4.13737803865892,8577.84376650911,2.43013532231265,203218114.0,24.5336820777006,18.3547582766688,8.10360437618169,-0.5263958
BRA,Brazil,2017,45.3,86.1982897571091,3.33825981739039,8628.25308908043,2.73375767842298,204703445.0,24.3197343743057,18.188502309123,3.67138450274919,-0.602133799999999
BRA,Brazil,2018,46.9,86.4420719945072,4.07858821454947,8722.33630317935,3.61759120230309,206107261.0,28.8762033763866,18.7490514528298,4.4935343282916,-0.645190399999999
BRA,Brazil,2019,47.5,86.6797991084296,3.692673213156,8771.44051292177,3.21717303299592,207455459.0,28.8902578698964,18.754627572495,4.22425886342708,-0.722116299999999
BRA,Brazil,2020,50.0,86.9112186503004,2.59263795310275,8435.01143254978,3.22987656043381,208660842.0,32.3020785437939,19.5061183894885,6.47249962315726,-0.427421599999999
BRA,Brazil,2021,46.5,87.1360781715439,2.77979084938159,8799.22945810901,7.94111199933246,209550294.0,37.6563307598082,22.1234751955181,13.0472708601388,-0.3922756
BRA,Brazil,2022,,87.349556243881,3.8680317970139,9032.08481566299,,210306415.0,38.8160659763397,22.819456851691,8.57028196165616,-0.415796899999999
BRA,Brazil,2023,,87.6159710235763,2.86383344298207,9288.02701470069,,211140729.0,33.6662298301438,22.1441739234284,5.15950107377019,-0.521574099999999
BRA,Brazil,2024,,87.8958549533146,3.38960808548439,9566.74518687619,,211998573.0,35.5845239386244,20.9406935314976,4.07967448515818,-0.5205702
BRA,Brazil,2025,,88.1772996487898,3.40696865505948,9747.99557762692,,212812405.0,35.2914822615074,20.1499461312909,5.727447789834,
BRB,Barbados,2010,8.2,59.2366008990356,7.83499963061945,21285.0039393558,0.297144735120965,275243.0,,13.8766154757694,32.2179603905153,1.1818697
BRB,Barbados,2011,4.1,59.236693205614,8.26064263874895,21200.1949825923,0.478258261538397,276139.0,,14.424862924854,2.55329602162956,1.173978
BRB,Barbados,2012,3.8,59.2372151062924,9.62445304629791,20534.8825878653,0.455018922008083,276938.0,,14.1272829556837,1.52349026013736,1.2347483
BRB,Barbados,2013,3.1,59.2385370835674,1.83901684216295,20521.1209928514,0.383795670096944,277665.0,,13.8035496339376,2.96227821724729,1.216274
BRB,Barbados,2014,3.0,59.2410313429534,13.2577062663761,20636.0327188055,0.327779295536994,278348.0,,13.551897385724,-0.365487083623734,1.3382083
BRB,Barbados,2015,3.0,59.2450700899645,12.0802096629405,20429.4747123553,0.129202531392543,278990.0,,13.6071925086433,1.0395508244396,1.1290517
BRB,Barbados,2016,2.8,59.2510255301153,9.81682382442232,20673.7682337375,0.0966644797426343,279598.0,,13.307652419376,-1.75274683001335,0.839715
BRB,Barbados,2017,4.3,59.25926986892,1.56449398077594,20766.5518491129,0.13228226291345,280171.0,,13.2366493748245,2.29477437140251,0.8399905
BRB,Barbados,2018,4.9,59.270175311893,4.02586921729395,20674.3547847984,0.214063429251287,280711.0,,12.7851760815479,2.88823424793601,0.8002803
BRB,Barbados,2019,3.4,59.2841140645486,3.49246359988213,20687.6467427909,0.230547661622418,281207.0,,12.5433196899715,2.51249012084693,0.9758945
BRB,Barbados,2020,4.7,59.3014583324011,4.85078698836817,17056.9868669781,0.138343276363777,281698.0,,13.1564919497155,6.08460788167491,1.0680614
BRB,Barbados,2021,5.5,59.3220365433819,4.01309546170598,18395.6153622073,0.328405869203115,282147.0,,12.5929814661889,1.9244125227566,1.0845669
BRB,Barbados,2022,5.5,59.3538514107686,2.90417181231459,21315.9363255517,,282318.0,,12.8095010387424,-0.156970182468754,1.2066625
BRB,Barbados,2023,,59.4235740235775,3.11355771433659,21701.2660270701,,282336.0,,12.2874215528647,3.0188031039614,1.2767666
BRB,Barbados,2024,,59.5397032429174,3.98890634980471,22421.5333611295,,282467.0,,12.2073080339376,1.75612477212653,1.2722219
BRB,Barbados,2025,,59.6996239887007,,23014.2045970351,,282623.0,,,2.74064032623448,
BRN,Brunei Darussalam,2010,0.0,75.2506559029998,3.50710078835613,33121.3178241724,26.7152441963854,392332.0,95.3715460226132,68.6533507031802,4.98008972872196,1.2633781
BRN,Brunei Darussalam,2011,0.0,75.312125504778,3.73105568458092,33754.3640783713,29.6086211413466,399389.0,99.5379309038179,73.6724144504971,20.1807687225469,0.9587232
BRN,Brunei Darussalam,2012,0.0,75.2714233503027,4.54055753809902,33544.5389457877,25.2092889599313,405557.0,105.640902140819,72.655614353873,1.22025216243901,0.901649
BRN,Brunei Darussalam,2013,0.0,75.1756915148608,4.28670084809197,32381.0739795231,21.4732323194006,411202.0,110.939599584216,70.022444095261,-2.82348979357411,0.9634698
BRN,Brunei Darussalam,2014,0.0,75.0572639801502,3.35660901155102,31148.7297405401,22.0986474634681,416750.0,102.421000963035,67.8496307805484,-1.84601527827432,1.2566861
BRN,Brunei Darussalam,2015,0.0,74.9484620568562,1.32471179544033,30625.1287744656,18.8982989274798,422212.0,89.8961882533585,61.3627773605269,-17.6127429803002,1.2031979
BRN,Brunei Darussalam,2016,0.0,74.8816070556641,-1.32059047324396,29492.4145927789,15.6737709259074,427564.0,87.319801332806,57.2893638536308,-9.16949538892618,1.0333017
BRN,Brunei Darussalam,2017,0.0,74.8476440654983,3.85818821585897,29524.65912789,17.1505902720615,432772.0,85.1768604269985,59.7205889692852,4.95526866521384,1.0788022
BRN,Brunei Darussalam,2018,0.0,74.8172471714305,3.80486552830842,29200.1952024222,22.5076667399112,437810.0,93.8980617666778,63.2448184042319,9.21562476277025,1.1449838
BRN,Brunei Darussalam,2019,0.0,74.7923311783673,2.77118007919324,29996.2407223175,20.8493177212138,442680.0,108.509658357959,62.5153210994416,-3.33372764182289,1.0980607
BRN,Brunei Darussalam,2020,0.0,74.7748108912151,4.71057565284031,30015.9588506697,13.7524545777569,447404.0,110.291003658452,59.1336302400797,-10.8637596350162,1.1645233
BRN,Brunei Darussalam,2021,0.0,74.7667316936175,1.47404982867232,29256.1833678343,24.2800139399884,451721.0,147.123112375318,62.7015642235623,15.4659287021718,1.1632013
BRN,Brunei Darussalam,2022,,74.7772642014221,-1.73946797718401,28549.1756060465,,455370.0,146.973965879597,67.9255854192344,24.2367268387765,1.175984
BRN,Brunei Darussalam,2023,,74.8199193881365,-0.37050451622702,28645.9645396284,,458949.0,136.86343465048,61.7411860091314,-12.8472517283232,1.3348873
BRN,Brunei Darussalam,2024,,74.8983133873697,0.189449066349964,29563.8682753082,,462721.0,132.58743952196,61.67552249634,-2.84270585148234,1.2027245
BRN,Brunei Darussalam,2025,,75.0109886586819,0.411162483586338,29531.4854435743,,466330.0,123.609124931602,60.0005803999015,-4.73664929187795,
BTN,Bhutan,2010,84.8,33.9051967813552,4.40487201345335,2378.72810760985,5.30448103550043,701632.0,105.010666693593,39.32493053906,8.32696241504689,0.7505364
BTN,Bhutan,2011,84.9,34.4637606688377,1.57461513860453,2552.48871073094,4.92099178553179,709377.0,102.795600221106,37.4178826768856,8.88020592126544,0.7467369
BTN,Bhutan,2012,82.8,35.0188644248365,1.2354733641673,2654.74798946027,4.25283283104005,717279.0,94.0450271469571,38.2126912443455,8.63679345640898,0.7756826
BTN,Bhutan,2013,81.7,35.5740003158589,1.05127659163372,2671.07460201171,3.47642434931993,725273.0,95.0525382780424,38.8444853647316,6.16413159810818,0.7771733
BTN,Bhutan,2014,82.1,36.1326606084122,1.12656942719562,2797.81883971908,3.4188576402575,733139.0,87.9342562013295,37.6449550742574,5.72222881975419,1.1573285
BTN,Bhutan,2015,81.6,36.6983375690037,0.294858179551153,2954.04081911097,4.0282954127605,740618.0,89.6391604595496,38.4680946453953,3.20977727445317,0.9981818
BTN,Bhutan,2016,80.8,37.2745234641407,0.504099187674602,3173.36773217431,4.43640193256866,747866.0,76.3847528498375,38.448996403302,4.04891299347933,1.1113941
BTN,Bhutan,2017,79.7,37.8645544995016,-0.638806366922729,3211.80903275593,3.36403341231926,754335.0,76.7884016850221,39.0388793784971,4.34963395866464,1.1177867
BTN,Bhutan,2018,80.0,38.4661892776975,0.10255942689779,3300.55006461736,1.98850743903733,759759.0,79.7397203296083,35.2652134391702,1.15086276370558,1.1151798
BTN,Bhutan,2019,81.0,39.0746823405146,0.475617042344246,3467.38598979356,2.1900698281611,764824.0,76.1235167041505,33.0939030506784,3.10800837414914,1.1641113
BTN,Bhutan,2020,83.9,39.6888839873439,-0.113401528947433,3092.12428399363,2.79203234949683,770006.0,71.8303510394637,31.7909765311756,5.28737431349467,1.1154419
BTN,Bhutan,2021,81.8,40.3075199874379,0.244983575408047,3206.20366997254,2.73325446048629,775442.0,77.5824482709826,31.6232724038612,7.62801343058928,0.9391838
BTN,Bhutan,2022,82.5,40.9365143617581,0.289904655137253,3349.73309632799,,780914.0,85.5712165226139,31.8248447380802,5.79485516979783,1.3224382
BTN,Bhutan,2023,,41.7352457989939,0.338339566522946,3480.51388523184,,786385.0,81.7366278539811,29.4044714589229,4.40359361110151,1.3322654
BTN,Bhutan,2024,,42.5645249803412,0.0841982308924301,3717.21053114706,,791524.0,79.3625417953324,31.6714138415403,4.66637888315755,1.3541153
BTN,Bhutan,2025,,43.4301832473753,,3988.78118067972,,796682.0,,33.1602867332639,3.15629006816846,
BWA,Botswana,2010,29.9,63.4945974665277,1.7280613479871,5584.5034321846,2.10519505915873,2033111.0,94.6390020873926,37.2789379627304,7.68549224444671,1.2771925
BWA,Botswana,2011,28.9,64.0187810722889,1.94040749024403,5850.07858575461,1.89428505199175,2073535.0,98.9614677801469,41.4322152540452,12.6534472954255,1.2314867
BWA,Botswana,2012,27.8,64.3993247826904,1.05040106491218,5742.91924452636,2.25863530970605,2108617.0,111.875280620952,37.5753342991212,3.01179655429044,1.2248637
BWA,Botswana,2013,26.7,64.7579735458393,0.470417841005353,6284.97678002618,1.42514080375562,2140682.0,125.78303991122,39.106229887551,1.53204506036376,1.187303
BWA,Botswana,2014,25.8,65.0965122400825,3.33019730942426,6547.12254115892,0.927757760163875,2172044.0,119.497541791464,41.7777034040156,9.60154787882541,1.1504977
BWA,Botswana,2015,26.1,65.4103584313295,2.79773267452093,6141.20394726616,0.804774555171728,2203273.0,112.900891016005,37.5439994873569,3.73030585629546,1.1318799
BWA,Botswana,2016,26.7,65.6949296854899,0.944944816734731,6490.83463593483,0.762292638118151,2234776.0,100.464689766026,40.3451621913098,11.9049111318198,0.9837653
BWA,Botswana,2017,26.7,65.9456435684731,1.61796092921322,6662.57644805467,0.880112468848718,2266747.0,81.9239513763494,37.1010050249191,-2.64993320934704,1.0166207
BWA,Botswana,2018,25.6,66.1579176461888,1.67893386448584,6843.84612027739,0.869694754311434,2299141.0,87.4551039946493,34.8003276690785,0.0566218861915786,0.9948159
BWA,Botswana,2019,26.2,66.3271694845464,0.559653498041763,6951.73189051146,0.656053805525875,2332083.0,83.0929813601175,31.947105419301,0.508004101032185,1.1539103
BWA,Botswana,2020,27.7,66.4488166494554,0.212513875084985,6254.24806241091,0.675042393475679,2365894.0,80.3250344865506,26.690568101143,4.37886681697208,1.0835182
BWA,Botswana,2021,27.4,66.5182767068255,-1.70161470195308,6895.91184943107,1.03853443914101,2401441.0,91.0478497403998,33.0400332471158,8.38154387080601,1.0572186
BWA,Botswana,2022,,66.5889787170477,3.49204705165089,7159.5860618268,,2439892.0,86.0696039867252,37.4571297119178,14.6176767241876,1.0798421
BWA,Botswana,2023,,67.0212655349864,3.8196512349079,7269.05170664457,,2480244.0,70.1128327324509,34.0669401658997,1.75130811655802,1.0127245
BWA,Botswana,2024,,67.4623537838418,2.42279666305462,6952.34770386661,,2521139.0,69.4453508747185,29.0804641383636,1.93467323010725,1.0322942
BWA,Botswana,2025,,67.9559561532102,,6790.93284822604,,2562122.0,69.5446677858652,27.8837014330526,3.62768373173688,
CAF,Central African Republic,2010,93.8,38.6244963104203,2.8712892233531,519.141456408484,7.89856275992667,4492995.0,34.4304819543042,24.5099241422375,4.21130931097511,-1.71672009999999
CAF,Central African Republic,2011,93.3,38.8030669465007,1.5138934301082,532.38295493852,8.45049853159435,4565021.0,34.4756183327299,26.6383554299084,4.00911505710052,-1.5684755
CAF,Central African Republic,2012,93.1,39.0301696038517,2.79010478789883,553.729578314912,9.16768384336065,4610848.0,33.0594485943314,27.5230753744847,6.18103617692616,-1.8710274
CAF,Central African Republic,2013,95.1,39.3042963482777,0.109532467338194,349.821171688973,13.29568815319,4642419.0,38.3992875721315,24.1910676004515,2.48748677760067,-2.14915889999999
CAF,Central African Republic,2014,94.8,39.6226521868738,0.18339589636816,351.561554911625,11.2660722533116,4623182.0,53.0950920179825,19.4826086120024,11.8938033016777,-2.4862537
CAF,Central African Republic,2015,92.9,39.9824421267351,0.176904971713319,366.322853938121,12.6926233912315,4629320.0,53.1451477769621,22.1252513485047,2.70826310785282,-1.8904664
CAF,Central African Republic,2016,92.1,40.3808711749566,0.397590019652539,376.858254120398,13.0582628938186,4713663.0,50.53064402191,21.6382374370791,2.98011408445534,-1.698431
CAF,Central African Republic,2017,91.6,40.8151443386334,0.332412482969051,387.35795131742,13.4175903775497,4793511.0,57.1435457117119,20.7372245546503,6.44370628779525,-1.82651039999999
CAF,Central African Republic,2018,91.4,41.2824666248606,0.810612744001372,395.020015455909,11.1787424768372,4878657.0,49.6602000024318,20.5557559569889,-1.22411715845705,-1.89363629999999
CAF,Central African Republic,2019,91.3,41.7800430407332,1.1525297989583,401.82582161435,9.81112301862311,4944703.0,50.0658000014868,20.5119712162628,2.32783705140642,-1.85285369999999
CAF,Central African Republic,2020,90.9,42.3050785933463,0.0746698927110639,398.834274122139,9.88532886509892,5026628.0,49.5210200011921,20.4481887695507,1.98216055627785,-2.3306101
CAF,Central African Republic,2021,90.9,42.8547782897949,0.214980465443776,396.020622931961,10.2601957578803,5112100.0,44.159119995104,21.5873200020514,3.18576646900353,-2.1689304
CAF,Central African Republic,2022,90.9,43.2751967457285,1.00929791484186,398.91539795642,,5098039.0,45.23357000162,21.157300000739,6.01877877272452,-1.9022515
CAF,Central African Republic,2023,,43.6983692134165,1.51604656547544,397.467795750451,,5152421.0,43.480570208358,20.7068173193684,3.57480169810107,-1.87417179999999
CAF,Central African Republic,2024,,44.1243555638904,1.46851186564355,389.938307964229,,5330690.0,46.4318999802251,20.0334561668613,6.03940886655974,-1.83294689999999
CAF,Central African Republic,2025,,44.5532156681816,,393.988309778491,,5513282.0,52.9067459083503,21.2235086880286,2.34211646516978,
CAN,Canada,2010,21.4,81.0120892252937,1.83724977084563,41164.3812486578,2.12754227247051,34005902.0,60.2079046752442,26.6501885895518,2.8488118363273,1.0176806
CAN,Canada,2011,21.5,81.1031425434213,2.13782226222103,42043.6842044008,2.59347020768665,34339221.0,62.4984217100546,27.4568337699936,3.24460708125697,1.0765359
CAN,Canada,2012,21.8,81.1513483248791,2.70017935331081,42320.6856530018,1.44307674491624,34713395.0,62.5957887432013,26.9688342478483,1.21754244738517,1.0932951
CAN,Canada,2013,22.2,81.183439957458,3.62983069806946,42851.2135876232,1.71420267216183,35080992.0,62.2315329073432,26.9495619626387,1.74037889737011,1.0153332
CAN,Canada,2014,22.2,81.211183161556,3.55389980711924,43643.2794910996,1.68853293506066,35434066.0,64.3785976132125,27.467556001582,1.94205145924376,1.1626133
CAN,Canada,2015,22.3,81.2465670276699,3.85389066466467,43594.2379080706,0.332933838108915,35704498.0,66.1648355844224,24.7527687289871,-0.867651110760519,1.1827978
CAN,Canada,2016,22.1,81.3023011093703,2.23834791127678,43551.3863558236,0.786494936523475,36110803.0,65.3636199818813,23.6141562599511,0.716976402406601,1.1623092
CAN,Canada,2017,22.8,81.4018945832226,1.5375171282853,44339.4332217878,1.19690470285221,36545075.0,65.1009087910845,24.3454545964162,2.57115294047408,1.0192144
CAN,Canada,2018,22.3,81.5500341646653,2.46930986353956,44907.3887994469,1.79820431653194,37072620.0,66.59982627163,24.9408903086944,1.65097171958317,0.9371514
CAN,Canada,2019,22.4,81.7363672047941,2.80676080429286,45100.336805859,1.93317583033348,37618495.0,66.1713422730605,24.3866616412399,1.546199357368,0.9041813
CAN,Canada,2020,23.9,81.9509888710566,1.75896848026439,42366.1710935265,1.24181874632923,38028638.0,61.1566883386797,22.7381403260214,1.07072837279907,0.9455077
CAN,Canada,2021,23.8,82.1779279079275,2.97618405526996,44639.2381171993,4.94905581435186,38239864.0,62.2468612630348,25.606265130749,7.78483196279312,0.7604154
CAN,Canada,2022,,82.3500897353968,2.30686661821278,45883.0058941892,,38950132.0,66.9531620692051,27.3506338523117,7.88257577548967,0.5074459
CAN,Canada,2023,,82.5250564408346,1.99841597173847,45495.5100892605,,40049088.0,66.5745425015033,,1.54476766162554,0.6267803
CAN,Canada,2024,,82.7002565766633,2.77756440541293,45061.3864587285,,41262329.0,65.1214987304374,,2.73223601603696,0.5984769
CAN,Canada,2025,,82.8757020253886,2.97568378108142,45418.1292662699,,41651653.0,63.5105049692227,,2.55291816703362,
CEB,Central Europe and the Baltics,2010,14.5716532675985,61.9831332825539,1.61300561491951,10998.682371605,2.20029142072271,104421447.0,104.465019439246,29.8123781382034,0.920955278990149,
CEB,Central Europe and the Baltics,2011,14.7499600707318,62.0062995511589,3.43951050359707,11421.7596519166,2.86079325350294,104174038.0,112.883965535002,30.5762992450313,3.06571454649757,
CEB,Central Europe and the Baltics,2012,15.6926044784711,61.9739324654094,2.89121444476329,11544.5713277541,2.06986506714949,103929494.0,116.120910663964,29.62634961977,2.18343357394524,
CEB,Central Europe and the Baltics,2013,16.6612114024685,61.9617031095155,1.10764611202425,11662.0107342389,1.76799099237058,103570062.0,117.682890583218,28.4226573899232,1.13279718785073,
CEB,Central Europe and the Baltics,2014,17.0702957655506,61.9632949711014,3.66872433709343,12076.1823856167,1.6315938785022,103280478.0,119.875145053471,29.3029261081841,1.34078607268415,
CEB,Central Europe and the Baltics,2015,17.1594982078853,61.9708877552038,1.80880576004084,12596.9151136003,0.825631164079889,102973167.0,119.413536753998,29.5197476573727,1.23453645859612,
CEB,Central Europe and the Baltics,2016,16.8577627377285,61.9025261003991,8.80261797731157,12991.5742193095,1.01596210364128,102647939.0,120.335518840543,29.0047500557384,0.987472424308564,
CEB,Central Europe and the Baltics,2017,16.4703987047156,61.871575661727,2.10815311084263,13696.4931794299,1.46868532445192,102337501.0,123.351908262836,28.0127502082531,2.70923995206107,
CEB,Central Europe and the Baltics,2018,18.1476863313142,61.8111043373164,-1.13577619979114,14412.0115452533,1.37821407820822,102074201.0,123.819489952608,27.814135872987,3.59301167619761,
CEB,Central Europe and the Baltics,2019,18.8601539560352,61.7449526458334,9.12471576756456,15024.0494908704,0.587609626655767,101864274.0,121.363027524657,27.5220236386952,3.8226798680774,
CEB,Central Europe and the Baltics,2020,19.6977838168354,61.6318247679717,12.6654573801389,14621.1740246993,0.476125016276764,101215763.0,114.658290296243,27.058064992783,2.40777956608554,
CEB,Central Europe and the Baltics,2021,,61.5491099540844,6.31291483772997,15739.2441317825,0.786955582401545,100205732.0,125.549790020179,26.5984466603913,4.29149270003289,
CEB,Central Europe and the Baltics,2022,,61.5935240282645,4.17547423037865,16396.9966397292,,100071871.0,139.865222966994,27.3733298024265,10.689577427514,
CEB,Central Europe and the Baltics,2023,,61.69707902806,0.289016194994324,16496.6728779092,,100183707.0,123.593323935313,27.6531860469667,9.98912481634724,
CEB,Central Europe and the Baltics,2024,,61.7976712496974,-0.113064351897782,16862.8261090388,,100061963.0,116.411463865097,26.0365993958689,3.90248023036213,
CEB,Central Europe and the Baltics,2025,,61.9065627516826,-0.707546590191542,17304.7508892728,,99814596.0,113.271260668201,25.27174033856,3.84288437338658,
CHE,Switzerland,2010,20.6,73.6086716419323,2.8968438323572,83069.4276373455,0.0153502739851764,7824909.0,119.202460523177,24.9427027614324,0.450962932080756,1.3107684
CHE,Switzerland,2011,20.6,73.65058748615,2.85527784754459,83307.3180998465,0.0129731788701895,7912398.0,125.047367558638,25.388295742135,0.106195288162908,1.3512353
CHE,Switzerland,2012,21.9,73.7522629583622,5.72352684333341,83354.0207485188,0.0116054102262085,7996861.0,125.865940588688,25.0356403228036,0.202360443823196,1.3809599
CHE,Switzerland,2013,21.8,74.1121384785551,-3.46803774147053,83914.0245080812,0.0122925706275075,8089346.0,132.800535321539,25.1241594165101,-0.0298102053788796,1.3427758
CHE,Switzerland,2014,22.2,74.7402679059582,2.83378237216102,85004.8134534,0.0133939110821008,8188649.0,119.230530793932,24.8339450953448,-0.604994160396473,1.422405
CHE,Switzerland,2015,23.9,75.6044960143169,17.0946761521558,85265.06205193,0.0106918477707141,8282396.0,116.370019931647,24.7414169599893,-1.34498887233339,1.2751929
CHE,Switzerland,2016,24.1,76.6726675773771,24.4555901017489,85951.2234148345,0.0105099534065671,8373338.0,122.941735178779,24.8224218751812,-0.609327083693216,1.2064894
CHE,Switzerland,2017,25.0,77.9126273688843,20.7708262545671,86362.360972862,0.00979558760538153,8451840.0,122.948395589146,24.9653992896239,-0.335050388266879,1.1641565
CHE,Switzerland,2018,24.2,79.2922201625844,-21.8417322340093,88581.0826935584,0.0130088671838284,8514329.0,123.499829706856,25.1021330566529,0.749224961797083,1.2552678
CHE,Switzerland,2019,24.8,80.7792907322229,3.03579308743079,88932.4119306425,0.0091832516564973,8575280.0,123.022509832864,25.7648791839408,-0.0903364764452448,1.2001317
CHE,Switzerland,2020,26.4,82.3416838515457,-31.5520454460584,86293.9183441155,0.00802785319765779,8638167.0,121.451100609762,25.8222063386564,-0.760827705552742,1.1126481
CHE,Switzerland,2021,27.7,84.2006477608879,-14.366241892487,90924.9256769825,0.00910740311945595,8704546.0,128.004119652561,26.7731802845588,1.9347982166607,1.0255347
CHE,Switzerland,2022,,84.9206266284521,-1.44605128264693,93360.440112464,,8777088.0,136.235871048363,25.9746436885308,3.05129732588081,1.0254452
CHE,Switzerland,2023,,85.1854212679815,-12.43582733744,92947.9424441568,,8888822.0,129.7371945484,25.8710535844701,0.933967686103571,0.9907717
CHE,Switzerland,2024,,85.4615370020764,-11.1757250603926,93018.3768706697,,9005582.0,130.354516041578,25.4190930940157,0.965863084352208,0.9806678
CHE,Switzerland,2025,,85.7272157802756,-1.17732336606846,93327.5937403044,,9092436.0,147.162051317959,25.0018306550161,0.287330415481463,
CHI,Channel Islands,2010,,32.1868229080383,,64722.9832990297,,158621.0,,,2.31458551003772,
CHI,Channel Islands,2011,,32.326335016388,,65006.4871287216,,159706.0,,,3.36234678173879,
CHI,Channel Islands,2012,,32.4414334604748,,60861.9006460501,,160767.0,,,5.45465641869509,
CHI,Channel Islands,2013,,32.5432251775809,,60780.669022098,,161777.0,,,2.0381662432797,
CHI,Channel Islands,2014,,32.6275595274837,,61892.8083445708,,162726.0,,,1.77877481331676,
CHI,Channel Islands,2015,,32.6907784276403,,61847.8212238857,,163454.0,,,3.03415136326961,
CHI,Channel Islands,2016,,32.7426259745361,,62434.1859444218,,163883.0,,7.67577166610065,1.39650518174845,
CHI,Channel Islands,2017,,32.7853219355631,,63393.3938698644,,164319.0,,8.01938108801916,3.06230638713929,
CHI,Channel Islands,2018,,32.8125991997971,,63859.9826096615,,164949.0,,7.92367533443251,4.30931215813087,
CHI,Channel Islands,2019,,32.8235411026876,,64594.5213908684,,165639.0,,7.93089515501041,2.95476644134244,
CHI,Channel Islands,2020,,32.8247184979451,,58636.7036143365,,166235.0,,7.65409465237542,2.83334983295387,
CHI,Channel Islands,2021,,32.8148141071941,,64267.6930018122,,166741.0,,8.86439875936375,0.21684063582002,
CHI,Channel Islands,2022,,32.7920439098264,,67508.9385276664,,167215.0,,8.38306788106733,7.35832232268851,
CHI,Channel Islands,2023,,32.7554337975051,,69818.1528119104,,167691.0,,8.22051703911843,5.75258289973107,
CHI,Channel Islands,2024,,32.7056211227456,,,,168126.0,,,,
CHI,Channel Islands,2025,,32.6430856346098,,,,168466.0,,,,
CHL,Chile,2010,27.0,86.9560135592209,6.84144686828522,11649.2897090856,11.9881628362203,17181464.0,69.7176802332624,33.4669018680974,8.85744148942345,0.9018874
CHL,Chile,2011,28.8,87.0109164653326,10.4897738058645,12252.8441074615,12.1645185437385,17351816.0,72.481642209343,32.441754237811,3.26051486618304,0.5996883
CHL,Chile,2012,30.3,87.0824943735696,11.9097449981544,12882.834417927,9.05442637303188,17519119.0,68.1561435339271,30.5583002524338,0.763466680663043,0.592861
CHL,Chile,2013,30.2,87.1827777654221,7.61396398974862,13182.7329619856,7.66232423505302,17687006.0,65.1432877063737,29.4304382741697,2.26077060922354,0.574319
CHL,Chile,2014,27.0,87.3133701497978,9.83500371419039,13285.9540361192,6.87780503013052,17864195.0,65.6346274347707,28.9028693089623,5.85289162562634,0.7184817
CHL,Chile,2015,25.1,87.4653320342387,7.32780348711267,13433.9202987032,4.04461870413776,18047625.0,59.3491105681231,27.8806409445573,4.95436553002575,0.6780588
CHL,Chile,2016,24.6,87.6306290578181,4.55707488153847,13505.097711133,3.20569572328577,18267221.0,56.0578603070995,26.7795648236165,4.56065603684756,0.5937207
CHL,Chile,2017,24.1,87.8000295757281,1.89647029836548,13473.3458532934,5.30261792520974,18558868.0,56.0261586393213,27.3811558508707,4.82819188620873,0.5894191
CHL,Chile,2018,25.5,87.9620493753008,2.68461345207245,13763.0068844795,5.83707726201581,18893191.0,58.1770513035882,27.8615223911065,1.59019973716229,0.6742085
CHL,Chile,2019,25.3,88.1273685623538,4.87915172452024,13631.9284885172,2.56889266052365,19197744.0,57.6069157856537,27.1245649947609,2.56635925518241,0.1657239
CHL,Chile,2020,26.7,88.2953490438375,4.50500989019161,12680.7761524378,5.48716936741024,19370624.0,58.1687693933374,29.8465647278291,9.67866368090178,0.1362588
CHL,Chile,2021,24.2,88.4660511664452,4.81031437211446,14056.251601955,16.9044168802743,19456334.0,64.8399924791736,30.899925407319,6.88300172713348,0.146317
CHL,Chile,2022,,88.6395352768685,6.2344860828365,14275.4094646211,,19553036.0,75.2334197533759,31.0038816004149,7.54751985501458,-0.004406
CHL,Chile,2023,,88.8158617217972,5.72340675956374,14294.7106635595,,19658835.0,60.6766444736157,28.9994589242547,6.55832071048555,0.0876667
CHL,Chile,2024,,88.9950908479196,3.97989457086765,14616.9287938028,,19764771.0,63.9577465302563,30.4616591689674,7.12781265306492,0.1213566
CHL,Chile,2025,,89.1772830019223,4.06114644888118,14904.6435509776,,19859921.0,64.984377042281,31.4236371449973,6.80321357366999,
CHN,China,2010,12.3,49.2340270628041,3.93541996731512,5764.65012366375,6.2867264165298,1337705000.0,49.8540722338977,45.7066207106778,6.93288714030183,-0.6176124
CHN,China,2011,11.3,51.8300285339355,3.65069190228423,6275.71634288814,7.68520289897261,1345035000.0,49.9458272253643,45.8002054108107,8.01535579905837,-0.6326472
CHN,China,2012,11.5,53.1003112792969,2.78099138181613,6723.09003744607,4.0884931932087,1354190000.0,47.4802130784317,44.6820698165478,2.40362145525938,-0.6177714
CHN,China,2013,11.5,54.4900016784668,2.98598708261986,7197.937319496,2.98307168349706,1363240000.0,45.9160413795571,43.3938707801605,2.29827354347107,-0.5627312
CHN,China,2014,11.9,55.7502555847168,2.51155883670463,7686.37369520403,2.31013480472694,1371860000.0,44.0684564812532,42.2827157791092,1.09193126066951,-0.523856099999999
CHN,China,2015,12.2,57.3297843933105,2.14957284731563,8175.33285077393,1.17476659078236,1379860000.0,38.6971848362625,40.0475902161032,0.134600527983679,-0.5462433
CHN,China,2016,12.6,58.8399238586426,1.52539470315394,8679.22528805041,1.0524740832802,1387790000.0,36.177170692978,38.811156093921,1.47921554986996,-0.501441799999999
CHN,China,2017,13.1,60.2402687072754,1.32468971748482,9221.35045639842,1.31423766724865,1396215000.0,36.95085261586,39.129944350895,4.1460488720143,-0.203288
CHN,China,2018,13.5,61.5001983642578,1.66361992284408,9798.57890566402,1.42518421392494,1402760000.0,36.8943843914718,38.9777001747097,3.46684316501813,-0.237003599999999
CHN,China,2019,14.3,62.7099151611328,1.28549226847992,10356.2924890582,1.26691367576973,1407745000.0,35.4544350281407,37.7642333162735,1.31658042560161,-0.138588699999999
CHN,China,2020,14.9,63.5234230266258,1.68770756292082,10573.3794064211,0.863774740928771,1411100000.0,34.337778473884,36.9115624066306,0.530673291065554,-0.302661299999999
CHN,China,2021,15.2,64.721076965332,1.8903454142588,11469.3174514512,1.70756488252672,1412360000.0,36.6428789643754,38.0924722040717,4.47357358503608,-0.259168
CHN,China,2022,,65.2176361083984,1.03841365474349,11830.298767861,,1412175000.0,37.512555678171,37.8945266620066,1.93460467589577,-0.249058199999999
CHN,China,2023,,65.5301448035523,0.280991103634816,12483.9791101249,,1410710000.0,36.7391496938394,36.7725030223561,-0.50679941802575,-0.174451499999999
CHN,China,2024,,65.8946980998325,0.227695125306895,13119.1076099516,,1408975000.0,37.9560601372544,36.3710179811644,-0.764066117400986,-0.153336399999999
CHN,China,2025,,66.3429910348272,0.410194399848574,13793.2056196996,,1406585000.0,37.9563878652312,35.6416587106792,-0.92233523175824,
CIV,Cote d'Ivoire,2010,75.4,47.2374301523201,1.02606239201511,1540.52927270246,4.33013803473931,22488065.0,67.472940081257,15.9765793754723,1.5162179241976,-1.84989379999999
CIV,Cote d'Ivoire,2011,79.1,47.6797551269623,0.822954277239134,1426.46463864534,5.53239950172039,22982000.0,64.7159030611345,16.7624007263304,5.70932050005679,-1.6395136
CIV,Cote d'Ivoire,2012,74.9,48.1242507553354,0.909737108884904,1503.43433046682,5.36757176448081,23467078.0,70.3010893191249,17.7324551897287,-0.404098360740875,-1.5191192
CIV,Cote d'Ivoire,2013,72.2,48.5702332186208,0.953203642314205,1632.32712787006,4.15503587681362,23939775.0,58.3526792527234,18.9795295741683,2.87673042852516,-1.2086343
CIV,Cote d'Ivoire,2014,71.9,49.0173144557368,0.899528920528967,1742.53693001178,3.41935511091434,24527395.0,53.6804175610344,19.8455486242141,4.40733235572075,-1.0370019
CIV,Cote d'Ivoire,2015,64.5,49.4694894689553,1.07914154751206,1814.71855088017,3.07259669730878,25246342.0,52.7153604615931,20.1215578301808,4.77568237270827,-0.7838544
CIV,Cote d'Ivoire,2016,64.0,49.929991034032,1.19375800859004,1889.27777949938,3.23053071841614,25989405.0,47.5655783613535,20.820713814142,-1.17983243565696,-0.8652379
CIV,Cote d'Ivoire,2017,62.5,50.3977309654344,1.85673486381973,1972.81431788947,3.38876801583982,26733372.0,48.6625074729482,19.8085626532407,-1.04167724817084,-1.0411412
CIV,Cote d'Ivoire,2018,60.5,50.8718477756395,1.05998699614336,2013.32307598499,3.10996909544373,27464173.0,46.0375087102874,19.1116818893978,1.68197647173226,-0.9182691
CIV,Cote d'Ivoire,2019,61.1,51.3514799771241,1.40583048179048,2093.09994335779,2.95827158248838,28193009.0,44.6604105830795,21.6420400540965,1.98335249260808,-1.0134615
CIV,Cote d'Ivoire,2020,61.8,51.8357660823651,1.13111245703154,2055.08483996432,2.59163858078542,28915449.0,41.9426318190526,20.7022034045474,1.82838309372076,-1.16712789999999
CIV,Cote d'Ivoire,2021,58.2,52.3183461956059,1.91282655892028,2146.46047529012,4.73502206212113,29639736.0,45.1140327762435,22.1030350664638,3.93090017186186,-0.895587799999999
CIV,Cote d'Ivoire,2022,,52.8492549676673,2.2547265327193,2227.08197820584,,30395002.0,52.8663910413483,23.0445423474416,3.0000006286337,-0.716317499999999
CIV,Cote d'Ivoire,2023,,53.4075201638704,3.07641433618414,2315.36434710324,,31165654.0,48.8170039103332,23.9006374307143,3.90243671769379,-0.7874489
CIV,Cote d'Ivoire,2024,,53.9733113940142,3.58346670744132,2395.65916961845,,31934230.0,51.2649845400983,24.0438599104554,1.67910309814367,-0.8438331
CIV,Cote d'Ivoire,2025,,54.5489501450761,,2490.74922791875,,32711547.0,54.5579069336573,23.9281816218339,3.21232885968116,
CMR,Cameroon,2010,78.7,50.8505075371362,1.94952386693621,1290.9013745759,6.92041886170631,19668066.0,47.2385853965951,25.8445117305141,0.688187082777645,-0.6655279
CMR,Cameroon,2011,78.6,51.2229843034125,2.13270391251932,1297.3064962694,8.16416608406496,20232304.0,51.521987603918,25.7767597299444,2.58904424747894,-0.743046299999999
CMR,Cameroon,2012,78.6,51.5887119982861,1.7488404761216,1319.66961634054,8.40581417479506,20809529.0,50.0360127271229,26.624872181086,1.94228536388823,-0.7987418
CMR,Cameroon,2013,77.7,51.9475591877024,1.62296806273401,1347.2130636706,7.33302882488587,21402376.0,49.6745363462134,26.7419459294765,3.05345916925037,-0.831334199999999
CMR,Cameroon,2014,76.9,52.2993944376709,1.99484327731063,1381.81938454907,7.03590731300358,22059893.0,50.8323893087648,25.7078027839026,2.01421263022257,-0.9216987
CMR,Cameroon,2015,78.1,52.6440863142742,2.15564021048479,1415.00009710569,5.63563339959601,22763414.0,45.5401468279393,25.0914880063978,0.309791677780538,-1.0831153
CMR,Cameroon,2016,78.8,52.9815033836792,1.96334943457327,1435.61830727839,5.36737216526029,23454161.0,40.6386315268268,24.1821445706245,0.661808977155886,-1.1424059
CMR,Cameroon,2017,79.2,53.3115142121504,2.25620975874553,1444.90682916573,6.08352640758934,24128601.0,39.1990216052629,24.2621952863109,1.02514116066253,-1.1934513
CMR,Cameroon,2018,78.7,53.6339873660653,1.91485781286221,1461.01969999317,6.10463986256462,24806383.0,40.587602877028,24.6822312095632,1.89699162266248,-1.4691248
CMR,Cameroon,2019,78.9,53.9487914119331,2.58340602489154,1470.31785276187,5.55584424286198,25506095.0,43.3785132480415,23.826878053897,1.16977181911541,-1.6172731
CMR,Cameroon,2020,78.9,54.2557949164174,1.65595614712353,1434.51913723409,4.34202268521826,26210558.0,33.7388313623871,23.0380654380784,0.705572037621721,-1.6215792
CMR,Cameroon,2021,79.2,54.5548664463635,2.14061326900656,1443.57600237663,5.52598268395679,26915758.0,36.7308347188558,24.4925542356924,2.92103933375591,-1.57868299999999
CMR,Cameroon,2022,,54.8458745688318,2.08735032157122,1458.66180431693,,27632771.0,41.2866025594679,27.1303593377196,6.83105473248673,-1.6950827
CMR,Cameroon,2023,,55.1286878511388,1.68299656289954,1468.17837007337,,28372687.0,37.8903321242578,25.1308706019034,3.57281742916192,-1.6104201
CMR,Cameroon,2024,,55.4031748609078,1.66655391243674,1480.73097431993,,29123744.0,34.4031785915423,23.2350957105105,5.4257265725534,-1.55680399999999
CMR,Cameroon,2025,,55.6692041661323,,1489.47119043622,,29879337.0,33.3842706629963,24.7744569683346,2.83276716795213,
COD,"Congo, Dem. Rep.",2010,96.8,39.391363708294,11.3498081290486,403.722373878525,25.9608846428413,68563038.0,80.9975153909582,29.1029769216412,33.7383797553799,-2.0298993
COD,"Congo, Dem. Rep.",2011,96.2,39.7849692825859,6.04729215599495,389.119308449762,28.8830474855316,70849311.0,83.4133637998303,38.636424619178,11.3185337043754,-2.1644541
COD,"Congo, Dem. Rep.",2012,95.5,40.1770385579151,9.62926566877035,408.966232816288,27.1229704627568,73254618.0,66.7056747465748,39.1726260796598,4.73411442893337,-2.21679669999999
COD,"Congo, Dem. Rep.",2013,93.9,40.5675263197158,4.86537109127196,464.526715460494,25.746219512295,75789395.0,72.5557545139014,39.9816041724909,-1.14843026904025,-2.2257153
COD,"Congo, Dem. Rep.",2014,92.9,40.9563873534225,3.90992337722209,481.830241883776,24.5568779878184,78403242.0,74.1131729382021,41.6198309477347,3.07171655246943,-2.2481931
COD,"Congo, Dem. Rep.",2015,95.8,41.3435764444694,2.90127515060918,495.826633014883,20.1093927301662,81035531.0,57.7539236163245,40.537636098592,-1.42088206059309,-2.01074219999999
COD,"Congo, Dem. Rep.",2016,97.0,41.7290483782911,2.41546438746157,480.461377880475,20.5721227000572,83956415.0,68.0083342860132,38.655052456977,4.40590544590474,-2.2189353
COD,"Congo, Dem. Rep.",2017,96.7,42.1127579403217,2.79181852942997,482.854682128541,24.7656558437341,87083398.0,65.9184525277578,39.2934247373311,35.2227679864498,-2.26337839999999
COD,"Congo, Dem. Rep.",2018,96.4,42.4946599159958,3.01664160584951,495.312105711027,18.4167757889728,90047644.0,72.5591739081336,38.2165467089592,29.8390075940821,-1.8967124
COD,"Congo, Dem. Rep.",2019,96.3,42.8747090907476,2.88391132652101,482.524295129472,12.7500585788424,92947442.0,60.9143523742792,34.4712510908167,1.39696273165086,-1.6467983
COD,"Congo, Dem. Rep.",2020,96.2,43.2528602500115,3.20844071096691,470.852950000929,15.9281973313702,95989998.0,61.0284707727916,35.1616850161085,11.1110446609183,-1.80629289999999
COD,"Congo, Dem. Rep.",2021,96.3,43.6290681792218,2.84027556004194,485.160805929784,38.8272665239082,99148932.0,75.3870523860732,42.3529383597517,27.7920485075006,-1.6314631
COD,"Congo, Dem. Rep.",2022,,44.003287663813,2.00131622839817,513.512704372167,,102396968.0,85.8221691879958,41.9573891532378,9.98907682520658,-1.8455557
COD,"Congo, Dem. Rep.",2023,,44.3754734892194,3.40082269757578,539.45912637913,,105789731.0,86.7400581798289,39.5009688150508,11.2860274867788,-1.9812287
COD,"Congo, Dem. Rep.",2024,,44.7455804408753,3.84997694352814,554.117609962628,,109276265.0,94.2484870645646,38.9655598232235,17.9932747645102,-2.1191762
COD,"Congo, Dem. Rep.",2025,,45.1135633042151,2.05275472591522,567.560325026362,,112832473.0,87.3342878785207,39.7054768753727,7.80225770614263,
COG,"Congo, Rep.",2010,54.5,62.3922871058739,11.5772952217296,2332.28508055953,43.9398414162223,4462290.0,124.064754399607,66.1791697837805,29.4176837966296,-0.532351
COG,"Congo, Rep.",2011,64.3,62.5597508130231,1.90783479461617,2307.49384399715,51.8437302128778,4609724.0,124.591742710141,65.8738951997526,10.953325511462,-0.6251959
COG,"Congo, Rep.",2012,65.1,62.7187169094345,-0.391399397519283,2467.06102906839,41.3573491386651,4740450.0,97.444435145443,65.3102191154701,11.3640902368718,-0.668392299999999
COG,"Congo, Rep.",2013,62.3,62.8682817180686,10.4621010083708,2390.65754938662,33.1448495573332,4857099.0,93.0028633915235,61.989308125115,-1.10456218926858,-0.5775904
COG,"Congo, Rep.",2014,62.1,63.0075415618859,16.1339951694307,2488.68118548992,27.6582312920434,4975880.0,104.197620103417,58.0014155398265,-6.46456331292119,-0.474273699999999
COG,"Congo, Rep.",2015,64.2,63.135592763847,34.4182561027248,2439.35189403696,15.885704604199,5097581.0,117.320721558581,48.6789561936062,-17.2539875449458,-0.7582165
COG,"Congo, Rep.",2016,67.7,63.2515316469123,0.46296936341342,2174.19310251224,17.0000392659621,5222536.0,122.259818284021,38.4474514101503,-3.50248728902629,-0.760806
COG,"Congo, Rep.",2017,69.8,63.3544545340423,37.3227748739474,2003.27121075187,29.8063807729514,5351011.0,94.6170952583422,45.9671895089887,12.3656768528042,-0.7695685
COG,"Congo, Rep.",2018,70.6,63.4434577481975,29.2086100198947,1909.9560382117,42.6682046537325,5483118.0,100.583216779714,54.391991835456,22.2344412921584,-0.6896411
COG,"Congo, Rep.",2019,69.8,63.5176376123385,-10.214754646531,1885.51080877731,39.2430391553175,5616661.0,91.5757547930374,50.1286715725578,-1.31736650195613,-0.5963817
COG,"Congo, Rep.",2020,71.4,63.5760904494257,-17.2921171034228,1725.51040049963,26.2181324216101,5752791.0,69.3066247188397,33.9517597969829,-13.9995678950009,-0.5758284
COG,"Congo, Rep.",2021,71.4,63.6179125824196,-2.15982873741865,1701.79060456872,37.7125480946685,5892183.0,85.5462031552188,42.893702942357,23.2907180099124,-0.517419899999999
COG,"Congo, Rep.",2022,,63.6422003342807,3.36508336137956,1686.00234391385,,6035104.0,98.1613366922001,49.2455523632312,18.2608987808466,-0.1445911
COG,"Congo, Rep.",2023,,63.6626757615625,4.0889721782705,1677.08549205924,,6182885.0,96.2103944039618,45.2236339577947,-7.56770228699291,-0.199460399999999
COG,"Congo, Rep.",2024,,63.8866111699904,3.83980276481754,1671.7266018229,,6332961.0,93.1881220839752,40.121557238814,0.456266219771734,-0.2584147
COG,"Congo, Rep.",2025,,64.1236534817412,,1683.00937264433,,6484437.0,91.6690172364453,35.6122907435218,-3.4227095287747,
COL,Colombia,2010,30.6,76.7232975672119,2.24433595561184,5214.24547620131,6.70109253013503,44777319.0,34.2646031687681,31.3713561004301,3.80486029146383,-1.3306958
COL,Colombia,2011,29.6,76.839003613206,4.37269536127322,5517.1011086899,9.86049155221695,45259614.0,39.4704235545367,33.3021551703249,6.38680337285258,-1.1659142
COL,Colombia,2012,29.6,76.942211203265,4.05728041313345,5675.75617978305,8.29683079092449,45715810.0,38.835151018669,33.4055006173979,3.61665506268449,-1.3314327
COL,Colombia,2013,32.0,77.0315988189922,4.24252457969381,5910.80592301166,7.3843393604104,46151584.0,37.9866487978457,32.7475552904174,1.90767643221162,-1.29909379999999
COL,Colombia,2014,32.1,77.1058449419909,4.24107256687862,6121.83982019825,6.53057789835517,46565429.0,37.4874656411103,30.9858527230854,2.2356323764315,-0.995331299999999
COL,Colombia,2015,31.1,77.1636280538646,3.95939854860993,6248.51490534512,3.70587614553491,46969940.0,38.3607641184453,28.5894478881361,2.44932842052003,-0.9555119
COL,Colombia,2016,30.5,77.2036266362166,4.90164572903473,6316.07067782542,3.09947714544169,47437512.0,36.202652984202,27.689162311787,5.14833430514589,-0.873548099999999
COL,Colombia,2017,32.2,77.2245191706503,4.3931823276543,6309.67745292518,3.72823321108347,48131078.0,35.2829149424588,26.8148589146209,5.13373589963346,-0.779948499999999
COL,Colombia,2018,30.4,77.2804816598084,3.38083573220188,6353.5464285392,4.940258188938,49024465.0,36.5347527968973,26.8954667535946,4.63057967327826,-0.665561899999999
COL,Colombia,2019,31.5,77.4595528518377,4.33058240931506,6439.96359812647,4.30433092902696,49907985.0,37.558533980839,25.993426836769,4.00262054293638,-0.9052968
COL,Colombia,2020,32.0,77.6382533537045,2.7588942895314,5891.95523215403,2.55119417609951,50629997.0,34.0555709680101,23.439238595813,1.48172462037553,-0.6819314
COL,Colombia,2021,29.7,77.8339570326128,3.00175693787234,6457.16921807086,5.32396445388134,51188173.0,40.0591463936128,24.5553120236384,7.80211309545884,-1.0147831
COL,Colombia,2022,,78.0464633137335,4.97124137726565,6856.72590505374,,51737944.0,48.2826551123359,26.1230022316952,14.9250366806978,-0.809182
COL,Colombia,2023,,78.275571579544,4.57716748279263,6837.37392084534,,52321152.0,40.1333165322581,24.7568044354839,6.99290653937781,-0.7993485
COL,Colombia,2024,,78.5210811866115,3.25416050189283,6865.31283944628,,52886363.0,36.3179938785373,23.4225326793189,6.35757117093047,-0.9708732
COL,Colombia,2025,,78.7827914751151,2.52970921188005,6975.56696286259,,53425635.0,35.3689564685036,21.7604082105996,5.42271681792346,
COM,Comoros,2010,66.0,28.8540982913801,0.919669135138355,1272.60716208007,1.59344239758779,654836.0,39.5501057977388,11.7753249597724,1.6752326077458,-0.4825094
COM,Comoros,2011,69.0,29.1136750253686,2.25967388807613,1299.11093449408,1.63354218561465,668056.0,40.0009485841888,11.6973185669348,3.0457286845164,-0.5277008
COM,Comoros,2012,68.3,29.397950693899,1.02133877132035,1313.58187559666,1.91653686564634,681630.0,40.8104424055408,11.2226651445449,4.27030007329266,-0.3950629
COM,Comoros,2013,63.6,29.7043482521482,0.37910342236625,1343.54683280656,1.84106336379863,696192.0,39.2433304243612,11.6482403154856,1.752124423908,-0.2395935
COM,Comoros,2014,68.0,30.0302906552932,0.407499074429688,1342.3295858321,1.97695678379704,711503.0,39.2358265722767,11.6109257835089,0.835126488303615,-0.0153216999999999
COM,Comoros,2015,67.0,30.3732008585112,0.511029838634196,1329.37048235986,2.46576426845081,726682.0,37.8049520714563,10.4084081560234,-0.522856831129232,-0.0966781999999999
COM,Comoros,2016,64.0,30.7305018169792,0.352458395658835,1345.6261652831,2.50675650816682,741741.0,37.1328797158337,9.85451807028183,1.71498681561535,-0.2599683
COM,Comoros,2017,59.5,31.0996559689293,0.363776536091142,1369.41180275963,2.36385311111587,756669.0,40.164358921352,9.13735009601101,0.402494136980508,-0.1999982
COM,Comoros,2018,57.7,31.4073645195839,0.477150092432519,1391.84570443267,1.55194278873705,771590.0,42.996153341343,8.87679586458954,1.83566793061196,-0.407626
COM,Comoros,2019,55.3,31.7287584068243,0.359894031144375,1389.36488014859,1.48652356146246,786578.0,42.2680785350184,8.53100061504245,4.20910597176336,-0.4550338
COM,Comoros,2020,50.8,32.0638072194881,0.316385474955504,1359.7070891825,1.59920965443734,802163.0,33.7299346157491,8.08945323604662,0.669668409203567,-0.4562829
COM,Comoros,2021,41.2,32.4124444313246,0.309826819264342,1360.32663361462,1.62843413378353,818174.0,42.0677236496077,9.37922763874058,0.355851396754005,-0.3981267
COM,Comoros,2022,39.3,32.7746035528748,0.322667538233799,1366.9513495529,,834188.0,50.3887704882382,9.63879809027371,7.9804624983289,-0.374766
COM,Comoros,2023,,33.1502180946901,0.365132085679526,1383.64201759575,,850387.0,44.4398634497089,10.3295767510686,8.13448091940927,-0.3743498
COM,Comoros,2024,,33.5392215673301,0.440971140907408,1402.52614298112,,866628.0,41.4806352919635,9.69608688463436,6.21140368318602,-0.221274299999999
COM,Comoros,2025,,33.941547481361,,1428.44965622497,,882847.0,40.8852246183221,9.8650130017848,4.30496668705833,
CPV,Cabo Verde,2010,21.2,61.7974262732302,6.36802137795552,3194.61667734233,33.2873704914624,509784.0,85.5484498816191,14.9414577543955,0.654415406092099,1.0110449
CPV,Cabo Verde,2011,20.8,62.7419929036884,4.99538224029443,3309.20121643898,40.1340983255841,511447.0,90.5564501122747,14.5699784845003,2.74704089816066,1.0171202
CPV,Cabo Verde,2012,24.3,63.7260454520996,6.69129799994045,3341.7421054836,25.055847063546,511955.0,90.649916554117,14.00680796227,0.677607456621359,0.8408258
CPV,Cabo Verde,2013,25.9,64.7486207521826,4.40125011545419,3361.09387702205,16.5579387748728,512225.0,86.1698600308418,14.5782787253826,1.42476019715654,0.8049926
CPV,Cabo Verde,2014,26.1,65.8085112712742,8.84407322092194,3383.8422809791,12.0093542433174,512326.0,91.3038524117221,15.4556956659682,-0.100319979407018,0.6455106
CPV,Cabo Verde,2015,26.4,66.9045094767116,5.49024513305668,3415.06266730931,9.49812397150104,512394.0,94.0084870167993,14.6158909934146,1.62040755881043,0.8435225
CPV,Cabo Verde,2016,23.9,68.0354078358316,6.82845117866997,3560.1400729534,10.1923207968108,512554.0,95.3781398609533,12.6668493291087,1.67992479299215,0.827822
CPV,Cabo Verde,2017,21.8,69.1999988159713,5.59469673480566,3719.71306047915,12.3203094483764,512893.0,100.052133904219,12.5188038438799,1.2969136763507,0.7203252
CPV,Cabo Verde,2018,21.9,70.3970748844677,4.69595735976167,3853.67940035241,14.343668170972,513415.0,105.867524052105,14.6286899740782,1.70417119144814,0.8387813
CPV,Cabo Verde,2019,19.7,71.6254285086577,5.45788755667341,4115.90283469406,13.1611296712207,514104.0,103.602656463726,13.2851974278212,0.694871191088424,0.8393375
CPV,Cabo Verde,2020,23.4,72.8838521558784,3.71218491455203,3255.93628984058,11.5827986817016,514679.0,78.3934545931901,14.6866327211119,0.366160426431094,0.839032
CPV,Cabo Verde,2021,22.6,74.1607930892827,4.45730498164251,3471.6553421786,17.6577234520724,516649.0,77.4550586265341,12.5191470013199,1.34990112558344,0.8339009
CPV,Cabo Verde,2022,21.8,75.033738060849,5.43014452079405,3997.76763250653,,519741.0,96.9941368513357,11.0789238411144,6.34319040438669,0.8359641
CPV,Cabo Verde,2023,,75.9064245753376,6.33796272131159,4168.67748407593,,522331.0,95.0324943346692,10.9776694022766,3.25900393210172,0.8691911
CPV,Cabo Verde,2024,,76.7721471004354,4.0509951845415,4438.38741931171,,524877.0,96.9022561569006,10.7133600078346,1.39134617417365,0.7695825
CPV,Cabo Verde,2025,,77.6300668010068,5.03338899080779,4695.96134251417,,527326.0,95.3284601191981,10.7230734610902,1.74378005730756,
CRI,Costa Rica,2010,40.4,71.5081448974915,5.06371170026852,10285.0856777667,1.62716715850808,4555962.0,67.5120894036891,23.0918844170299,6.62884522178744,0.7938234
CRI,Costa Rica,2011,38.0,72.8426586679914,6.39172538358965,10612.4694960426,1.26384990129987,4609833.0,68.6391459050112,22.3631868044306,4.59322533425421,0.6316858
CRI,Costa Rica,2012,38.1,73.3895020668217,5.70866124116913,11001.5193084396,1.2425772572914,4663934.0,67.0485391393947,21.9911615222761,4.73363277799726,0.655542
CRI,Costa Rica,2013,37.8,73.9431776192863,6.29127736182893,11151.1437937744,1.34122901696494,4716147.0,64.0664108162845,21.1277790991309,4.59021153062247,0.6591343
CRI,Costa Rica,2014,37.6,74.4866963181212,6.23293662665086,11422.6735972442,1.387670718648,4767119.0,65.1912422181011,20.4156545063242,6.20692040472896,0.6803966
CRI,Costa Rica,2015,38.3,75.0198195767549,5.23639457041545,11714.7106121672,1.13397448273593,4818038.0,60.7535621474841,19.7938994857897,3.9552156362404,0.7458992
CRI,Costa Rica,2016,34.1,75.5423088085047,4.45296211937019,12084.4351419988,1.23322083330008,4866998.0,62.178478293067,19.4720092390485,1.95876468425999,0.7331119
CRI,Costa Rica,2017,33.3,76.0539254265608,4.83327522044665,12468.5654849336,1.13383955527767,4913177.0,65.0719536997344,19.2627713756962,2.85888359199826,0.7405908
CRI,Costa Rica,2018,33.1,76.5544308439668,4.81804579792257,12708.8042828359,0.945537295658598,4957818.0,66.7874137887726,19.5046515998984,2.19813590595039,0.6346654
CRI,Costa Rica,2019,33.4,77.0435864735963,4.19904890207774,12944.013449341,0.759689840900586,4999553.0,65.4194732486775,19.1715490711848,2.56723786170842,0.6261254
CRI,Costa Rica,2020,36.4,77.5211537281257,3.34838047556023,12322.2359458534,0.904748239780319,5034320.0,59.7463550719484,20.3068067235032,0.77156238017848,0.9250217
CRI,Costa Rica,2021,34.2,77.9868940200009,5.47775634815964,13267.2549508035,0.763407374189705,5059988.0,70.103693305909,20.5325430940213,2.41979857039784,1.0171458
CRI,Costa Rica,2022,,78.4405687613972,7.34017474268191,13931.8461614764,,5081765.0,79.0523903153884,20.6627165340869,7.00325255459006,1.1460641
CRI,Costa Rica,2023,,78.8819393641702,6.05567371313475,14531.5005137466,,5105525.0,71.4380310340536,20.4903900780684,-1.11707693307311,1.1842629
CRI,Costa Rica,2024,,79.3107672397967,5.58692738273204,15052.9149924743,,5129910.0,69.8533786394509,19.6686552818866,0.532579785738747,1.1756544
CRI,Costa Rica,2025,,79.7268137993004,5.42895237748853,15669.0041096907,,5152950.0,71.4919046503354,19.8814778385314,-0.535203079315011,
CSS,Caribbean small states,2010,7.763243873979,50.1513014486905,4.70629068797368,13697.4264360568,8.62330159035708,4173335.0,,32.9301213020244,3.06822012320676,
CSS,Caribbean small states,2011,8.84632068164214,50.1249359664817,3.75650340153234,13731.3218758813,13.3015504041525,4201107.0,,35.6254365016539,2.35832924461934,
CSS,Caribbean small states,2012,7.93956806787505,50.1446818440705,0.643283617211803,14203.8255539522,12.2944961175539,4228445.0,,31.2848877302123,1.68692297285939,
CSS,Caribbean small states,2013,6.8601581027668,50.1507539138983,0.839947866654013,14327.5751136155,11.5031926556672,4257682.0,,30.406518683423,1.99812933278655,
CSS,Caribbean small states,2014,6.01613766730402,50.1596535005104,3.86071883873952,14600.729767324,9.05600349923898,4286546.0,,29.5024966362226,1.16413036507736,
CSS,Caribbean small states,2015,6.1973602484472,50.1679113039414,3.2004390643872,14497.8798625347,4.2848647661101,4314191.0,,24.7496958855028,2.78009679969161,
CSS,Caribbean small states,2016,6.68268450932684,50.1731298812102,3.18430631182962,13962.4303282906,3.82127681559653,4341333.0,,24.1790017206258,1.04975057589528,
CSS,Caribbean small states,2017,7.41293833131802,50.1782963503998,1.49683918849797,13778.886010068,4.57139007565753,4366140.0,,25.1429121149564,2.20189112267732,
CSS,Caribbean small states,2018,7.1973830973831,50.095481721741,3.44444822089195,13827.9207659533,5.50157511256569,4407658.0,,25.4669915551656,0.812191409544852,
CSS,Caribbean small states,2019,5.88822815533981,50.0613448862218,7.01509829729674,13836.1810586697,5.16516340339099,4443134.0,,24.3962128395197,2.37062969780928,
CSS,Caribbean small states,2020,6.28843567906768,50.1148273041796,6.63802041303863,12507.6012734005,4.01790098119765,4459302.0,,24.3665648366522,-1.56608605132478,
CSS,Caribbean small states,2021,,50.1235419064094,4.83193079282107,13353.2168994617,7.88791358939435,4479167.0,,29.2775859678492,2.32589088221873,
CSS,Caribbean small states,2022,,50.1314448681558,-0.0615252275250797,15259.8516050593,,4497310.0,,36.1673709856648,5.48054006257745,
CSS,Caribbean small states,2023,,50.1020889305245,-0.900748919306987,16520.5066629775,,4519904.0,,32.4953475819778,3.71350377022728,
CSS,Caribbean small states,2024,,50.0999425738621,11.4467844104248,18643.3738062746,,4539060.0,,36.9860425408917,1.80600515336953,
CSS,Caribbean small states,2025,,50.1011216203825,,20052.8896994689,,4556558.0,,,2.55779461893218,
CUB,Cuba,2010,15.6,76.6099132468685,,6716.49048497058,2.69060313010367,11297409.0,40.2919413008332,22.8936077602288,1.20204852948169,0.4544143
CUB,Cuba,2011,19.2,76.707663902788,,6902.16397571139,2.92694825350704,11301571.0,46.9604290476881,22.258298304102,4.32376713223725,0.2361692
CUB,Cuba,2012,19.4,76.7776920066844,,7109.24834185635,2.18752036209115,11303175.0,45.8662036340766,23.3671948701822,2.91405780485152,0.2398598
CUB,Cuba,2013,18.2,76.81640625,,7307.82004410741,1.71188160483376,11298167.0,44.3238969253902,23.150308497952,2.65783023966264,0.3041157
CUB,Cuba,2014,23.2,76.8442459106445,,7392.48324633027,1.66734771791981,11285775.0,39.2741528539069,22.1520752925073,3.46337574129474,0.5757986
CUB,Cuba,2015,21.1,76.8702850341797,,7727.91997207998,0.693800859230045,11275065.0,31.6138124793419,22.3538093576701,3.43904876302352,0.5847166
CUB,Cuba,2016,19.2,76.9115829467773,,7774.0698462623,0.469100172114536,11265612.0,27.2691132420785,22.9428012655288,4.32834928458539,0.6142617
CUB,Cuba,2017,22.0,76.9603271484375,,7927.27769431767,0.66367803344131,11247829.0,26.2224363787618,24.3566251471414,4.11359085673479,0.5729674
CUB,Cuba,2018,24.0,77.0156326293945,,8120.43123558256,1.10185419907902,11227118.0,27.0835484486147,24.8779064658428,1.03226934180879,0.5676311
CUB,Cuba,2019,23.1,77.0728225708008,,8124.75282059108,0.920750895009186,11202846.0,22.8208911354416,24.5495399680549,3.54474299047101,0.6592457
CUB,Cuba,2020,24.5,77.1080322265625,,7252.28811179844,0.565351678337536,11176354.0,15.6829868097474,23.0186675609211,16.5566395702155,0.6687382
CUB,Cuba,2021,20.9,77.0987701416016,,7379.04275283674,,11122168.0,80.0237703083904,23.347541717258,401.586415836903,0.4994388
CUB,Cuba,2022,,77.1056060791016,,7552.33152218842,,11059820.0,93.8607755890525,23.7832356383659,14.0926582899991,0.4974928
CUB,Cuba,2023,,77.1259872296321,,7433.42885399674,,11019931.0,120.533878427187,24.497265486032,33.5551619344254,0.4305507
CUB,Cuba,2024,,77.1664929228275,,7381.39774048869,,10979783.0,124.863238865053,23.8481550383595,32.2188588698224,0.3155266
CUB,Cuba,2025,,77.2270774821152,,,,10937203.0,,,,
CUW,Curacao,2010,0.5,91.2491303278397,,20706.4374577658,,148703.0,143.932211823816,15.0197289233141,2.77999992864359,
CUW,Curacao,2011,0.5,91.2639416184104,2.40614386821884,20518.0986087103,0.0,150831.0,172.9234179922,13.6386615548987,-1.22227291824896,
CUW,Curacao,2012,0.6,91.2791300612311,2.31350888968206,20277.5111916571,0.0,152088.0,183.23646073841,13.786324580771,3.18400059113418,
CUW,Curacao,2013,1.1,91.2938785868797,-0.0497229529143155,19921.4770634064,0.0,153822.0,166.406149086576,15.3389619224941,1.3323001564294,
CUW,Curacao,2014,1.4,91.3082030810948,2.26501703647428,19529.5286704975,0.0,155909.0,164.35981815222,16.3585486908817,1.49869869811268,
CUW,Curacao,2015,1.3,91.3220471649755,4.78739208551233,19361.8130008678,0.0,157980.0,148.313815925541,16.5035972652616,-0.476487692925147,
CUW,Curacao,2016,1.4,91.3353544596205,4.39991508248854,18953.0537415003,0.0,159664.0,139.052979137029,17.1537621268712,-0.0472619991623873,
CUW,Curacao,2017,1.9,91.3480685861287,5.69261132752304,18651.4798142441,0.0,160175.0,139.812449543914,15.4098970219318,1.58549917027221,
CUW,Curacao,2018,2.5,91.3601331655991,4.16644115185917,18355.1767135889,0.0,159336.0,155.268858771687,14.4127509424641,2.58479965749217,
CUW,Curacao,2019,2.5,91.3714918191305,6.71586638933495,17980.5298177114,0.0,157441.0,,13.2746384916067,2.6259017492585,
CUW,Curacao,2020,2.8,91.3820881678218,6.14534823380696,14849.9698474917,0.0,155482.0,,11.9846935698392,2.68113194054027,
CUW,Curacao,2021,2.8,91.391865832772,6.23861045672485,15625.4113227953,0.0,153948.0,,11.4367683883552,3.75850144406871,
CUW,Curacao,2022,,91.4007684350799,5.71077943710701,16772.8146989153,,153321.0,,11.1890590183214,4.99831128146504,
CUW,Curacao,2023,,91.4080929292235,4.16291092136416,17326.9645481336,,154654.0,,11.6877241735871,2.40355188009367,
CUW,Curacao,2024,,91.4321812441765,4.34710595121915,18044.7750692923,,155967.0,,12.1862860339518,3.33118931770917,
CUW,Curacao,2025,,91.4727714986125,,,,156263.0,,,,
CYM,Cayman Islands,2010,0.0,100.0,504.372481374278,79483.0972813604,0.0,54099.0,,7.06530769853434,-0.20640583789077,1.246168
CYM,Cayman Islands,2011,0.0,100.0,743.700703126213,78233.0187551876,0.0,55606.0,,6.81332537051651,-0.46045298844831,1.2412396
CYM,Cayman Islands,2012,0.0,100.0,500.805921310871,77074.3890872511,0.0,57136.0,,6.85794609285449,1.26141317100767,1.2407194
CYM,Cayman Islands,2013,0.0,100.0,792.319801831675,76038.879554035,0.0,58655.0,,6.92395060087452,1.37820331588176,1.2391298
CYM,Cayman Islands,2014,0.0,100.0,1009.03105141977,76104.6215727416,0.0,60160.0,,6.89618044864104,0.886728378363429,1.2758384
CYM,Cayman Islands,2015,0.0,100.0,1709.8272317393,76379.2095108681,0.0,61642.0,,7.00603829734849,0.341900567720671,1.2746191
CYM,Cayman Islands,2016,0.0,100.0,54.6762793218217,77031.8643873625,0.0,63100.0,,7.28391279038289,1.00009233254727,0.9743726
CYM,Cayman Islands,2017,0.0,100.0,48.5158818428982,77717.1752058822,0.0,64535.0,117.436583687346,7.19381823523329,1.98679824630499,0.974877
CYM,Cayman Islands,2018,0.0,100.0,3.1399447714078,79305.769672996,0.0,65941.0,117.117123372744,7.41439077440039,2.66279949920632,0.978425
CYM,Cayman Islands,2019,0.0,100.0,18.1830873197548,80714.5718222987,0.0,67327.0,114.838539695171,7.70795357512228,3.39631203940991,1.275357
CYM,Cayman Islands,2020,0.0,100.0,123.314001465062,75199.6446006284,0.0,68684.0,105.472790158919,8.13491587686282,0.139369661076955,1.2749256
CYM,Cayman Islands,2021,0.0,100.0,-13.3283722401281,77259.6331096058,0.0,70108.0,,8.36764213758581,2.19319791187715,1.4633939
CYM,Cayman Islands,2022,0.0,100.0,-47.2642798695926,79942.1196290248,,71591.0,,7.98946216957173,3.89781092900634,1.4663069
CYM,Cayman Islands,2023,,100.0,165.458133910781,82906.5454943954,,73038.0,,7.61568931270384,3.81910359513664,1.4667806
CYM,Cayman Islands,2024,,100.0,40.9173186763319,84381.4731440521,,74457.0,,7.64116753959795,2.40313404785655,1.4607897
CYM,Cayman Islands,2025,,100.0,,,,75844.0,,,,
CYP,Cyprus,2010,6.5,67.5229111556342,125.272736246416,26090.037109375,0.0445722498723438,1127816.0,108.901699269523,14.4791152125979,1.88138203943318,0.7665588
CYP,Cyprus,2011,7.6,67.3979892758544,151.736913469908,25538.76953125,0.0717517642796192,1146493.0,110.617131287039,12.7453636495298,1.61625502234671,0.7840771
CYP,Cyprus,2012,8.6,67.3010289148738,289.858155745793,24285.484375,0.072728856527206,1165397.0,112.344273297273,11.7579854336711,1.67877418981877,0.7933209
CYP,Cyprus,2013,9.7,67.2102333625375,108.090333712845,22711.708984375,0.0449091633428491,1183895.0,120.926200639389,10.7492783120679,-0.937738949964341,0.7163623
CYP,Cyprus,2014,9.5,67.1230558819804,233.165814267121,22373.56640625,0.0348718589179378,1201801.0,130.84436307939,9.97287676875997,-1.33826573105922,0.7031147
CYP,Cyprus,2015,10.4,67.0402477918073,137.220747221649,23088.4296875,0.0198578971713362,1219502.0,137.276426477193,10.1909463210663,-0.754231430452322,0.6831374
CYP,Cyprus,2016,10.3,66.9625604106231,15.8272346194166,24477.974609375,0.00147131380581406,1237112.0,139.022098457248,10.836514879496,-0.574742494242457,0.7672285
CYP,Cyprus,2017,10.9,66.8907450570326,184.054180339924,25665.990234375,0.0053914863858221,1254275.0,148.013355558135,11.3472324007128,1.02039376290533,0.6738103
CYP,Cyprus,2018,12.0,66.8255530496405,307.086610313426,26962.392578125,0.00469231201910547,1270737.0,147.623567410054,12.0224270287232,1.02575360460912,0.6561041
CYP,Cyprus,2019,12.0,66.7677357070518,431.788575910459,28167.146484375,0.00361325176711909,1286671.0,150.50616312951,12.7890113416796,1.35009076801123,0.7399069
CYP,Cyprus,2020,15.0,66.7180443478713,-296.013333456363,26895.671875,0.0079310862289615,1302247.0,160.66871645997,12.8234844954585,-1.20792857395175,0.4538116
CYP,Cyprus,2021,15.6,66.6718365394971,21.8171208826836,29517.05859375,0.0127645649104764,1317309.0,176.82773681987,11.4804477138081,3.03406314812496,0.4791734
CYP,Cyprus,2022,,66.6694829407584,0.172623567791445,31505.2109375,,1331370.0,205.753530252705,10.375046731535,6.16482950856525,0.3811357
CYP,Cyprus,2023,,66.6739477522639,-63.1546391215421,32022.01953125,,1344976.0,190.740957956519,11.3336799309353,5.60068698105447,0.3935929
CYP,Cyprus,2024,,66.6824259192483,-133.824213233455,32757.541015625,,1358282.0,190.40287092076,11.1357928688814,3.1220034017947,0.3858613
CYP,Cyprus,2025,,66.6950270703775,27.0778550174763,33526.828125,,1370754.0,189.496102105437,11.1473085590209,1.11247957322998,
CZE,Czechia,2010,10.9,73.3495599222723,4.81502985527419,16665.9317825137,0.965734444102689,10474410.0,126.756480116798,32.7825374564339,-0.485125297413731,1.0992694
CZE,Czechia,2011,12.2,73.2878338394746,1.80994155301699,16926.2846674435,1.07008711032612,10496088.0,136.750855542438,33.3153047782183,-0.221133416037063,1.1297603
CZE,Czechia,2012,12.8,73.2249239592898,4.48424380759869,16772.3539223328,0.640579925432997,10510785.0,145.480195396935,32.6118775656289,1.34339010085863,1.1228486
CZE,Czechia,2013,13.9,73.1622186934979,3.45386726376292,16759.7808635642,0.382852117100547,10514272.0,145.502230624961,32.3750644937133,1.2715877867745,1.1188359
CZE,Czechia,2014,14.8,73.0995921041469,3.83510153423089,17118.0425571578,0.345428962074698,10525347.0,156.415122826886,33.5256056944841,2.7067159395823,1.1241036
CZE,Czechia,2015,14.8,73.0370442874355,0.898913491904098,17931.5987670768,0.314061907144002,10546059.0,154.018400997633,33.515061761941,1.23453645859612,1.100576
CZE,Czechia,2016,14.8,72.9745753395623,5.47566421423918,18359.0978103904,0.310276297011828,10566332.0,148.547004664435,33.0261220764687,1.49123391004676,1.0617374
CZE,Czechia,2017,14.5,72.9121853567256,5.07066240955503,19257.6930680911,0.372292874562504,10594438.0,147.750834854762,32.2345069182507,1.6836205033357,1.0199948
CZE,Czechia,2018,14.7,72.8498744351241,3.30353998283407,19736.6295261285,0.389418621280193,10629928.0,145.141717890789,31.2449402120943,2.81335980001735,1.0436452
CZE,Czechia,2019,15.9,72.7876426709563,4.18705737619001,20360.0599221814,0.399790319341053,10671870.0,138.154609993871,30.8172927602906,3.8413178989087,1.0363667
CZE,Czechia,2020,17.0,72.7254901604208,3.39114066226469,19233.1469549829,0.416571327081177,10697858.0,128.780430305965,29.6728490106408,4.51623223406736,0.9082209
CZE,Czechia,2021,17.2,72.6810594374316,4.43029524586196,20373.8783043424,0.394999591152656,10505772.0,137.378116302868,28.5164055991395,4.03442637497191,0.9968819
CZE,Czechia,2022,,72.6967638379524,3.02937517288668,20627.348651011,,10672118.0,144.011494109397,29.2185730464326,8.67110087967065,0.9957469
CZE,Czechia,2023,,72.7352388396817,3.4462419046487,20272.5874017334,,10864042.0,131.892598295876,30.0237282227463,8.59789006156055,1.0704669
CZE,Czechia,2024,,72.7947984592185,3.8933976290188,20449.1135911311,,10905028.0,131.466608125579,29.2059177792245,3.90248023036213,0.9719006
CZE,Czechia,2025,,72.8754367116112,2.68622429295406,21011.7675172345,,10886878.0,128.039437374276,28.7060921980279,3.51261236846389,
DEU,Germany,2010,11.6,80.305702559949,2.48154528887853,38526.7371042695,0.195522369883906,81776930.0,73.8852351200263,26.0371435344861,0.699760025176531,0.9300893
DEU,Germany,2011,12.5,80.3405762928198,2.55089499875415,40722.4849268242,0.228554942117436,80274983.0,78.433002901442,26.2795286339924,1.22973443987648,0.895856
DEU,Germany,2012,13.6,80.393447520218,1.8196411156431,40834.5088218456,0.1648561931117,80425823.0,79.3316495670315,26.5450401531822,1.43633622765856,0.9668035
DEU,Germany,2013,13.6,80.4732318400362,1.76515036525359,40884.8926759028,0.12505562713457,80645605.0,77.5860288576931,25.8779408891742,1.99569888138804,0.9567087
DEU,Germany,2014,14.0,80.57574023743,0.437762571704246,41602.4661281668,0.0973612592499159,80982500.0,76.8483516336234,25.9859539549736,1.89470416699187,1.067265
DEU,Germany,2015,14.6,80.6974371632814,1.82239938063641,41929.7549110722,0.0760120087289006,81686611.0,77.7565815686922,25.8737038512745,1.74443989037543,0.8311441
DEU,Germany,2016,14.2,80.8347870684725,1.64365840117303,42516.9337063103,0.0642202510440344,82348669.0,76.0059902166055,26.1732405694774,1.25424485239203,0.7945337
DEU,Germany,2017,15.2,80.9842544038853,2.88914588414184,43543.4807050551,0.0682636663146081,82657002.0,77.4548394742448,25.9754703565139,1.47661425586129,0.7022243
DEU,Germany,2018,16.0,81.1423036204018,4.00082875273687,43905.8550061973,0.0847654608298758,82905782.0,79.1252260463654,25.8506477811784,1.87085953898291,0.8239013
DEU,Germany,2019,17.1,81.3053991689039,1.9056930139782,44235.2658954682,0.0926260316690242,83092962.0,79.0732427175683,25.5415743169893,2.00929122727773,0.7271723
DEU,Germany,2020,18.5,81.4700055002738,4.48523547812751,42372.8726784255,0.0767453976974352,83160871.0,72.9335327120137,25.2353421894561,1.75745290166456,0.6840532
DEU,Germany,2021,17.6,81.6325870653934,2.93002168676674,44011.0194631674,0.0770848993139744,83196078.0,79.9195348609851,25.1570468778005,2.69677840082888,0.6603045
DEU,Germany,2022,,81.7867852780995,1.82269397984058,44817.1316331389,,83177813.0,88.7857542130501,25.560348825259,6.41315910830296,0.5284799
DEU,Germany,2023,,81.9034366692129,1.99210813981277,44368.9920074881,,83287273.0,81.9625483787634,26.7958505063624,6.6911238945853,0.50602
DEU,Germany,2024,,82.0211432579125,1.33680512940413,44027.7631554469,,83516593.0,79.0907305894936,25.6229541900267,3.1102774214087,0.1242671
DEU,Germany,2025,,82.13822205362,1.88462297077013,44146.6409090446,,83491249.0,78.5128112199127,25.1588063294339,3.00895267696031,
DJI,Djibouti,2010,32.5,70.6486554782903,3.23415329697175,,0.838156180608274,930251.0,,,,0.3584284
DJI,Djibouti,2011,32.0,70.6776532458676,6.37538483893525,,0.888463490648047,948558.0,,,,0.1177782
DJI,Djibouti,2012,32.3,70.7266311335377,8.1261509172004,,0.945907199473507,966747.0,,,,0.1173704
DJI,Djibouti,2013,29.9,70.7969331287484,13.9893763417185,2140.13769442336,0.526727088783967,984824.0,347.720317058403,11.3865800627511,,-0.2955231
DJI,Djibouti,2014,29.4,70.8899032189478,6.88983261287099,2253.14082249768,0.788998443214345,1002717.0,298.564535821251,11.612957172612,1.3297387508826,-0.3843552
DJI,Djibouti,2015,24.8,71.0068853915837,5.93271216592944,2376.12554719873,0.662618364843773,1020313.0,268.363456254629,11.3951494809576,1.73934880196404,-0.493180099999999
DJI,Djibouti,2016,23.6,71.1492236341041,6.1420623506391,2502.85181449431,0.484424417766637,1037653.0,213.071998607921,11.3387071221455,0.302782333572253,-0.7074408
DJI,Djibouti,2017,23.3,71.318261933957,5.97013597143086,2596.45134698268,0.571398008790601,1054841.0,305.967966403468,12.4061244543166,0.562231530282162,-0.7552217
DJI,Djibouti,2018,24.7,71.5153442785902,5.83497725047345,2677.1650334451,0.278959298930402,1071882.0,300.398900523844,13.991615352663,0.656019048644325,-0.296717499999999
DJI,Djibouti,2019,23.4,71.7418146554518,5.66550441566635,2781.94350113484,0.358531614173272,1088709.0,320.93923036418,14.6103467336685,0.449845161500079,-0.3842768
DJI,Djibouti,2020,27.5,71.9990170519895,5.03254315668511,2773.40661780097,0.322148755925581,1105188.0,225.744871323723,14.5456933567204,0.580719548070135,-0.4591955
DJI,Djibouti,2021,26.6,72.2882954556515,4.91482788768696,2854.15987035097,0.277110490356489,1121248.0,263.477728733891,15.4059788148715,3.35375272496144,-0.5273642
DJI,Djibouti,2022,26.9,72.6109938538856,5.24930012962196,2959.78673011268,,1137096.0,302.285409231545,15.0308727802738,-0.147758592154517,-0.4774121
DJI,Djibouti,2023,,72.8408245988921,3.51446231641349,3117.8155381531,,1152944.0,285.902043800644,14.432376023443,2.44653971370865,-0.4640183
DJI,Djibouti,2024,,72.9052635052978,1.63337101411676,3290.42482052598,,1168722.0,241.237463098287,15.913892950777,-0.441942709749782,-0.5563593
DJI,Djibouti,2025,,72.9758660686475,,3458.71447416107,,1184076.0,206.296043192215,16.5818071012259,4.58374366386158,
DMA,Dominica,2010,10.3,67.9983269911984,10.9887086593887,8574.27308682238,0.0491548799650004,68859.0,,13.542839229991,0.929049061895853,1.098788
DMA,Dominica,2011,13.8,68.3978165602727,9.48510899097882,8553.8384670104,0.0412282999821639,69053.0,,14.7847029833916,2.30733865943149,1.0934992
DMA,Dominica,2012,11.3,68.754609337094,10.823245661111,8532.34388117289,0.0414520814234463,69118.0,,15.0217799795012,-2.04961801902151,1.092941
DMA,Dominica,2013,11.4,69.119704197722,7.09315981024728,8459.6586988024,0.0539374373872897,69715.0,,13.4469362528695,4.79399321200063,1.0912351
DMA,Dominica,2014,9.9,69.4907847110252,2.15759020953855,8576.26367623609,0.0651451844425706,70373.0,,13.5409587791002,2.54364613182496,1.1473784
DMA,Dominica,2015,8.7,69.8679153463528,1.22782053461875,8282.59874702141,0.0474677077229137,70410.0,,11.9415971243125,5.46641230976567,1.1120789
DMA,Dominica,2016,10.7,70.2511605730541,6.89801855079428,8499.52291903149,0.0602343950060558,69606.0,,12.5108806035108,3.56536248291768,0.9362782
DMA,Dominica,2017,9.7,70.6405848604787,4.02538103514499,7985.6341102129,0.0559454272358846,68496.0,,11.6477982459601,-0.552599854216922,1.1093885
DMA,Dominica,2018,7.9,71.0362526779762,12.4606230458607,8261.16492553236,0.0348243046150246,68174.0,,16.4273165670357,8.30802203726348,1.112031
DMA,Dominica,2019,7.6,71.4382284948964,9.78484788732394,8624.51695993537,0.0284260300710226,67880.0,,16.4478298361598,-1.34582555877566,0.9867091
DMA,Dominica,2020,8.6,71.846576780589,4.31749235024332,7302.94454951254,0.0462893309270096,67573.0,,12.143682386304,-2.60093187346024,1.2385037
DMA,Dominica,2021,8.8,72.2613620044042,5.0343144105378,7738.31730070386,0.0330678676450178,67202.0,,13.0406747989946,0.988572384160591,1.2367945
DMA,Dominica,2022,8.9,72.682648635692,2.71598643499556,8590.92209069816,,66826.0,,12.6067753689955,0.261823678449417,1.2397365
DMA,Dominica,2023,,73.1105011438027,7.2826833844529,8946.98822588042,,66510.0,,12.7501207770175,2.08922149000234,1.2402149
DMA,Dominica,2024,,73.5449839980866,8.70431929375585,9172.71049624795,,66205.0,,13.8759556554372,2.38337752255535,1.2341643
DMA,Dominica,2025,,73.9861616678942,6.8354356791273,9500.63184456131,,65871.0,,14.1136500854473,1.96505426461715,
DNK,Denmark,2010,21.2,86.8652420043945,-3.56794135328115,51209.4492757775,1.21806959470816,5547683.0,94.3877282319057,19.3679354644121,3.18685979296221,1.1703202
DNK,Denmark,2011,23.8,87.1567653955846,3.93792637361731,51667.5313210425,1.63537891856148,5570572.0,102.012930474308,19.8459237938884,0.646380343342173,1.155094
DNK,Denmark,2012,26.9,87.2336196899414,-5.00312031968255,51470.689845427,1.52209845823621,5591572.0,104.362280505171,19.8506421545794,2.40784261053872,1.0433934
DNK,Denmark,2013,27.0,87.5436524760432,0.197410828523168,51970.3909324806,1.17608346343677,5614932.0,103.612813249189,19.734359858156,0.846911259922024,1.0203721
DNK,Denmark,2014,30.2,87.6823985731907,1.86415567840611,52368.3625969272,0.983209243067839,5643475.0,103.210859225139,19.4044479337978,1.01870648692126,1.1307994
DNK,Denmark,2015,32.5,87.7254056577329,0.61075067778712,53094.0133607574,0.521484568638432,5683483.0,105.130362453899,19.5644428511085,0.409102918740629,1.0198991
DNK,Denmark,2016,32.0,87.6999969482422,2.49983169836595,54300.2039621991,0.342477974632511,5728010.0,101.452783808643,20.2319629319966,0.42651293565801,0.9320841
DNK,Denmark,2017,35.0,88.0161943799509,1.08780490285886,55601.0145717787,0.470200711781742,5764980.0,104.215676920442,20.4236252284711,1.10061874801856,0.9149035
DNK,Denmark,2018,34.6,88.1059762310689,2.46670057625106,56355.0733084714,0.587862611976543,5793636.0,108.813985501909,20.5755636281273,0.593022199554014,1.0018359
DNK,Denmark,2019,37.2,88.2096490810669,-1.10067098319484,57114.6227336347,0.446224762644461,5814422.0,111.891475065653,20.6402200527554,0.950878606508979,0.8984987
DNK,Denmark,2020,39.5,88.2394485473632,0.363874538682217,55934.5555945523,0.162332732247836,5831404.0,104.433432671151,19.5550544065806,2.82692168535247,0.8682976
DNK,Denmark,2021,39.5,88.2616449318149,4.18538817542322,59312.8158043771,0.33866438619955,5856733.0,112.321472697291,19.3930980986428,3.04435420134703,0.8409469
DNK,Denmark,2022,,88.3880239837703,6.9048667972729,59108.7449374068,,5903037.0,131.995824909071,20.6688567291554,10.3984104940467,0.8416401
DNK,Denmark,2023,,88.552638542867,2.0346382929142,59026.9843650999,,5946952.0,129.625337431278,23.6155835404278,-2.12250636567327,0.9005936
DNK,Denmark,2024,,88.6960552688405,4.29658848924698,60772.8624276041,,5976992.0,131.765030975207,24.1417253330521,1.45545513933037,0.7688761
DNK,Denmark,2025,,88.8458435892689,,62217.6077931564,,6009169.0,129.222304332118,24.8409035781792,1.665716022732,
DOM,Dominican Republic,2010,16.9,74.1642773174177,3.38320513554667,5666.45633430206,0.172400177111422,9820175.0,56.0573964175321,27.2729956898842,5.3493113436178,-0.0570436999999999
DOM,Dominican Republic,2011,16.8,74.2440389501301,3.79217588020774,5773.57403459156,0.340210817624619,9945621.0,59.0692578401698,27.543253721519,7.96628942136113,-0.0597805999999999
DOM,Dominican Republic,2012,16.5,74.2398679969568,5.64036946601582,5860.29893321013,0.446840708804603,10070411.0,58.5062536731089,27.3630347889582,4.97847501671956,0.0313944
DOM,Dominican Republic,2013,16.6,74.2251359951216,2.55757225532805,6075.03399972737,1.02972097005091,10193833.0,56.8137658014945,28.042816852784,4.62859670880844,-0.0097174
DOM,Dominican Republic,2014,17.3,74.1931533822153,3.55938801753347,6430.27811051339,1.03750954514513,10315528.0,55.6601041506633,28.3860007406051,4.2157814645044,0.0549569
DOM,Dominican Republic,2015,14.9,74.1372305958285,3.13851060913817,6800.95309395474,0.535347858231712,10434829.0,52.3471238667007,26.9345632876959,2.38116064893268,0.1170524
DOM,Dominican Republic,2016,15.3,74.0506780735522,3.33024928523507,7177.75376475488,1.2819479321571,10551430.0,51.7306571245477,25.8795514870557,2.0153931389807,0.1555826
DOM,Dominican Republic,2017,16.9,73.926806252977,4.55025610026855,7379.39978067137,1.03534454096242,10666843.0,50.7595355508472,25.7840049829017,3.90748393888811,0.0918722
DOM,Dominican Republic,2018,15.9,73.7589255716938,3.22902365102652,7818.70593240469,0.868889463505184,10782053.0,52.3351709577013,26.9196437003489,4.54050503974423,0.0030759
DOM,Dominican Republic,2019,14.4,73.5403464672933,3.17366550445317,8117.04639185786,1.05544444208182,10894043.0,50.912982200697,27.3564369481505,3.59545070493974,0.0515231
DOM,Dominican Republic,2020,16.0,73.2643793773663,3.13265976088131,7395.8734262396,1.23931109405337,11008300.0,44.7331613466756,28.8243175766758,5.45467337342448,0.2361204
DOM,Dominican Republic,2021,14.8,72.9243347395035,3.53154938314388,8344.90510312395,2.07711318519727,11123476.0,51.9500227303115,30.8689593199686,7.22103350242185,0.3502987
DOM,Dominican Republic,2022,,72.4203155643711,3.56897046352612,8698.13592094395,,11230734.0,54.3781976712844,30.8255427451738,9.55123473466408,0.4914554
DOM,Dominican Republic,2023,,72.3577991823338,3.94375586800192,8809.96335385949,,11331265.0,49.8436131764417,29.3086832346831,5.7871768273554,0.4655668
DOM,Dominican Republic,2024,,72.4121874752151,3.6013993607877,9168.45418897141,,11427557.0,51.7835143952326,28.724388436827,4.27167538984344,0.5893402
DOM,Dominican Republic,2025,,72.517694062591,3.86068433895096,9287.06293024608,,11520487.0,51.4949057079303,28.4172137588972,4.46998593987485,
DZA,Algeria,2010,0.3,67.1235057867459,1.29390467487817,4456.6102741643,25.5383244245491,36188236.0,63.4912159928425,45.2431946364671,15.5569181218379,-1.31766989999999
DZA,Algeria,2011,0.2,67.7344007507578,1.17767329101171,4501.3543013352,28.5812899587159,36903376.0,62.2200899610479,44.9869856015855,16.9087083630482,-1.43622689999999
DZA,Algeria,2012,0.2,68.3421258553675,0.660551953898791,4518.43978956464,26.2525144621236,37646166.0,60.7576393340605,43.1950549091774,8.00244653777544,-1.2861441
DZA,Algeria,2013,0.1,68.9463836079277,0.736559065111634,4543.23444006767,24.2231338959379,38414171.0,59.151008157244,39.7438543670176,0.892752993063837,-1.3382043
DZA,Algeria,2014,0.1,69.5468765157615,0.628688968391006,4634.10149179952,22.6123097835033,39205031.0,56.9235419669867,38.5614138325673,1.45036466218247,-1.1769102
DZA,Algeria,2015,0.1,70.1433070861612,-0.286832290676438,4685.05902729002,14.9252527493911,40019529.0,53.2046225904145,32.7565009315894,-4.98674479608955,-1.049624
DZA,Algeria,2016,0.1,70.7353778263851,0.906300705997455,4768.73140081027,12.8191814025545,40850721.0,49.7609327925216,32.205164049828,0.856688224051865,-1.12458449999999
DZA,Algeria,2017,0.1,71.3227912436551,0.647902696344894,4742.90075532529,15.372392970843,41689299.0,49.8208161712587,33.4766949498416,4.93800729574315,-0.929504599999999
DZA,Algeria,2018,0.2,71.905249845153,0.753576088552125,4717.0035885361,20.7172028374976,42505035.0,52.4361676779223,35.3432586054084,6.16467836389162,-0.6370211
DZA,Algeria,2019,0.2,72.4824561380175,0.713947308015691,4672.66408678635,18.5236789388593,43294546.0,46.5068426081672,33.5743211841578,0.882992828847023,-1.06252749999999
DZA,Algeria,2020,0.1,73.0541126293395,0.693816014772836,4363.68533767783,14.0343770936226,44042091.0,40.3897565625388,30.0235803787213,-4.7113839171413,-0.883733299999999
DZA,Algeria,2021,0.1,73.6199218261573,0.466728479682941,4456.74687637774,22.5902703479201,44761099.0,46.8370592599607,36.3214812457704,15.9325995902386,-0.9009933
DZA,Algeria,2022,,74.1795862354514,0.107187812155079,4544.46688060372,,45477389.0,51.1900893683897,43.0521306240802,22.9203055988744,-0.8074555
DZA,Algeria,2023,,74.732808364138,0.489819143410423,4660.40545687895,,46164219.0,43.7397984507007,37.5476547378243,1.00153139964416,-0.7317401
DZA,Algeria,2024,,75.2792907190618,0.455370730483787,4765.72900168387,,46814308.0,40.1345741170703,36.1956789537864,3.37497744499591,-0.6935882
DZA,Algeria,2025,,75.8187358069877,,4882.79591454336,,47435312.0,38.9789440161631,34.7988339380982,0.784233783400794,
EAP,East Asia & Pacific (excluding high income),2010,15.7296949227323,47.6560812444264,3.73126337354909,4797.14626921917,6.30973934384786,1973602166.0,56.1702299797332,44.2135591570503,6.26499886932319,
EAP,East Asia & Pacific (excluding high income),2011,14.7055801193074,49.6140488674566,3.45329524018797,5168.39472019044,7.63586468386377,1989106668.0,56.8294256326259,44.4074298324887,5.41240809007968,
EAP,East Asia & Pacific (excluding high income),2012,14.7136828117177,50.6757055422017,2.79558325908901,5511.80083123891,4.40483505307138,2006566431.0,54.3914300341054,43.5394012613209,3.57651375541231,
EAP,East Asia & Pacific (excluding high income),2013,14.6049166091883,51.8122190695644,3.00558050465115,5864.59707043702,3.36518084894188,2023850158.0,52.7859645889392,42.4275991471373,2.8690452471251,
EAP,East Asia & Pacific (excluding high income),2014,14.8403680079479,52.8565756064242,2.53709571218457,6225.56359132253,2.77345550768443,2040383789.0,51.1629888239809,41.5240599958961,3.29936912050763,
EAP,East Asia & Pacific (excluding high income),2015,14.5349935193322,54.1114656751357,2.26097799571763,6589.81824245918,1.53497152301259,2056050896.0,46.0529922248111,39.4965487831338,2.53089781689621,
EAP,East Asia & Pacific (excluding high income),2016,14.9330102136904,55.3186115241997,1.59199571863356,6966.41995023195,1.35375893551619,2071486140.0,43.4835710369408,38.3760490391416,2.43892408688207,
EAP,East Asia & Pacific (excluding high income),2017,15.1598217902853,56.4654638258327,1.58762041333312,7374.76727155093,1.64956744994859,2087238522.0,44.7887416524977,38.688485021669,2.97918318621855,
EAP,East Asia & Pacific (excluding high income),2018,15.2617412584325,57.6502705350874,1.84235105102557,7806.58627734919,1.82587027379953,2100698838.0,45.0911503213632,38.629567318234,3.74065383022071,
EAP,East Asia & Pacific (excluding high income),2019,15.6869369882801,58.6555692756585,1.49203363902275,8220.63635978721,1.57315718362027,2112289891.0,42.9152669023519,37.5150471586422,1.31658042560161,
EAP,East Asia & Pacific (excluding high income),2020,16.1762699381612,59.3705245555409,1.70361094369447,8293.47330929094,1.1002093847228,2121866294.0,40.8339837931559,36.6830120246227,1.22225156843744,
EAP,East Asia & Pacific (excluding high income),2021,,60.3526131684329,2.06362878777772,8905.68067463003,2.09969813644638,2128553744.0,44.766996321658,37.9196922987801,3.71344836687553,
EAP,East Asia & Pacific (excluding high income),2022,,60.8593968560328,1.29377820119178,9200.1190748992,,2133560408.0,46.8418898134075,37.9193099918068,6.16371648905898,
EAP,East Asia & Pacific (excluding high income),2023,,61.2276463501262,0.594063387009373,9666.08432645256,,2137527754.0,45.0719101583305,36.7573123626313,2.54749432932826,
EAP,East Asia & Pacific (excluding high income),2024,,61.6125537930801,0.611837388933545,10127.9180882519,,2141122258.0,46.5944318064169,36.3034912529049,4.50394354503945,
EAP,East Asia & Pacific (excluding high income),2025,,62.0532518845953,0.60851415096412,10614.8796455435,,2143908411.0,46.8838486059509,35.5893451751129,2.95985755940733,
EAR,Early-demographic dividend,2010,24.8615971543891,42.1325153327682,1.86234918289695,2769.87664169436,9.2263971009731,2967104472.0,53.349989270117,35.0713171922143,6.90506472366725,
EAR,Early-demographic dividend,2011,24.0855008274837,42.55386928757,1.85954488362171,2862.47539021219,11.8062894708475,3013476947.0,56.517194772314,36.7004378419132,7.96628942136113,
EAR,Early-demographic dividend,2012,23.7687952198121,43.0048413961797,1.73792719378188,2939.37593158074,10.8092139913432,3058869436.0,57.5346276909554,36.3857634196045,4.97847501671956,
EAR,Early-demographic dividend,2013,24.0275019293983,43.5232298113552,2.06327607107418,3013.93253830751,9.65442750890955,3103677284.0,56.4796489623229,35.6424778572208,4.34915794313848,
EAR,Early-demographic dividend,2014,23.4924369677916,44.0073800418903,1.73022604328535,3091.3641287626,8.30117717044858,3146800078.0,54.8164945216542,34.8342257932174,4.01793096140872,
EAR,Early-demographic dividend,2015,23.2788830905664,44.4503233893376,2.115300444089,3178.86716124226,4.61984404688585,3190318707.0,50.8388085111414,32.4550022393669,3.17451861482162,
EAR,Early-demographic dividend,2016,23.2789953267586,44.8097968515725,2.05449178222285,3266.95703994597,4.0538908947485,3233033717.0,48.5155028452785,31.9632469651098,2.67572013051806,
EAR,Early-demographic dividend,2017,22.9476250496601,45.1249360555588,1.89614834365963,3370.86780261045,4.91524476316313,3274060446.0,50.5259971027819,32.4434805824601,4.43123846750837,
EAR,Early-demographic dividend,2018,23.0553629444334,45.4349772935468,2.02403273353307,3450.30289844386,6.57948874874926,3314245247.0,54.444959648588,33.5704111181752,3.83005510109066,
EAR,Early-demographic dividend,2019,23.4235915027361,45.7649596058874,1.84177038239733,3485.83540250583,5.38213363216934,3355014793.0,52.0274235296136,32.5889408913102,3.34313691610601,
EAR,Early-demographic dividend,2020,24.9895503831566,46.0812452315672,1.83436624459119,3296.2051222201,3.85202939747726,3396051187.0,47.2001890217132,31.5134103357952,3.30969230794909,
EAR,Early-demographic dividend,2021,,46.3752600779412,2.2009787557197,3506.50286307281,6.76810749384769,3432026092.0,53.2736946311421,33.6606829816686,6.20620808118304,
EAR,Early-demographic dividend,2022,,46.6969243405166,1.99785530283531,3676.37654127034,,3470644834.0,58.8508086269123,35.1325517670929,8.25173238489145,
EAR,Early-demographic dividend,2023,,47.0167430983708,1.58743309308676,3783.31364991383,,3511607650.0,53.2990617607256,33.8065562906665,4.69933824010405,
EAR,Early-demographic dividend,2024,,47.3447903059446,1.7405573453791,3884.38931770884,,3552306404.0,52.0353099458386,32.5265113599767,5.38178043316242,
EAR,Early-demographic dividend,2025,,47.668162672247,1.72072095608312,4008.58216469443,,3592750579.0,52.5380925469247,31.6998737357123,3.54689147852916,
EAS,East Asia & Pacific,2010,13.434787598045,52.0187036677998,2.87947359447277,7876.59864598949,3.60614448261369,2214613815.0,62.4121810312105,35.8060010196061,3.20158051976917,
EAS,East Asia & Pacific,2011,12.7263364615484,53.7652047882868,2.80279008090874,8240.19911455592,4.50884052335569,2230826576.0,64.5971576508542,35.8448444655278,3.90835845629041,
EAS,East Asia & Pacific,2012,12.7952806131987,54.6999640125725,2.4117828438351,8603.6234263906,2.736647322394,2249081393.0,63.168043109784,35.6735137532498,2.88426651899299,
EAS,East Asia & Pacific,2013,12.807588042962,55.6959158950493,2.72461012274354,8985.01177157421,2.35274735583192,2267072102.0,62.3827545888117,35.763319514759,2.1670083558869,
EAS,East Asia & Pacific,2014,13.1772220799983,56.6126794721138,2.81336166893919,9355.53149899712,2.00756769805988,2284385542.0,61.3573190938721,35.9449998555084,2.27264477705273,
EAS,East Asia & Pacific,2015,12.9820393664344,57.7233143419672,2.76000821462279,9730.64405529046,1.18305863936144,2300844269.0,55.8290520469976,35.2213110000082,2.52668299096356,
EAS,East Asia & Pacific,2016,13.3311956056945,58.7921942331022,2.28240597867498,10109.9616270695,1.07031413810995,2317076058.0,52.1899349115895,34.4321100893642,1.93173616821974,
EAS,East Asia & Pacific,2017,13.5844394239657,59.8037083838459,2.26721780513424,10544.5364751924,1.34319399803612,2333475520.0,54.1226392740164,34.8688699099758,2.72877535063135,
EAS,East Asia & Pacific,2018,13.7870493058758,60.8515259788814,2.24405309386975,10985.5560070104,1.48989387790918,2347576325.0,55.1170354905828,34.984620509105,3.46684316501813,
EAS,East Asia & Pacific,2019,14.2375892668268,61.7435560127223,1.93477667198105,11370.44994499,1.36846364385678,2359762190.0,52.9754541230876,34.2234254245119,1.31658042560161,
EAS,East Asia & Pacific,2020,14.8081424064458,62.3741418144863,2.14838775351096,11313.8325015148,1.06688527132971,2369420882.0,50.0180622255219,33.8297368558584,1.46747814810814,
EAS,East Asia & Pacific,2021,,63.2351929830371,2.58515639592984,12018.1160959764,2.14386252768639,2375117716.0,54.8600151200911,34.796482828235,3.1886979921222,
EAS,East Asia & Pacific,2022,,63.6828244393002,2.26590867485264,12361.4385727479,,2379617118.0,59.6939018282108,34.7891836323046,5.46517905025054,
EAS,East Asia & Pacific,2023,,64.0244370902805,1.46754388160306,12838.6681574645,,2384441485.0,57.1466583666313,33.9785427907825,2.65024243712615,
EAS,East Asia & Pacific,2024,,64.3743990279048,1.54720365657817,13295.329301063,,2388319468.0,58.3569037736715,33.6026274204986,4.00353838933305,
EAS,East Asia & Pacific,2025,,64.7709883214594,1.27253339192307,13812.0162098692,,2390873921.0,63.838293587838,33.0502341797305,2.48641771124112,
ECA,Europe & Central Asia (excluding high income),2010,7.81163686125183,60.7251070375303,2.88586754327858,5149.8055295914,5.91061707477073,230106440.0,61.4781075271409,28.5112062228292,8.90130951132168,
ECA,Europe & Central Asia (excluding high income),2011,7.06633152811845,61.3214773416833,3.90279266669978,5534.97431736067,7.76770939128909,231988438.0,68.6230607829263,29.9188916172977,10.0870132326537,
ECA,Europe & Central Asia (excluding high income),2012,7.4990959908438,62.2669531526226,3.13483628011502,5714.90712667646,6.5472320668807,233875199.0,68.110663995319,29.7208706819743,5.69492446064828,
ECA,Europe & Central Asia (excluding high income),2013,8.04245729281583,63.8500039555659,2.41332004573633,6037.24531324726,5.6330674536205,235905150.0,64.5251936232523,29.7325364445602,3.49991704639481,
ECA,Europe & Central Asia (excluding high income),2014,7.75696722378988,65.5655995922325,2.29906196133622,6178.94474790458,4.95976079249803,237999321.0,64.6838803393192,29.9536755926894,3.74965567021992,
ECA,Europe & Central Asia (excluding high income),2015,8.89374944135576,66.8135844921441,2.90607712139531,6338.80741019255,2.92122011605943,240083379.0,61.6783647418943,28.7447064062455,2.22766664995987,
ECA,Europe & Central Asia (excluding high income),2016,9.05362050305208,67.2028741800351,3.59919334400442,6462.34464500545,2.6343588265314,242224182.0,61.4568548156496,28.8271137957514,3.50806334370899,
ECA,Europe & Central Asia (excluding high income),2017,8.68104031424437,67.2908425220823,2.38527310045323,6792.21425054227,3.72787326211225,244308649.0,66.3429884847379,28.8251756848099,6.28980617702843,
ECA,Europe & Central Asia (excluding high income),2018,9.10455322874983,67.4464992918229,2.21210045100258,6989.62463883041,5.36472692919729,246400484.0,72.0679891452876,29.7823485429508,3.37569650407377,
ECA,Europe & Central Asia (excluding high income),2019,10.0324286162535,67.7517086172661,2.38510181597976,7109.90457345448,4.32440447920811,248576676.0,71.0255690842484,28.460948189037,3.70690023426105,
ECA,Europe & Central Asia (excluding high income),2020,10.0604471757322,67.9547177892126,1.84903923811414,7080.0362508299,2.96661232093406,250351240.0,65.2674804509648,28.2749502508082,2.22797604954881,
ECA,Europe & Central Asia (excluding high income),2021,,68.150425455559,2.34150384127615,7690.46991422501,6.93870414472702,251867727.0,73.197085076504,30.4597762775759,8.47251160639347,
ECA,Europe & Central Asia (excluding high income),2022,,68.1628939259503,1.83172337638127,7972.62807689424,,250514347.0,82.1952392128498,30.8460119561767,11.9383201285083,
ECA,Europe & Central Asia (excluding high income),2023,,68.1622524490527,1.86100536600511,8435.75381106955,,248718948.0,72.2995707258912,28.3313640129481,7.96458104658577,
ECA,Europe & Central Asia (excluding high income),2024,,68.2699431236416,1.54642621624681,8719.2497368167,,250394482.0,64.7847278825453,26.6666343942749,6.37310175443858,
ECA,Europe & Central Asia (excluding high income),2025,,68.3267539699245,,8982.015348118,,253280471.0,61.2226152031593,25.5517944762145,4.70157468856577,
ECS,Europe & Central Asia,2010,10.8681448886901,70.5831396534732,3.26963773535688,21496.9574340089,1.93321292802535,890990370.0,73.4666413574285,23.3734421568231,1.95449347938568,
ECS,Europe & Central Asia,2011,10.7258330443851,70.8155293928508,4.68751511136765,21946.7182534558,2.65659571614673,893009594.0,78.0378700117278,23.6526890997535,2.74248702984097,
ECS,Europe & Central Asia,2012,11.5800703095476,71.1504938153916,3.66582449251538,21930.9259023068,2.49314724443918,896514509.0,78.8311312029271,23.5223068928908,2.3067895172853,
ECS,Europe & Central Asia,2013,12.2761565609349,71.6786349261689,3.2060817538492,22039.7194290423,2.20306005033568,899906171.0,78.4783811592383,23.1894238287597,1.46435073908128,
ECS,Europe & Central Asia,2014,12.4321725847963,72.2373791056216,2.60714389109953,22377.2366286294,1.88406816994138,903560070.0,78.2842685472163,22.9109799850585,1.44519419824019,
ECS,Europe & Central Asia,2015,12.8744480605886,72.6866596702429,5.59142235342703,22742.4739859372,1.13825846332663,907526485.0,78.6789943100016,22.9182520524771,1.35809952055551,
ECS,Europe & Central Asia,2016,12.8866548739741,72.930310614191,6.56664588114691,23073.4498063679,0.938394466947808,911578015.0,78.3753533735528,22.7361324517457,1.32792879082846,
ECS,Europe & Central Asia,2017,12.8819075023182,73.0395942866041,4.2388949278763,23666.3148569145,1.29083156248051,915063823.0,81.1416996166471,22.9428530854046,2.06306811454616,
ECS,Europe & Central Asia,2018,13.4797382823169,73.1814390087833,-0.764070739928457,24094.598211265,1.78224378423001,918415818.0,83.3239056919053,23.1705639709214,2.14480104239298,
ECS,Europe & Central Asia,2019,14.0059727126658,73.3626410452614,2.9322230523403,24442.3874231782,1.46954054549175,921929161.0,83.1535716756117,22.9996373778277,2.36184564089451,
ECS,Europe & Central Asia,2020,15.106449203531,73.4955944360825,0.438913224589796,23085.0498018734,0.886054742651464,923660463.0,77.0551056464571,22.5841431306321,1.80268022559748,
ECS,Europe & Central Asia,2021,,73.6225305947295,2.65814555899094,24641.4252022588,2.20775071937352,924375980.0,83.185632647397,23.2115714549378,3.73934156267561,
ECS,Europe & Central Asia,2022,,73.729597001213,1.14936826203847,25489.1529254156,,924267385.0,93.4423112505241,24.2053189787622,8.19886147930275,
ECS,Europe & Central Asia,2023,,73.843585823465,-1.17082982684115,25741.0380070691,,924805070.0,86.1529497756613,23.8566506703133,6.50190058322224,
ECS,Europe & Central Asia,2024,,73.9693471857728,0.679724855754266,26049.7447851247,,928566925.0,82.8433175700461,23.0308962432252,3.92020372976988,
ECS,Europe & Central Asia,2025,,74.0723400318719,0.630343895245969,26380.9976734418,,932525035.0,81.8204655273109,22.6655362879457,3.59733273080924,
ECU,Ecuador,2010,11.8,62.7405258611644,0.243419054034351,5022.20374387205,11.7907315375663,15076695.0,65.7773849135062,33.9061751825852,9.01371738601253,-0.6609602
ECU,Ecuador,2011,13.2,62.7949053547691,0.817966548837347,5359.45724615639,16.5773760059007,15326227.0,70.0356837525249,37.4057005178901,6.83751222954146,-0.7429017
ECU,Ecuador,2012,13.2,62.8408732819135,0.646739602691481,5579.85624282158,14.5265186334151,15572194.0,67.0029290916898,37.0917503800762,5.00323590794862,-0.660745199999999
ECU,Ecuador,2013,11.8,62.8837286624122,0.752903273859877,5893.32172683036,12.8813253368088,15807128.0,63.4333003342414,36.8322936524171,2.66686728017176,-0.2633528
ECU,Ecuador,2014,12.2,62.9232432195799,0.751953401658059,6055.04172761485,11.5903571785583,16035124.0,61.4263766217565,35.7119955282529,2.05296051570632,-0.0167487
ECU,Ecuador,2015,13.1,62.959188676731,1.36067004574537,5976.1596805651,4.63202397853143,16266225.0,47.8280397077826,28.0900423392523,-5.47563265671535,-0.1822625
ECU,Ecuador,2016,14.8,62.9913367571804,0.78469706502846,5849.13587933672,3.75806780861528,16505139.0,40.5344917996647,27.5339637947157,1.17114450392724,-0.1672879
ECU,Ecuador,2017,17.0,63.0194591842425,0.605279629548276,6104.27253521751,4.98372023451617,16759519.0,43.6177233172817,28.4680086969835,0.932031656124835,-0.1273984
ECU,Ecuador,2018,16.3,63.0433276812321,1.29341012436864,6063.0956178776,7.0964207852671,17049547.0,48.0093476154836,28.0147488586162,1.81939670683758,-0.0672488
ECU,Ecuador,2019,17.7,63.0627139714638,0.915058228783613,5971.38938386723,5.82070104913459,17340021.0,48.0828494933307,26.6504631266844,-0.0565742583910378,-0.209832
ECU,Ecuador,2020,20.2,63.0773897782521,1.16754746598289,5355.68934196443,2.92430668533391,17546065.0,43.9893109378389,23.9811344799811,-1.82595653187617,-0.1513823
ECU,Ecuador,2021,18.9,63.0871268249117,0.607504922954352,5815.09477390949,6.69943720189179,17682454.0,53.261275610573,27.3494898826986,2.1747440659329,-0.1983083
ECU,Ecuador,2022,,63.0901835932266,0.759637557255968,6107.49495006543,,17823897.0,61.880792818786,29.5835905417542,2.34806843439985,-0.2336288
ECU,Ecuador,2023,,63.1307729554263,0.398026146047552,6165.40977555695,,17980083.0,57.1626938264309,27.7143991387368,2.14029219720726,-0.3543579
ECU,Ecuador,2024,,63.2376932397602,0.360313100049938,5993.74697758454,,18135478.0,57.4436448205751,26.6798793373704,4.52354895601171,-0.7210909
ECU,Ecuador,2025,,63.3918189058262,0.99695043238739,6164.58139883809,,18289896.0,59.3567812036511,25.6701370047209,1.48376034067694,
EGY,"Egypt, Arab Rep.",2010,5.4,42.9057175520154,2.91601657550141,3233.84521249306,9.45061556541184,89196072.0,47.9363500745898,35.7845184816841,10.1068646296619,-1.0007352
EGY,"Egypt, Arab Rep.",2011,5.4,42.8634168470177,-0.204542848807527,3222.37650111397,12.3388401952225,91093059.0,45.2556341623514,35.9517175990081,11.6629763517622,-1.68884559999999
EGY,"Egypt, Arab Rep.",2012,5.3,42.8118514138525,1.00234071774049,3220.99194201188,10.7454978351353,93161001.0,40.7117692721084,39.2513148623634,19.4828774699412,-1.58945659999999
EGY,"Egypt, Arab Rep.",2013,5.3,42.7514277188751,1.45343420769727,3216.37839024454,9.78188256424924,95333553.0,40.373038056332,39.8869544184046,8.7126745748715,-1.8070331
EGY,"Egypt, Arab Rep.",2014,5.4,42.6825522284408,1.50925042253521,3235.66246235519,8.43222797439408,97528654.0,36.9201877934272,39.890323943662,11.2476245030618,-1.5091298
EGY,"Egypt, Arab Rep.",2015,5.3,42.6056314089048,2.10258128401326,3306.98159414141,4.12906894708286,99597342.0,34.8459429600229,36.6302017267482,9.93088973044884,-1.5178167
EGY,"Egypt, Arab Rep.",2016,5.1,42.5210717266225,2.43856278142762,3381.22246307712,3.20908060820144,101644589.0,30.2465490514505,32.4559533476046,6.24566313330115,-1.5399732
EGY,"Egypt, Arab Rep.",2017,4.9,42.4486008687179,2.98301550917695,3452.90961245976,5.69886428656261,103696057.0,42.8321343581608,34.3958677753768,29.5184798350164,-1.4711477
EGY,"Egypt, Arab Rep.",2018,5.0,42.4577177449969,3.10040077579187,3568.63966286365,7.59656355901849,105682094.0,45.9110196733959,35.3298750589345,21.1748208165379,-1.26200959999999
EGY,"Egypt, Arab Rep.",2019,6.2,42.4812027332648,2.82732944960686,3701.2446344954,5.72496131230483,107553158.0,41.1240171551108,35.8254244102931,13.6180959117792,-1.19692089999999
EGY,"Egypt, Arab Rep.",2020,6.7,42.5181534630674,1.52462948997172,3770.86947868544,3.25774327235436,109315124.0,32.1262555667523,32.3694442999707,6.17693409749245,-1.1172787
EGY,"Egypt, Arab Rep.",2021,6.1,42.5686062621468,1.20617861055665,3837.31992325256,5.1391200748227,110957008.0,29.8569734808122,31.1876357851451,4.84715643253217,-1.066781
EGY,"Egypt, Arab Rep.",2022,,42.6325129008032,2.39118080969079,4029.78295458204,,112618250.0,36.9831048772713,32.7114314313038,10.4257892437454,-0.9542974
EGY,"Egypt, Arab Rep.",2023,,42.7098115041919,2.48546400695984,4111.3118479018,,114535772.0,40.4504007720031,32.7344752545444,24.7990758719001,-0.899323299999999
EGY,"Egypt, Arab Rep.",2024,,42.8004363938404,11.9719351009449,4137.6092923313,,116538258.0,39.6007520873733,32.5624789967949,33.6915042171892,-0.9779235
EGY,"Egypt, Arab Rep.",2025,,42.9043204925248,4.23066505478546,4252.63696588953,,118365995.0,51.334347878828,32.0573402366538,24.9630903162388,
EMU,Euro area,2010,13.3754794114388,75.1170270025016,3.73742405399778,32682.9836342241,0.190676285319217,348398403.0,75.9885470999795,21.9860602913528,0.782135844537365,
EMU,Euro area,2011,13.4314628799734,75.2498062636401,6.10936572583153,33329.674600975,0.233989170354097,347715695.0,81.1784949954466,21.9760744582124,1.67118441203004,
EMU,Euro area,2012,14.891399177858,75.4120805085951,4.39060664645928,32959.6032104989,0.222549997022356,348406547.0,82.8178062931547,21.7912115280988,1.67877418981877,
EMU,Euro area,2013,15.7321440646131,75.627532415858,4.49191884001318,32867.052177107,0.197374970927065,348799535.0,82.5307901176785,21.4581749621589,1.14493599899532,
EMU,Euro area,2014,16.3316892257358,75.8133540817088,3.0731211152361,33296.8666974398,0.153702166059201,349302135.0,82.9707940474164,21.3219785195641,0.724456767129396,
EMU,Euro area,2015,16.3581309358884,76.0229382546648,6.91801853727996,33928.614137702,0.11077440863829,350164707.0,84.3015191376678,21.6693575677856,1.12183851916816,
EMU,Euro area,2016,16.3684648688886,76.2867357539682,4.93738048650486,34456.7787485334,0.0868586156567787,351027116.0,83.3034421746615,21.6695457805786,0.607930583315365,
EMU,Euro area,2017,16.5848140905158,76.4140813562854,4.23344147108111,35301.6485495203,0.10113778481784,351613647.0,86.3221003349213,21.6443168057292,1.43936441864196,
EMU,Euro area,2018,17.5734985579415,76.5823371318115,1.11212010340265,35860.4204802822,0.123754782030796,352303991.0,87.9677965821851,21.650387300155,1.85237145416053,
EMU,Euro area,2019,18.1503858953027,76.7497988367106,3.18409232105153,36362.1610606018,0.10105286563487,353113327.0,88.1241601253515,21.5957994504941,1.98558869883709,
EMU,Euro area,2020,19.8249328729026,76.856499971289,-0.304288957922116,34123.5966842683,0.0758111459367709,353536838.0,81.3265191323919,21.5453294207566,1.75745290166456,
EMU,Euro area,2021,,76.96550965754,3.42367123623626,36304.0120488212,0.123810772357737,353715415.0,88.5555185521565,21.7445762365553,2.55611236501613,
EMU,Euro area,2022,,77.0874793664882,0.591560842890751,37533.5524037551,,354666175.0,100.761322940431,22.343945204299,6.28541243425478,
EMU,Euro area,2023,,77.211826995621,-1.6055972287589,37542.8850711276,,356209318.0,92.1561685782896,22.6923859196159,6.6911238945853,
EMU,Euro area,2024,,77.3400724518483,1.74959502179049,37747.5762546902,,357603357.0,88.6423241807433,21.7938046527435,3.39369719128545,
EMU,Euro area,2025,,77.4751873230132,0.55892808667362,38166.9810117283,,358664361.0,87.3240296135247,21.7397252867117,3.15472771366517,
ERI,Eritrea,2010,80.9,35.6346549987793,5.72501513985957,703.877374381654,2.52187707517148,2945186.0,37.4714654565691,,-16.2281996990874,-0.8910469
ERI,Eritrea,2011,77.1,35.6706275939941,1.8886183675912,751.374899794668,26.9562621368195,2998485.0,47.3937901188684,,19.5382281454081,-0.8949954
ERI,Eritrea,2012,78.4,35.6824264526367,,,,3036988.0,,,,-0.9125405
ERI,Eritrea,2013,79.7,35.6713333129883,,,,3074360.0,,,,-0.983509699999999
ERI,Eritrea,2014,80.5,35.639720916748,,,,3095173.0,,,,-0.651784799999999
ERI,Eritrea,2015,81.2,35.591007232666,,,,3105546.0,,,,-0.7893504
ERI,Eritrea,2016,81.4,35.5254287719727,,,,3124698.0,,,,-0.7487988
ERI,Eritrea,2017,81.6,35.4427146911621,,,,3150347.0,,,,-0.834184199999999
ERI,Eritrea,2018,80.8,35.3451042175293,,,,3192760.0,,,,-0.9260353
ERI,Eritrea,2019,80.6,35.2352333068848,,,,3240194.0,,,,-0.9764301
ERI,Eritrea,2020,80.9,35.116138458252,,,,3291271.0,,,,-1.0705711
ERI,Eritrea,2021,80.7,34.9871139526367,,,,3350183.0,,,,-1.02707899999999
ERI,Eritrea,2022,,34.8469276428223,,,,3409447.0,,,,-1.0696541
ERI,Eritrea,2023,,34.696403503418,,,,3470390.0,,,,-0.7897784
ERI,Eritrea,2024,,34.5365524291992,,,,3535603.0,,,,-0.7086146
ERI,Eritrea,2025,,34.5404504255216,,,,3607003.0,,,,
ESP,Spain,2010,14.4,78.5138156234888,2.51885825626411,25766.2515825743,0.058346056568316,46576897.0,52.6933699734019,22.985948966945,0.292837731273394,0.0213027
ESP,Spain,2011,14.7,78.695397956495,1.73938048405349,25510.5579678829,0.065256205028861,46742697.0,58.5118228859632,21.8871702738867,-0.145958771821014,0.2026668
ESP,Spain,2012,15.8,78.8455680301618,1.44631700014204,24763.568274484,0.0730629225763844,46773055.0,60.5540346961864,20.7992748782776,-0.202954992229195,0.1447381
ESP,Spain,2013,16.9,78.9858086902112,3.4608559063245,24498.5559507945,0.0627348719312166,46604197.0,61.6687726441327,20.0279432010078,0.438175032697188,0.0980042
ESP,Spain,2014,17.3,79.1196713833488,2.31642230011085,24947.8512505913,0.0606477510711108,46460733.0,63.39926213895,19.8695989889783,-0.22068679671149,0.4826214
ESP,Spain,2015,16.3,79.2454892743023,1.97131692755332,25982.4416197775,0.0478922611851597,46422303.0,63.5820412248232,19.9230622051822,0.552441816045786,0.4353383
ESP,Spain,2016,16.7,79.3615955277997,3.61722479660389,26719.2442268615,0.0419317249195144,46458139.0,63.1886778507294,19.7937250159622,0.372182539615821,0.425985
ESP,Spain,2017,15.2,79.4663233085683,2.54039212306223,27426.281015093,0.0530656069147325,46571232.0,66.167446137857,19.9047199031815,1.25794431812474,0.280621
ESP,Spain,2018,16.9,79.5580057813361,4.46748509754483,27956.7225466484,0.0630077839936006,46782011.0,67.0094103982921,19.7385743840512,1.18735470237598,0.3346558
ESP,Spain,2019,16.7,79.6349761108307,2.16052375036307,28301.4393949563,0.0390101070611282,47118501.0,66.3662250440692,19.9779055762497,1.42867123652391,0.267048
ESP,Spain,2020,19.3,79.6955674617799,2.92165980781023,25077.019882928,0.0381216045324834,47359424.0,59.4461280147076,20.1193927811735,1.13391454164042,0.2956928
ESP,Spain,2021,19.0,79.7846242983598,4.42272902452136,26705.3629138959,0.115181021827658,47443821.0,66.524588943191,20.3165748530524,2.55611236501613,0.38323
ESP,Spain,2022,,79.9548794567814,4.65609043363165,28203.1093419474,,47786102.0,78.4657338703054,21.2234793725829,4.69383953106939,0.1569762
ESP,Spain,2023,,80.128491001856,2.89981565316893,28558.6319817501,,48352528.0,71.7976366055733,19.9575232630573,6.24520480258481,0.1484475
ESP,Spain,2024,,80.315199821207,2.47896679493344,29245.2192451729,,48848840.0,69.9502612382631,19.4537517327028,2.89236477965287,-0.002992
ESP,Spain,2025,,80.5149251039138,1.47335515487964,29762.9000560093,,49355143.0,69.4508260073781,19.5755332062553,2.91471341715197,
EST,Estonia,2010,25.3,67.8048042926262,13.2770330129027,14657.939813612,1.55961226751735,1331475.0,143.671762256978,24.0345491849484,1.81653769106526,0.7732081
EST,Estonia,2011,25.2,67.8775556334506,4.80240449251588,15820.922342204,1.78519042769438,1327439.0,166.7460724339,25.3466745057015,5.53917467550018,0.7183725
EST,Estonia,2012,25.0,67.9629593320316,7.6916567949516,16460.6843479001,1.97052610513419,1322696.0,169.156067773865,24.6316781428684,4.20552981379841,0.704313
EST,Estonia,2013,24.5,68.0923458296768,4.31393930629533,16809.5326683781,1.79924267656066,1317997.0,164.601632156916,24.6780044555117,4.12395389036655,0.8630858
EST,Estonia,2014,25.3,68.2668382808032,6.58511618123403,17413.6867560212,1.76557781311429,1314545.0,157.953944842229,24.1060210413845,2.85654308393384,1.024732
EST,Estonia,2015,28.2,68.4796609690553,-3.06910519292015,17722.1557669523,1.44592002735328,1315407.0,148.507157123558,23.1154851402023,1.30643907694559,0.8918499
EST,Estonia,2016,27.2,68.724038178078,3.7692325610639,18264.9873304279,1.24687276023764,1315790.0,147.7462327097,23.2340417592371,2.43852660721117,0.8731492
EST,Estonia,2017,27.5,68.9931941915158,6.31892721219604,19270.8141210511,1.73343641223467,1317384.0,144.635650944133,23.180862044638,3.74109847269489,0.8425161
EST,Estonia,2018,28.6,69.2803532930133,4.08015832167199,19914.3454922878,2.01785330968871,1321977.0,143.485224864735,23.288660554967,4.84907461768212,0.7988248
EST,Estonia,2019,31.3,69.5787397662154,9.76819364646981,20579.8756732376,1.80772963579084,1326898.0,140.352147998549,22.313384878363,3.8226798680774,0.8235862
EST,Estonia,2020,40.4,69.8815778947665,12.0147752855703,19946.945696898,1.43024326219824,1329522.0,137.392641283846,21.7717078135052,0.753338456718083,0.9178902
EST,Estonia,2021,38.0,70.1777274135822,20.2291128645653,21570.6658455268,1.72122598420606,1330932.0,160.471922305927,22.8309113256209,4.29149270003289,0.8879044
EST,Estonia,2022,,70.4892333736738,4.52988372813183,21023.2994937246,,1348840.0,175.68711950524,23.0907684533786,16.844809078341,0.8742633
EST,Estonia,2023,,70.6770085523126,12.540812828973,20126.3730486957,,1370286.0,154.592617111149,21.3455594501819,8.6352827532792,0.8473511
EST,Estonia,2024,,70.6981161541961,-7.97097840452121,20078.1397620993,,1372341.0,151.037702410455,20.148164473251,3.98984389478063,0.6995763
EST,Estonia,2025,,70.7208526598129,-1.78224185932094,20282.1530371991,,1366475.0,155.759916645579,19.7321470875111,3.84288437338658,
ETH,Ethiopia,2010,94.1,17.4937839508057,0.963030625359937,421.898622378633,15.8199957578791,90538514.0,,9.43512813822331,1.44457232747229,-1.5760665
ETH,Ethiopia,2011,93.6,17.863790512085,1.96735663905254,455.909628648555,17.4282532150132,93149970.0,48.232935411689,9.6646421928884,20.0618750792177,-1.5281949
ETH,Ethiopia,2012,93.3,18.2061367034912,0.643172898229037,481.639999909808,14.9281805721075,95798767.0,45.3979041835072,9.47613796506918,33.541405015827,-1.613535
ETH,Ethiopia,2013,92.4,18.615514755249,2.82040845857162,518.324662208106,14.0104012014584,98438751.0,41.4717870807625,10.9445569914695,4.9019792971925,-1.3952471
ETH,Ethiopia,2014,91.4,19.0262870788574,3.33569111068815,556.362532243867,13.3844820157845,101115610.0,40.7410841498626,13.4713245062584,10.9817882891146,-1.1765231
ETH,Ethiopia,2015,91.5,19.451566696167,4.22926466080082,597.912113218663,12.1932229078984,103867135.0,39.6561241449515,16.2977936386153,10.8365427851017,-1.26354339999999
ETH,Ethiopia,2016,90.4,19.8763618469238,6.0502150951561,636.835680951429,11.2339790417281,106718162.0,34.8990210816111,21.9325618536317,10.3979572690542,-1.43965759999999
ETH,Ethiopia,2017,90.8,20.3084850311279,5.26039764214773,678.98541915757,9.87787063669115,109666481.0,31.1036494929016,23.5819066692345,6.67682221960871,-1.5195725
ETH,Ethiopia,2018,90.0,20.7838096618652,4.03228222144798,705.96881207336,6.36887574699294,112664152.0,31.1993689777881,27.3057073073258,12.382276100107,-1.2054246
ETH,Ethiopia,2019,89.3,21.2486705780029,2.77536541538477,744.702789740042,5.50373971369559,115737383.0,28.8152939292608,24.8223642567601,12.8604326446626,-1.1789771
ETH,Ethiopia,2020,90.7,21.6260051727295,2.4279259279615,768.705424484873,5.49770060254135,118917671.0,24.0061143414049,23.1022952225268,18.2545726747735,-1.5934093
ETH,Ethiopia,2021,90.6,22.1067085266113,3.90520609775086,790.657019602458,5.86707347361267,122138588.0,24.3450574655662,21.8500262627975,21.7632725692023,-2.0139565
ETH,Ethiopia,2022,,22.7367687225342,2.98033315911234,811.177729337321,,125384287.0,26.5954996964257,22.7175269594537,34.6666049998359,-1.8659545
ETH,Ethiopia,2023,,23.0586471557617,2.40146315356828,842.446604881663,,128691692.0,20.5982015071406,24.4836822236256,32.9130722705635,-1.86375129999999
ETH,Ethiopia,2024,,23.6222839355469,2.68582028017543,883.458588614999,,132059767.0,17.4004358586815,25.3549716563985,25.5387817874959,-1.88497389999999
ETH,Ethiopia,2025,,24.1096952088946,,945.358838108184,,135472051.0,33.4597826561314,27.7637225418579,16.6845366399813,
EUU,European Union,2010,14.469048952148,73.1092331195545,3.27916884961314,29352.9533503664,0.421412191908936,442088310.0,78.2822047070773,22.6177366558263,0.920955278990149,
EUU,European Union,2011,14.6250037786311,73.2162096061221,5.69239602792091,29974.1599339174,0.540330315850241,441414078.0,83.4716467909952,22.6877177778412,1.67118441203004,
EUU,European Union,2012,16.0530317099573,73.3526656193263,3.95340888488268,29700.9101574933,0.437238621393482,442069839.0,85.0873053879509,22.419056126452,1.70237982317502,
EUU,European Union,2013,16.7974520279699,73.5376776618371,3.98413998313272,29667.2132839257,0.381416436426859,442425741.0,84.7802574446217,21.9960351706784,1.14493599899532,
EUU,European Union,2014,17.4415753867716,73.6983165180291,2.97186580349172,30117.891265209,0.32532361936579,442920819.0,85.4945619031171,21.9306511306436,0.902550708834269,
EUU,European Union,2015,17.6122764341327,73.8743742665848,6.22345420800541,30771.6635221374,0.190923441753114,443793218.0,86.6784730245276,22.2992855033957,1.23453645859612,
EUU,European Union,2016,17.523235814157,74.089077283109,5.21245514975498,31300.1655435498,0.193954667553504,444676652.0,85.7843525287716,22.2621175969295,0.885482436856336,
EUU,European Union,2017,17.6857102209371,74.1940799110393,3.97715424144791,32135.668371076,0.265411172495775,445321060.0,88.7153593417555,22.18826424335,1.49398382531361,
EUU,European Union,2018,18.7249884796166,74.3280995844319,0.832589572854623,32739.0873976707,0.282319526193934,446058453.0,90.4287934541118,22.2099065502805,1.87085953898291,
EUU,European Union,2019,19.3440009483852,74.4596491524844,3.68255754857221,33289.4438136062,0.158542379903017,446910453.0,90.5535167755498,22.1561939137826,2.33858654999968,
EUU,European Union,2020,21.0591470733795,74.5499802167242,1.15207836371119,31435.0432357987,0.119946422639802,446870959.0,83.8178435756324,22.0261406425587,2.03874418596244,
EUU,European Union,2021,,74.6469430900615,3.9123858480567,33488.0493001082,0.227718366090662,446228281.0,91.2027987709932,22.193480445957,2.69731875410955,
EUU,European Union,2022,,74.7659682006806,1.34042932158714,34606.1111714906,,447203596.0,103.704297824246,22.8642868204419,6.47825402744266,
EUU,European Union,2023,,74.8943502719612,-1.30733855030344,34626.5282460477,,448897545.0,95.2184322373871,23.2494465239055,6.91075240547165,
EUU,European Union,2024,,75.0300099964199,1.63783482564582,34899.3225839678,,450228188.0,91.6412129770423,22.3196779797671,3.46708059724392,
EUU,European Union,2025,,75.1738610583145,0.412153341183079,35365.4242663492,,451127411.0,90.139339730175,22.1999464198495,3.15472771366517,
FIN,Finland,2010,33.4,69.7855798796947,4.89959763196754,43556.5385834368,0.504266194230253,5363352.0,75.4612085231229,26.1853763280839,0.348872946424805,1.4608384
FIN,Finland,2011,35.1,70.0583261874252,-2.18405747554129,44391.4535667984,0.532649114502575,5388272.0,78.7159444486606,25.0390832511194,2.60092840038482,1.4052403
FIN,Finland,2012,38.7,70.3661363168712,1.91512248449208,43507.9345371578,0.577535778021198,5413971.0,79.4303765882482,23.3588517701544,2.94534602282646,1.3727278
FIN,Finland,2013,38.5,70.6742118159277,-1.83489440736896,42883.6384986417,0.498563334062492,5438972.0,77.485171771574,23.2981321591964,2.56139415952232,1.3332335
FIN,Finland,2014,41.2,70.9879168940753,6.41537482088507,42502.4880199858,0.483087058776792,5461512.0,74.6277719754196,23.0618639333511,1.64467051608914,1.3181701
FIN,Finland,2015,43.2,71.3054930040604,7.53800542922806,42560.3456767103,0.445868402403852,5479531.0,71.9618253787014,23.3039316434498,1.63270237918134,1.1347824
FIN,Finland,2016,42.4,71.6158383428171,2.18951964860612,43529.6761616969,0.410118656271692,5495303.0,71.7222101178859,23.4765920163918,0.05519539775689,1.0609919
FIN,Finland,2017,44.4,71.9563038312956,6.66136555422276,44862.220404205,0.453771651187102,5508214.0,75.9387822310041,24.4706416384075,0.836045933090816,1.1388152
FIN,Finland,2018,44.2,72.3423467740343,-3.84456657280518,45337.2409550575,0.563372986587861,5515525.0,79.1436148422846,24.1107349992454,1.98705901186365,1.041505
FIN,Finland,2019,45.4,72.7431214358314,6.09707710249334,45898.5708448954,0.365206984679912,5521606.0,80.5641502947367,24.1466052876512,1.48185903627636,0.9978349
FIN,Finland,2020,47.3,73.0849439791673,-0.939114055968044,44690.9801103074,0.289254242774969,5529543.0,72.1845955995888,24.227220617039,1.63841596860614,1.1572607
FIN,Finland,2021,50.2,73.3710215780329,8.01406291677223,45792.0454180872,0.448312840515242,5541017.0,79.7892781913782,24.2326060040842,2.49284202465265,1.1287431
FIN,Finland,2022,,73.6967597835949,4.66691154081507,46016.1492103929,,5556106.0,94.5625340522667,25.1808292783738,6.17278075702792,1.0892287
FIN,Finland,2023,,74.0062548602828,-0.0388895700301826,45196.4814400136,,5583911.0,85.5141847218915,23.47832457281,3.92171117971077,0.7648776
FIN,Finland,2024,,74.2637190463636,2.9263489451501,45075.1684940688,,5619911.0,83.4510295550974,22.7817372179729,0.717232367777584,0.8325695
FIN,Finland,2025,,74.5247844319848,-0.090167862928476,44941.2341102195,,5646436.0,83.3959439712015,22.5237908543323,1.48235981228764,
FJI,Fiji,2010,28.0,52.0415147785104,5.67141021084985,4272.35916210382,2.20907223915836,910419.0,121.227903395671,16.972580397166,4.2297847294785,-0.177588399999999
FJI,Fiji,2011,33.4,52.5335449475105,5.74582849158733,4375.58083514077,1.96316771746732,912989.0,124.476834805196,17.4133402875203,9.39134128198071,-0.1217703
FJI,Fiji,2012,33.3,53.0383211294771,6.9816643965711,4427.97841523552,2.02960687281076,914918.0,125.285791685112,16.7229680523622,3.57651375541231,-0.1223286
FJI,Fiji,2013,32.8,53.5552726299291,5.81824859099488,4630.3512738488,1.35539287248447,916352.0,126.348386724849,16.3372143531674,3.62129566799582,-0.124034399999999
FJI,Fiji,2014,33.2,54.0838287543856,7.77972455296746,4883.24299340799,1.17576954969857,917585.0,110.812306063192,15.0127657452154,12.5054061344817,0.3275632
FJI,Fiji,2015,32.7,54.6234188083653,4.38599233241205,5097.53106864695,1.040825064872,918578.0,101.189048956211,15.1712702717256,2.53089781689621,0.3263655
FJI,Fiji,2016,27.7,55.1734720973874,7.94325933214602,5218.85824573477,1.01936465398214,919166.0,97.1744905841206,16.2026860305427,2.63332641507768,0.7205988
FJI,Fiji,2017,28.6,55.7408343449609,7.24021289135771,5500.67840280072,1.26650249477929,918759.0,97.0216625258442,15.6940487656539,1.69845777309494,0.3819841
FJI,Fiji,2018,25.8,56.2328347385698,8.40038118168196,5720.21445752907,1.19164257504239,917180.0,103.235419948556,15.5373182374238,1.42571828371834,0.6984111
FJI,Fiji,2019,26.5,56.70989552257,6.02971795135456,5701.10434532357,1.15438142466978,914899.0,110.696192117501,17.0371781659464,-0.307833387791391,0.6881602
FJI,Fiji,2020,31.8,57.186684691874,5.66217121930221,4721.12281287253,1.45148578020456,914963.0,78.0763651830605,18.7117601509417,-4.11799767852848,0.6004415
FJI,Fiji,2021,29.7,57.6618364761928,9.85590435372296,4507.33353013335,2.25290361305504,916711.0,87.2159321837078,18.1141496835627,-1.81417619251238,0.6663534
FJI,Fiji,2022,28.4,58.1352701465266,2.08084502833913,5291.51692439451,,919422.0,119.213746657784,17.7938183842384,8.07405268028066,0.782553
FJI,Fiji,2023,,58.6069049738768,1.65373894455648,5761.56947891018,,924145.0,126.282134510517,17.2796027005972,2.75299054492405,0.782933
FJI,Fiji,2024,,59.0766602292457,3.41161017865705,5935.20895738332,,928784.0,118.962880886427,16.4638965835642,6.10727357070493,0.6984398
FJI,Fiji,2025,,59.5444551836369,,6096.1836851283,,933154.0,,13.8785776722461,1.99962969611909,
FRA,France,2010,11.9,77.0962844808803,1.46961673029144,35578.1968010183,0.0546571274665138,65026211.0,56.587555247796,17.5945885002022,1.089446423803,0.7401354
FRA,France,2011,10.6,77.1182717387509,1.54005293306163,36269.9561530888,0.0486924296380263,65340830.0,60.6056354816406,17.6800048726048,0.851478363204762,0.5880869
FRA,France,2012,12.3,77.1669464919916,1.22790071519382,36161.2918253465,0.0483609619788124,65657659.0,61.6589570771102,17.4684347699959,1.08204690089583,0.6152427
FRA,France,2013,13.4,77.2440721470918,1.18823404938295,36256.086680981,0.0481698364814291,65997932.0,61.8192338733962,17.5699939241217,0.747875807422233,0.4916417
FRA,France,2014,13.2,77.3524296788613,0.176974174772525,36444.3949089146,0.0462251783929265,66312067.0,62.1992669379507,17.3416195349368,0.570795054388284,0.3877863
FRA,France,2015,13.3,77.7610919150066,1.76596182973896,36702.4323733379,0.040991340666787,66548272.0,63.5046871956484,17.236441547058,1.13444009013935,0.1735665
FRA,France,2016,14.2,78.5999114705779,1.44200321416196,36920.5342846914,0.0401901593813067,66724104.0,63.3427564383351,16.9433572396904,0.517258232209031,-0.0415329
FRA,France,2017,14.1,78.6467804026368,1.68928072199317,37580.5979329356,0.0362250443838789,66918020.0,65.3958481559711,16.7483032647876,0.586343157961707,0.229972
FRA,France,2018,15.2,78.6714432536599,2.78594184568695,38062.4435961412,0.0429051117731693,67158348.0,66.8022607812266,16.725283255726,1.11459331332806,0.1043516
FRA,France,2019,15.5,78.6890784549356,1.96486943301562,38705.2072940618,0.0337878193709454,67382061.0,66.4289607281749,16.907003960354,1.21052308336793,0.2040672
FRA,France,2020,16.8,78.7119131765249,0.731471704018579,35709.2045925926,0.0266318650223516,67601110.0,58.8388907240647,16.272651205236,2.97797868174696,0.1270887
FRA,France,2021,16.2,78.7364603392338,3.30405312221271,38030.8571685178,0.0325366370984223,67842811.0,63.788482630872,16.0877289574672,1.22181614073425,0.1241525
FRA,France,2022,,78.7591921123356,4.0180319137717,38868.3303330557,,68184457.0,75.9630077981996,15.769153788105,3.01818420778099,0.0198376
FRA,France,2023,,78.7804323126547,0.590645170561014,39319.4152227295,,68372286.0,70.6261450610225,18.1109847493837,4.99026368272813,-0.0187716
FRA,France,2024,,78.7999750964116,1.64700185498585,39683.3953489029,,68551653.0,68.1081875443744,17.2101481972036,2.08759965215148,-0.241365399999999
FRA,France,2025,,78.8449650563584,2.16930740558009,39918.8850568745,,68720337.0,67.1923772838849,16.7769964006735,1.17611936604543,
FRO,Faroe Islands,2010,3.4,37.2536926269531,,42334.391628988,0.0,48656.0,97.1824434582361,14.2357139589148,6.94863066561592,
FRO,Faroe Islands,2011,5.0,37.2975959777832,,43947.1570625821,0.0,48542.0,105.846453473678,14.3028113524523,-0.952002297174914,
FRO,Faroe Islands,2012,4.7,37.3244972229004,,47304.8451728204,0.0,48290.0,117.157793662648,14.1939613784274,-2.40012352793522,
FRO,Faroe Islands,2013,4.5,37.7414817810059,,50121.7919684574,0.0,48245.0,114.062282820929,13.813416288844,1.51621182344519,
FRO,Faroe Islands,2014,6.5,37.9093894958496,,52645.8769957728,0.0,48427.0,106.142539193387,15.6681830410644,2.67172494481022,
FRO,Faroe Islands,2015,7.5,38.1431503295898,,52638.2668218454,0.0,48898.0,105.610671594387,16.4855344459202,4.87854955309814,
FRO,Faroe Islands,2016,6.3,38.3200225830078,,52758.462646154,0.0,49463.0,104.552703002397,15.6007434708684,7.86638738548197,
FRO,Faroe Islands,2017,6.0,38.3324699401855,,53832.1022752798,0.0,50179.0,107.238908370178,17.3064999745896,0.375894775177869,
FRO,Faroe Islands,2018,5.9,38.4058837890625,,54432.5257658066,0.0,50997.0,106.874664759521,17.8879353159704,-0.425379106897282,
FRO,Faroe Islands,2019,5.4,38.3945655822754,,56031.6628701293,0.0,51790.0,108.623245950251,19.1133470734853,3.49989705671146,
FRO,Faroe Islands,2020,5.3,38.6689987182617,,54305.7918823334,0.0,52561.0,96.2241937518396,20.98884824361,-0.111554948657087,
FRO,Faroe Islands,2021,5.1,38.8083763122559,,56275.5306614124,0.0,53291.0,103.488037146112,19.3886369010512,3.42547658268857,
FRO,Faroe Islands,2022,7.9,38.9959824546757,,57784.7223702914,,53903.0,122.86334141193,17.7312172621374,5.89650354328583,
FRO,Faroe Islands,2023,,39.1975270123645,,59067.5637446297,,54398.0,113.336400780359,19.8281002687084,2.9440297156636,
FRO,Faroe Islands,2024,,39.4132325882965,,59302.1098546142,,54640.0,105.752803037623,18.2998185585605,1.99548547761059,
FRO,Faroe Islands,2025,,39.643321785446,,,,54900.0,,,,
FSM,"Micronesia, Fed. Sts.",2010,2.0,22.2903529875138,,2901.24604798215,0.0272732816714997,107540.0,107.534246575342,7.18561643835616,3.64347905227073,1.2088755
FSM,"Micronesia, Fed. Sts.",2011,1.6,22.2914664135472,,3006.53976237006,0.0354254343191027,107698.0,108.116883116883,8.1062012987013,1.63607121069269,1.0812283
FSM,"Micronesia, Fed. Sts.",2012,1.4,22.2942568788425,,2952.58709656817,0.0282034652210159,107890.0,112.654320987654,8.29851851851852,6.92640692640691,1.08067
FSM,"Micronesia, Fed. Sts.",2013,1.4,22.2986323961146,,2837.15746729135,0.0266740121867941,108121.0,114.331210191083,7.27149681528662,0.641025641025635,1.0789642
FSM,"Micronesia, Fed. Sts.",2014,1.5,22.3046193122479,6.39534810126582,2757.39654878889,0.0406003278508593,108396.0,106.645569620253,5.9379746835443,3.28528327187396,1.0732124
FSM,"Micronesia, Fed. Sts.",2015,1.7,22.3122336099411,,2869.86276169101,0.032192134954101,108716.0,106.410256410256,6.02211538461539,-5.41431762578452,1.071904
FSM,"Micronesia, Fed. Sts.",2016,1.9,22.3214896137555,,2896.47282245468,0.0360496232316334,109075.0,100.611620795107,6.00996941896025,3.50303223747208,1.0686461
FSM,"Micronesia, Fed. Sts.",2017,1.7,22.332401189542,,2945.60147384462,0.0385320066214341,109481.0,102.216066481994,5.3993351800554,8.15370080306306,1.0690453
FSM,"Micronesia, Fed. Sts.",2018,2.0,22.3449820355433,,2946.05827846428,0.0165045161037463,109909.0,105.837563451777,4.84175126903553,8.69940673118978,1.2058557
FSM,"Micronesia, Fed. Sts.",2019,2.0,22.359245777081,,3043.07718989012,0.0147433271606052,110282.0,106.582278481013,4.80572151898734,-3.27074079949237,1.009383
FSM,"Micronesia, Fed. Sts.",2020,2.0,22.3752060036598,,2963.44360529022,0.0200730721927284,110916.0,93.858263831289,4.87352330782266,-3.61151184173897,1.1206831
FSM,"Micronesia, Fed. Sts.",2021,2.1,22.3928762855411,,3035.92251779232,0.0178477556025635,111624.0,90.3979270784948,5.00232506532782,1.85723057439542,1.2268624
FSM,"Micronesia, Fed. Sts.",2022,2.0,22.4122701819053,,2928.52464245951,,112114.0,104.760485019371,5.02739546890432,9.44262482657663,1.5042238
FSM,"Micronesia, Fed. Sts.",2023,,22.4334012451903,,2948.07720975276,,112630.0,95.2648407722683,5.04131604539844,5.4881901840749,1.5046321
FSM,"Micronesia, Fed. Sts.",2024,,22.4562830235421,,3001.79669747008,,113160.0,96.4413755948864,4.89271624432342,6.16796732200359,1.499468
FSM,"Micronesia, Fed. Sts.",2025,,22.4809290622703,,3019.73745806654,,113683.0,93.0654112335332,5.27559318737276,3.20090313856205,
GAB,Gabon,2010,85.8,86.1852592472945,3.64540417621404,6481.49612073562,35.6548863864577,1719879.0,89.1576627248353,55.1924628115731,16.5643202141089,-0.000929999999999999
GAB,Gabon,2011,79.7,86.5665383650315,6.16978545780463,6699.23394606512,39.1459946806966,1781985.0,90.4983773331323,60.8812104614947,12.68122777311,-0.0247919
GAB,Gabon,2012,75.5,86.8838635787001,3.94472371225415,6803.22668079211,40.6293332424739,1846889.0,92.3428089420545,58.8246016166913,-2.9419027036061,0.0644217
GAB,Gabon,2013,82.2,87.1482480671637,1.84153865698512,6938.25753862236,32.806984483505,1913059.0,90.6350361478645,56.6086168756874,-6.15792493444491,-0.0012508
GAB,Gabon,2014,81.3,87.6236017962969,6.93864724297156,6998.60545439576,24.7540184011901,1978399.0,73.5203290162438,52.7222416503812,-0.851390333321461,-0.0865664999999999
GAB,Gabon,2015,81.9,88.085308383892,0.289976985604188,7047.12654634355,12.5534347249347,2040989.0,73.9497814588281,48.1836272968661,-8.92717245327955,-0.1148078
GAB,Gabon,2016,81.5,88.5445883406178,8.86815381799839,6991.3251446736,11.6621945364629,2100306.0,70.1333810645308,45.0378509048684,-4.26975397974572,-0.534579199999999
GAB,Gabon,2017,90.2,89.0009733256896,8.80157025688894,6840.05959347802,17.699784026005,2156900.0,75.0687404456638,45.4673089938161,3.82030214446843,-0.4524644
GAB,Gabon,2018,90.3,89.4539949981866,8.17598940777917,6724.5961429108,21.16026297404,2212318.0,77.0365976973024,47.1270856238547,7.17665749439934,-0.393451
GAB,Gabon,2019,90.2,89.9031850170394,9.20409837955739,6817.56879468764,19.1754988018892,2267706.0,73.4280894486644,47.6788640928906,1.54748519798422,-0.2805716
GAB,Gabon,2020,91.3,90.3480750410147,11.1881442291207,6534.27966529444,13.4988249621846,2322539.0,70.1140546463796,41.6943815016922,-9.00986856167656,-0.2194997
GAB,Gabon,2021,91.3,90.7881967286967,7.86436710821205,6479.0490069252,18.4933440925176,2376722.0,85.3483122054787,50.0677458026055,20.3384091823719,-0.28203
GAB,Gabon,2022,,91.2243355459988,5.40389729404727,6527.48207901861,,2430747.0,92.0630888496921,56.1297414411451,14.7583426835175,-0.1324826
GAB,Gabon,2023,,91.6375962797313,5.93517225575899,6541.25368618042,,2484789.0,91.4786533179144,53.869796194007,-9.95804918444996,-0.2702052
GAB,Gabon,2024,,91.8632094677575,5.47750591310442,6618.9868586134,,2538952.0,92.0468055146014,52.9002411657459,4.19791300217591,-0.276887
GAB,Gabon,2025,,92.0876666682068,,6640.95687890165,,2593130.0,84.8918905135603,47.186770131905,-3.96095213648829,
GBR,United Kingdom,2010,3.2,80.995165116277,2.67286674184503,42762.720840223,0.861239087184779,62766365.0,59.0511802227821,18.5566755103695,1.3283713684016,0.5937485
GBR,United Kingdom,2011,4.0,81.1359685592627,1.00957357920277,42791.0934313474,1.07544716241254,63258810.0,63.3240615708901,18.3010218899425,2.47595818739667,0.4317992
GBR,United Kingdom,2012,4.2,81.2905667759508,1.71895853790766,43136.7006795996,0.866071942237571,63711000.0,61.9688704472535,18.2827169299324,1.54776864204749,0.4684142
GBR,United Kingdom,2013,5.2,81.4573768694887,1.94762104828418,43585.8731772281,0.717358769907282,64138000.0,61.7195395154583,18.592711752238,2.15708778775598,0.4599947
GBR,United Kingdom,2014,6.6,81.6355750750722,1.90870445734316,44628.5724578217,0.569359660800821,64619000.0,58.8210228333296,18.3478341562377,1.5960156271688,0.5436244
GBR,United Kingdom,2015,7.7,81.8243772295647,1.53903424150931,45256.040227057,0.337710045585096,65087000.0,57.125044605439,18.1397353548933,0.669172003330104,0.537112
GBR,United Kingdom,2016,7.7,82.0229991698295,11.9998637298189,45888.7099614563,0.273025131582337,65606000.0,59.8395315138259,17.6677948178206,1.73539354292218,0.4498582
GBR,United Kingdom,2017,8.8,82.23065673273,4.64443540147576,47019.4510419999,0.397885220213493,65964000.0,63.1899245764158,17.8215277161884,1.54252781517637,0.4406625
GBR,United Kingdom,2018,10.2,82.4465657551295,-0.864867036878713,47516.2099770322,0.626195352812848,66287000.0,64.9097721959201,18.0023660420923,1.96276612181809,0.2825929
GBR,United Kingdom,2019,11.4,82.6699420738913,0.688204352262878,47866.9140354078,0.540491129160741,66628000.0,65.0035664177054,17.8736338534045,2.46133048824501,0.5681497
GBR,United Kingdom,2020,13.6,82.9000015258789,5.77039185007421,42985.0392148248,0.28397504842807,66740000.0,59.1598893030611,17.4957170827215,4.84234085720969,0.5102213
GBR,United Kingdom,2021,12.2,82.9886431523641,3.20643815254935,46491.5068836685,0.588544260440276,66978000.0,58.53838629291,16.9553165949957,0.711756533859329,0.4363658
GBR,United Kingdom,2022,,83.0753982997505,2.91635435189931,48410.095170282,,67636000.0,69.1989264413981,16.8198596717719,5.67864204313082,0.3676912
GBR,United Kingdom,2023,,83.1601932891335,0.403116734836793,47911.1540134832,,68526000.0,64.9923841747803,17.6714033030008,6.34491419212233,0.3683427
GBR,United Kingdom,2024,,83.2429544416085,-0.350561573947678,47900.9680144146,,69281000.0,62.839052044584,17.0865837277153,3.93792722917763,0.2577085
GBR,United Kingdom,2025,,83.323608078271,1.91447167382408,48422.0671236369,,69487000.0,62.4573294634195,16.4889776210162,3.69325089441037,
GEO,Georgia,2010,39.1,55.1969344748228,7.41065931415781,3090.06513662318,1.33825248615574,3786695.0,81.6733870603639,16.8779105151474,15.9058283591544,-0.5609883
GEO,Georgia,2011,31.5,55.6899257648533,7.56100540937968,3362.1030031968,1.89851691683121,3756441.0,85.4659350932986,17.6800367830185,9.17171128297396,-0.622573199999999
GEO,Georgia,2012,28.7,56.1683526759979,5.73087327277528,3609.780798626,1.08428994137279,3728874.0,89.7348800946338,18.8467444528085,0.291166471422628,-0.5006273
GEO,Georgia,2013,32.4,56.6182119019407,5.97432640298838,3806.50600649051,0.797121774570139,3717668.0,93.8139137895532,18.03372091427,-0.650965016455302,-0.225994399999999
GEO,Georgia,2014,30.7,57.0237612994258,10.2241873429056,3960.35080091901,0.522067118215896,3719414.0,94.9506979383393,18.1712886955425,4.58990448370156,-0.0248029
GEO,Georgia,2015,27.5,57.3803800455672,11.3986492046024,4086.6223465965,0.53409410608162,3725276.0,97.0163115086257,19.7698929026282,5.37742167651898,-0.090598
GEO,Georgia,2016,27.2,57.6984032005062,10.746989399988,4225.09154904806,0.572435838705115,3727505.0,94.9262528383443,19.1221601510136,2.27481842989697,-0.0614684
GEO,Georgia,2017,27.5,57.9996827205757,11.7183676491747,4442.50744127374,0.472314027913239,3728004.0,102.584277697146,21.2674893565554,7.54674499838114,-0.1125587
GEO,Georgia,2018,27.4,58.3038181862576,7.28401976586955,4713.65354845303,0.451235879680756,3726549.0,109.847740556266,20.9042764578834,3.48481628679124,-0.0948569
GEO,Georgia,2019,24.7,58.6304091780343,7.92523222582948,4975.81148194814,0.603605792551493,3720161.0,117.810080239714,20.0073713952459,3.99568034557234,-0.134771
GEO,Georgia,2020,23.4,58.9990552763878,3.47997036066188,4659.60925318234,0.925523673088172,3722716.0,92.8910841752194,21.0709552310751,6.84793338769904,-0.1271941
GEO,Georgia,2021,25.2,59.4293560618005,6.84360165773215,5175.19865185825,1.38946631019879,3708610.0,101.60090754891,21.0675612607865,10.229587650373,-0.2017684
GEO,Georgia,2022,,60.0101622679115,9.03652531888906,5736.30449578597,,3712502.0,114.695437688718,21.329779714521,8.13545014384806,-0.100034699999999
GEO,Georgia,2023,,60.7523077799724,6.86202066832702,6180.6206023429,,3715483.0,107.151179161579,18.8799548618776,2.94809953907664,-0.120908599999999
GEO,Georgia,2024,,61.0789605093733,4.68837816824546,6606.35772271858,,3812518.0,103.456471463024,19.5837680181964,4.85867391433284,-0.6127592
GEO,Georgia,2025,,61.1781364090406,4.33966026261481,6876.98508939391,,3935766.0,100.627997400937,18.6038324568714,4.6366049587139,
GHA,Ghana,2010,51.9,50.7296926788704,7.84948455261709,1381.2279503506,10.1146292384946,25474995.0,75.3778157916824,18.0149428066597,16.5956447322347,-0.0543989999999999
GHA,Ghana,2011,50.1,51.3304086646488,8.2558797134245,1537.81834019283,16.0706874677608,26095088.0,86.2954538549695,23.8636600934779,13.9148221759821,0.0898514
GHA,Ghana,2012,46.5,51.9197918381031,7.98251565917851,1640.54072088003,15.8226771827735,26734268.0,93.1680351286831,27.1365335859295,15.2052787396605,0.0333979
GHA,Ghana,2013,46.2,52.4985794475913,5.13479660884921,1718.59704769958,10.8892140729202,27386193.0,60.7593219028775,34.0898222065997,54.0129117583926,0.0303364
GHA,Ghana,2014,47.7,53.0663398797148,6.15120635162518,1726.36930134647,12.249534681472,28041592.0,63.8365624430783,33.8982030516643,23.9399587593999,-0.0929878
GHA,Ghana,2015,44.0,53.6226415210752,6.45737614178894,1722.77282833606,10.5635168212992,28696068.0,76.5212709243242,31.1193795046839,13.2529666807363,-0.0228697
GHA,Ghana,2016,45.2,54.167052758274,6.20782671803196,1740.81101902928,8.64980290681468,29356742.0,67.8769994445865,27.6932546491989,15.7486203078991,-0.128208
GHA,Ghana,2017,45.3,54.6991419779128,5.39035841681501,1841.44636153249,10.3700404312643,30008354.0,70.5483652904116,29.9522176933621,10.6773082339139,0.0663948999999999
GHA,Ghana,2018,42.1,55.218477566593,4.4440435772374,1915.4532323781,9.7904078745383,30637585.0,67.9585174644902,31.1777436281076,10.5684824952629,-0.032042
GHA,Ghana,2019,42.6,55.7246279109161,5.67619931009197,1999.55372220211,9.76736656039863,31258945.0,76.824802732152,31.1077243700312,8.48107029698721,0.0133997
GHA,Ghana,2020,40.0,56.2171613974837,2.67937438514205,1970.19411460398,8.48657958474163,31887809.0,66.5754987162431,29.8767542337189,9.36557496583738,0.0588855
GHA,Ghana,2021,39.0,56.6952556826536,3.18633188953992,2030.04866500967,13.3474845007777,32518665.0,62.7078309128346,28.4050146696866,12.1061016311773,-0.1622488
GHA,Ghana,2022,,57.250609602871,1.93240124333448,2067.20895855521,,33149152.0,70.1154557937915,31.4700505018425,28.1838728518082,-0.1877453
GHA,Ghana,2023,,57.8074737774654,1.63794208218413,2091.81335596465,,33787914.0,64.3878615301086,29.466622381614,40.105798183836,-0.0688107
GHA,Ghana,2024,,58.3654868038581,2.11980137105215,2173.00329800201,,34427414.0,68.9668717609486,29.1998890155684,25.8753849206534,0.0114605
GHA,Ghana,2025,,58.9246861473125,1.6708218135385,2260.57555903544,,35064272.0,,29.2529049080397,14.4336587700116,
GIB,Gibraltar,2010,0.0,100.0,,,,31248.0,,,,
GIB,Gibraltar,2011,0.0,100.0,,,,31660.0,,,,
GIB,Gibraltar,2012,0.0,100.0,,,,32029.0,,,,
GIB,Gibraltar,2013,0.0,100.0,,,,32407.0,,,,
GIB,Gibraltar,2014,0.0,100.0,,,,32813.0,,,,
GIB,Gibraltar,2015,0.0,100.0,,,,33193.0,,,,
GIB,Gibraltar,2016,0.0,100.0,,,,33658.0,,,,
GIB,Gibraltar,2017,0.0,100.0,,,,34245.0,,,,
GIB,Gibraltar,2018,0.0,100.0,,,,34854.0,,,,
GIB,Gibraltar,2019,0.0,100.0,,,,35494.0,,,,
GIB,Gibraltar,2020,0.0,100.0,,,,36173.0,,,,
GIB,Gibraltar,2021,0.0,100.0,,,,36858.0,,,,
GIB,Gibraltar,2022,,100.0,,,,37609.0,,,,
GIB,Gibraltar,2023,,100.0,,,,38471.0,,,,
GIB,Gibraltar,2024,,100.0,,,,39329.0,,,,
GIB,Gibraltar,2025,,100.0,,,,40126.0,,,,
GIN,Guinea,2010,75.7,33.8075426880206,,675.736917327708,15.2920806038969,10396086.0,73.5465739340387,32.3138372958105,16.1026033748334,-1.6907747
GIN,Guinea,2011,74.8,34.0732054685603,14.0905035719922,696.199991395571,18.1995114826407,10656810.0,85.9546732708386,32.6144005582332,8.99929064251756,-1.53866069999999
GIN,Guinea,2012,76.4,34.3313936933767,7.92820721970247,719.505916794546,16.6316633604097,10921581.0,86.6743318322581,31.5767582978151,11.5159611123425,-1.48727869999999
GIN,Guinea,2013,78.5,34.5812741977122,0.00226821971801587,729.833143236326,14.2501576757042,11191873.0,80.4264477180461,29.6407139185782,4.32935646096067,-1.4036079
GIN,Guinea,2014,78.6,34.8177920826682,-0.840221306496811,738.272274481308,14.9319543061707,11472924.0,76.7719658952305,29.6941648521559,2.6158977058997,-1.168846
GIN,Guinea,2015,76.2,35.0373191833496,0.605767981893699,747.356966759448,14.1138586026586,11767070.0,72.4427307469345,26.3246416118291,2.9722848994975,-0.7463171
GIN,Guinea,2016,75.3,35.3100280761719,18.8280094343567,807.236421043888,18.1063644814226,12073030.0,111.839467415368,30.1038432883843,5.66895163278967,-0.577628599999999
GIN,Guinea,2017,72.0,35.5827331542969,5.59427174638354,867.907502577607,18.9531246230915,12385659.0,101.251633768429,31.653986926333,10.3565072127234,-0.800407099999999
GIN,Guinea,2018,73.2,35.8554382324219,2.97511256265365,899.907328045175,13.7023759938136,12704774.0,88.984111543709,33.3410014345781,7.05908442039132,-0.930512799999999
GIN,Guinea,2019,68.3,36.1281547546387,0.330286821832839,926.42221954853,4.65794341633325,13034346.0,78.4153132285974,29.390798702636,9.40290766328131,-0.857881799999999
GIN,Guinea,2020,65.8,36.4802208060551,1.25171292113785,945.570903389665,4.8276880509577,13371183.0,115.765259518929,28.5122742669412,4.24998016732003,-1.0877324
GIN,Guinea,2021,66.8,36.8502178436256,1.15770496278309,973.646890096159,4.51955879028644,13710513.0,115.195532789356,28.8210712335353,11.9862978624966,-1.0159308
GIN,Guinea,2022,66.6,37.2384967469106,3.30630355394451,987.502501465337,,14055137.0,94.1652726931221,26.5029300686511,2.80558292389495,-0.813667399999999
GIN,Guinea,2023,,37.6454083954705,5.86822813302221,1016.88094800324,,14405468.0,95.829526758227,25.7306393241004,6.09250536857687,-0.8765719
GIN,Guinea,2024,,38.0713036688655,5.60537419672253,1045.92207475792,,14754785.0,97.7778177313259,25.1163848517133,6.81449404284753,-1.0377627
GIN,Guinea,2025,,38.5165334466562,,1098.14023541721,,15099727.0,103.678013340369,25.3918782030885,6.19069901228895,
GMB,"Gambia, The",2010,56.6,56.0110896605662,2.40659689644853,701.014524591061,3.03032430579774,1926630.0,41.0125150279466,9.82816623642272,5.64433086097335,0.0735716999999999
GMB,"Gambia, The",2011,56.2,56.6696692994225,2.55921826982754,625.464360270983,4.46743879941924,1983784.0,42.6397020468894,11.5126603208193,4.57212350369147,-0.0174454
GMB,"Gambia, The",2012,57.0,57.3207304207091,2.91048196914862,639.139881889048,5.78123297887422,2043094.0,47.7006731141985,11.9583688371148,3.84516021372072,-0.221411399999999
GMB,"Gambia, The",2013,59.3,57.970305611505,4.96800325180048,638.522368532214,5.90666401996967,2103820.0,45.4619193623296,11.8946963108623,5.93313138058191,-0.2420331
GMB,"Gambia, The",2014,53.2,58.6141799655551,1.8718835765044,611.879472952196,5.2409154628157,2164528.0,58.2579307752264,13.214834279827,5.21172310682789,-0.3503537
GMB,"Gambia, The",2015,49.0,59.2458499408388,5.22255647330922,619.536364296461,5.55888177634649,2224529.0,44.5223730803813,17.1434530643603,9.72036242675256,-0.210501599999999
GMB,"Gambia, The",2016,48.6,59.8652472486563,4.70370236790454,615.193365494386,6.56105812711213,2283769.0,38.1140879565948,20.9355929614924,7.82062274860979,-0.446274
GMB,"Gambia, The",2017,48.0,60.471712657237,4.27524164277035,628.777299272925,6.49323709656864,2342189.0,55.7335796090833,17.8927550195818,3.92171862000133,-0.196953699999999
GMB,"Gambia, The",2018,48.1,61.0645869348107,4.89653501762191,658.127833258563,2.72252448983926,2399632.0,64.8124640003735,17.3104257988738,6.95176403794258,-0.115459499999999
GMB,"Gambia, The",2019,47.4,61.643210849607,3.9194379121789,682.797642940426,2.81390983977653,2456844.0,55.9979116186993,17.2826008332323,6.25220639943007,0.0678807
GMB,"Gambia, The",2020,49.8,62.2069251698555,10.4612755737217,670.758642891251,3.03439304457224,2515733.0,47.3955201736291,16.8536853891411,2.18875895856547,0.1363877
GMB,"Gambia, The",2021,48.6,62.7550706637859,12.5026201279668,689.49323955737,2.85673041093642,2576010.0,42.0979827971754,15.8821231471213,7.3821228563862,0.0231959
GMB,"Gambia, The",2022,47.7,63.2869880996278,10.4995860985808,710.686979216316,,2636470.0,44.7219215369466,15.5889695262957,8.81707580376896,0.1344853
GMB,"Gambia, The",2023,,63.8020182456108,8.62799548450681,735.612384062616,,2697845.0,39.9620173467122,16.4224206550964,13.719183938301,0.1359932
GMB,"Gambia, The",2024,,64.2994103409645,9.66186336562045,758.965888826955,,2759988.0,42.1706172080435,15.3332836015651,5.79689364240312,-0.0180453
GMB,"Gambia, The",2025,,64.9884861325581,,786.0058158504,,2822093.0,62.1713935326955,15.8304969222266,7.88836097747654,
GNB,Guinea-Bissau,2010,87.8,40.0095596313477,2.79117647230681,625.904027290582,14.9307329026999,1566347.0,43.5145876385454,13.7495149088181,5.21501552229329,-0.5652463
GNB,Guinea-Bissau,2011,87.9,40.4391136169434,2.16270009395862,658.953470528116,13.2487755763413,1608076.0,48.6174602066373,12.2556709039964,8.45292200371514,-0.6382914
GNB,Guinea-Bissau,2012,87.8,40.8686027526855,0.631297914892102,630.66862302825,17.1198567468218,1651417.0,44.1280665609795,12.0457512726254,-0.0272211604902992,-1.038788
GNB,Guinea-Bissau,2013,87.7,41.2976379394531,1.76984840814073,634.095456089352,16.9399233052409,1695973.0,39.9574617805787,13.1545314595145,-0.932275244837825,-0.960841
GNB,Guinea-Bissau,2014,87.3,41.7271995544434,2.54152912247103,623.610159103365,18.6987838921976,1741122.0,46.8696583055238,14.6822693955448,1.2975573716642,-0.881487399999999
GNB,Guinea-Bissau,2015,87.2,42.1568145751953,1.61191900956541,645.066837207039,19.8714177012089,1786457.0,54.3703755891285,12.9268475259906,14.5196628984565,-0.5875693
GNB,Guinea-Bissau,2016,86.8,42.586109161377,1.92748272635559,663.242608032005,18.7015046109056,1831893.0,54.3006730474711,12.0226933283458,2.71774539339231,-0.5084519
GNB,Guinea-Bissau,2017,86.8,43.0155792236328,1.06744396733032,677.466131311367,15.9857332638944,1877072.0,56.9137475938811,11.7058928971019,10.528296464536,-0.582037399999999
GNB,Guinea-Bissau,2018,86.6,43.4449081420898,1.32316927565873,686.456819839526,9.88886799180997,1922168.0,55.0195890357005,16.3705721944585,-2.53156124592356,-0.649365499999999
GNB,Guinea-Bissau,2019,86.2,43.8745574951172,4.48928839147048,706.298562874985,9.94740073583492,1967696.0,49.943905496502,15.6396986873955,2.86097901893625,-0.4638332
GNB,Guinea-Bissau,2020,87.2,44.3038330078125,1.23102382929433,710.275830755611,11.1515860354561,2013255.0,42.8852704163601,12.3948582237414,1.98774395959522,-0.2838803
GNB,Guinea-Bissau,2021,87.4,44.7334136962891,0.971357397018973,729.396882757942,10.4285037712862,2058841.0,44.8202242773261,11.8030876365994,2.63704173150228,-0.3001867
GNB,Guinea-Bissau,2022,87.4,45.1627159118652,1.16676746385654,752.149255217249,,2105529.0,45.9934723683125,12.668084648349,3.79045711575634,-0.360252199999999
GNB,Guinea-Bissau,2023,,45.5923843383789,1.21022351361357,769.504652461795,,2153339.0,42.4351515242076,15.4120002197218,3.98120891582747,-0.3193937
GNB,Guinea-Bissau,2024,,46.113204421822,1.21259612687519,785.91021956464,,2201352.0,40.3719342566601,15.9953075258397,1.32117473670696,-0.618439499999999
GNB,Guinea-Bissau,2025,,46.6510315281292,,813.829913686556,,2249515.0,40.8792835027354,15.7442824077624,4.3208003757871,
GNQ,Equatorial Guinea,2010,5.7,53.1218806529176,16.7581567258275,10984.3243932426,36.311150239718,1189085.0,144.668225001248,74.7445614275894,24.9065341802403,0.1280299
GNQ,Equatorial Guinea,2011,5.6,55.9743349096911,9.24740468952516,11203.9073679091,37.6841563581666,1241835.0,114.37734663649,78.0648736933954,17.045106569847,-0.0605353999999999
GNQ,Equatorial Guinea,2012,4.4,59.0106940671203,4.4007560526439,11650.7196270884,39.0027634245776,1293483.0,116.675422472364,77.3115042713314,4.85478204392102,-0.0777002
GNQ,Equatorial Guinea,2013,3.7,62.2120073583984,2.65594378481707,10731.6455729191,33.3474569225038,1346218.0,106.893284926066,72.4492577432395,-1.07267375706822,-0.1980612
GNQ,Equatorial Guinea,2014,4.9,65.5593240167184,0.771291915530887,10363.4872473549,27.1072398964958,1399828.0,104.379198671388,70.1909452181904,-1.27384264682834,-0.5596512
GNQ,Equatorial Guinea,2015,5.5,68.951270615355,9.00761663149669,9068.91003238645,17.5005073478909,1453923.0,98.8780591680756,59.1005872679086,-20.1927503678985,-0.5106021
GNQ,Equatorial Guinea,2016,4.8,69.253269853051,15.6154447046738,7971.83401904573,16.4599653575836,1508186.0,92.6007307237942,52.3302543282798,-6.2854221112699,-0.404997699999999
GNQ,Equatorial Guinea,2017,5.0,69.5516019132985,3.1541343035206,7259.10936454803,21.9589067386853,1562396.0,102.428258251803,56.8622280929059,12.7423831594725,-0.3950453
GNQ,Equatorial Guinea,2018,4.8,69.8396623666175,-1.10304372116447,6578.90039765711,27.8023533090755,1616422.0,103.645681622953,57.2950816179221,9.51383429692252,-0.3808707
GNQ,Equatorial Guinea,2019,7.4,70.1175419547293,7.22811929659373,6018.12066321865,25.4372801609757,1670177.0,94.8787924253545,52.0754100364789,-3.16368983363937,-0.3400881
GNQ,Equatorial Guinea,2020,6.5,70.3853314193247,-0.0916985922610923,5575.26241511492,16.6815988795919,1716468.0,77.9278846441807,45.4054105758078,-10.1685457458373,-0.380621
GNQ,Equatorial Guinea,2021,5.2,70.6431215020592,4.59725955429429,5487.92479201992,23.500064053404,1758786.0,76.9666485998527,50.201792113968,17.9386307222713,-0.3214725
GNQ,Equatorial Guinea,2022,4.2,70.8910029445467,10.1419330984832,5524.24312418579,,1803545.0,81.8130161368099,56.2109990617835,22.1004087260455,-0.3481526
GNQ,Equatorial Guinea,2023,,71.1290664883517,1.13046555239989,4992.26076814571,,1847549.0,60.6886626813037,48.2938369793055,-3.74979666719064,-0.2874757
GNQ,Equatorial Guinea,2024,,71.3574028749806,1.41848628768048,4892.95310498567,,1892516.0,74.2894990329407,48.4114570890471,5.22554983275714,-0.1409375
GNQ,Equatorial Guinea,2025,,71.5761028458697,,4497.75112328053,,1938431.0,74.9321719146879,41.4102950604809,-1.38305927171049,
GRC,Greece,2010,11.4,76.3631476983077,0.179789223267027,21547.724178239,0.271313475376967,11121341.0,50.9225181997227,15.0655277858101,1.18092065228493,-0.0107333
GRC,Greece,2011,11.4,76.6352609929407,0.38562256563474,19448.255802525,0.357427754438088,11104899.0,56.2929957941907,14.3792409788507,0.976657802861098,-0.0776492
GRC,Greece,2012,14.2,76.8679797449322,0.695897838082299,17924.6620496886,0.234074144784244,11045011.0,62.3942117351318,14.7998191105367,-0.334569925784251,-0.1628976
GRC,Greece,2013,16.6,77.0951999650171,1.24506178790059,17644.8766635021,0.161354239227532,10965211.0,62.9547272215374,15.064315279116,-1.9603216018036,-0.152352
GRC,Greece,2014,16.4,77.3130486275866,1.15314480305525,17903.5252440012,0.12477838312053,10892413.0,66.4335364513677,14.144282569928,-1.92347455777482,-0.0700276
GRC,Greece,2015,17.5,77.5194426317545,0.652184629866422,17980.7298238137,0.0713511198951637,10820883.0,65.2716454619318,14.4406143927451,-0.174753732642159,-0.1201405
GRC,Greece,2016,16.4,77.7122988766348,1.3975055397238,18049.928997892,0.0905977627072228,10775971.0,63.6575490882866,14.3053359941807,-0.489961144384012,-0.1537754
GRC,Greece,2017,16.4,77.8895342613411,1.7162955046024,18352.0884461258,0.107741216363758,10754679.0,70.8824967397253,13.5438938901132,0.2036135315862,0.00694
GRC,Greece,2018,17.9,78.0490656849874,1.88723349665643,18769.0389621976,0.107923693978732,10732882.0,79.2379908638706,13.6804076386379,-0.234800451317412,0.351321
GRC,Greece,2019,18.5,78.1888100466875,2.41172201156202,19216.6759579785,0.0704760678864166,10721582.0,80.5900949510457,13.4139572418293,0.245015781395267,0.2789347
GRC,Greece,2020,20.1,78.3066842455552,1.72637818314203,17486.951333323,0.0388459707205932,10698599.0,70.2937464580745,14.2956021874194,-0.363959702932064,0.2996221
GRC,Greece,2021,21.5,78.3884898647442,3.0165221032062,19231.2888803517,0.0875219452812631,10570130.0,88.0126654490379,14.7711977789358,1.39275644673982,0.2270172
GRC,Greece,2022,,78.5502190980809,3.69648293387112,20550.5049158297,,10437805.0,108.121843229922,16.7201143496111,6.28541243425478,0.236947
GRC,Greece,2023,,78.7746303842088,1.94366777616511,21050.8648111581,,10407351.0,92.4710882947018,14.8477611524462,6.26971104079917,0.3853039
GRC,Greece,2024,,78.9967856500534,2.6312519942121,21494.6856060599,,10405134.0,89.7765279446168,14.9985220031197,3.20936406384638,0.1394204
GRC,Greece,2025,,79.2246082848537,,21921.6862747184,,10413962.0,83.4516228818392,15.2203301963762,2.77684627717545,
GRD,Grenada,2010,10.8,35.8743359481443,7.21829642572972,7670.71165827663,0.0,111586.0,,14.709329695351,0.479792195397422,0.4428405
GRD,Grenada,2011,11.4,35.8601091092326,11.0347999232425,7695.37616017287,0.0,112079.0,,13.3430366681412,0.224507391716472,0.3304882
GRD,Grenada,2012,11.5,35.8652755773132,6.22764121735725,7559.5628483956,0.0,112775.0,,12.3180285968292,3.92615000865237,0.3758143
GRD,Grenada,2013,10.8,35.8792242623778,15.4729269608086,7688.75297701343,0.0,113487.0,,13.3978295173335,2.92309825170382,0.3741085
GRD,Grenada,2014,11.0,35.9014624346562,9.18674323761499,8206.62862112333,0.0,114132.0,,12.8104378636674,0.775212924728535,0.5970391
GRD,Grenada,2015,10.5,35.9319491111708,15.4731884681937,8694.12438005692,0.0,114676.0,,12.3242889833279,2.75839206279986,0.5941324
GRD,Grenada,2016,10.4,35.9706014181883,10.3063305270724,8983.68397337899,0.0,115130.0,,12.1551895563471,2.64424525750435,0.9130972
GRD,Grenada,2017,10.2,36.0173296416579,13.6164508332703,9357.40728883583,0.0,115438.0,,12.715876749963,1.5261735013888,0.9134729
GRD,Grenada,2018,10.7,36.0720421424532,15.9441349586327,9744.16919577204,0.0,115691.0,,13.4331770166911,-0.703659389914975,0.9161154
GRD,Grenada,2019,10.4,36.1346465679904,17.1914579677146,9785.56040240592,0.0,115981.0,,13.6417603413492,3.32753294754764,0.9169085
GRD,Grenada,2020,10.3,36.2050502515788,13.5399655332758,8413.28335500372,0.0,116341.0,,13.0941605347134,-0.299985587376284,1.0425879
GRD,Grenada,2021,10.2,36.2831603706908,13.5644762706271,8782.32193426078,0.0,116688.0,,14.5039603960396,2.72736924168086,1.0408786
GRD,Grenada,2022,10.0,36.3688840183487,13.3138087097027,9406.19337643226,,116913.0,,16.1403646794682,1.63985185247203,1.2048361
GRD,Grenada,2023,,36.462128238584,16.4807317512533,9817.86383583917,,117081.0,,14.783570238864,4.45559777901883,1.2053145
GRD,Grenada,2024,,36.5628000454229,12.1312103836444,10042.6503142063,,117207.0,,14.9497180979216,-1.25813950408067,1.1992639
GRD,Grenada,2025,,36.6708064336827,12.0171926585936,10477.151595701,,117303.0,,15.4858717943992,0.658072836684596,
GRL,Greenland,2010,10.1,84.2784881591797,,43481.5161087805,0.0,56534.0,110.472368234124,18.0842449211536,2.02760491933817,1.467415
GRL,Greenland,2011,10.2,84.5286026000977,,42994.8790874739,0.114611409396534,56890.0,130.547942353994,18.0605185920164,2.88404565929712,1.7538046
GRL,Greenland,2012,10.1,84.8864593505859,,43655.7004664255,0.353875743048762,56810.0,100.978401084907,18.911785135448,3.44533181192106,1.7528896
GRL,Greenland,2013,11.2,85.3725891113281,,43338.3839246907,0.0190935869044509,56483.0,95.9116681587586,18.1332272290195,1.06737253143181,1.7500938
GRL,Greenland,2014,12.5,85.6772384643555,,45545.1429414917,0.0,56295.0,87.0885837878503,15.6961945959501,0.990273554004744,1.7597512
GRL,Greenland,2015,13.1,86.046257019043,,44536.3549705377,0.0,56114.0,83.1013810084573,17.0467116297327,8.14438057205848,1.7576068
GRL,Greenland,2016,12.4,86.2261047363281,,46561.7831434013,0.0,56186.0,85.8376729204278,17.6874070578423,3.53778245812826,1.7522673
GRL,Greenland,2017,11.3,86.3915557861328,,46597.9452470348,0.0,56172.0,84.2072558673104,17.0105529266181,3.2664996424492,1.7529215
GRL,Greenland,2018,11.4,86.72509765625,,47012.9860350276,0.0,56023.0,89.7766906266033,18.2130067733894,1.84672035174569,1.7575234
GRL,Greenland,2019,10.9,87.0217895507812,,48170.7896955512,0.0,56225.0,92.1907515607492,17.1422282695694,0.744863000194002,1.7589045
GRL,Greenland,2020,11.8,87.2840881978115,,48169.9406957389,0.0,56367.0,82.6595028892583,20.6552283701417,0.859588494283628,1.7581458
GRL,Greenland,2021,11.6,87.5452017613678,,48709.9339758895,,56653.0,83.6838572277142,18.9809292464903,0.798340349268443,1.7551692
GRL,Greenland,2022,11.7,87.8049405256832,,49679.3365414895,,56661.0,93.3651328766632,19.5118889646021,5.60649669091305,1.2502225
GRL,Greenland,2023,,88.0631147749908,,49929.7755428605,,56865.0,91.8900994375821,18.4467840952227,1.86374739406516,1.2510555
GRL,Greenland,2024,,88.3195347935238,,,,56836.0,,,,1.2405187
GRL,Greenland,2025,,88.5740108655152,,,,56831.0,,,,
GTM,Guatemala,2010,67.1,51.3270380592706,2.71030706792051,3546.62750929879,2.6452084845277,14500112.0,63.1251925746222,27.4918265373292,5.13757298846622,-0.811138399999999
GTM,Guatemala,2011,67.1,51.8657469899423,1.87038244023626,3621.37582644774,2.86196592041548,14792126.0,65.0470510420457,27.9436212267543,6.89464340316468,-0.7531567
GTM,Guatemala,2012,67.4,52.3523385176,2.82256297187213,3655.57490299412,2.18105907544831,15089647.0,61.9594193352042,28.1234371173336,3.37775084412593,-0.7159854
GTM,Guatemala,2013,67.2,52.7809822766245,2.87216286478145,3717.30457960279,2.18983261245163,15387337.0,56.6852489007381,22.9529599737565,3.35844634594847,-0.733731999999999
GTM,Guatemala,2014,66.2,53.1458479013964,2.43302117698753,3809.61584332802,2.98111660499136,15681725.0,55.0832736168677,23.1927143718844,2.86037216114291,-0.730266499999999
GTM,Guatemala,2015,63.3,53.4411050262961,1.93508794944894,3893.50533299068,1.78572375354011,15971743.0,49.8934518550985,22.7375104809835,2.23161308502304,-0.690917999999999
GTM,Guatemala,2016,63.2,53.6609232857043,1.28045862124744,3924.7789643024,2.01829626064269,16268760.0,46.3727343925686,22.6144392993251,2.70719500353177,-0.6431273
GTM,Guatemala,2017,65.0,53.7994723140017,1.39328931381397,3972.74059262672,1.50289202380162,16567357.0,46.0694034412912,21.9049014315292,1.74794495574884,-0.700759599999999
GTM,Guatemala,2018,64.0,53.845962303542,1.25790065429015,4040.21214374742,1.19385178218072,16845685.0,47.0116853424691,21.4264352094944,1.27156098090806,-0.6836211
GTM,Guatemala,2019,62.8,54.1882267267974,1.51707073546928,4139.12206338632,1.14790981503494,17103803.0,45.5167341849579,21.9422533815816,3.56581578958045,-0.6944184
GTM,Guatemala,2020,65.5,54.5483167911628,1.29230382378627,4005.83916360689,1.35250209053897,17357325.0,41.1407594007818,22.3294622105607,2.87230731822092,-0.563868399999999
GTM,Guatemala,2021,62.1,54.9047071553758,4.19448571319716,4268.62864461492,1.92928512463796,17598650.0,49.261149442668,22.2420507236704,3.1305504045966,-0.5740791
GTM,Guatemala,2022,,55.2581228215265,1.51665826758099,4383.90326160481,,17847877.0,54.4490964612191,22.6399804751435,6.36699144431654,-0.3005447
GTM,Guatemala,2023,,55.6082319565539,1.58230175223989,4469.05514652918,,18124838.0,48.3297978472591,22.3147364045658,6.51232599855618,-0.2021326
GTM,Guatemala,2024,,55.9547027274763,1.63228788754296,4564.21378502908,,18406359.0,47.3052981448815,21.6666398637607,3.6798816329392,-0.209766899999999
GTM,Guatemala,2025,,56.2972033013999,,4687.86355660464,,18687881.0,46.527609355823,21.7852825259175,3.38685024304168,
GUM,Guam,2010,0.5,94.0765173267308,,32644.1484056205,0.0,166522.0,72.0347544958577,,0.237584677615857,0.4506688
GUM,Guam,2011,0.5,94.0771054436498,,32665.3787483379,0.0,166543.0,77.7889245585875,,0.62907025079673,0.7732445
GUM,Guam,2012,0.5,94.0777276704115,,33404.9317636913,0.0,166331.0,76.7521367521368,,3.43097913322632,0.772577
GUM,Guam,2013,0.6,94.0782751403862,,34044.3190415455,0.0,165966.0,79.5332468975736,,0.84049308927905,0.7705375
GUM,Guam,2014,0.7,94.0787476782557,,34755.2691107298,0.0,165486.0,78.3600713012478,,2.07782277044168,0.8176369
GUM,Guam,2015,2.3,94.079145108702,,35165.7014644795,0.0,164905.0,71.3398861872737,,2.52246816503092,0.8160725
GUM,Guam,2016,4.4,94.079467256407,,35373.8483143417,0.0,164233.0,70.4117946110829,,1.57407577083902,0.6519602
GUM,Guam,2017,3.9,94.0797139460527,,35850.9025520506,0.0,163490.0,69.2665890570431,,0.998991461381451,0.8126545
GUM,Guam,2018,4.5,94.079885002321,,35731.2203743081,0.0,162679.0,72.9631465873409,,1.47239079307833,0.9368685
GUM,Guam,2019,4.5,94.0799802498939,,36830.1264410973,0.0,161808.0,78.0645161290323,,2.43881496389949,0.9450797
GUM,Guam,2020,4.6,94.0804991087801,,32884.8852646787,0.0,162158.0,63.6747802569304,,4.03539008928644,0.9970127
GUM,Guam,2021,4.5,94.0884327694075,,33239.4846327875,0.0,163730.0,61.8383060635226,,3.25017571972322,0.9953332
GUM,Guam,2022,6.7,94.1068261842046,,34627.9862781837,,165180.0,71.8668596237337,,5.46517905025054,0.9982241
GUM,Guam,2023,,94.1349341638921,,,,166506.0,,,,0.9986942
GUM,Guam,2024,,94.1726346571831,,,,167777.0,,,,0.9927487
GUM,Guam,2025,,94.2197463433641,,,,168999.0,,,,
GUY,Guyana,2010,30.6,26.4592185137368,5.76769722571896,4860.09110980566,14.592203974554,749256.0,,24.9027270750604,3.97225241927488,-0.3589398
GUY,Guyana,2011,32.8,26.3999996185303,6.68583866568761,5133.89539813637,16.5317662843372,746153.0,,26.4538770719167,2.40931982980719,-0.4609717
GUY,Guyana,2012,28.7,26.3999996185303,6.8398706440639,5403.79899428921,16.5328031367272,746288.0,,26.5877498717371,4.72761506665056,-0.4771909
GUY,Guyana,2013,26.9,26.4003891353669,4.81209139842568,5573.3421790463,13.9424805340938,750021.0,,25.6280649781202,-0.53668052810572,-0.5088822
GUY,Guyana,2014,24.0,26.4018152016157,5.75992305097648,5635.71704117947,10.7965827875901,754229.0,,24.3921272261287,-2.10540388667033,-0.218368099999999
GUY,Guyana,2015,25.0,26.4043918297579,3.21740985101614,5640.41560569466,8.56443283798628,758781.0,,24.7187387911341,3.00430951684523,-0.150202
GUY,Guyana,2016,21.3,26.4080892882899,1.29386384235538,5818.61682204646,16.0895528527279,763548.0,,29.382927306177,0.898175926516998,-0.00540029999999999
GUY,Guyana,2017,22.1,26.412905546573,4.46995182690347,5997.18271426826,13.161642595363,768479.0,,26.2071926714792,2.10900787395214,-0.0051392
GUY,Guyana,2018,16.8,26.4188378517884,25.7279321835024,6080.90612132746,6.60863781746129,791556.0,,26.2597639752552,-2.88748792539391,-0.0410701
GUY,Guyana,2019,11.3,26.4258834773058,51.9994680084664,6278.63054079553,5.96249594118667,807665.0,,28.6892259316288,2.96118846307267,-0.0594026999999999
GUY,Guyana,2020,12.0,26.4340397353676,23.4509659519186,9010.61000469878,13.8985430832365,807481.0,,38.7960801467797,-26.2960990745423,-0.00729659999999999
GUY,Guyana,2021,13.2,26.443303961947,27.8124987352703,10711.9973374148,33.6832711741997,815482.0,,50.3896520627165,22.4176972723594,-0.0281476999999999
GUY,Guyana,2022,12.1,26.4536735068183,-20.3619575428882,17365.3336428642,,821637.0,,67.8206416613225,12.0604489196063,0.210713
GUY,Guyana,2023,,26.4651457279878,-6.70884466235383,23101.3538282741,,826353.0,,69.3012460921421,-14.0864299215933,0.2012498
GUY,Guyana,2024,,26.477717988557,34.9900654897849,33034.948872927,,831087.0,,76.0338230352287,1.35888902828682,0.2164983
GUY,Guyana,2025,,26.4913876548981,,39191.5676631842,,835986.0,,75.0876664476628,-7.93035469801254,
HKG,"Hong Kong SAR, China",2010,0.1,100.0,36.174608362048,38090.0154420129,0.00207769698047783,7024200.0,404.770560908659,6.83582798711052,0.270621528158884,0.9990971
HKG,"Hong Kong SAR, China",2011,0.5,100.0,38.684029536737,39656.3184510131,0.00836942973155063,7071600.0,421.854706554386,6.71717250042648,3.89791113727576,0.9128416
HKG,"Hong Kong SAR, China",2012,0.2,100.0,28.5144344855168,39887.8192650568,0.00233967746770346,7150100.0,430.568530415663,6.84452438540072,3.54479208694718,0.9387575
HKG,"Hong Kong SAR, China",2013,0.3,100.0,27.8775202185389,40959.9776349249,0.00380877580925821,7178900.0,442.620019127299,6.94769922906227,1.81243824030362,0.8557967
HKG,"Hong Kong SAR, China",2014,0.2,100.0,44.5506957088126,41796.8593150091,0.0173546989496714,7229500.0,425.975871734797,7.0675064878175,2.85027367840411,1.025742
HKG,"Hong Kong SAR, China",2015,0.2,100.0,58.5183725103253,42432.1619740441,0.00132324181590028,7291300.0,389.405949263639,7.05801657854796,3.64354746687002,0.8753195
HKG,"Hong Kong SAR, China",2016,0.2,100.0,41.5318364506118,43087.5537128127,0.00136992350320175,7336600.0,371.727231773253,7.47571466772237,1.6382544482193,0.6672047
HKG,"Hong Kong SAR, China",2017,0.2,100.0,36.8375516616862,44380.8176753147,0.00161903902082238,7393200.0,376.795666734722,7.21876244307908,2.88058154435278,0.6833963
HKG,"Hong Kong SAR, China",2018,0.2,100.0,26.8255240590301,45280.4971892076,0.00106133601917033,7452600.0,376.892773545026,6.47887850480474,3.65957207425069,0.7617643
HKG,"Hong Kong SAR, China",2019,0.2,100.0,16.0571325877868,44195.2741142906,0.000885726237364786,7507900.0,353.743521139731,6.25471437479218,2.04495530689914,-0.1843167
HKG,"Hong Kong SAR, China",2020,0.3,100.0,34.0497513548395,41451.2989586282,0.000887798126199827,7481000.0,350.679705044448,6.17058195458318,0.638324164435261,0.0079016
HKG,"Hong Kong SAR, China",2021,0.4,100.0,37.1838191639948,44530.9213833761,0.000992608591579756,7413100.0,402.459681454463,5.98949153287008,0.68361601791112,0.2186871
HKG,"Hong Kong SAR, China",2022,,100.0,34.1279470162123,43281.0067309646,,7346100.0,384.885909968308,6.26275845324292,1.6885303942916,0.3891702
HKG,"Hong Kong SAR, China",2023,,100.0,32.0372043184955,43518.9311789918,,7536100.0,353.194608900413,6.28208009499498,2.89214154042013,0.4084368
HKG,"Hong Kong SAR, China",2024,,100.0,30.8106332188954,44734.4365296835,,7524100.0,359.390663042179,6.16739272527246,4.15884837120706,0.6310985
HKG,"Hong Kong SAR, China",2025,,100.0,,46450.1893260301,,7498900.0,396.645420727816,,1.02447880734384,
HND,Honduras,2010,53.6,51.3273733161098,3.83460574737835,2108.47314459603,2.36463288147641,8365878.0,109.441838241682,25.5871307044098,4.67604329499009,-0.6306269
HND,Honduras,2011,50.9,51.9908892304951,5.88681418228473,2144.56265540491,1.7044807548954,8540583.0,122.216902597337,25.8142160143128,7.8072052366428,-0.5252471
HND,Honduras,2012,49.3,52.6641557109031,5.83610988955542,2188.39378817891,1.63060548730794,8715076.0,121.188215808285,26.1135718011836,3.57978742613756,-0.511655899999999
HND,Honduras,2013,51.1,53.356379133253,5.77862113948416,2205.40126728067,1.78208817924239,8889278.0,116.306049247436,25.4093197152808,1.37403051856492,-0.535936499999999
HND,Honduras,2014,52.2,53.8768089124249,8.62899693066618,2229.24772232218,2.2661279184441,9063122.0,112.97509728471,24.510778796214,6.84935672480186,-0.6895701
HND,Honduras,2015,50.8,54.3828473751434,6.27594328427599,2271.20265980349,1.56846231223826,9237305.0,107.26440535424,25.6499709386427,6.9327703694637,-0.6604916
HND,Honduras,2016,52.7,54.8868414578857,5.28156973350556,2315.72983058198,2.01566335667541,9412380.0,99.8157169505924,25.8278974975697,3.67806814426042,-0.7047922
HND,Honduras,2017,45.6,55.3877322339915,4.10592046689605,2383.37398439714,1.72906722467945,9588137.0,101.813111079622,26.5389223099615,4.5128429763521,-0.9065696
HND,Honduras,2018,48.9,55.8852577716247,5.99386120691106,2430.13503657762,1.07184110988038,9765210.0,103.551162215452,26.5924587973715,1.94721691531043,-0.864353599999999
HND,Honduras,2019,46.2,56.3791561389766,3.83846408231678,2447.61649282181,0.916855208806467,9943633.0,99.4595352452417,26.7243168964313,3.35874088466439,-0.827137599999999
HND,Honduras,2020,50.2,56.8691654042685,1.0106822391556,2189.43168668222,1.23326098347167,10119640.0,88.0008563836292,25.357857215276,3.40198228348704,-0.666353099999999
HND,Honduras,2021,45.9,57.3550236357547,2.84361329738544,2423.76634916911,1.22455313744521,10289877.0,103.372643459918,25.8201593146773,4.60572808888793,-0.806377
HND,Honduras,2022,,57.8364689017254,2.41292398026651,2482.22384904714,,10463872.0,112.698524913966,25.9084247689488,9.31239503002736,-0.4781621
HND,Honduras,2023,,58.3132392705102,1.68381240542467,2527.27366333188,,10644851.0,98.7919798336365,25.824819269639,6.04752279899292,-0.3507671
HND,Honduras,2024,,58.7850728104829,1.29157460831069,2575.32081187859,,10825703.0,91.6694117874122,26.3187129347364,4.70034716242627,-0.5671583
HND,Honduras,2025,,59.2517075900659,3.52535439103993,2628.19722136887,,11005850.0,91.507337541504,25.3894649785335,8.01663520642373,
HPC,Heavily indebted poor countries (HIPC),2010,79.6115171074584,31.7646366285593,4.62798445923484,830.195436382547,10.8849813332819,638389596.0,61.5113359027771,23.5383259891858,5.63761163813462,
HPC,Heavily indebted poor countries (HIPC),2011,78.8967629817918,32.1726769221166,4.9718285593863,840.995109673087,13.2332262991303,656367599.0,63.4765313127919,25.2967168972053,8.99929064251756,
HPC,Heavily indebted poor countries (HIPC),2012,77.8546208866133,32.5803279178654,5.49133879182131,850.90537224906,11.8859480563515,674950539.0,63.3606589740267,25.4554925646123,5.82399948795916,
HPC,Heavily indebted poor countries (HIPC),2013,77.654981472332,33.0085325284937,5.29061831893607,878.389738901825,10.5342633430523,694136340.0,59.7803635812952,26.0058422424106,3.58690582613154,
HPC,Heavily indebted poor countries (HIPC),2014,77.378161792632,33.4500793922766,4.17828774200692,900.23327280781,9.67009353583343,714234635.0,58.6179714546922,25.2170752402809,2.6158977058997,
HPC,Heavily indebted poor countries (HIPC),2015,76.5530574120486,33.876402244952,4.43948465249315,917.924140878178,8.18776819880517,734837721.0,56.2610131196304,24.2264258956431,3.00430951684523,
HPC,Heavily indebted poor countries (HIPC),2016,76.0862841962469,34.3061574682177,3.63425114807085,930.303195845621,8.41737380891623,756237630.0,53.528320197967,23.9824282481621,4.34616383662868,
HPC,Heavily indebted poor countries (HIPC),2017,75.9193473348398,34.7436136608517,4.0223870593029,949.269457689577,8.87213025200446,778657210.0,52.3811635150435,24.9114159701171,4.12384905939905,
HPC,Heavily indebted poor countries (HIPC),2018,75.2520183545811,35.1902982941101,3.59560026931594,961.125858662023,7.85330862735262,801220102.0,53.823698549324,26.2614481056551,2.65825855086592,
HPC,Heavily indebted poor countries (HIPC),2019,74.8448133256749,35.60787726524,3.00565511318103,974.069965846461,6.7208039565865,823805910.0,53.1389262447371,26.0012878654347,3.00001181631713,
HPC,Heavily indebted poor countries (HIPC),2020,76.0353291030768,36.0239709463492,2.28527852876562,947.580161647698,6.60632349552677,846861642.0,47.2342916899179,24.9862188485804,3.40198228348704,
HPC,Heavily indebted poor countries (HIPC),2021,,36.4661763671202,3.48079433747399,962.578481916824,11.3095092772319,869987833.0,51.0652963892432,26.3371482099418,5.16433588592962,
HPC,Heavily indebted poor countries (HIPC),2022,,36.9406309816039,2.73739794277816,983.847120090035,,892885172.0,55.5523209026046,27.469069672678,8.66620854081535,
HPC,Heavily indebted poor countries (HIPC),2023,,37.3827611102379,3.17815019024217,992.174917021435,,916223767.0,52.0229954587253,27.3212553561624,5.09636214860694,
HPC,Heavily indebted poor countries (HIPC),2024,,37.8610562629747,4.24357917808801,1016.27398761692,,940304348.0,51.5872154598548,27.3885632218226,6.04628385410035,
HPC,Heavily indebted poor countries (HIPC),2025,,38.332449317985,,1047.79533535811,,965148593.0,50.204455015635,28.3707328874274,5.12216904951298,
HRV,Croatia,2010,29.8,55.2824979327886,2.61983395656206,11965.1414956676,0.917408126030443,4295427.0,72.6475745178258,21.3685204333948,0.920955278990149,0.6992294
HRV,Croatia,2011,27.2,55.2773793281248,1.98600142929806,11993.1337166457,1.29394046574726,4280622.0,77.7839261603843,21.5033533278736,1.67118441203004,0.6832234
HRV,Croatia,2012,29.4,55.3042888624873,2.5458971283455,11780.5853491253,1.2944420673614,4260368.0,79.0091759505258,21.0399410595879,1.4097508285585,0.6651026
HRV,Croatia,2013,32.8,55.3659479687433,1.59392354890083,11838.4554388595,1.1084798242986,4233922.0,80.919621854334,20.5073010518841,0.738572400563456,0.6983074
HRV,Croatia,2014,33.6,55.4591834926844,5.34791756323206,11862.7815706266,0.867348745330344,4201598.0,85.2166354640278,20.6516894000178,0.129745689649098,0.6331008
HRV,Croatia,2015,33.1,55.5812594509004,0.958162552964542,12283.8750299177,0.698157062296322,4151725.0,90.6517861027716,20.3715789931689,0.123740124401735,0.611397
HRV,Croatia,2016,31.8,55.7294398599808,2.99037238331044,12848.473748279,0.511310613664342,4106867.0,92.1393432283564,20.2770886767859,0.0142096735846025,0.6354526
HRV,Croatia,2017,29.8,55.9009887365155,3.24022473811694,13485.3711360576,0.658339390527416,4041407.0,97.2452344566878,19.7719778010134,1.22924105074425,0.6251591
HRV,Croatia,2018,32.8,56.093170097094,2.6691078382689,14061.0597402919,0.773060031000923,3988775.0,99.0845893099948,19.2887373843767,2.02671225148859,0.7689202
HRV,Croatia,2019,31.6,56.303247958306,6.47280555618669,14641.8735578488,0.619466125649912,3949390.0,101.395111645358,19.5752741048337,1.98558869883709,0.7476171
HRV,Croatia,2020,32.4,56.5284863367411,2.53925977136019,13545.7402289427,0.439094632914067,3914206.0,89.5475327132272,20.096957275737,0.796428912481801,0.6477441
HRV,Croatia,2021,34.1,56.7683502560171,7.42755621800021,15395.2861605128,0.681198197003712,3878981.0,102.327614281062,19.5841831924995,2.0810342109412,0.6364386
HRV,Croatia,2022,,56.9977571733605,5.51627272111755,16618.3333786183,,3855641.0,125.410793782261,20.0656678449411,8.0097126152175,0.7321186
HRV,Croatia,2023,,57.2431560672198,3.90313322235581,17225.4504515697,,3859686.0,107.277801631602,21.1552547167429,12.870303820317,0.6832484
HRV,Croatia,2024,,57.5158981711443,4.87790164584768,17854.3262648378,,3866200.0,104.912403236133,19.1921308422094,4.48761487628609,0.5814089
HRV,Croatia,2025,,57.8144543604143,,18414.2935235367,,3876200.0,100.986286636193,18.9502554450121,4.6680876233543,
HTI,Haiti,2010,79.0,46.0679741838751,1.50093014768549,1317.58389339746,0.665741356287765,9803294.0,44.7215241260457,23.5332687261618,7.39382346704139,-1.30874809999999
HTI,Haiti,2011,79.0,46.7523749519985,0.91476918408797,1369.16921255852,0.530247287448995,9914904.0,44.1635704019387,24.5925802703743,4.32073061328364,-1.26130189999999
HTI,Haiti,2012,82.2,47.4314843495779,1.13794476642421,1354.88546124499,0.493447395435744,10069771.0,40.2582414988129,25.3732825170097,8.20779379091175,-1.12059439999999
HTI,Haiti,2013,80.4,48.1049430223048,1.0865204500402,1392.38204736859,0.586507266755589,10222362.0,40.3325097562551,25.6899193261312,8.07714884191483,-0.915407899999999
HTI,Haiti,2014,77.8,48.7723916158687,0.653599798370867,1411.76834802154,0.699288591917661,10373235.0,42.3515259071619,26.5606297593527,2.21898603934831,-0.9222469
HTI,Haiti,2015,76.1,49.4334707759572,0.711667596569424,1411.12684746796,0.574767533630933,10523242.0,41.9457381172044,26.0556909416746,5.20596329822199,-0.925938199999999
HTI,Haiti,2016,76.1,50.087821148256,0.745596209929376,1416.74881879698,0.790216838420377,10671457.0,41.4109022161974,24.4486778891376,15.7032145295515,-0.894686099999999
HTI,Haiti,2017,76.2,50.735083378449,2.48360915333592,1432.67228609541,0.657342723836906,10817754.0,42.0745477868911,23.7054083866046,13.7798773975934,-0.834199999999999
HTI,Haiti,2018,76.2,51.374898112219,0.640093066153268,1437.35251928349,0.44034486815939,10962362.0,45.1385763027223,24.1385210331551,6.5357588755091,-0.7667849
HTI,Haiti,2019,76.4,52.0069059952475,0.499464210439719,1394.42114071112,0.443318678876138,11105163.0,44.5687187758294,23.3823262210182,19.8003879006213,-0.9509746
HTI,Haiti,2020,76.3,52.6307476732151,0.17231607778598,1331.69778506932,0.577844130610775,11243848.0,37.4138801252638,23.327525652015,18.6851861283427,-1.0389171
HTI,Haiti,2021,76.7,53.2460637918026,0.247164798843834,1292.71954963551,0.327641965983974,11374586.0,33.4120026772124,22.3971130643091,18.2625872591215,-1.2132391
HTI,Haiti,2022,,53.8524949966907,0.195958763168676,1256.72143592448,,11503606.0,29.7746074753724,26.3278652106582,30.0605378947089,-0.947002399999999
HTI,Haiti,2023,,54.4496819335618,0.1208234771512,1219.11871645847,,11637398.0,25.2478984941791,29.264427213971,30.5743109073361,-0.971741099999999
HTI,Haiti,2024,,55.0372652481002,0.0824597396111034,1154.68841945337,,11772557.0,18.6547617785224,28.260417382654,21.284237094326,-1.2013046
HTI,Haiti,2025,,55.6148855859942,,1110.76318831712,,11906095.0,15.8854793452678,27.4979850031456,34.3943499944502,
HUN,Hungary,2010,13.5,69.5305480957031,-15.8854380283338,11287.3686666108,0.502154293766183,10000023.0,157.838960085896,25.2266979655838,2.53120833175369,0.7770358
HUN,Hungary,2011,14.7,69.4779934082031,7.45442145492381,11536.3578996772,0.675554220375786,9971727.0,166.754347209897,25.1359185300274,1.92745966857339,0.7163601
HUN,Hungary,2012,16.5,69.5772326660156,8.30549850772091,11440.7622718825,0.61841992081818,9920362.0,166.17569860957,25.0498656722544,2.87712453550428,0.712188
HUN,Hungary,2013,17.2,69.9277636266638,-2.74986395257086,11729.5720798501,0.507806206790584,9872734.0,164.476024791467,25.0561210392632,2.83480957212036,0.8127253
HUN,Hungary,2014,15.7,70.3071053512008,9.1265022330579,12287.3779441033,0.403352372971262,9833038.0,168.358355086413,25.6873886769853,3.69012110404373,0.805848
HUN,Hungary,2015,15.6,70.4847717285156,-4.3672559097876,12782.9412577973,0.285147410110642,9797755.0,167.290738494524,26.3916783181703,2.81115788673696,0.843542
HUN,Hungary,2016,15.3,70.4733810424805,53.8467636785015,13145.6559885563,0.227029691782411,9759755.0,163.97194450015,25.4486066021034,1.32255007729512,0.6277681
HUN,Hungary,2017,14.6,70.4542541503906,-8.6313549623639,13734.2442804335,0.282558589313256,9726756.0,165.032855840268,25.1587549896178,4.03729273738615,0.7324048
HUN,Hungary,2018,13.6,70.4711761474609,-40.1082460169744,14533.7783144312,0.347622949150536,9706964.0,162.700858777925,24.9697501840475,4.84538395103071,0.6616322
HUN,Hungary,2019,13.6,70.4565277099609,59.5775493833952,15290.8085466331,0.303895061476493,9694824.0,159.925556464831,24.6337376234071,4.75293653395626,0.7326156
HUN,Hungary,2020,14.8,70.2917327880859,105.635755544096,14664.2971195385,0.204655214271402,9670419.0,154.527002936377,24.3596848911298,6.42661364413084,0.7938892
HUN,Hungary,2021,15.3,70.2059275331413,18.2639108972104,15787.9535427563,0.402362635857113,9630932.0,159.187527332834,23.8976973303284,6.16694892296121,0.7337253
HUN,Hungary,2022,,70.1585064243445,-1.05246677407293,16487.7973935944,,9605074.0,184.969952581351,24.2154788875959,13.9678909516068,0.6701403
HUN,Hungary,2023,,70.2923026891431,-33.2799471781632,16375.0462724192,,9592186.0,158.618825607913,25.423282000701,14.9923041737904,0.5841522
HUN,Hungary,2024,,70.491825943218,-27.5090725956422,16543.1049095203,,9562065.0,147.926666538068,23.7847283321129,7.57999001730845,0.4363288
HUN,Hungary,2025,,70.6936831786278,-28.3736403614031,16710.9602521813,,9514251.0,140.779303903333,22.9715707249103,6.27131930665918,
IBD,IBRD only,2010,16.7512897977865,50.1080208606821,3.09127083900899,4533.00914065275,7.50882420661133,4436714947.0,53.2379833925515,36.3777355892156,6.93288714030183,
IBD,IBRD only,2011,15.9538657957954,51.1470854803375,3.08179092659058,4770.82824838185,9.17004952153047,4483152627.0,54.8841454433976,37.0293946331493,6.7457871247569,
IBD,IBRD only,2012,15.8795392491567,51.7855203403866,2.67449761314688,4977.09090605651,7.23208406285002,4532100585.0,54.1855889844303,36.7348156573855,4.73363277799726,
IBD,IBRD only,2013,16.0171385968997,52.4999014352869,2.69594325942099,5179.63613332378,6.10049745748183,4581958556.0,52.9805424614267,36.0731710879898,2.96227821724729,
IBD,IBRD only,2014,16.003291533954,53.1837216780098,2.39250344338952,5370.20489610287,5.13786828952268,4630607878.0,51.7110184178103,35.6326510255065,2.86037216114291,
IBD,IBRD only,2015,16.0209177851331,53.9332868281978,2.35060069655958,5546.81934137697,2.85504882335577,4676773551.0,48.3704857405775,34.7322709201912,2.16912075555875,
IBD,IBRD only,2016,16.2845965537743,54.6015207244718,2.11611235594566,5738.52582613831,2.54749475154341,4721566970.0,46.4096165856145,33.9145839621355,2.63616761998928,
IBD,IBRD only,2017,16.3923000534023,55.2222227935355,1.82866114737562,5978.75957459242,3.20386763914941,4765773411.0,47.7847883496778,34.1862517517949,4.29267812199525,
IBD,IBRD only,2018,16.6268066421204,55.8598392575292,1.96700377313379,6215.67638120711,4.08860215911098,4806981820.0,50.0664021195698,34.8452189233593,3.62664730027259,
IBD,IBRD only,2019,17.0666276982215,56.4284852445038,1.83701616403593,6412.74148413925,3.34855125356516,4845075024.0,48.1676862711543,33.9485454137807,2.42322694229267,
IBD,IBRD only,2020,18.0085051596372,56.8651715048446,1.78892734840657,6287.10346120634,2.26994763903633,4878296727.0,45.4695172579891,33.5076698392804,2.20392146778615,
IBD,IBRD only,2021,,57.4187341409059,2.22797093611658,6729.33339266546,4.62034860628825,4905212516.0,50.7074421878126,35.1518038986289,6.00397322136207,
IBD,IBRD only,2022,,57.7552337954716,1.59225550818769,6950.42582854395,,4928196300.0,53.751444616711,35.287055330044,9.55123473466408,
IBD,IBRD only,2023,,58.0307469598053,1.06862417153905,7237.59788175414,,4952209753.0,49.7580293079394,33.9182292367344,5.73390704564409,
IBD,IBRD only,2024,,58.3264723309511,1.10271578693302,7516.23109692996,,4979670326.0,49.7665350065376,33.1562414288247,4.30181944909637,
IBD,IBRD only,2025,,58.6463509114596,1.11528147580307,7797.15079685089,,5006926951.0,49.2964763371863,32.2804529583275,3.91692747038965,
IBT,IDA & IBRD total,2010,22.2914952493169,46.3037304771863,3.05710132761786,3721.63119008758,7.64751226986447,5876238780.0,53.2264071722749,35.5368655007376,6.20154282954809,
IBT,IDA & IBRD total,2011,21.5080308989151,47.1596578727806,3.0664353143082,3898.12924678617,9.35670033433892,5956303101.0,54.9312445890716,36.2829533872052,7.83332804468386,
IBT,IDA & IBRD total,2012,21.3971364601676,47.7248227220067,2.67907329355192,4049.02401734632,7.41279103532932,6038511525.0,54.2136933265888,35.9635331805158,4.91662853032029,
IBT,IDA & IBRD total,2013,21.5681055110978,48.3523840418748,2.68936800563993,4204.1114505155,6.25155041609645,6119970296.0,52.9561369014683,35.2972178681705,3.5869206075494,
IBT,IDA & IBRD total,2014,21.5287778759064,48.934439191868,2.37597948700141,4349.50164662377,5.27964343620984,6201072972.0,51.6764501721181,34.8411058953241,3.28528327187396,
IBT,IDA & IBRD total,2015,21.6163623919511,49.5550964553733,2.3489846725468,4477.24409653758,3.01062751654977,6280370137.0,48.3501035890442,33.8564897125004,2.9722848994975,
IBT,IDA & IBRD total,2016,21.8132582722264,50.1171733804251,2.11544368573704,4614.08685562372,2.71211171629984,6359496256.0,46.3456042919222,33.1107467336807,2.97355305311282,
IBT,IDA & IBRD total,2017,21.8333716725747,50.6447335432842,1.86182879084739,4788.10478996534,3.3790231056541,6439279067.0,47.7085660947481,33.4705789885029,4.1460488720143,
IBT,IDA & IBRD total,2018,21.9590062576992,51.1832192304679,1.96314303668085,4959.05836315983,4.20239292277328,6517257782.0,50.0259433028452,34.2023916489237,3.62664730027259,
IBT,IDA & IBRD total,2019,22.4318628279228,51.6653910881874,1.82489202002364,5097.1350886918,3.4916238889449,6593373309.0,48.1943922259065,33.2700728906802,2.79255741070172,
IBT,IDA & IBRD total,2020,23.435247290857,52.0454778410909,1.757529542416,4975.19205124347,2.42270024704809,6665588686.0,45.3752250141849,32.8013175603708,2.87803228859791,
IBT,IDA & IBRD total,2021,,52.5081681188004,2.1994036454402,5288.48751677048,4.79827029400089,6731708832.0,50.5268193017185,34.4101753057607,5.75824038734594,
IBT,IDA & IBRD total,2022,,52.8163796983223,1.58334320350732,5440.77771363889,,6793703268.0,53.6126039380313,34.5944455393318,8.38536672371339,
IBT,IDA & IBRD total,2023,,53.0823484348401,1.12247442129834,5634.16482692317,,6857438587.0,49.6848537038012,33.3841623731593,5.4881901840749,
IBT,IDA & IBRD total,2024,,53.3694237912271,1.18429933212812,5825.50541967732,,6925362193.0,49.6374181053919,32.7246807075254,4.85867391433284,
IBT,IDA & IBRD total,2025,,53.6757479244859,1.13579605065342,6018.61307031399,,6993790788.0,49.065709620698,31.9055095761812,4.02097902097962,
IDA,IDA total,2010,65.4798262712482,34.5786366508417,2.61995938801401,1220.95123872251,9.39335457811968,1439523833.0,,24.9248942907577,5.63761163813462,
IDA,IDA total,2011,64.9875878296829,35.024952783726,2.86206454345201,1242.31604652501,11.8211190705137,1473150474.0,,26.4163605334348,8.45292200371514,
IDA,IDA total,2012,65.6347840271434,35.5080433803967,2.741532862821,1256.89332471361,9.8351243932524,1506410940.0,,25.7129109896154,5.82399948795916,
IDA,IDA total,2013,65.9170351063927,35.996332190864,2.6037092753577,1297.88287583466,8.20043071143926,1538011740.0,,25.3054699463272,4.32935646096067,
IDA,IDA total,2014,65.5180418773844,36.4051820747557,2.17097634401276,1339.89861488766,7.02328837915852,1570465094.0,,25.0706159885331,3.79056288056664,
IDA,IDA total,2015,65.4970691927081,36.7864206452414,2.32958940676733,1357.9051932623,4.85686172480247,1603596586.0,47.9747033496365,23.3973859280726,3.52030613840677,
IDA,IDA total,2016,64.3516706620498,37.1903965759359,2.10731457622388,1372.7296442096,4.69490700118828,1637929286.0,45.1666203000795,23.3751344939387,3.26266934001773,
IDA,IDA total,2017,63.4625486644428,37.609058115614,2.28634839349944,1397.38370461298,5.60130990257888,1673505656.0,46.2974245040847,24.3602221053981,4.102311409395,
IDA,IDA total,2018,63.0596732632859,38.0388916782972,1.91354175714194,1427.14883414215,5.6496649924365,1710275962.0,49.2769085354828,25.9664257414695,3.67458711725906,
IDA,IDA total,2019,63.4454503938806,38.4653846981284,1.68177591945813,1451.18305482757,5.16429355471772,1748298285.0,48.6888132254431,25.2901974300938,3.34313691610601,
IDA,IDA total,2020,63.7525629244284,38.8904386172881,1.3910337128882,1394.41549981948,4.19411290263886,1787291959.0,43.6542866402809,24.570701257521,3.19453170028455,
IDA,IDA total,2021,,39.3204218850565,1.83657018951164,1418.97233507819,7.05014196795415,1826496316.0,47.2302506408838,25.0966159089483,5.55625821601024,
IDA,IDA total,2022,,39.7691797117658,1.47126059582121,1452.67025448891,,1865506968.0,51.0580808931251,26.0190178141948,8.06035108503779,
IDA,IDA total,2023,,40.2201100518451,1.85671213101151,1466.40467616719,,1905228834.0,48.3344601786916,26.2078216903209,5.45199791428508,
IDA,IDA total,2024,,40.6826937203111,2.37710519095972,1498.37807376176,,1945691867.0,47.2468719474343,26.6055385707873,6.01739804269458,
IDA,IDA total,2025,,41.1497531407779,,1536.6710718056,,1986863837.0,,26.8096079869874,4.29419607890728,
IDB,IDA blend,2010,60.5940711914845,42.1151997510905,1.67202592463839,1732.0970274752,10.2358117645748,508422508.0,,23.9598086114507,4.2297847294785,
IDB,IDA blend,2011,60.1995707840284,42.5084884969366,1.77411510329594,1762.43109999793,12.7427833435995,520984443.0,,25.4175429115943,5.70932050005679,
IDB,IDA blend,2012,62.2040325368952,42.9159323176066,1.25296307327025,1800.98680407865,11.0971654059145,532980174.0,,25.1642147315604,3.92615000865237,
IDB,IDA blend,2013,61.9371685909771,43.3275756317313,1.21534897494821,1864.20094351718,8.81164377678099,544442648.0,,24.2414014000126,3.62129566799582,
IDB,IDA blend,2014,61.535451528507,43.7524751266553,1.17070833163203,1932.2366467346,6.97194076172448,555868551.0,,23.7560796248069,2.54364613182496,
IDB,IDA blend,2015,61.7521936459909,44.1901706504123,1.19615665891005,1967.8941145813,4.11061637129879,567234056.0,,21.0704584310897,2.86366512300171,
IDB,IDA blend,2016,60.4836460271951,44.6500251183283,1.04596610946132,1975.50456585507,3.93666895671635,578463670.0,,19.7448981460352,2.16179137419846,
IDB,IDA blend,2017,59.7969449026188,45.1144259487283,1.44248576103475,1991.50582003859,5.60951113691832,590024074.0,,20.9499497507434,3.45839282975224,
IDB,IDA blend,2018,60.0455922831853,45.5767065281075,1.02669892259997,2028.14092040239,6.74651698098925,601951913.0,,23.3046509754865,3.29368245909905,
IDB,IDA blend,2019,60.7067624481493,46.0543233703288,0.6900051244334,2049.30236677741,6.26450039213551,614017319.0,,22.1336260923608,2.27362552784307,
IDB,IDA blend,2020,60.0736911684857,46.5685904859548,0.493960325888731,1943.87243809295,4.23702752796593,626440308.0,,20.5130672159974,0.705572037621721,
IDB,IDA blend,2021,,47.0949322895637,0.842868029003117,1988.14316748151,7.17679514028044,639196319.0,,20.9334873666947,4.3307475585662,
IDB,IDA blend,2022,,47.6330129185198,0.70512596762858,2043.42372895199,,651895919.0,,22.2941248079145,8.04664948979492,
IDB,IDA blend,2023,,48.1773673159897,0.987255558405467,2062.62356419287,,664395892.0,,22.1004150185254,3.90243671769379,
IDB,IDA blend,2024,,48.6958359099619,1.29615302475177,2107.6638668718,,676957651.0,,22.3649262297841,3.16564640311221,
IDB,IDA blend,2025,,49.2173940770698,1.53091429038713,2163.14295417872,,689783382.0,,22.1736608587171,2.83276716795213,
IDN,Indonesia,2010,36.0,49.8521375148888,2.02517914569356,2670.8129098953,7.13560902238893,246305322.0,46.7012738758737,42.7758663362749,15.2642936576449,-0.778454699999999
IDN,Indonesia,2011,32.4,50.4830017089844,2.30298429381592,2799.62468790318,8.5631139337506,249470032.0,50.1800131841104,43.9134234267133,7.46594303367513,-0.7510901
IDN,Indonesia,2012,30.1,51.1593933105469,2.30978031853073,2930.518445323,5.94561486320563,252698525.0,49.5828982992627,43.5937444233376,3.75387875323653,-0.5992727
IDN,Indonesia,2013,30.6,51.8307495117188,2.55135633401058,3055.24246006469,5.38990903395495,255852467.0,48.6373726752893,42.6356774375889,4.96599029131677,-0.6180612
IDN,Indonesia,2014,29.3,52.5002136230469,2.81997260412102,3170.72103011429,4.79162103687978,258877399.0,48.0801755855227,41.9283421270033,5.44317454935612,-0.385008199999999
IDN,Indonesia,2015,26.6,53.1720771789551,2.29761639380441,3288.22269725538,3.08136736381978,261799249.0,41.9376402415294,40.0478624042506,3.98024266013961,-0.5390218
IDN,Indonesia,2016,27.8,53.812557220459,0.487372471368879,3416.81005170972,2.66818993930963,264627418.0,37.4213418023318,39.3084439802081,2.43892408688207,-0.463383
IDN,Indonesia,2017,25.2,54.4541015625,2.01948919812582,3553.51999262321,3.08016177152276,267346658.0,39.3554970704606,39.3791548040237,4.29267812199525,-0.5816146
IDN,Indonesia,2018,22.0,55.0956840515137,1.81428979349441,3701.32155461912,4.21663374449654,269951846.0,43.0743089552002,39.7297374523848,3.81832356943335,-0.5428012
IDN,Indonesia,2019,19.8,55.7382049560547,2.23336204282241,3850.90321738979,3.23583967668836,272489381.0,37.6277775357108,38.9517679950779,1.59848849984144,-0.5802685
IDN,Indonesia,2020,21.9,56.2785287648768,1.81058402027127,3739.44906563161,2.43866732275102,274814866.0,32.9721754002427,38.2383937187942,-0.401651435218994,-0.539945999999999
IDN,Indonesia,2021,20.2,56.8761702464027,1.7878556314554,3850.68877253903,5.15704008451705,276758053.0,40.2047582749671,39.8448191919686,6.00397322136207,-0.6496757
IDN,Indonesia,2022,,57.4934704226599,1.87264100861425,4024.91225288391,,278830529.0,45.4646701959453,41.4292641760979,9.56898756346934,-0.7624666
IDN,Indonesia,2023,,58.1179353397878,1.57116966408747,4192.64401034181,,281190067.0,41.4604765447233,40.2157519921814,1.53014176760928,-0.613745
IDN,Indonesia,2024,,58.7509635387997,1.73855290316368,4367.94741847938,,283487931.0,42.809937870822,39.3184354184745,0.8898087547351,-0.609127499999999
IDN,Indonesia,2025,,59.3929063969984,1.54140671670434,4555.18055720702,,285721236.0,43.3912070511204,38.7077414834802,2.36887198997495,
IDX,IDA only,2010,70.5576135766612,30.4633398402301,3.55677057462727,941.87311126462,8.57276739818495,931101325.0,57.3224217658914,25.8517428687065,6.20154282954809,
IDX,IDA only,2011,69.9942562944391,30.9302827805092,3.94440069886168,957.759251305851,10.907330044443,952166031.0,60.8726619264423,27.391014001194,8.66656396249029,
IDX,IDA only,2012,69.2375680788855,31.452020011677,4.42772505235036,958.993364993698,8.44867517497132,973430766.0,61.0053154558179,26.294613955685,6.03709754749929,
IDX,IDA only,2013,70.0688971913976,31.9790558643189,4.14267451793977,987.559506416371,7.52223190512213,993569092.0,58.9218205005689,26.44923301775,4.33925720204957,
IDX,IDA only,2014,69.5857709069388,32.3798094567338,3.29984775239146,1015.3734765589,7.07928501196906,1014596543.0,57.6348749768095,26.5140537467503,3.91022519271547,
IDX,IDA only,2015,69.2695625897768,32.7341136354124,3.54482843690354,1024.03892548547,5.6419400106867,1036362530.0,54.0527767202776,25.8435118191359,3.96466639608224,
IDX,IDA only,2016,68.2872983784982,33.1174714726553,3.11970401199648,1043.61712928397,5.40839983910999,1059465616.0,51.1612035099634,26.7835011022354,4.04891299347933,
IDX,IDA only,2017,67.1926478978048,33.5219118462806,3.04864455104351,1073.84673193105,5.58638697710034,1083481582.0,51.7159715984422,27.3880617994308,4.34963395866464,
IDX,IDA only,2018,66.0568216095439,33.9449607807614,2.70879766654782,1100.73857863193,4.67341113929315,1108324049.0,53.9877514985178,28.3059085814403,3.81658094506807,
IDX,IDA only,2019,66.1344154982874,34.3572845737014,2.7217438521806,1127.40470768605,4.0282508835318,1134280966.0,53.2117386493399,28.4737117808599,3.57545446932066,
IDX,IDA only,2020,67.3560634206125,34.7470118346024,2.24843486451108,1097.9073513853,4.1518738896888,1160851651.0,47.9015176024508,28.3398106599292,3.40198228348704,
IDX,IDA only,2021,,35.1349266899544,2.77705207901883,1112.55281021201,6.92655107637537,1187299997.0,52.2120688058905,28.9316531324273,5.75824038734594,
IDX,IDA only,2022,,35.5450909648779,2.19416768879588,1135.34471641403,,1213611049.0,54.7122721955176,29.3849174714486,8.24119195502546,
IDX,IDA only,2023,,35.9594486372929,2.55566920951907,1147.16316787956,,1240832942.0,51.770857039518,29.4166835117188,6.04752279899292,
IDX,IDA only,2024,,36.4071269030645,3.10756585949809,1173.2818683549,,1268734216.0,50.9208098591496,29.3488150351481,6.3962577960575,
IDX,IDA only,2025,,36.8594065949293,,1203.51525862111,,1297080455.0,47.9762341437422,29.9260393568915,4.58374366386158,
IMN,Isle of Man,2010,1.9,51.9396170300917,,70747.8417587183,0.0,83873.0,,,5.20678784279833,
IMN,Isle of Man,2011,2.9,52.0246324097527,,71727.5055082703,0.0,84382.0,,,4.85475952954853,
IMN,Isle of Man,2012,3.5,52.0555317322629,,77009.2978612012,0.0,84335.0,,9.23480170729847,-3.68368491656447,
IMN,Isle of Man,2013,2.1,52.0804107092926,,80383.8273088527,0.0,84141.0,,9.01203314860131,1.53566330064135,
IMN,Isle of Man,2014,1.9,52.0997913403899,,84778.5806639347,0.0,83892.0,,8.25754873513739,-0.522056385874734,
IMN,Isle of Man,2015,2.2,52.1164840474526,,84753.5187422732,0.0,83593.0,,8.70677272502809,-0.627042437880746,
IMN,Isle of Man,2016,1.9,52.1331532169475,,90783.7647245394,0.0,83466.0,,7.90699830002406,2.23678683900322,
IMN,Isle of Man,2017,1.9,52.1498415744309,,93200.3108083857,0.0,83609.0,,7.43195587054351,3.99999643429156,
IMN,Isle of Man,2018,2.0,52.1651893864538,,95040.4061748938,0.0,83805.0,,8.02155779521804,1.29998640461891,
IMN,Isle of Man,2019,1.9,52.1789898247578,,95110.1385990737,0.0,83957.0,,7.59325582917094,1.80000437802099,
IMN,Isle of Man,2020,2.0,52.1909519786866,,86595.0676099275,,84064.0,,8.88444589020917,-0.205802891807679,
IMN,Isle of Man,2021,3.2,52.1999559660634,,89873.5420093569,,84106.0,,9.42416820760903,6.51491724886975,
IMN,Isle of Man,2022,2.7,52.1955609162662,,86100.5672917037,,84132.0,,6.93646402700019,9.09998560612453,
IMN,Isle of Man,2023,,52.1832571730182,,84315.137992954,,84165.0,,7.46284181299272,3.20002611804064,
IMN,Isle of Man,2024,,52.1633405796294,,,,84160.0,,,,
IMN,Isle of Man,2025,,52.1358064010515,,,,84118.0,,,,
IND,India,2010,36.2,30.9042190810094,1.6350340943491,1235.15939132939,4.49751864332879,1243481564.0,49.2552064974161,30.7250782285817,10.5260308557326,-0.942319199999999
IND,India,2011,35.0,31.2746502853309,2.0020634629993,1281.61054354937,5.30507567095095,1261224954.0,55.6238800135298,30.1616797630407,8.73357890528597,-1.1659038
IND,India,2012,34.8,31.5898935604399,1.31293453035323,1333.09626557649,4.02383769335832,1278674502.0,55.7937217287511,29.3985276965289,7.93438747794815,-1.15725679999999
IND,India,2013,34.9,31.9096789235237,1.5162764665975,1399.4537980281,3.67308833438322,1295829511.0,53.8441319466777,28.4048995600246,6.18650400086563,-1.17090389999999
IND,India,2014,33.9,32.2288233408821,1.69565958990806,1484.31640682961,2.81368985123428,1312277191.0,48.9221857470669,27.6564012026443,3.33175691698339,-0.817516599999999
IND,India,2015,33.4,32.5472990022299,2.09211521443253,1583.99815907985,1.77764002432658,1328024498.0,41.9229138658647,27.34739147794,2.27958810853136,-0.7619187
IND,India,2016,33.0,32.8650780972823,1.9373641224439,1694.46534973787,1.74839023532939,1343944296.0,40.082485713276,26.6189999399789,3.23797495083078,-0.7362183
IND,India,2017,32.5,33.1821328157539,1.50731583255894,1788.69770318481,1.98393401607656,1359657400.0,40.7424969545225,26.5000166464804,3.96925793347947,-0.572111399999999
IND,India,2018,32.9,33.4984353473598,1.55821483801456,1883.35772705055,2.25531632110711,1374659064.0,43.6169693323889,26.4120919013735,3.88424027199079,-0.6785888
IND,India,2019,33.5,33.8139578818147,1.78482633957161,1936.03067741063,2.01224538396897,1389030312.0,39.9054035306442,24.5914753075066,2.40551716106347,-0.590466199999999
IND,India,2020,36.1,34.1286726088333,2.40620322673636,1806.50110583865,1.78466920695081,1402617695.0,37.7581053292768,25.1229058078344,4.81485791893965,-0.720631199999999
IND,India,2021,34.9,34.4425517181304,1.41217101040888,1965.30943437472,3.15934537555664,1414203896.0,45.4230887840446,26.466523606501,8.35490771482719,-0.6015988
IND,India,2022,,34.7555673994206,1.53665241748393,2098.21124476122,,1425423212.0,50.6979382758042,25.6040259797277,2.85360507817299,-0.7535037
IND,India,2023,,35.0676918424186,0.802254995836756,2229.71491223037,,1438069596.0,46.3229520582338,25.5525555206094,3.51112810294656,-0.837974
IND,India,2024,,35.3788972368389,0.721648483526777,2366.8328910323,,1450935791.0,45.9166907678748,25.1722625905927,2.46685658180814,-0.785762499999999
IND,India,2025,,35.689155772396,0.988285383995246,2523.43601851376,,1463865525.0,46.2682006859907,25.2049600095376,0.973566848768186,
IRL,Ireland,2010,5.3,61.8910689348512,17.0242973051905,46991.6464673949,0.108587847065061,4560155.0,190.08027278672,23.3585048483704,-2.9689268813618,1.0812782
IRL,Ireland,2011,7.0,62.0872735820277,9.83474085171317,47539.9181739968,0.0962427963966132,4580084.0,186.304879179038,24.3019357364641,1.86791206145536,0.8737859
IRL,Ireland,2012,6.9,62.2529318511038,25.5993064499855,47147.1604669421,0.058557220023201,4599533.0,190.355682317985,24.0639568673216,2.43747909951173,0.9454027
IRL,Ireland,2013,7.7,62.4047157756118,29.8612971089447,47928.0346487005,0.0370891175584479,4623816.0,199.742586224446,23.8396733678378,1.33716015656439,0.8948024
IRL,Ireland,2014,8.8,62.535401730577,39.3649751606697,52044.6201181887,0.0353958706182933,4657740.0,211.181602002085,24.4288440676474,0.259310565967979,1.1679817
IRL,Ireland,2015,9.5,62.6392123492764,74.8169261487244,64250.1385181257,0.0187707084805869,4701957.0,223.702938290642,38.4401729288171,8.91781250799578,0.951695
IRL,Ireland,2016,8.6,62.7229399123734,26.1253590357369,64205.979777351,0.0652248713159719,4762722.0,239.708527798768,36.5192338386058,0.11646501817107,0.8856802
IRL,Ireland,2017,10.1,62.9035196521232,20.4170966260237,69748.6221034014,0.112833072357874,4827445.0,233.304083346711,36.2543208523413,1.49398382531361,0.9418026
IRL,Ireland,2018,10.8,63.0844503476779,20.3601504375203,74029.0550611436,0.126075695067046,4898022.0,222.453716000399,36.848503844665,0.921717914808411,0.9855531
IRL,Ireland,2019,12.3,63.2737009154127,7.67467578422042,76485.635854651,0.0671703776701016,4976456.0,257.652772910421,35.880910077936,3.39701463997982,0.9409046
IRL,Ireland,2020,13.7,63.4713366724915,8.0934578228257,80927.936475395,0.0367626864571587,5039747.0,258.780437026252,37.1803685713508,-2.06419100307969,0.8785787
IRL,Ireland,2021,12.7,63.6774229356985,14.6537815105934,92781.2322150786,0.10098823103923,5110585.0,231.032350863586,38.0466211469982,1.04875097676076,0.7362963
IRL,Ireland,2022,,63.8920250215059,-6.48790793588936,97793.5366671697,,5212836.0,237.755419559378,40.756447602572,8.00407718550366,0.8053599
IRL,Ireland,2023,,64.1152082461268,-24.6702589530642,93541.9643678381,,5311538.0,239.649627585111,34.0037014019007,3.39258154333999,0.876648
IRL,Ireland,2024,,64.3470379255585,0.791076186083952,94474.9879707069,,5395790.0,246.169874857401,33.6325795420542,4.53690860398667,0.7099699
IRL,Ireland,2025,,64.5875793756168,,104416.83204022,,5484367.0,239.958912343567,37.7559479009393,1.02079990182295,
IRN,"Iran, Islamic Rep.",2010,0.9,70.6092626774386,0.74916862626536,5249.06133369759,23.0680430493324,77420842.0,43.7706437371399,44.2093794197457,15.8826259725109,-1.52478809999999
IRN,"Iran, Islamic Rep.",2011,0.9,71.204050944517,0.679834574763516,5321.75870744453,25.3461464486072,78383598.0,41.2194147918578,46.2322885720868,33.4095331560984,-1.35645059999999
IRN,"Iran, Islamic Rep.",2012,0.9,71.7633634041294,0.723850091355471,5058.64637811835,21.1187189284557,79370580.0,44.0893466807452,42.0941632127045,18.9538841448278,-1.2630067
IRN,"Iran, Islamic Rep.",2013,1.0,72.3030873515412,0.609501593960532,4916.97291948475,24.9467390294435,80414686.0,47.0867179194755,42.7788684660118,36.7756318862083,-1.1808701
IRN,"Iran, Islamic Rep.",2014,0.9,72.8324070385223,0.45545387401938,5093.20319702187,24.8607811408678,81502045.0,45.3514201413161,39.2282280462408,9.75876873256342,-0.726596199999999
IRN,"Iran, Islamic Rep.",2015,0.9,73.3561403575949,0.500987695412685,4952.73355532178,15.2302994765894,82619362.0,39.42258866118,32.1747396532204,0.197001678736953,-0.7896962
IRN,"Iran, Islamic Rep.",2016,1.0,73.8796100096595,0.70452835935243,5312.61724954192,13.1358103039789,83812228.0,39.8772417738866,34.3222829592861,14.0650205569588,-0.6448832
IRN,"Iran, Islamic Rep.",2017,1.0,74.4011840820312,0.983654956177998,5395.2398398598,17.4677964309489,85026754.0,43.1556931383906,36.1413931191139,12.7875737214138,-0.699442999999999
IRN,"Iran, Islamic Rep.",2018,1.0,74.8034286499023,0.576106085876311,5127.22495367018,34.2395948033408,86117998.0,56.6153496142829,37.1484284566829,32.9114031837064,-0.9686014
IRN,"Iran, Islamic Rep.",2019,1.0,75.2038879394531,0.433347777066285,4952.45669081078,27.8006661533715,87051648.0,48.5917712137038,33.4149250633862,30.9338554764076,-1.2556127
IRN,"Iran, Islamic Rep.",2020,0.9,75.5986404418945,0.47769170946132,5132.82430762118,23.2391718001181,87723443.0,43.8844674905013,37.2091421301924,46.5767903520112,-1.2213247
IRN,"Iran, Islamic Rep.",2021,0.9,75.9926376342773,0.34982143161472,5300.62271961895,30.4480600937139,88455488.0,42.672379536261,39.2258766162135,55.8629923089886,-1.1577773
IRN,"Iran, Islamic Rep.",2022,,76.3342208862305,0.354893288694741,5465.31447539413,,89524246.0,48.9183508223052,41.2187779051327,51.0776555189838,-1.1448403
IRN,"Iran, Islamic Rep.",2023,,76.6759567260742,0.310885408088419,5687.84396268742,,90608707.0,49.3935500960203,38.7761581460708,37.2937420752896,-1.2694112
IRN,"Iran, Islamic Rep.",2024,,77.0201263427734,0.304914200880697,5834.44296939863,,91567738.0,52.0621306794348,36.0697233713856,28.3706105011951,-1.58118839999999
IRN,"Iran, Islamic Rep.",2025,,77.3761530941751,,5617.42166770918,,92417681.0,60.2426223967467,39.6408220367612,28.7775822983826,
IRQ,Iraq,2010,1.7,69.0582953378474,1.00796493975113,3881.94327045302,43.5682899383508,31045366.0,73.4974796202443,55.7934951548678,16.5867407502258,-2.187694
IRQ,Iraq,2011,1.1,69.1252233869916,1.12086339764167,4030.01686860986,51.1945404105542,32161424.0,72.1713282233655,62.5480287876873,24.6894374235643,-1.91313499999999
IRQ,Iraq,2012,1.3,69.2222213745117,1.55961531280073,4387.90469058707,49.8510176490635,33654842.0,73.6086845912812,60.576988513607,2.66976938276827,-1.97642609999999
IRQ,Iraq,2013,1.5,69.444450378418,-0.995279210263068,4504.82687537354,45.579366576846,35281989.0,67.4100184095672,57.69152678908,-0.0113328650677573,-2.1039641
IRQ,Iraq,2014,1.0,69.6666641235352,-4.45521124532956,4446.97343234862,46.8543961454295,36550059.0,68.9824868569036,55.3075963759279,-4.80663703991596,-2.2538271
IRQ,Iraq,2015,0.8,69.920524597168,-4.54159235443502,4440.14189252367,37.5037172137922,37560535.0,69.5917685983115,45.340288824262,-28.7601353853759,-2.2449091
IRQ,Iraq,2016,0.9,69.9123778259643,-3.75180911604806,4932.9272911439,33.2189217237902,38469627.0,54.588320188677,46.1825020614016,-11.1041709203303,-2.22917579999999
IRQ,Iraq,2017,0.5,69.8944511190753,-2.68799428357231,4736.32710809857,39.2005542312932,39337353.0,59.7809123923157,51.3296814634291,14.6503597888451,-2.1677252
IRQ,Iraq,2018,0.5,69.8765148865842,-2.14854834807913,4749.00921836896,46.1477869076682,40265624.0,65.8017917701083,54.1699427538136,18.2039920993937,-2.1719253
IRQ,Iraq,2019,0.9,69.8683395385742,-1.31640616709339,4898.14897668582,40.609902398822,41192171.0,68.9899384202806,53.1094032824868,-2.67444003904906,-2.2227253
IRQ,Iraq,2020,1.1,69.8683166503906,-1.58049696252586,4213.99843766061,27.4170131896725,42116605.0,57.742316395146,39.9040972152303,-11.2201963844719,-2.1814743
IRQ,Iraq,2021,1.1,69.8682708740234,-1.25770209772783,4182.50064045825,43.4458576871878,43071211.0,61.5032683117218,54.6088877710074,38.8998331529519,-2.1722684
IRQ,Iraq,2022,,69.8682861328125,-0.726653366772653,4412.99733146512,,44070551.0,68.75879409409,65.2721245594509,26.9416109492506,-2.2294281
IRQ,Iraq,2023,,69.868278503418,-1.99474822313262,4337.0870532422,,45074049.0,69.4613207990167,53.9604851597879,-15.5347237850155,-2.2246949
IRQ,Iraq,2024,,69.8861494108913,-2.73525447039729,4180.29619477317,,46042015.0,77.1389393108395,51.5717701751509,4.36968125765785,-2.0642762
IRQ,Iraq,2025,,69.9396739468105,,4005.04081579067,,47020774.0,,45.3907401476956,-7.03388567813082,
ISL,Iceland,2010,76.0,93.4588348107886,1.84577695426496,49528.4864733411,0.0,318041.0,92.4901528110187,21.8808159157527,6.55205467002804,1.0867054
ISL,Iceland,2011,77.1,93.41106112427,7.19083904863249,50058.8302665144,0.000381433858879967,319014.0,100.133252648313,22.0771278433327,3.45265873897714,1.2313176
ISL,Iceland,2012,77.7,93.514892578125,6.85345908435807,50375.4117054195,0.000359195529289947,320716.0,102.433137099998,20.8895082082453,3.50731498685953,1.2316756
ISL,Iceland,2013,76.8,93.6166725158692,2.90937107233191,51696.0876507326,0.000366094154813878,323764.0,97.6980221861272,20.5255897728386,2.4929901742132,1.2538154
ISL,Iceland,2014,77.6,93.6196716315805,4.24755010057716,52102.575810195,0.000347132787240568,327386.0,95.2879194201667,20.7117389535413,4.21244297049653,1.2726864
ISL,Iceland,2015,78.0,93.727919768566,6.47308431453939,53505.6964079339,0.000299591985536916,330815.0,94.8888027460231,19.9283981400908,6.75163006077506,1.2622879
ISL,Iceland,2016,80.9,93.7822647094726,-5.05739639771987,56049.2928672039,0.000252335387007271,335439.0,87.7600165983392,19.670587955545,2.69882350135961,1.2205951
ISL,Iceland,2017,80.8,93.7718982310092,-27.9324374411863,56657.9800322797,0.000217386585292874,343400.0,86.3585336945067,19.3779709215617,1.57374573541453,1.2503574
ISL,Iceland,2018,81.4,93.8526667025487,-2.33423231382448,57731.6523639512,0.000196537396162221,352721.0,88.934996973139,20.0111909462277,3.10462412667793,1.2958486
ISL,Iceland,2019,81.7,93.9770847416131,-2.22712995709055,57118.8452777198,0.000108843842062041,360563.0,83.7923659518443,19.2362119584581,4.83678918109088,1.556416
ISL,Iceland,2020,82.9,94.1367102874722,-3.98671122506617,52464.3073240589,0.00010879409889394,366463.0,68.6550233460548,20.0383006267798,4.34111989139939,1.3289196
ISL,Iceland,2021,82.4,94.2108206403841,1.52832650765088,54285.0209203242,0.000106967737793307,372520.0,76.2317249850944,20.3153423071081,6.14860765111416,1.3382488
ISL,Iceland,2022,,94.1787071228028,4.73857488658574,57626.2533717585,,382003.0,93.0164295134303,20.8737317050656,8.8329211005173,1.2672872
ISL,Iceland,2023,,94.1518261784801,5.96234250051157,59951.7537739692,,385663.0,87.2388810922276,19.7443213827779,5.48749978861929,1.2058266
ISL,Iceland,2024,,94.1819039916522,8.53649263499069,59053.5648370451,,386506.0,86.1815792789281,20.0701397970196,6.05506051944884,1.2056034
ISL,Iceland,2025,,94.2179320191117,-0.52278219243446,58910.1759513518,,392404.0,82.4877303813374,20.0568067255808,6.87216556806023,
ISR,Israel,2010,8.6,91.7316426703946,2.91791645550029,33307.1044316197,0.173972024779987,7623600.0,65.717030394986,20.8568652254978,1.18942752190121,-0.756258099999999
ISR,Israel,2011,9.1,91.7304024673781,3.23187455100204,34499.9509262825,0.280630419352341,7765800.0,69.0009721692523,20.1387855782418,1.4455674143889,-0.8097795
ISR,Israel,2012,2.9,91.7276502819515,3.42638899025665,34685.0915981013,0.270058995740021,7910500.0,70.0759039186632,20.4673367409591,3.43266900813816,-0.776944
ISR,Israel,2013,3.3,91.7227831465406,3.9732882944923,35436.2912873273,0.262662457508262,8059500.0,64.2271703557815,20.5754790666646,1.88331817464342,-0.8855141
ISR,Israel,2014,3.7,91.7151980935716,1.92409260277085,36055.08530225,0.240636647906702,8215700.0,61.8390527979395,19.9649384224167,0.773465651393423,-0.592453
ISR,Israel,2015,3.7,91.7042921554705,3.7432820780929,36138.13561386,0.225690565978892,8380100.0,59.0201557126784,19.9967940857239,2.35883888047258,-0.6113908
ISR,Israel,2016,4.0,91.6894623646632,3.73360294740648,37044.0118623764,0.184759592739644,8546000.0,57.9533051643572,19.1747519313502,0.21600593575144,-0.354649699999999
ISR,Israel,2017,3.9,91.6701057535759,4.72701516315835,37911.0217281157,0.175795530138224,8713300.0,56.4519373834561,18.6810595382266,-0.0288593821728256,-0.4501475
ISR,Israel,2018,3.8,91.6456193546346,5.73001193313582,38695.0100079706,0.243287805206997,8882800.0,58.8734013354625,18.8779508643639,0.722196889708471,-0.3446955
ISR,Israel,2019,4.5,91.6154002002652,4.34923898223678,39322.038041422,0.189655855195189,9054000.0,56.5281618447823,18.9502208227104,1.90408243415214,-0.4361137
ISR,Israel,2020,5.6,91.5788453228939,5.10300458684,37938.3809354755,0.272440677318125,9215100.0,51.1403984551453,19.4824194045547,1.22885977110781,-0.567841399999999
ISR,Israel,2021,6.2,91.5353517549466,3.86941902029446,40788.2391785198,0.441424749575518,9371400.0,54.8184036562688,18.9071512661919,2.28740044336007,-0.699899199999999
ISR,Israel,2022,,91.4979834273327,4.35745092445992,42539.2748766689,,9557500.0,60.6358428266501,19.2164026469324,4.85619044785726,-0.904996799999999
ISR,Israel,2023,,91.5089569794505,3.14968991459396,42131.7415675806,,9849000.0,57.977782328645,18.1095322410277,4.55842305298835,-1.0423159
ISR,Israel,2024,,91.536188843818,2.7251194069041,41882.0474698252,,10002200.0,54.3822563777332,17.2250963788776,5.55250612227391,-1.03750149999999
ISR,Israel,2025,,91.5783060866328,4.29339412127743,42596.0772627285,,10122800.0,52.9892163743201,,2.09338528472129,
ITA,Italy,2010,12.8,68.2163741829857,0.462974196548407,31928.5543621096,0.107793453561972,59819407.0,51.6621118138339,21.369080166955,0.597839702916559,0.5591006
ITA,Italy,2011,11.9,68.4015073889511,1.49396922230512,32039.5032494316,0.156005817179348,60026841.0,54.4722149449288,21.2407342221272,1.72878370885738,0.4456142
ITA,Italy,2012,14.4,68.7608794235259,0.00166359418160293,30953.4147447427,0.169645844218462,60191247.0,54.8844952702204,20.7948320119101,1.70237982317502,0.4718772
ITA,Italy,2013,16.3,69.3073989916076,0.907076904789878,30330.0221599668,0.155477399468545,60311613.0,54.0341846317499,20.6001539419293,1.12578403623358,0.3827968
ITA,Italy,2014,17.1,69.5807638614879,0.783743281747353,30325.0287793923,0.138451592682719,60320707.0,54.4545299332032,20.1870844682284,0.902550708834269,0.4893962
ITA,Italy,2015,16.6,69.6100006103516,0.720886367724088,30639.8829751432,0.0819093188563771,60229605.0,55.4356858148221,20.2895283210976,0.782776477740896,0.394629
ITA,Italy,2016,16.1,69.5969232525286,1.35957350873308,31077.6792675211,0.0473051811205066,60115223.0,54.4321467018313,20.6626457226581,1.24817184167345,0.3518422
ITA,Italy,2017,16.4,69.5180784259382,0.44334154868577,31635.52277108,0.0639986448910056,60002252.0,57.5829940274911,20.7926142437946,0.709821715080693,0.2543499
ITA,Italy,2018,17.1,69.4800033569336,2.10769610409512,31963.6417148824,0.0992013245530201,59877221.0,59.2749835128154,20.9865490224579,1.07058151640653,0.3723628
ITA,Italy,2019,17.3,69.5050010681153,1.77066894209208,32180.4341017428,0.0824926231070219,59729081.0,58.6941902594738,21.0122984359559,1.04700690430435,0.3223326
ITA,Italy,2020,18.7,69.5187492370606,-0.893869914296462,29469.7989238626,0.0559705463881882,59438851.0,53.9394839042764,20.9642039077686,1.57740278796771,0.3322841
ITA,Italy,2021,17.5,69.4812507629394,1.20474315612308,32267.7091050201,0.112009125283042,59133173.0,60.3019776202798,22.5572771105288,1.28332187292641,0.4392226
ITA,Italy,2022,,69.4839779766539,2.94181405797187,33891.8866526216,,59013667.0,72.0165023032697,23.2791441111799,3.45535917134771,0.4124684
ITA,Italy,2023,,69.5381540123301,1.81363348239025,34221.7182928271,,58984216.0,65.1028419441908,23.667517226973,6.26000409007918,0.4737389
ITA,Italy,2024,,69.6047535143071,1.19623307999136,34508.1235191237,,58952704.0,62.5926144915658,22.7249414086413,1.96841034856486,0.3087035
ITA,Italy,2025,,69.680861801678,0.034602983660439,34716.1405786348,,58915656.0,62.5232263591126,22.6402202928573,1.99356072110362,
JAM,Jamaica,2010,8.9,53.7535679480806,1.4052035043033,5271.57221477938,1.66861545913939,2748568.0,,17.9863304478474,9.81023516712179,-0.412128599999999
JAM,Jamaica,2011,9.8,53.956586109128,1.19599317121359,5339.62170188798,2.25616145768344,2760494.0,,18.2490235366752,5.79618846935178,-0.120367599999999
JAM,Jamaica,2012,12.2,54.2478817703732,2.79145695894721,5284.00852557589,1.83117834623622,2772430.0,,17.9938605582722,6.57190361630897,0.0478137
JAM,Jamaica,2013,11.4,54.548819811983,3.81898294324016,5289.88438546111,1.78135528369404,2783687.0,,18.0990659844033,8.41581565821529,0.1274496
JAM,Jamaica,2014,11.9,54.8660395670395,4.18835617241287,5307.19165380801,1.78235182739347,2793749.0,,18.3652279034414,6.92994588894376,0.0349026
JAM,Jamaica,2015,12.1,55.1995248014924,6.18152374482186,5339.30718256806,1.26600183802715,2802534.0,,17.2364205205086,12.478319848914,0.0607252
JAM,Jamaica,2016,11.1,55.549259277615,6.22844979056863,5472.28314023034,1.28914557442918,2809915.0,,17.0837288086486,3.62433342172675,0.0960441
JAM,Jamaica,2017,11.0,55.9152267548307,5.63139063640052,5586.1365723133,1.52838623760003,2815764.0,,17.3098108220914,5.93805194018499,0.1291365
JAM,Jamaica,2018,8.9,56.297410990325,4.59566903085149,5717.87621107532,1.72957545790371,2820097.0,,17.881931896287,4.90856937919466,0.169434
JAM,Jamaica,2019,9.2,56.6957957395074,3.90817004443178,5814.79275311692,0.364234398807819,2823271.0,,16.6720709416832,2.63698828375445,0.179033
JAM,Jamaica,2020,11.7,57.1103647563627,1.76731178461616,5317.84145033966,0.32243252555047,2830739.0,,18.0639893861305,2.63100051026382,0.1525241
JAM,Jamaica,2021,10.5,57.5411017937226,2.00753132739669,5607.45378253877,0.457652062306756,2837682.0,,18.2161735064365,6.61078657393632,0.1423135
JAM,Jamaica,2022,,57.9879906034775,1.69418617103882,5965.46127464873,,2839144.0,,17.4494491248565,12.6568969893701,0.4525342
JAM,Jamaica,2023,,58.4510149367429,2.29897230060895,6127.90771263434,,2839786.0,,16.7222407974085,11.3334713237078,0.4762874
JAM,Jamaica,2024,,58.9301585439922,1.38581611857042,6096.4327030963,,2839175.0,,16.4757266922324,4.86255391750686,0.476823
JAM,Jamaica,2025,,59.4254051751628,,6105.9221184706,,2837077.0,,16.2827851414167,4.80251617772953,
JOR,Jordan,2010,3.0,82.2601083887084,5.59019642688163,5066.49720027725,1.66596420639584,7297043.0,,28.2254980108813,7.15189052811934,-0.407725
JOR,Jordan,2011,3.0,83.5505043825064,4.5528280155948,5085.98005025386,3.31767245058233,7480424.0,,29.0139578202987,5.01734838569215,-0.6339348
JOR,Jordan,2012,2.9,84.9592629639423,4.4426748997237,5135.0327939589,2.90847924194887,7587127.0,,28.1081114632299,4.27473924097556,-0.5975891
JOR,Jordan,2013,3.1,86.4627110188335,5.1397527233423,5007.76162067161,1.27909933438596,7991809.0,,27.649231876622,5.78226260942591,-0.6862202
JOR,Jordan,2014,3.1,88.0371754329978,5.37423314588782,4703.39944986815,1.19542288638141,8791710.0,,27.7526247466984,3.58595847076866,-0.609596
JOR,Jordan,2015,3.2,89.8881391939133,3.77477904735167,4441.61896013754,1.39974257822882,9544729.0,,27.8075756380239,2.0126394512362,-0.6404285
JOR,Jordan,2016,4.7,90.56272794707,3.554614581726,4326.17261571505,1.12573697471708,10006367.0,,27.2809702412381,0.922232751710013,-0.538077799999999
JOR,Jordan,2017,5.3,90.8764609714428,4.45743038303198,4335.92512689541,0.869000683008148,10234226.0,,27.0180054886121,1.67813531749078,-0.444359699999999
JOR,Jordan,2018,7.2,91.2008859099729,2.01309678009089,4320.029787425,0.719072817629181,10462306.0,,26.5225865984798,2.27703005774214,-0.322432699999999
JOR,Jordan,2019,8.5,91.515966492507,1.50023479065386,4313.80791426608,0.0428576620025569,10671891.0,,26.6766263222712,0.670284452265065,-0.2846298
JOR,Jordan,2020,10.7,91.8216722992319,1.58617483665323,4188.21240095719,0.0516759121146319,10865228.0,,25.9968690119366,-0.307587493593047,-0.3260056
JOR,Jordan,2021,11.5,92.117972910453,1.22641995478769,4266.3790298994,0.0776640966166585,11066356.0,,25.9424024132434,1.95608358662869,-0.390988399999999
JOR,Jordan,2022,,92.4048379066163,1.79856207883079,4309.61432856804,,11256263.0,,27.2393929604017,2.72815241329238,-0.311462199999999
JOR,Jordan,2023,,92.682236868336,3.57486440635924,4373.38088482368,,11439213.0,,26.790780203604,1.68866056665853,-0.3007473
JOR,Jordan,2024,,92.9501393764286,2.78862682935517,4441.03974922351,,11552876.0,,26.8665066748688,1.84224442720932,-0.3501687
JOR,Jordan,2025,,93.2085150119551,,4579.33082182137,,11520684.0,,27.3701721892728,2.21443952491217,
JPN,Japan,2010,4.7,90.6228586840649,0.128037155210339,33311.2872381879,0.0200968819164694,128070000.0,28.2400150860666,28.8406153923357,-1.89954665192971,0.9967916
JPN,Japan,2011,4.8,90.8631654434251,-0.0135476953217396,33306.1802259719,0.0216769702777793,127833000.0,29.9713853558472,27.2220248951395,-1.56653332931775,0.9897212
JPN,Japan,2012,4.7,91.0265277326652,0.00863561136941304,33909.4911855243,0.0200901706635674,127629000.0,30.174299547803,27.15018151792,-0.79080486054049,0.9655197
JPN,Japan,2013,5.0,91.1516595654317,0.201969683435447,34636.6924746166,0.0232126866090988,127445000.0,33.5913694460807,27.1266358606582,-0.178007772161564,1.0478848
JPN,Japan,2014,5.6,91.2548945132333,0.396173028620197,34996.8796756631,0.0280708839630582,127276000.0,36.7643250218282,28.0999841731293,1.73355678464,1.2105334
JPN,Japan,2015,6.2,91.3532644103625,0.115829519336403,35664.6446110613,0.0289687122696025,127141000.0,34.7276305886293,29.3111606151366,2.07231814786138,1.2226375
JPN,Japan,2016,6.4,91.4541254852142,0.801395644123668,35934.4467886662,0.0251768652546394,127076000.0,30.6562793068554,29.3147155622977,0.585173227788843,1.1198832
JPN,Japan,2017,6.9,91.5498419685883,0.37319148031924,36547.7357437305,0.0384458694582766,126972000.0,33.6888336792782,29.4414450761698,0.0216801045433073,1.169376
JPN,Japan,2018,7.3,91.6377318609728,0.490646618599307,36899.3847079435,0.0367554022408906,126811000.0,35.8035749582494,29.4467134085972,-0.119228874726346,1.1378638
JPN,Japan,2019,7.8,91.7164207898107,0.761769170240795,36837.2583653113,0.0932286615908601,126633000.0,34.3582972799989,29.1175822523162,0.782576522359648,1.1161393
JPN,Japan,2020,8.5,91.7809926267889,1.20605775501323,35363.2996951789,0.0969972012044505,126261000.0,30.5192226892273,28.9859809440754,1.22953979029026,1.1325471
JPN,Japan,2021,8.8,91.8741049279527,0.67025659122188,36792.556429474,0.0473044627668744,125681593.0,35.4253927340539,28.4504840570129,-0.0442460376247027,1.1600529
JPN,Japan,2022,,91.9776532428406,1.08260095152642,37448.3504824849,,125124989.0,44.86063102004,27.0576060274173,0.635554490955357,1.2758787
JPN,Japan,2023,,92.0826903891473,0.456297698647986,37902.5492204411,,124516650.0,43.5950833802735,27.6517978744645,4.56896444973532,1.2674256
JPN,Japan,2024,,92.1901718034531,0.450454817292247,37976.6371788298,,123975371.0,44.8529388577573,26.7781043350478,3.20102026212403,1.1343228
JPN,Japan,2025,,92.3001449420786,1.03278551644542,38619.3367073485,,123366734.0,,,3.42232881601323,
KAZ,Kazakhstan,2010,1.4,54.2054127497102,5.03630628288047,8704.70655484556,21.7441441579602,16836810.0,74.1382658957842,40.6024221199984,19.5422853937296,0.4331905
KAZ,Kazakhstan,2011,1.4,54.3996086425518,7.14351039762779,9223.3021336315,25.7688205419371,17066002.0,73.1178570509129,37.2660880953566,20.5429582655299,-0.4304921
KAZ,Kazakhstan,2012,1.3,54.69208192838,6.56164821145973,9531.91477617058,21.9826967680593,17306106.0,73.7237324891671,36.3028533254093,4.78556981066754,-0.3923638
KAZ,Kazakhstan,2013,1.2,55.0779764821252,4.23069709209016,9959.72586930534,18.2187488150502,17556502.0,65.4076093299538,33.6988156382046,9.49908144359215,-0.4514259
KAZ,Kazakhstan,2014,1.3,55.5524361787178,3.3006311188168,10226.7100539683,17.2500802611251,17816285.0,64.9720346513507,33.2094258316125,5.77123952478276,0.0295973
KAZ,Kazakhstan,2015,1.7,56.1106048930882,3.56737402233377,10196.1226255982,9.32876500546085,18084169.0,53.0497288072652,30.8547873936113,1.82354987628641,0.0342151
KAZ,Kazakhstan,2016,2.1,56.7476265001667,12.5466202801438,10151.423313302,11.0336820575133,18363600.0,60.3115965864153,31.9797903606788,13.6384336176426,-0.0865605
KAZ,Kazakhstan,2017,2.0,57.4586448748837,2.85205738000704,10404.2718646317,14.897596398127,18651931.0,56.825387935971,32.3252253010728,11.211105653729,-0.0563947
KAZ,Kazakhstan,2018,1.9,58.2388038921695,0.196995426846668,10670.2120148279,20.7829646926253,18932727.0,63.5279565118188,33.4962004017876,9.20560599766662,-0.1086366
KAZ,Kazakhstan,2019,1.9,59.0832474269546,2.05367649290766,10989.6840718388,17.9259738525419,19209555.0,64.8586165517565,33.028795913527,7.63328623733945,-0.221063999999999
KAZ,Kazakhstan,2020,1.8,59.9871193541692,4.21199990309163,10565.0359816235,12.8406951964892,19482117.0,57.0264423660931,33.0977971542858,4.21085829258907,-0.2842993
KAZ,Kazakhstan,2021,2.0,61.030254280267,2.31675874599247,10873.3915275276,26.8423173327291,19743603.0,58.6686085779207,35.2669295966944,13.9300750551614,-0.2325504
KAZ,Kazakhstan,2022,,61.444157327248,2.25355434978679,11058.3482413407,,20034609.0,68.3343147415612,34.9793974237581,19.7690064802492,-0.5795614
KAZ,Kazakhstan,2023,,61.7560919499181,2.18589516942702,11453.3952725363,,20330104.0,62.3342837675021,32.4284843310401,9.52224688275005,-0.2021045
KAZ,Kazakhstan,2024,,62.072531584162,0.71809281452939,11872.7842626298,,20592571.0,57.1613431963924,32.112807813811,8.9933163485769,-0.2827558
KAZ,Kazakhstan,2025,,62.3855569507987,-0.299243931188651,12492.1392679131,,20843754.0,,32.3471668419725,9.60510910157413,
KEN,Kenya,2010,74.0,31.8713287706458,0.392164287395035,1340.16467408856,2.67307931109746,41598567.0,50.3942873502834,18.5746727706851,1.63919964802533,-1.3827355
KEN,Kenya,2011,74.7,31.8673949025409,3.09471103381268,1370.58000874482,2.9431872828815,42758461.0,58.4022059745625,19.6629008334867,10.0650129672316,-1.4963456
KEN,Kenya,2012,76.2,31.8558130142761,2.44725940988928,1396.30178709756,2.90888320855534,43888303.0,51.6236920232481,19.26155255789,9.52297221154848,-1.4931583
KEN,Kenya,2013,74.3,31.8324454433988,1.81417037253291,1413.94142522583,2.66940200706872,44986791.0,47.4646425127304,19.0802591143975,7.3375622336044,-1.1667366
KEN,Kenya,2014,71.8,31.7931545274563,1.20220842439576,1450.59338202277,2.64310943602707,46051440.0,46.170489362216,19.0360328023672,7.63503190149002,-1.26316649999999
KEN,Kenya,2015,69.2,31.7338026039958,0.883799936312692,1489.11959777284,2.70967011611946,47088526.0,40.3273846919019,18.8940456983605,9.23865468396285,-1.2308131
KEN,Kenya,2016,68.3,31.6502520105647,0.627591266355583,1517.97796057742,2.65839831359762,48139687.0,34.8650195731824,18.1621592865164,5.84962894648808,-1.17914689999999
KEN,Kenya,2017,68.1,31.5383650847102,1.64083690398642,1542.33773973372,2.31435620783369,49197766.0,35.9950578754074,17.5035092078691,7.58193402820181,-1.1322093
KEN,Kenya,2018,68.7,31.3940041639796,0.832686217791619,1596.69045914945,1.36132463517161,50207107.0,34.4147531767425,17.313146131064,4.21502841459056,-1.1196296
KEN,Kenya,2019,68.1,31.1895566421135,0.468168547481475,1645.70961777862,1.22718421158535,51202827.0,31.759461841481,16.9305452274709,4.2752342393575,-1.07516719999999
KEN,Kenya,2020,69.0,31.2063494632616,-0.00536845439351621,1609.33414078281,1.26881196888613,52217334.0,30.3991387830411,17.4002876322786,4.94885283291357,-1.0502651
KEN,Kenya,2021,67.7,31.2879334021971,0.382593996518954,1698.89578271444,1.22792857770901,53219166.0,35.0020477795269,17.1524357767952,4.3307475585662,-1.11021939999999
KEN,Kenya,2022,,31.4307820066946,0.691645983068062,1747.53198804428,,54252461.0,40.2753238373561,17.5274480968435,6.95705445631218,-0.962236
KEN,Kenya,2023,,31.6330340816429,0.472521238226254,1811.21651838425,,55339003.0,40.9337677377556,17.1222148239844,5.41580564449526,-0.971652
KEN,Kenya,2024,,31.8937831721599,0.384924569449646,1858.87650030024,,56432944.0,40.0062529666939,16.3272229835646,3.16564640311221,-1.3556816
KEN,Kenya,2025,,32.2121192871745,,1907.81875397233,,57532493.0,37.5210445911226,16.2725400350003,3.4931309026987,
KGZ,Kyrgyz Republic,2010,25.6,35.267768240398,9.86092233978431,962.764789828724,9.80889830136341,5467059.0,133.232850492333,26.2652737926744,10.0339035419669,-0.9344437
KGZ,Kyrgyz Republic,2011,26.0,35.2466507961984,11.0646449339785,1005.4831781815,10.2034319238732,5546587.0,136.179840420492,27.4490880946162,22.4818422448936,-0.997080699999999
KGZ,Kyrgyz Republic,2012,22.4,35.218916221918,3.95036874399421,985.8472865972,3.5809218517523,5652076.0,139.675937840309,22.2571297250342,8.65631680881187,-0.8759479
KGZ,Kyrgyz Republic,2013,24.8,35.1850529225105,8.34375023535304,1069.78404438716,5.71912349278664,5777150.0,134.026785643922,24.843594671242,3.17518813604272,-0.816344899999999
KGZ,Kyrgyz Republic,2014,26.6,35.1455493029297,4.59301012553734,1088.58214229508,4.07203515798825,5905848.0,125.126181075833,23.8882289228189,8.41522543621389,-0.7066273
KGZ,Kyrgyz Republic,2015,23.5,35.1008937681291,17.1312307587207,1105.65193844261,4.25309870186703,6040036.0,110.961570714633,25.0780623169816,3.42728750288953,-0.7293545
KGZ,Kyrgyz Republic,2016,22.2,35.0515747230627,9.08868385870298,1128.3161612818,5.61349048423669,6175338.0,105.823574017406,26.5464240007793,6.05056427055605,-0.5531495
KGZ,Kyrgyz Republic,2017,24.7,34.9980805726839,-1.39184288798722,1157.18275758067,8.75574116357044,6306696.0,100.617445813258,27.3080934715766,6.32714586262388,-0.2975366
KGZ,Kyrgyz Republic,2018,23.4,34.9408997219466,1.74369178553725,1175.0712778747,4.67048081477686,6444079.0,98.8755599017608,27.4785136821163,3.44744511589256,-0.323764
KGZ,Kyrgyz Republic,2019,28.3,34.8805205758044,4.3096066288398,1201.87701429721,7.24320231053747,6590211.0,94.4302823542939,26.5803149529246,9.81131194747459,-0.206819199999999
KGZ,Kyrgyz Republic,2020,30.0,34.8174315392111,-4.85484703138398,1093.32856461422,6.52758010092793,6726596.0,78.9922784304738,26.9042468476068,5.34018553508729,-0.5068231
KGZ,Kyrgyz Republic,2021,27.6,34.7521210171204,2.44569276771409,1132.5546781282,11.5065410174076,6851224.0,100.261376861569,23.7483015677374,15.992797923604,-0.3876484
KGZ,Kyrgyz Republic,2022,,34.7003053497743,0.451992680624909,1212.17812721768,,6975220.0,133.786718048766,24.1941421977643,19.6572842421774,-0.422477
KGZ,Kyrgyz Republic,2023,,34.706439175362,1.04867105609341,1298.25724482211,,7099750.0,132.373403912336,23.5839337797005,19.8591989518512,-0.509667299999999
KGZ,Kyrgyz Republic,2024,,34.7219977865937,1.40593817941355,1423.58624650541,,7221868.0,130.100743509033,24.7001721894187,6.3962577960575,-0.5045251
KGZ,Kyrgyz Republic,2025,,34.7463537261057,,1555.4444955048,,7343064.0,92.4074476416439,26.4574430524673,12.3958360997866,
KHM,Cambodia,2010,64.8,21.1232251168762,10.169807189939,1155.85236856699,2.69595952988072,14500726.0,109.998400607758,26.0088985136981,6.26499886932319,-0.3874276
KHM,Cambodia,2011,64.0,22.3824788531276,9.59845134883877,1221.38839852454,3.05094914293833,14722584.0,109.790505166814,26.6606926732023,4.95076723151411,-0.3236001
KHM,Cambodia,2012,64.4,23.9411047582349,11.1524912445112,1295.25271477893,2.30628839011523,14945085.0,116.740233418212,27.6110297650086,2.63843608534771,-0.377158799999999
KHM,Cambodia,2013,65.0,25.7644735090271,10.4430587644193,1376.29557595926,1.91421458050803,15170208.0,124.887552768657,28.9581198037895,2.8690452471251,-0.3707293
KHM,Cambodia,2014,63.7,27.8179557823331,8.40902020300656,1464.53115866927,2.54882052672262,15396772.0,124.454908526693,29.9169916479613,3.29936912050763,-0.2628078
KHM,Cambodia,2015,60.6,30.0669222549819,7.54029662001984,1547.32010444393,1.81768657277543,15623251.0,122.109596815379,31.4639051712341,3.06935934141643,-0.1585169
KHM,Cambodia,2016,58.0,32.4767436038024,9.32318507305764,1645.46671578126,1.84795765204296,15852803.0,122.704555602667,33.0562094608004,1.58007480575829,-0.0778582999999999
KHM,Cambodia,2017,56.3,35.0127905056235,9.49760203098743,1753.93530504662,1.93735308627642,16073372.0,121.155451298689,34.2980809169165,2.07650709154852,-0.153852799999999
KHM,Cambodia,2018,58.1,37.6404336372742,9.69240300027112,1884.28374817086,0.878243793336486,16274522.0,118.43765541305,36.8714237524226,3.81658094506807,-0.1054427
KHM,Cambodia,2019,53.0,39.5830241256026,9.98500044202808,2008.32094006706,0.714485690319546,16481304.0,115.736679072448,39.0455946521572,2.79255741070172,-0.1935314
KHM,Cambodia,2020,51.4,39.832658030922,10.410239809326,1908.63427518336,0.939357675669705,16725474.0,122.105396346568,37.4576122779361,-0.824281402832511,-0.2401873
KHM,Cambodia,2021,52.4,40.1091858128847,9.4684591111041,1938.76436741728,0.835283715830679,16974305.0,146.179846509715,40.3205085730071,2.64573403501885,-0.1486895
KHM,Cambodia,2022,,40.374616187368,8.94830125779534,2011.27433313262,,17201724.0,145.873632761406,40.8649626222158,3.48890016581984,-0.0739156
KHM,Cambodia,2023,,40.6290788072508,9.35096701989758,2085.05748462122,,17423880.0,134.206842395931,40.5173741615592,1.01760752524498,0.1346422
KHM,Cambodia,2024,,40.8727033252729,9.48089832015712,2183.55682401667,,17638801.0,143.447009703011,41.7506561774631,2.31446297896073,0.1284232
KHM,Cambodia,2025,,41.10561939401,9.94609689113059,2273.40169673646,,17847982.0,136.089748673383,43.1374264078226,3.46609922532144,
KIR,Kiribati,2010,50.1,48.4603839564718,-3.99041060819927,1328.78776438805,0.0626677431300746,108704.0,85.6972657116246,11.9775912538253,-0.858180747963971,1.5510465
KIR,Kiribati,2011,50.5,49.1228169536795,-0.177954446979993,1348.0602369873,0.0736138842102225,110647.0,93.4314038207066,13.2156192725983,1.99868992907571,1.5457577
KIR,Kiribati,2012,48.7,49.5800786695548,-1.15262125678328,1405.5029344967,0.0589178981070894,112284.0,96.1286959983954,13.4930420468352,-0.542072006291406,1.5451994
KIR,Kiribati,2013,46.2,49.9687043258795,0.415473344082877,1493.49148676402,0.0557002717308784,113838.0,96.7814166724492,14.377002462176,-2.97924243453944,1.5434936
KIR,Kiribati,2014,48.0,50.3909308922385,1.31418451065811,1492.8508200481,0.0889050775265575,115326.0,104.187967755713,14.1150891146503,5.00431379686643,1.281381
KIR,Kiribati,2015,47.5,50.9541970402064,-0.427973964466896,1639.85274740652,0.0732783582600832,116815.0,109.889098401931,14.7267580401502,3.13925995519007,0.9559309
KIR,Kiribati,2016,48.1,51.7710553002321,0.875179449056022,1731.43702001694,0.0826063804854857,118478.0,111.269790749303,14.6506451638455,1.71661841384096,0.951395
KIR,Kiribati,2017,42.5,52.9734697275451,0.351879895773833,1768.87874841933,0.0929519614955758,120275.0,100.49175257732,12.4081786941581,1.02299152323913,0.9519508
KIR,Kiribati,2018,42.3,54.5004023142497,-0.48933912768022,1802.34850714657,0.0420866204186192,122084.0,83.2436102236422,11.0654952076677,3.99854350151341,0.95586
KIR,Kiribati,2019,42.2,56.2846727145489,-0.257400772595406,1834.42627824847,0.0427412418710569,123921.0,98.3565819131955,9.56855769230769,-3.51437699680513,1.0992501
KIR,Kiribati,2020,42.2,58.4123714112748,1.18785979525366,1779.62973024917,0.0569939081063946,126099.0,78.4012076801363,9.86383177570093,4.22077922077921,1.1749608
KIR,Kiribati,2021,42.2,59.6364645301985,0.361313798304443,1895.61362957222,0.043500143330191,128377.0,74.450510015529,10.7722894736842,9.1648478743448,1.1647191
KIR,Kiribati,2022,41.9,60.5739126559419,1.5744619490777,1960.15475844976,,130469.0,107.219771673316,10.1573424452337,-2.08876893087421,1.2429196
KIR,Kiribati,2023,,61.5244676194408,1.75226954200024,1990.14605922104,,132530.0,106.479772480068,11.2569231735681,8.86450664820337,1.2433279
KIR,Kiribati,2024,,62.4620431275642,2.35252841903892,2052.81298774256,,134518.0,102.110426164684,11.7785492304388,13.1379183921241,1.2381638
KIR,Kiribati,2025,,63.3850857782871,1.19148861022682,2108.59515396012,,136488.0,,,0.00876338851021785,
KNA,St. Kitts and Nevis,2010,1.0,31.3056125693165,15.7969193594166,17688.0690103409,0.0,46846.0,,22.5446364872963,0.628549213284927,1.0581227
KNA,St. Kitts and Nevis,2011,0.9,31.2000648379646,10.5862643242429,17958.6813977053,0.0,46886.0,,20.9395556933708,5.65965351498537,0.9304755
KNA,St. Kitts and Nevis,2012,1.3,31.2035138804223,13.793834368349,17770.4963640576,0.0,47033.0,,18.6845911299958,-0.643441223095877,0.9299172
KNA,St. Kitts and Nevis,2013,1.4,31.2131485582887,16.4870548666494,18773.8926898397,0.0,47069.0,,19.7121899986448,0.313904254767678,0.9282114
KNA,St. Kitts and Nevis,2014,1.6,31.2290015317909,16.4538142918271,20187.8061975481,0.0,47089.0,,21.3786128291905,1.20095646597851,0.6712051
KNA,St. Kitts and Nevis,2015,1.6,31.2513929695583,13.4009221512864,20328.8003530109,0.0,47087.0,,22.7382472431805,-0.156232298668698,0.663933
KNA,St. Kitts and Nevis,2016,1.7,31.2806171906169,12.0592980087624,21133.6575914414,0.0,47075.0,,24.5143300679441,1.20132522527356,0.6608669
KNA,St. Kitts and Nevis,2017,1.3,31.3169642505921,4.54372053093376,21191.6047083703,0.0,47050.0,,26.2859866005102,4.75051936491064,0.6612426
KNA,St. Kitts and Nevis,2018,1.3,31.3607229995076,3.72038789959679,21635.4972146482,0.0,47008.0,,24.5506901344489,-0.14899986700226,0.6638851
KNA,St. Kitts and Nevis,2019,1.3,31.4121818392285,5.63784923158187,22297.7644995701,0.0,46952.0,,25.3018009434309,-0.0292580452551192,0.6646782
KNA,St. Kitts and Nevis,2020,1.6,31.4716289738952,0.321150763222841,18918.8263456611,0.0,46870.0,,23.1359387242886,-5.79863650623996,0.9164728
KNA,St. Kitts and Nevis,2021,1.6,31.5393525093972,2.23512681815828,19031.8211910603,0.0,46763.0,,22.5775143640975,-3.21801999787145,0.9147636
KNA,St. Kitts and Nevis,2022,1.5,31.6156404983167,4.1869384420309,21050.758653729,,46709.0,,21.7505830496705,3.45975195657428,0.9177056
KNA,St. Kitts and Nevis,2023,,31.7007809622822,2.82603990513145,21664.0333984701,,46758.0,,21.3250720986857,4.40820443649315,0.918184
KNA,St. Kitts and Nevis,2024,,31.795061903951,3.74957950139418,21692.2406392872,,46843.0,,20.8513587091026,5.99094720553852,0.9121334
KNA,St. Kitts and Nevis,2025,,31.8987713138283,2.39552084343872,22237.9509113396,,46922.0,,20.8475069551149,2.68527539642278,
KOR,"Korea, Rep.",2010,1.3,81.9685075986486,0.796207328344812,26623.0487122927,0.0746400306743559,49554112.0,88.0278677123124,34.4083287071276,2.71891067295891,0.5807388
KOR,"Korea, Rep.",2011,1.4,81.9615408086376,0.747683727442323,27393.455357272,0.0914175988735794,49936638.0,101.68061646213,34.8688946576209,1.27525816333896,0.5406915
KOR,"Korea, Rep.",2012,1.6,81.9087898200378,0.711120351080011,27944.0564190045,0.100818097512262,50199853.0,101.51727207905,34.7007966708538,1.29208290653879,0.4992315
KOR,"Korea, Rep.",2013,1.9,81.8269383502703,0.889863368558993,28732.711152033,0.0723717153476114,50428893.0,94.1675235855873,35.1987111905484,1.07703832086861,0.5061279
KOR,"Korea, Rep.",2014,2.9,81.7315682816954,0.595893048504325,29470.6732991655,0.0640735784174601,50746659.0,86.9342577972039,35.0245177739824,1.05128607800876,0.5969209
KOR,"Korea, Rep.",2015,2.7,81.639489860678,0.266636382581676,30171.7906545222,0.0367480142308671,51014947.0,75.3881774564907,35.113231110723,3.22846300743112,0.667684
KOR,"Korea, Rep.",2016,2.6,81.5559241797057,0.766507046338007,31005.4072876388,0.0331101931364819,51217803.0,69.8997221316919,35.226493712639,2.0624563522338,0.5156398
KOR,"Korea, Rep.",2017,2.8,81.471030429984,1.04741749331971,31979.9027302467,0.0386022741681957,51361911.0,73.1921408264016,35.6298842658067,2.01882021582307,0.6254761
KOR,"Korea, Rep.",2018,3.2,81.3823523035196,0.66781363782051,32852.8887488942,0.0471215171527114,51585058.0,74.7075162140824,34.9767074768513,0.566582073981039,0.8705137
KOR,"Korea, Rep.",2019,3.2,81.2901063535619,0.550202642546341,33496.3113815643,0.121453005220381,51764822.0,71.4470632403511,33.6464921028153,-0.624210765169693,0.8544821
KOR,"Korea, Rep.",2020,3.6,81.1759595622913,0.502554290313687,33215.9298928108,0.113270922936166,51836239.0,65.544957860621,33.3563261777639,1.58718957511546,0.8679972
KOR,"Korea, Rep.",2021,3.6,81.1616526507785,1.13577953855347,34792.9397214598,0.049812574781783,51769539.0,75.3063047610912,33.152604676808,3.1805178629799,0.9005342
KOR,"Korea, Rep.",2022,,81.1624941626873,1.39186469730544,35809.0138105144,,51672569.0,90.5851475278549,32.5112580507246,1.80785031900311,0.855673
KOR,"Korea, Rep.",2023,,81.1645551720421,1.03221435142435,36347.7036392553,,51712619.0,82.2580090716629,32.5234690063974,2.03849717899953,0.932168
KOR,"Korea, Rep.",2024,,81.1682528469686,0.685857996519477,37048.4264001496,,51751065.0,84.6424951192038,33.9025438024037,4.06639736475807,0.6393495
KOR,"Korea, Rep.",2025,,81.1740263306674,0.844067044503223,37469.6600233386,,51684564.0,86.3616006442431,34.3300820555343,3.12619088762689,
KWT,Kuwait,2010,0.0,100.0,1.13036730425536,32568.4981754501,48.8263605663801,2943372.0,97.0280216600064,66.0655582815397,11.1033505813839,0.576776
KWT,Kuwait,2011,0.0,100.0,2.11573865053541,33545.346271839,59.0696960166924,3132814.0,99.1164927646913,72.7249733972566,17.2275371301277,0.326635
KWT,Kuwait,2012,0.0,100.0,1.65046109668041,33578.3309651964,58.1449073185752,3337109.0,101.011435104032,74.8123207433144,7.48725236096612,0.0971713999999999
KWT,Kuwait,2013,0.0,100.0,0.823130244872496,32311.1800008536,56.3426547447197,3507844.0,97.6054913328151,73.0986938777857,0.223022545889435,0.1094954
KWT,Kuwait,2014,0.0,100.0,0.298681408941651,31073.1537300624,53.9714223132032,3665876.0,100.037189841844,70.5483167543953,-6.75796239806364,0.0855674
KWT,Kuwait,2015,0.0,100.0,0.248414926379679,29882.2126495698,37.3135995019662,3834574.0,98.6999884455485,55.9358456541559,-25.958330821238,-0.1466244
KWT,Kuwait,2016,0.0,100.0,0.266918369047007,29454.4426388829,32.3641255908565,4004096.0,96.1576723758617,52.134780154177,-6.83784298382099,-0.0213093
KWT,Kuwait,2017,0.0,100.0,0.0936402094114043,27048.3706935958,36.7579336114171,4154812.0,97.840046457409,55.6192158978196,16.2308752938419,0.0018547
KWT,Kuwait,2018,0.0,100.0,-0.0154187787915342,26706.0191660864,45.1522896110691,4323515.0,102.785630655,60.1276537174576,11.2991701077361,0.2360921
KWT,Kuwait,2019,0.1,100.0,0.366059041832984,26580.2264741607,39.8386703389064,4442316.0,91.6857123895953,57.7186566770031,-0.110446283802503,0.2460837
KWT,Kuwait,2020,0.1,100.0,-0.502546857177858,25541.5378987908,29.2848672951013,4400267.0,82.0125101293052,48.4612101735294,-16.4587787703847,0.1554026
KWT,Kuwait,2021,0.1,100.0,-0.183575378772919,26203.2617257856,,4360865.0,82.0003751775886,58.3067931153035,29.4279300898412,0.1542148
KWT,Kuwait,2022,,100.0,0.409943823254394,26579.8321646876,,4589643.0,90.9188102023425,65.7663289580606,17.6335216930828,0.1041664
KWT,Kuwait,2023,,100.0,1.277994317906,24722.8143701857,,4853420.0,96.0343509693162,60.2656226708529,-8.04648319014426,0.2906988
KWT,Kuwait,2024,,100.0,0.381956730773215,24140.3257964584,,4897263.0,93.9909162684119,57.7073494929421,-1.45951565156486,0.2939367
KWT,Kuwait,2025,,100.0,0.262764598716339,24962.7320750091,,4865298.0,,54.1153897826702,-4.96715663139989,
LAC,Latin America & Caribbean (excluding high income),2010,29.3767775506778,78.1876870618433,3.02448556195196,7665.02918840407,5.06925837359612,551960581.0,37.1683534539289,30.8142262374473,5.42281943230741,
LAC,Latin America & Caribbean (excluding high income),2011,28.7011302255696,78.3888872646348,3.14089450876364,7916.87181279329,6.74863270543572,558007918.0,39.2019382252124,32.0029862389017,6.38680337285258,
LAC,Latin America & Caribbean (excluding high income),2012,28.0419793983269,78.5940283945465,3.0854807544358,8023.11594740369,6.0571902301468,564057086.0,42.0568073349324,31.3626719362122,4.54221493127187,
LAC,Latin America & Caribbean (excluding high income),2013,27.7875791624106,78.8064966818605,3.11904226322427,8155.35128235007,5.27161457769828,570030910.0,42.0602810847558,30.8852912935208,3.35844634594847,
LAC,Latin America & Caribbean (excluding high income),2014,27.8888829813823,79.0227573337338,2.76853936010725,8162.13622465638,4.35722947789762,575915671.0,41.6045161865212,30.4844386393909,2.8570064335599,
LAC,Latin America & Caribbean (excluding high income),2015,28.4779962097861,79.2439673946642,3.14793459391552,8087.33242325425,2.26839485142556,581649117.0,42.5717730430544,29.7231968581104,3.22542891110768,
LAC,Latin America & Caribbean (excluding high income),2016,29.1948567179388,79.4649263007294,3.32951435737967,7932.49607746858,2.20820667289398,587206002.0,41.7275651975771,28.8017593585501,3.62433342172675,
LAC,Latin America & Caribbean (excluding high income),2017,29.7622014930472,79.6816524224664,2.92529833905244,7986.11604858229,2.57889502927573,592522502.0,41.9460888966417,29.017222863222,3.90748393888811,
LAC,Latin America & Caribbean (excluding high income),2018,30.6220212475155,79.8777853019987,3.23186831213267,8010.5932042996,3.34446447982004,597518751.0,46.0914631070807,30.1325396143473,2.47511836027346,
LAC,Latin America & Caribbean (excluding high income),2019,31.0995992132705,80.0895983954183,2.84485666648201,7962.19314357083,2.72469245047776,602249777.0,45.6898614931401,30.1694471102669,3.35874088466439,
LAC,Latin America & Caribbean (excluding high income),2020,34.8009281991427,80.3040110850269,2.30235599465743,7368.61318654015,2.34855956058149,606535582.0,44.08622590916,30.1776948478442,2.87230731822092,
LAC,Latin America & Caribbean (excluding high income),2021,,80.5058130551037,2.60949925434478,7827.41188417897,5.68778569715328,610122057.0,50.7322215415369,32.4995172216315,6.61078657393632,
LAC,Latin America & Caribbean (excluding high income),2022,,80.7043500381091,3.24177893213678,8089.0443057316,,613861839.0,53.6356242101676,33.176801532735,8.02338931276773,
LAC,Latin America & Caribbean (excluding high income),2023,,80.9255861415046,2.54814334718874,8203.23895137503,,618190397.0,46.6885214236554,32.6763440053893,6.04752279899292,
LAC,Latin America & Caribbean (excluding high income),2024,,81.1587710342698,2.72155131618142,8307.70645839353,,622564181.0,47.6810222439611,31.2551069754712,4.52354895601171,
LAC,Latin America & Caribbean (excluding high income),2025,,81.3986631711555,2.62090199400708,8434.21631085993,,626808315.0,47.5458401566158,30.1875809581263,4.85684863130393,
LAO,Lao PDR,2010,64.8,30.6468600890172,3.90935018167503,1564.91068311647,14.8104375708519,6334194.0,84.7203378916677,30.4660210858755,9.19657111138675,-0.2200354
LAO,Lao PDR,2011,63.6,31.2146877128668,3.43702755895922,1666.40086189871,15.2722808030825,6426590.0,91.6986958680216,30.815970194642,10.4687175993929,-0.072408
LAO,Lao PDR,2012,62.4,31.7422801040872,6.06067602678934,1774.63585203672,12.1203041098296,6518978.0,98.1851264313662,32.4366446720109,7.52885930495688,-0.0728091
LAO,Lao PDR,2013,58.6,32.2264033448341,5.68624628337024,1890.27861294875,12.5380892460783,6611385.0,98.1791466159604,30.4277075542967,6.47397208343337,-0.0505462999999999
LAO,Lao PDR,2014,58.2,32.6638235172635,6.53385086120159,2006.31195444447,8.12984913076319,6703172.0,99.0597382933399,28.815000545489,5.72655918174564,0.3772453
LAO,Lao PDR,2015,53.3,33.1240204432199,7.47075777292731,2121.01339097363,5.52476230566431,6801645.0,85.798321703681,27.6933442499915,2.34849600685918,0.4046383
LAO,Lao PDR,2016,51.7,33.8267455533474,5.87774436155716,2234.76098741846,4.35259193269181,6908802.0,75.0918909204124,28.7595046372574,3.02230644256338,0.3452009
LAO,Lao PDR,2017,50.6,34.5115346444216,9.87799160512334,2351.57441747595,4.97088233452954,7018147.0,,30.91247539947,1.85209676121123,0.2776591
LAO,Lao PDR,2018,50.2,35.2050070032013,7.4856486219066,2459.97874636195,3.8787583779558,7128045.0,,31.533192488879,1.91988919391754,0.2651475
LAO,Lao PDR,2019,50.5,35.9072880879451,4.03149139231071,2554.95638019245,3.10453941803438,7237636.0,,31.531381987864,1.19742392109292,0.3582008
LAO,Lao PDR,2020,50.6,36.6185033569111,5.09807193491087,2529.74622698761,2.81746694955522,7346533.0,,32.4163678323352,5.03450412544517,0.5456553
LAO,Lao PDR,2021,51.5,37.338778268357,5.69344695957329,2556.58912640405,5.38276112647354,7453194.0,,34.1299777246213,3.71344836687553,0.583086
LAO,Lao PDR,2022,49.2,38.0682382805397,4.69509225789707,2589.05015191628,,7559007.0,,34.1089797342112,15.7739459226011,0.7033051
LAO,Lao PDR,2023,,38.8070088517156,11.2425630959408,2648.88726608035,,7664993.0,,30.5335808308347,24.4217202066693,0.7378068
LAO,Lao PDR,2024,,39.5552154401406,5.98958863567394,2721.07810663122,,7769819.0,,29.0463781785597,14.0488821191484,0.5576599
LAO,Lao PDR,2025,,40.3129835040701,,2807.25374437797,,7873046.0,,29.1695580965102,7.54945782695651,
LBN,Lebanon,2010,5.7,87.6392192810679,11.1327936305686,8955.54336184707,0.00188079916555357,5041288.0,95.0966529416243,13.809376206629,0.578606723263135,-1.43369559999999
LBN,Lebanon,2011,6.2,87.8270813653079,7.85693989450406,8936.20027462737,0.00193498198500856,5096020.0,102.139882412503,14.506216070168,2.96508062083976,-1.4563703
LBN,Lebanon,2012,5.6,88.0195066808075,7.06847166156729,8920.8056984673,0.00190477725937707,5235742.0,88.5455019230591,15.4855197381508,7.48605187549234,-1.5792359
LBN,Lebanon,2013,5.9,88.2165478464663,5.67636791033718,8443.53856528784,0.0015553293883068,5743436.0,86.1743285920565,16.3437962275105,2.57845109226618,-1.6105378
LBN,Lebanon,2014,4.2,88.4182574811842,5.95175528625723,7830.4151113336,0.00229376123243399,6346990.0,79.8171565925627,16.2094101272442,0.105278623259466,-1.49478389999999
LBN,Lebanon,2015,4.2,88.6246882038608,4.32469174487594,7714.1099998804,0.00228828375146288,6472469.0,71.8390426347811,15.7051846447457,3.33578444902192,-1.3952938
LBN,Lebanon,2016,4.0,88.835892633396,5.02174040562454,8019.1416913426,0.0013728364357897,6323060.0,67.7236177908116,15.9539038084869,0.87129520217637,-1.3333648
LBN,Lebanon,2017,4.0,89.0519233886895,4.756779140202,8305.57405425721,0.00199555625750973,6160128.0,68.4554292593276,14.9268797796791,2.7485363221939,-1.3393518
LBN,Lebanon,2018,4.7,89.272833088641,4.84140308956364,8388.7235123835,0.00106750721286952,5984119.0,68.2573073043718,13.8056023781184,5.52248710107466,-1.2146005
LBN,Lebanon,2019,5.1,89.4986743521503,3.69413245000342,8064.04873416236,0.00131340504601898,5794594.0,62.98091601016,12.4991181838946,4.09482315573024,-1.3398887
LBN,Lebanon,2020,6.3,89.729499798117,5.06712986613403,6440.82843092922,0.00223718784227487,5702398.0,50.1298042879627,6.63816639544826,85.5420423400206,-1.3492491
LBN,Lebanon,2021,6.8,89.965362045441,2.5929006838647,5973.41933892988,0.00276403839242888,5718122.0,78.8286204025241,2.7586320737767,150.000716803737,-1.3231817
LBN,Lebanon,2022,,90.206313713022,2.50966160641735,5909.03651555028,,5744489.0,114.888278265666,2.39076209975393,112.149478998819,-1.34257539999999
LBN,Lebanon,2023,,90.4524074197598,3.26435467389127,5834.63415739394,,5773493.0,104.206410069182,2.0863020184691,202.907703485723,-1.2764099
LBN,Lebanon,2024,,90.703695784554,7.09437049742925,5391.22914209501,,5805962.0,82.2323604617121,2.63395915623125,45.1609829107474,-1.3896806
LBN,Lebanon,2025,,90.9602314263044,,,,5849421.0,,,,
LBR,Liberia,2010,88.6,48.1407517057907,103.337387099033,621.783295071575,18.3646624868945,4058890.0,,4.99961461461461,6.51200368905668,-0.393152599999999
LBR,Liberia,2011,87.1,48.6583302770849,86.9894467611897,646.908727016597,23.2729658968842,4221178.0,,8.30011676396997,10.9234453589782,-0.473186999999999
LBR,Liberia,2012,86.2,49.1773247639526,82.7471577822006,674.360011422232,26.7116015359801,4373043.0,,14.5889259761557,7.79715716365929,-0.3877254
LBR,Liberia,2013,87.5,49.6977986242077,62.9068538615833,717.007280358975,28.3711783328734,4470239.0,,19.5182541497806,4.71530813283255,-0.364639999999999
LBR,Liberia,2014,91.2,50.2198153156642,15.558740639735,707.157694930142,26.1806367790867,4564293.0,,18.554810004303,0.817921326764434,-0.510413
LBR,Liberia,2015,91.9,50.7434382961363,7.21023781604438,692.590082351257,19.4462580281234,4659431.0,,16.8248454785241,0.062713425558087,-0.5851773
LBR,Liberia,2016,92.8,51.2687310234384,9.1719033259717,668.031513175601,20.1143619477823,4755608.0,,13.7704420019235,6.97295697153928,-0.453136899999999
LBR,Liberia,2017,93.6,51.7957569553849,7.30948578439651,671.260899835355,21.3240563239483,4848925.0,,15.4416514284322,-2.61793415299387,-0.2701752
LBR,Liberia,2018,94.4,52.3245795497906,3.77268493884788,665.875439637137,14.0250297312743,4944726.0,,16.9238649522893,-0.209872797387817,-0.0185577
LBR,Liberia,2019,89.7,52.85526226447,2.61121194879185,636.699384824869,14.2604895547102,5043721.0,,16.9896070200098,-0.560426634044902,-0.2571938
LBR,Liberia,2020,93.0,53.3878685572381,-2.96003538007919,605.025475431411,17.4661654481066,5149463.0,,16.8438326901547,-1.38060188980627,-0.220102599999999
LBR,Liberia,2021,93.2,53.9224618859098,-1.11842850292887,621.927983063426,21.9156000871056,5259323.0,,19.1148288687649,5.35427604467455,-0.2103506
LBR,Liberia,2022,92.8,54.4591057083,3.09332516183889,638.005183858289,,5373294.0,,20.6885472727514,8.66620854081535,-0.2807974
LBR,Liberia,2023,,54.997863482224,7.11347042965831,653.329188343162,,5493031.0,,23.3467448747153,4.8121348688661,-0.174047999999999
LBR,Liberia,2024,,55.5387986654968,9.86626133953545,665.101337624192,,5612817.0,,21.9697403860887,4.6586819825385,-0.228549
LBR,Liberia,2025,,56.0819747159338,,684.038392553354,,5731206.0,,24.5332632448312,4.52039956646817,
LBY,Libya,2010,2.5,88.1177139282227,2.36664960687642,12913.9334939386,55.9661611105459,6497839.0,98.077213074239,75.7449869936204,19.278545342939,-0.4787846
LBY,Libya,2011,3.2,88.0970458984375,,6569.59477578957,37.5617320657366,6343203.0,63.0054352895288,53.8989087023988,24.3427533511905,-1.6341249
LBY,Libya,2012,2.6,88.0727920532227,1.53985903839829,12599.258882136,59.1030408512754,6179328.0,98.2243189168448,73.7369299183248,5.98193050372183,-1.5745603
LBY,Libya,2013,2.4,88.0451431274414,0.931638601844643,10126.314927806,47.7413993201726,6304628.0,106.334360918106,65.1237589148371,0.0853923422682783,-1.9032456
LBY,Libya,2014,2.3,88.0142059326172,,7644.24843947404,31.016947831293,6427252.0,76.5248826381117,46.7692775548728,-1.00660401665242,-2.26526939999999
LBY,Libya,2015,2.9,87.8159103393555,,7458.48917756374,16.3921988648858,6531819.0,56.9049073326883,34.8289693278703,-7.04070727195378,-2.2100778
LBY,Libya,2016,2.8,87.8160056703177,,7236.16409923502,12.2468654255016,6632126.0,41.1101760615135,26.0770762664238,4.69231431810404,-2.2576529
LBY,Libya,2017,2.9,87.8166729870528,,9435.60060040046,22.1587604827104,6738770.0,47.5489661921214,38.9800161101817,1.80666382178316,-2.29431519999999
LBY,Libya,2018,2.9,87.818484275334,,10020.9165751361,31.6168598912657,6849055.0,63.7811335968183,49.676758007488,3.59757389264269,-2.28391459999999
LBY,Libya,2019,3.0,87.8220115209342,,8768.4104874586,34.4990280272661,6951033.0,78.9939691850138,49.9776179313478,4.17567264236536,-2.25895969999999
LBY,Libya,2020,3.2,87.8278267096263,,6102.79864032512,11.4789831280341,7045399.0,50.9757934373319,15.9502036425113,-4.75412381683802,-2.2231779
LBY,Libya,2021,3.1,87.8365018271835,1.71219284038518,7731.35448152581,61.0347089411103,7135175.0,164.284069967105,74.9121008371648,90.4557384467483,-2.2069296
LBY,Libya,2022,,87.8486088593786,1.62326033379453,7002.68189296358,,7223805.0,156.321684682347,76.8380798647142,42.7720887426923,-2.00397249999999
LBY,Libya,2023,,87.8647197919848,1.80500147243983,7630.49664928174,,7305659.0,161.070232609722,78.8995280792827,-7.62199522874144,-2.0418754
LBY,Libya,2024,,87.8854066107749,,7696.0807819319,,7381023.0,137.511130687153,73.4971404182672,8.50939917382847,-1.8964767
LBY,Libya,2025,,87.9112413015221,,8634.47963250683,,7458555.0,137.658573201308,73.2498107962825,-3.9380999254695,
LCA,St. Lucia,2010,13.2,18.5125070971313,11.7530170243607,10191.3146827694,0.0213939960854132,170906.0,,11.6993633883331,5.42281943230741,0.8287007
LCA,St. Lucia,2011,12.9,18.4743479557314,6.19533348387191,10576.8979743596,0.0171733829693113,171801.0,,11.0709394039579,1.41240495830502,0.8234119
LCA,St. Lucia,2012,12.4,18.6193081275177,7.38092558879021,10517.2777635533,0.0164637996812387,172587.0,,10.8823311302478,2.01336870760498,0.8228537
LCA,St. Lucia,2013,12.1,18.9258370999948,7.56598774359971,10279.4155096001,0.0211912988549864,173369.0,,10.2372040525891,5.81547995374029,0.8211478
LCA,St. Lucia,2014,11.7,19.3915445904726,3.84517869828728,10369.9382566513,0.0254436551499196,174138.0,,9.9830608960786,3.9669122302501,0.7556725
LCA,St. Lucia,2015,11.5,20.0204288176073,8.42203722655325,10334.9860823918,0.0186627705111545,174905.0,,10.8633516574705,3.2366568977984,0.7434287
LCA,St. Lucia,2016,11.2,20.8164880000551,8.64914217402882,10644.1612913407,0.0242375524260307,175646.0,,10.9907295637127,-0.0566916594951152,0.9130972
LCA,St. Lucia,2017,10.2,21.783720356472,4.500439600106,10960.4843512477,0.0188680203388547,176342.0,,10.8835128503547,3.45839282975224,0.8668533
LCA,St. Lucia,2018,10.2,22.9261241055144,2.20879100094065,11233.8883578457,0.0120179605482605,177017.0,,9.85698830819217,0.23146946975146,0.8694958
LCA,St. Lucia,2019,10.0,24.2476974658382,3.6127905089311,11077.9479823807,0.0105301058741755,177661.0,,9.05514601644457,2.46763386777549,0.8702889
LCA,St. Lucia,2020,10.0,25.7524386560998,6.51461067977706,8512.8183987353,0.0193601689591786,178250.0,,12.5903570472412,-5.56619124771726,0.8698532
LCA,St. Lucia,2021,9.7,27.4443458949551,3.75307666270784,9447.30059244639,0.0134294898917373,178522.0,,11.381631037213,10.6273067860363,0.868144
LCA,St. Lucia,2022,9.7,29.097678526676,2.50199227293772,11258.6110790564,,178781.0,,9.02661366285103,3.88692833506043,1.0438207
LCA,St. Lucia,2023,,29.0976313248036,8.31848073246958,11665.6826047818,,179285.0,,9.95387929726613,1.27419180880412,1.044299
LCA,St. Lucia,2024,,29.0973354237452,7.16313123587196,12190.7970890156,,179744.0,,10.2532023486259,1.85588553461254,1.0382485
LCA,St. Lucia,2025,,29.096571131107,7.30212999832689,12093.5634639167,,180149.0,,10.6881936311416,2.55779461893218,
LCN,Latin America & Caribbean,2010,29.068340737703,78.37135488215,3.66547129660338,8060.06410621954,5.19677194146242,587752505.0,41.3522087476562,30.9597993680181,4.66587233874676,
LCN,Latin America & Caribbean,2011,28.4958595093532,78.5717207273562,4.07422569319564,8324.64861785153,6.77533446412528,594086829.0,43.6297687431849,31.8988325364123,5.57367845495119,
LCN,Latin America & Caribbean,2012,27.9411911085897,78.7697906096959,3.9273371624356,8454.76965680889,6.00352806346098,600420316.0,45.5786318554325,31.2046913204073,3.59822124441102,
LCN,Latin America & Caribbean,2013,27.7426663261076,78.9755056336712,3.91977805942487,8594.86059532881,5.22518223933465,606683307.0,45.1932463665487,30.7459563982961,2.49004853623241,
LCN,Latin America & Caribbean,2014,27.7215959010541,79.185365448744,3.97393678736176,8610.20897998125,4.33855768929238,612849401.0,44.6454658978727,30.3776763405903,2.33403673072464,
LCN,Latin America & Caribbean,2015,28.2446666189275,79.4004597252698,5.02113226432825,8546.91790238019,2.28431629074744,618868462.0,44.9920220039287,29.7419715449149,2.90305552671429,
LCN,Latin America & Caribbean,2016,28.8850327404841,79.6161243552428,3.4629260264375,8404.73192746461,2.17668438080896,624737786.0,44.0364978465737,28.8353734542234,2.3482989082066,
LCN,Latin America & Caribbean,2017,29.4068241645848,79.8285331741903,2.97451291487612,8458.43713679231,2.61926024523232,630414986.0,44.3407066193727,28.9673678454667,2.96410428738368,
LCN,Latin America & Caribbean,2018,30.252639118551,80.019051151549,3.24997482778747,8489.65331062758,3.34871888761251,635778081.0,48.1938853908126,29.9955802467471,2.12212579569427,
LCN,Latin America & Caribbean,2019,30.6248117743588,80.2273019080141,3.07556633036171,8447.71177421698,2.61768402024702,640962372.0,47.7094272418949,29.9851440493927,2.59656980548346,
LCN,Latin America & Caribbean,2020,34.1964972995889,80.4373918656823,2.57911506674677,7812.95729980292,2.44017691179542,645498187.0,45.9729489898563,30.1846714596999,1.84282304408084,
LCN,Latin America & Caribbean,2021,,80.6341875645003,2.85266053370407,8317.64330039219,6.1385827293041,649236092.0,52.5995209680724,32.3139863905135,4.31502371433918,
LCN,Latin America & Caribbean,2022,,80.8277330006255,3.44927971631957,8606.55427761644,,653108131.0,56.0021722062466,32.8707088368328,6.62559546651821,
LCN,Latin America & Caribbean,2023,,81.0435031875464,2.77914039573591,8736.17680385723,,657616519.0,48.7349861200831,32.1935731192486,4.40820443649315,
LCN,Latin America & Caribbean,2024,,81.2716849224706,2.87439121466347,8871.53601669473,,662185614.0,49.651989177217,31.0984026269232,3.71197890609302,
LCN,Latin America & Caribbean,2025,,81.5060587040558,2.68387818651293,9017.47873959526,,666592570.0,49.1445739335766,30.257402325322,3.38685024304168,
LDC,Least developed countries: UN classification,2010,75.9030638297872,29.9273951664358,2.59190520109857,905.393997038056,13.8962637565887,854941316.0,58.4307703252883,28.8240554389778,6.26499886932319,
LDC,Least developed countries: UN classification,2011,75.2902390351355,30.3566815515875,2.94005449407376,911.315681048424,15.6128603618411,875269186.0,60.383621409985,30.9466950711775,9.39165549203732,
LDC,Least developed countries: UN classification,2012,74.1186152161421,30.7678755749609,3.51400802852572,919.308093708723,13.2880871996286,896237933.0,59.0223829438978,30.6729886937471,5.82399948795916,
LDC,Least developed countries: UN classification,2013,73.4516390735312,31.1964735168481,2.73089022721929,952.21846887207,11.670546362499,917783039.0,58.5658416313382,29.6726326034659,4.37807084310651,
LDC,Least developed countries: UN classification,2014,72.8033051049145,31.6474007044254,2.97157916591139,979.669421273234,10.0128323809196,939749332.0,55.8863531063786,28.8464342961741,3.79056288056664,
LDC,Least developed countries: UN classification,2015,72.6420499355701,32.1000663267792,4.06782694061072,983.414934367096,7.1205111891776,961916563.0,50.5099680483005,26.6454229337875,3.48548271905175,
LDC,Least developed countries: UN classification,2016,71.7069864304561,32.5615637568186,2.72983687145391,997.08869308831,6.94645239224283,984757534.0,46.8248015740668,27.2309447683077,4.21352454525519,
LDC,Least developed countries: UN classification,2017,70.6528427025745,33.0338857488887,2.01283378940639,1017.69408591328,7.74208745705109,1008260714.0,46.9382092798438,27.9179712896913,3.45045090310994,
LDC,Least developed countries: UN classification,2018,69.6689273124056,33.5099096116646,1.63539839899353,1040.23273178411,7.26134258494115,1032309742.0,51.296524258874,29.3333581926918,4.17720098477761,
LDC,Least developed countries: UN classification,2019,69.5024909470932,33.9542997559168,1.7759330051063,1064.77726218382,5.95746131189881,1057170371.0,50.4527081523106,29.6533398234815,3.91672149655395,
LDC,Least developed countries: UN classification,2020,70.885707743194,34.3799933582931,1.93262720045475,1037.73611237248,5.10563417127294,1082754466.0,46.4206022472537,28.896083687099,4.03092130332973,
LDC,Least developed countries: UN classification,2021,,34.8106741074615,2.11026525876901,1041.81864393151,8.53888324506851,1108233065.0,50.8303393232299,29.7950221411146,6.08815281141383,
LDC,Least developed countries: UN classification,2022,,35.2521934518586,1.70273206153691,1066.56260269683,,1133564482.0,51.037908122287,30.0430174715327,7.95889716410304,
LDC,Least developed countries: UN classification,2023,,35.6888977222996,2.41053403063532,1074.29165043316,,1159744187.0,48.4806753409352,30.0017709909349,5.4226953719288,
LDC,Least developed countries: UN classification,2024,,36.1583212100394,2.46104166865424,1090.57292521647,,1186668913.0,47.1182053512855,29.4243165261041,6.6393234022018,
LDC,Least developed countries: UN classification,2025,,36.6351976248878,,1111.70616607056,,1214167506.0,43.6656571524012,29.6820985808488,4.78469418468577,
LIE,Liechtenstein,2010,52.3,14.4154354105611,587.838615656588,,0.00924063538213154,36022.0,,,,1.644869
LIE,Liechtenstein,2011,55.3,14.4099998474121,460.213518331784,,0.00817289068062751,36312.0,,,,1.6405927
LIE,Liechtenstein,2012,55.5,14.4124545370445,540.366945866089,,0.00655238694776474,36657.0,,,,1.6401413
LIE,Liechtenstein,2013,53.5,14.4201755971624,18.068983064869,,0.0052938315075899,36984.0,,39.3045826652038,,1.638762
LIE,Liechtenstein,2014,55.0,14.4336985145967,140.293444143294,,0.00599288437231091,37248.0,,39.647172626367,,1.6435264
LIE,Liechtenstein,2015,55.5,14.4535587761782,1282.60722939224,167187.15730982,0.00194110894161873,37494.0,,37.2602648896845,,1.5056039
LIE,Liechtenstein,2016,55.8,14.4802918687379,972.693538598386,,0.00207232625568761,37716.0,,41.9543783150565,,1.5021925
LIE,Liechtenstein,2017,55.3,14.5144332791067,602.374526148965,,0.00186506931005221,37962.0,,44.078617141423,,1.5026105
LIE,Liechtenstein,2018,56.8,14.5565184941154,-1303.10826691135,,0.00327838093890037,38246.0,,41.7550346850839,,1.5055506
LIE,Liechtenstein,2019,56.1,14.6070830005951,,,0.00179668932945333,38563.0,,44.2952285660684,,1.6431087
LIE,Liechtenstein,2020,55.2,14.6666622853765,,,0.00147146668515006,38901.0,,40.3036198267405,,1.6427344
LIE,Liechtenstein,2021,53.6,14.6989159370696,,,,39182.0,,40.7763902142195,,1.5846135
LIE,Liechtenstein,2022,56.9,14.6923070071538,,,,39493.0,,39.3533011817131,,1.5871411
LIE,Liechtenstein,2023,,14.6783761234077,,,,39846.0,,39.1138727542888,,1.5875521
LIE,Liechtenstein,2024,,14.657584904886,,,,40450.0,,,,1.5823538
LIE,Liechtenstein,2025,,14.6298998993293,,,,41024.0,,,,
LKA,Sri Lanka,2010,61.9,17.2486209380693,0.814446067583227,2993.01410960302,0.181247741101714,20879089.0,,27.7831982979266,26.9348761761573,-0.779023999999999
LKA,Sri Lanka,2011,56.4,17.7881192817964,1.41088360151362,3232.37349786435,0.161869001521806,21009048.0,,29.0731497644916,3.97992934293185,-0.7674257
LKA,Sri Lanka,2012,52.9,18.2617686748284,1.33591734742632,3484.79048392653,0.137234670569948,21169458.0,,30.9698538095878,10.4634471800904,-0.9606693
LKA,Sri Lanka,2013,56.9,18.4323136480916,1.21148000059153,3728.93585962083,0.111206626762233,20585000.0,,30.7956807276274,6.2528852580252,-0.8585581
LKA,Sri Lanka,2014,54.2,18.6153877203724,1.08277813405104,3929.92061307909,0.106716230120525,20778000.0,,30.5178954291897,1.92062880344315,-0.553597999999999
LKA,Sri Lanka,2015,51.3,18.796256612131,0.798746316666859,4057.71582716521,0.116815682766825,20970000.0,46.9179708088698,29.5354178731659,3.01438080403958,-0.0885947
LKA,Sri Lanka,2016,45.1,18.9747679368162,1.01937184801285,4214.74117217382,0.120808775080832,21209000.0,46.4715370250761,30.48271772947,5.44322171864214,-0.1436337
LKA,Sri Lanka,2017,45.8,19.1507693078088,1.45462805110061,4436.00789131029,0.0888765377568958,21453000.0,47.1404098001494,31.1282786463629,5.4728452958847,-0.179121299999999
LKA,Sri Lanka,2018,47.9,19.3241083384127,1.70888696252064,4493.03574617534,0.064834147164453,21670000.0,49.8093967520437,30.0568195253216,4.29530619321299,-0.2597255
LKA,Sri Lanka,2019,46.1,19.4946326418437,0.835367460265196,4455.78188788143,0.0722571812304566,21803000.0,49.4255238852768,29.1910098708421,3.87052761265055,-0.173798099999999
LKA,Sri Lanka,2020,49.3,19.6621898312161,0.514700553944402,4227.23314530167,0.0850400982115445,21919000.0,37.0891188568192,28.2358328750276,3.10430535317374,-0.1154138
LKA,Sri Lanka,2021,48.8,19.8266275195269,0.668825708548416,4357.97224978578,0.0832444969793704,22156000.0,41.2288463294978,29.9540097665519,8.02109164462597,-0.510938
LKA,Sri Lanka,2022,,19.9877933196367,1.19249322162632,4033.14560306744,,22181000.0,46.6826080179359,29.8058315779478,47.4638849830734,-0.7621199
LKA,Sri Lanka,2023,,20.1455348442463,0.848017076796717,3977.13564995085,,22037000.0,43.3476681195134,25.6710307504815,16.8150738738861,-0.670013
LKA,Sri Lanka,2024,,20.2996997058686,0.764077754153862,4198.74513727898,,21916000.0,42.1196098331113,25.4835532853095,4.08757566272939,-0.350302399999999
LKA,Sri Lanka,2025,,20.4501355167937,,4439.13556608479,,21756000.0,41.8090026525048,25.4401366461187,3.6858730432759,
LMY,Low & middle income,2010,24.2911816358034,45.4142988752394,2.99993992950434,3469.80590095764,7.30426554318406,5672202320.0,52.1454932764369,36.1875100478668,6.89970121338396,
LMY,Low & middle income,2011,23.408245686256,46.3060209061561,2.99657737389138,3638.55326608162,8.89691613938648,5752146479.0,53.9838856347915,37.1142836009001,8.19079859862242,
LMY,Low & middle income,2012,23.216711782471,46.898793612362,2.61021345217993,3784.75096839907,6.91001153438703,5834053766.0,53.2368405546047,36.856463961088,5.00323590794862,
LMY,Low & middle income,2013,23.2437945857219,47.5558053161274,2.65195329491873,3942.47943622101,5.76240825756046,5915255859.0,51.8941031224946,36.2350951372133,3.63300945054496,
LMY,Low & middle income,2014,23.2603600821106,48.164746904256,2.33560217269925,4089.19933719999,4.80215587171588,5996036961.0,50.3147512075439,35.6228045057662,3.39756632913907,
LMY,Low & middle income,2015,23.351980133742,48.8131137351494,2.3517180425986,4223.77742891002,2.69493828978099,6075072158.0,46.5943555360391,34.2818029509205,2.99333285176854,
LMY,Low & middle income,2016,23.5956286475448,49.4002817533326,2.01210287512349,4363.46432262705,2.47153274597492,6153938165.0,44.4827294473618,33.5242229074111,3.05159456647036,
LMY,Low & middle income,2017,23.6364337035659,49.9511508416674,1.82050072691445,4534.54734531501,3.04384979961077,6233470764.0,45.862490243703,33.9015330619258,4.13494896570668,
LMY,Low & middle income,2018,23.7294321628033,50.513558376457,1.97623333169413,4699.02853867183,3.69218032546468,6311329885.0,48.0514199619347,34.6063318173766,3.80584978003358,
LMY,Low & middle income,2019,24.2477140331693,51.0178827228954,1.71916141940078,4833.03178169414,3.11255730793526,6387395177.0,46.2116657620281,33.6137924381968,3.08494391436621,
LMY,Low & middle income,2020,25.2319411619148,51.4188594538107,1.75199181233386,4723.43743275583,2.19657279156728,6460393883.0,43.4647217872405,33.2120656602895,2.91013742748055,
LMY,Low & middle income,2021,,51.9053998647644,2.06409687231362,5019.23390795338,4.10132757644947,6527758150.0,48.6099949167732,34.853587256176,6.19256894518882,
LMY,Low & middle income,2022,,52.2288701723598,1.60339711661308,5170.6906311666,,6590522389.0,52.0932710272132,34.9942890123192,8.61824525123576,
LMY,Low & middle income,2023,,52.5071871488085,1.07532581263052,5358.98340901979,,6654784822.0,48.5167070458831,33.7861451228228,5.61104861485949,
LMY,Low & middle income,2024,,52.8061674651841,1.18378040222713,5539.32895443457,,6722971301.0,48.857226972032,33.0966743199576,5.11338964666228,
LMY,Low & middle income,2025,,53.1245267427522,1.06819640648454,5731.83217704224,,6791684991.0,48.5081450811431,32.3332922387633,4.28342547075624,
LSO,Lesotho,2010,53.0,27.4004815007995,0.425490583298807,995.233432451681,3.93439968984273,1996251.0,150.102435487333,31.463352131548,5.33711013720971,0.5816165
LSO,Lesotho,2011,42.3,28.6150355175921,2.37160157638289,1031.99721564343,3.88951380908295,2014009.0,149.796606699153,33.1996499097292,9.42640700324388,0.6423581
LSO,Lesotho,2012,40.8,29.8970340055453,2.28650169667391,1086.39034816283,4.7058759222187,2034354.0,150.208575358438,30.8179398182836,2.18204801752952,0.2654833
LSO,Lesotho,2013,46.1,31.2407460933407,2.13033827559342,1093.95323489272,5.10158145699247,2056504.0,133.36548975517,29.0232445602992,10.2798956437383,0.3249377
LSO,Lesotho,2014,43.2,32.6404409096604,3.86963158626918,1100.04993684215,5.59052228450031,2080089.0,126.292475360578,32.1608736210412,14.0351521545479,-0.172191999999999
LSO,Lesotho,2015,46.0,34.0903875831861,4.79809498524625,1121.19851342518,6.21135692867531,2104611.0,129.722773082867,33.7385657003649,10.2030391854904,-0.208938699999999
LSO,Lesotho,2016,45.1,35.5077950709441,3.74733138412509,1147.58748801671,7.27012601835192,2130422.0,136.31524774176,30.5866475742865,-0.292451232749613,-0.2746129
LSO,Lesotho,2017,41.5,36.5283648068846,1.82806623182623,1097.82166812752,6.29773888103094,2157110.0,146.366771329494,28.5730617255808,2.01891023820184,-0.2021614
LSO,Lesotho,2018,42.5,37.569092747415,1.59898721077784,1068.44462913373,3.60958084633478,2183603.0,144.434955465602,31.139042579725,11.7230687269439,-0.1397918
LSO,Lesotho,2019,41.6,38.6040920446259,1.49464849213428,1040.99351014117,3.73425482845294,2209405.0,140.51663349168,30.5436539026894,3.57545446932066,-0.287980099999999
LSO,Lesotho,2020,43.2,39.6329305425532,1.36347415769606,944.834128375429,4.55548495060365,2235727.0,141.096605062998,31.0792075147298,6.54820418786271,-0.1451933
LSO,Lesotho,2021,33.6,40.6551760851997,-0.512915958026648,955.221236301503,4.31788190525398,2261542.0,139.186479465407,32.0714579927576,3.12378243029553,-0.1334002
LSO,Lesotho,2022,34.9,41.6703965165322,-0.332065069453934,967.51928598325,,2286110.0,142.373981074229,30.4887414630726,5.53005496706199,-0.128161
LSO,Lesotho,2023,,42.6781596804785,-1.20419550100532,973.116561960912,,2311472.0,140.722487877528,28.522771885001,0.322460813518347,-0.1357263
LSO,Lesotho,2024,,43.6780334209246,-0.525747492760171,1012.59379523386,,2337423.0,152.474389103105,28.0994911212337,5.99538721882942,-0.2588663
LSO,Lesotho,2025,,44.6695855817109,-0.22425996725048,1021.35104816239,,2363325.0,153.981493548807,25.157478604631,2.99804314523104,
LTE,Late-demographic dividend,2010,14.227913389653,55.2002774149779,4.22349891399408,6526.90643063144,7.72598743358566,2179525352.0,58.7790382554302,37.9953653360817,5.50170840316412,
LTE,Late-demographic dividend,2011,13.4939401643027,56.9188763539629,4.00829632488112,6951.29551622392,9.56517930567814,2193171336.0,59.9917804291069,38.4156960915053,4.58216969732225,
LTE,Late-demographic dividend,2012,13.5583905267186,57.8070692828074,3.79957000103969,7306.62850181868,7.32669652581713,2209319631.0,58.745660591425,38.1736952658961,3.46914706004292,
LTE,Late-demographic dividend,2013,13.6510906148841,58.7788304798318,3.48322902355975,7663.56295285725,6.22180479117383,2225005187.0,57.7353164276769,37.3177007701387,2.03708761188699,
LTE,Late-demographic dividend,2014,13.7969449361474,59.6576878869777,3.44790378276073,8010.17156732513,5.28701063777081,2241122152.0,56.7446558829141,36.8698418750308,1.83896417625855,
LTE,Late-demographic dividend,2015,13.7947562846974,60.7294578905785,3.7098152903841,8331.63288950883,2.95774965689105,2256126712.0,53.7494233668566,36.1195746798196,2.08627080067058,
LTE,Late-demographic dividend,2016,14.1053604502349,61.7622468361698,2.65963028467592,8645.98435648163,2.537266033559,2270841806.0,51.9769685997932,35.0338099520488,1.73889794711164,
LTE,Late-demographic dividend,2017,14.3601698499908,62.7392997946222,2.37613758529034,9041.12377451984,3.13477794858601,2285870134.0,52.8629223980797,35.2098826849528,3.56488866625072,
LTE,Late-demographic dividend,2018,14.7113402854056,63.7579414927705,2.69124702570342,9481.1203747958,3.88700769804562,2298394042.0,53.6837369630127,35.8647290963367,3.21103213223728,
LTE,Late-demographic dividend,2019,15.1930553100861,64.6307387465605,2.46696027270083,9886.1162980852,3.28515816436474,2308878047.0,52.7358799610063,34.9595145651137,2.42322694229267,
LTE,Late-demographic dividend,2020,15.8291260683112,65.2628534044695,1.61533525448357,9878.26644474708,2.191583637758,2316152452.0,51.3902275348393,34.4285438721442,1.46747814810814,
LTE,Late-demographic dividend,2021,,66.1284355869503,2.63210124818983,10610.2084233095,4.2404274305029,2320127658.0,55.463392645272,35.9793428319802,5.60376567562626,
LTE,Late-demographic dividend,2022,,66.577578734994,1.40032574782697,10941.9407766362,,2323799602.0,57.7448694959449,36.2103504944052,8.8329211005173,
LTE,Late-demographic dividend,2023,,66.9097159245761,0.471618141665556,11414.6924038042,,2326294294.0,54.729354341428,34.6278430329725,5.15950107377019,
LTE,Late-demographic dividend,2024,,67.2581719439057,0.890853424465592,11918.0405122553,,2328876323.0,52.1835999931237,34.0975544064755,3.71197890609302,
LTE,Late-demographic dividend,2025,,67.6587211144091,1.00093236355797,12440.5129765472,,2330425681.0,50.7613707484667,33.2916861699408,3.65498822570085,
LTU,Lithuania,2010,21.5,66.7712860107422,3.00969561169119,10884.1161852582,0.524773473420892,3097282.0,131.626507396009,26.2116518144494,2.12172150752954,0.7159839
LTU,Lithuania,2011,22.7,66.7518340055756,4.35509015104087,11836.7200384033,0.55272441723569,3028115.0,149.645306927215,28.3534317115284,5.62227904002557,0.6843003
LTU,Lithuania,2012,23.9,66.8536758422852,1.5855600934776,12516.6184065667,0.50334215016971,2989139.0,156.638925650513,28.2001999312223,2.50518093222925,0.7176973
LTU,Lithuania,2013,26.3,67.0092086791992,1.66003716547754,13145.8069309969,0.451433196719953,2961250.0,156.626637927418,27.6242689150869,0.833827550890589,0.9839797
LTU,Lithuania,2014,27.7,67.1514937628023,0.739699359398686,13753.1895982305,0.435666728185002,2937253.0,143.290115780694,27.726441177948,0.609190658206288,0.936572
LTU,Lithuania,2015,29.0,67.2282485961914,2.49622116332616,14269.8039878287,0.355871871770943,2911109.0,138.195575009601,26.9636978611038,-0.0022527821753755,0.9444776
LTU,Lithuania,2016,31.5,67.1894226074219,2.7403147410033,14823.107153522,0.3377588483904,2877325.0,134.690449650877,25.9974602207029,0.987472424308564,0.9545715
LTU,Lithuania,2017,33.8,67.1012954711914,2.89745572307538,15695.9993288456,0.408008846501474,2842639.0,144.918393101325,25.720457681502,4.09579153130848,0.8922634
LTU,Lithuania,2018,33.7,67.1464742010457,2.39550085067309,16604.9021440809,0.378395633092732,2819200.0,147.202132525221,25.5788787201366,3.59301167619761,0.9070273
LTU,Lithuania,2019,33.5,67.245735168457,6.23035300556357,17431.7239081591,0.334182488318804,2811089.0,148.374996011818,25.2564149405008,2.37586014042606,0.9825192
LTU,Lithuania,2020,31.7,67.4254608154297,7.94344900363669,17443.65526328,0.310782585398606,2810369.0,135.796565563519,24.7876900738526,2.03874418596244,1.1506312
LTU,Lithuania,2021,33.2,68.1912117004395,3.73869903984915,18572.2895051093,0.28612663033099,2808380.0,154.726303914099,24.8458400599847,6.04010883761583,1.0111257
LTU,Lithuania,2022,,68.2866452426813,3.42488723499229,18873.8427527274,,2831639.0,176.631817072239,25.4725274807183,15.4437711325066,0.963939
LTU,Lithuania,2023,,68.575454583199,4.76764051451377,18748.9302647191,,2871585.0,147.990751776428,24.4986518894236,9.97342076445898,0.9517926
LTU,Lithuania,2024,,68.8285833315315,5.49705606704886,19205.4152293136,,2888278.0,142.41991022479,22.9407391077507,3.17004636967202,0.9394441
LTU,Lithuania,2025,,69.0816381352764,3.24263476181387,19762.8342142819,,2888774.0,142.106304695382,22.1467193606762,3.63465757052825,
LUX,Luxembourg,2010,3.7,88.48791681658,69.6063943388728,106545.854916218,0.072919743736028,506953.0,293.671876906939,10.997972653402,4.64842633515492,1.4878051
LUX,Luxembourg,2011,3.8,88.9562814837254,14.3333707152268,105292.012346074,0.111627780528827,518347.0,308.714453874162,10.708548830545,3.44947467054639,1.3788317
LUX,Luxembourg,2012,4.2,89.4405768017292,4.7244838569188,104489.298083328,0.124315483837715,530946.0,311.786835204686,10.4267316863229,3.26617103662434,1.3639242
LUX,Luxembourg,2013,5.7,89.9413746679705,35.7329034711934,105340.41498623,0.0654807999878363,543360.0,320.533506316768,10.4429358659788,2.2761289412073,1.316509
LUX,Luxembourg,2014,6.8,90.4577807676859,29.1553925693205,105585.401767492,0.0511247766010698,556319.0,333.428836459172,10.8108782853283,2.79670380130254,1.4310289
LUX,Luxembourg,2015,9.1,90.9893679353068,75.6300240002581,105462.012584423,0.0121647269251085,569604.0,351.13195404466,11.5395015328494,2.22059478443452,1.4125194
LUX,Luxembourg,2016,13.5,91.5357090052649,28.257554145971,108351.452194449,0.0100663139177463,582014.0,348.437409376889,12.0959361207718,-1.10761695881988,1.3457296
LUX,Luxembourg,2017,15.3,92.0963768119916,-41.6509945601316,107142.05542835,0.00960957126949073,596336.0,353.793991980303,10.8183282634892,2.14297279304374,1.2715421
LUX,Luxembourg,2018,16.0,92.6709441899184,-117.233947530512,106788.661202756,0.0131614123128893,607950.0,361.865445198667,10.9720784332984,1.83958475950286,1.3055181
LUX,Luxembourg,2019,16.4,93.2589839734767,234.310617307358,107591.899505248,0.00887356762506664,620001.0,382.66078058442,11.6004638626305,0.916368822113782,1.3055593
LUX,Luxembourg,2020,20.8,93.8600689970981,-4.55819523596748,105274.182260744,0.00666359766515693,630419.0,375.581394826026,11.342759831856,3.86906326889533,1.2105167
LUX,Luxembourg,2021,20.5,94.5861743396533,28.7187121123012,110873.115269021,0.00475136757511518,640064.0,397.506180867971,10.5920099479324,5.9021312602124,1.1450494
LUX,Luxembourg,2022,,94.7605400940185,-391.555119009248,107467.123965307,,653103.0,412.177169924175,9.11381479201516,6.22005520174665,1.0244114
LUX,Luxembourg,2023,,94.8015300320787,-10.4511316835125,105422.764660192,,666430.0,402.566968197345,9.28618931365795,6.91075240547165,1.0156548
LUX,Luxembourg,2024,,94.8438702866393,113.622225285264,104147.111291588,,677012.0,351.267921153192,9.65986070131125,4.57509382798655,1.0730532
LUX,Luxembourg,2025,,94.8841729598587,-92.8195151180004,103292.144703636,,686970.0,349.886879178876,8.87600133862757,3.21864824595528,
LVA,Latvia,2010,33.1,67.8270681752453,2.0239348136408,10500.8666223014,1.28308782693054,2097555.0,110.86235386272,20.8612025977954,-0.483861317727076,0.5895207
LVA,Latvia,2011,35.5,67.8266897008267,5.71773309105869,11018.5152421583,1.3327725371957,2059709.0,129.734758014485,21.418901034981,4.70810709744489,0.3810125
LVA,Latvia,2012,40.4,67.8331638942219,3.98573894005036,11971.0107466522,1.43134807722777,2034319.0,133.211503650958,21.4155903391561,2.87856729481426,0.4809516
LVA,Latvia,2013,39.6,67.847334482933,3.39352198804719,12353.5386135301,1.14413699673137,2012647.0,129.677184929099,20.8210958976358,1.90052969117932,0.6227437
LVA,Latvia,2014,40.2,67.8686035364944,3.45179531513632,12731.6771959342,1.13104352407128,1993782.0,130.042252244959,19.6186043266703,1.66994918996278,0.720197
LVA,Latvia,2015,38.1,67.8965395668259,3.08543258338884,13321.9753140616,1.00340965640665,1977527.0,126.380014406006,19.7834567448988,0.38688741781985,0.7167386
LVA,Latvia,2016,38.5,67.9307110858472,1.23693505180815,13787.3367440023,0.983550850681886,1959537.0,123.330518429659,19.1654365749872,0.607930583315365,0.6434248
LVA,Latvia,2017,42.6,67.9706866054779,4.04880019492543,14382.8612727134,1.20722108099256,1942248.0,128.714003328884,19.7767293914993,2.70923995206107,0.6631827
LVA,Latvia,2018,41.0,68.0160346376376,1.32076900628522,15120.0698171804,1.07351315071964,1927174.0,128.234095559822,19.3453568005874,3.74027873968454,0.6632555
LVA,Latvia,2019,41.5,68.066323694246,3.37100266711483,15328.3859933295,1.18938805075522,1913822.0,125.29163170793,19.5988527886207,4.31638188410186,0.6780506
LVA,Latvia,2020,43.8,68.1211222872228,2.81413557812427,14900.7295718866,1.27458711674516,1900449.0,123.88319804656,20.3341837659978,2.39332693904262,0.726286
LVA,Latvia,2021,44.0,68.1808791463693,9.77936027100744,16070.1680032322,1.16511975350878,1884490.0,136.796615414819,21.0918306682746,3.29734326527044,0.8069842
LVA,Latvia,2022,,68.2570218109034,3.20337891789771,16421.3748596,,1879383.0,159.892778190649,20.581400181885,9.69246570259344,0.7798656
LVA,Latvia,2023,,68.3586316343061,3.94830779361871,16229.3844520245,,1883710.0,135.642989154266,20.1348662975065,10.6724737437668,0.8394628
LVA,Latvia,2024,,68.4839492628509,3.44085977034145,16376.2565245797,,1866124.0,131.309582395769,18.5433460399478,2.78829342003959,0.6201402
LVA,Latvia,2025,,68.6325719753517,0.501253304600754,16892.3660713745,,1847785.0,129.724453873327,18.6846081421571,3.62410340812581,
MAC,"Macao SAR, China",2010,5.5,100.0,12.8496394988665,74195.0577762344,0.000905336110860392,537000.0,119.938411439898,4.80806668554439,4.80735692156269,0.3473009
MAC,"Macao SAR, China",2011,6.4,100.0,4.76089394778049,88168.9713699088,0.000918692177244038,549600.0,122.886868700544,4.16026426410164,7.48533481266914,0.3423726
MAC,"Macao SAR, China",2012,11.1,100.0,8.25528889419514,93192.885853941,0.000637773144866662,567900.0,123.711349167944,4.03466730800993,6.94550140547257,0.3418523
MAC,"Macao SAR, China",2013,16.6,100.0,7.32083901346214,99054.4980289716,0.0005215709086089,591900.0,121.375076167887,3.71772120246942,7.74264351573144,0.7532928
MAC,"Macao SAR, China",2014,11.4,100.0,4.41326860101837,92383.8434915276,0.000707754579992928,621700.0,118.580835443557,5.03673043303847,8.7271700640861,1.1417297
MAC,"Macao SAR, China",2015,5.4,100.0,1.08257865214181,69902.9605741233,0.000676701941454292,642900.0,119.250436813256,7.71438683122985,4.53106554850895,1.1400764
MAC,"Macao SAR, China",2016,5.4,100.0,4.13475853837245,68391.3415491921,0.000766339291005204,652500.0,112.890232741859,6.6362167139086,0.888319208423269,1.3130313
MAC,"Macao SAR, China",2017,3.9,100.0,3.38191416637271,75650.1261840452,0.000816577243915305,648400.0,115.454662557842,5.0054002635725,2.15867273829333,1.3135357
MAC,"Macao SAR, China",2018,8.4,100.0,3.12603183085927,79178.6506290559,0.000378495372010862,658900.0,116.568676845013,4.09915340392799,3.55161780123106,1.1477542
MAC,"Macao SAR, China",2019,8.4,100.0,11.7748789603391,75724.6078280261,0.000345302748769397,672000.0,115.23129893555,4.21771801864083,2.40193626774135,1.1488191
MAC,"Macao SAR, China",2020,11.0,100.0,-24.5780080658474,33853.7761550109,0.00092361911978552,685400.0,123.43437444297,8.50646649898002,-0.260126126770089,1.0596983
MAC,"Macao SAR, China",2021,13.6,100.0,18.372810695022,41634.2386139903,0.000724556273813068,682500.0,171.31597082054,7.77031573024087,-0.844444812034638,0.9688675
MAC,"Macao SAR, China",2022,11.0,100.0,13.3808225043823,34000.7134128308,,677300.0,170.368049338506,9.27782751417487,1.16185333991999,0.9728177
MAC,"Macao SAR, China",2023,,100.0,2.50808598999395,59474.3964251614,,678800.0,145.874467252327,5.43429807775942,4.37730030836568,0.9734599
MAC,"Macao SAR, China",2024,,100.0,3.82364491952989,63377.2932129214,,687000.0,142.07943455076,4.69388268437469,0.195824921934658,1.053872
MAC,"Macao SAR, China",2025,,100.0,,66444.076973858,,685900.0,139.140512869582,,0.458920159293186,
MAF,St. Martin (French part),2010,,100.0,,,,36856.0,,,,
MAF,St. Martin (French part),2011,,100.0,,,0.0,37069.0,,,,
MAF,St. Martin (French part),2012,,100.0,,,,37276.0,,,,
MAF,St. Martin (French part),2013,,100.0,,,,37419.0,,,,
MAF,St. Martin (French part),2014,,100.0,,,0.0,37450.0,,,,
MAF,St. Martin (French part),2015,,100.0,,,,37369.0,,,,
MAF,St. Martin (French part),2016,,100.0,,,,37175.0,,,,
MAF,St. Martin (French part),2017,,100.0,,,,36837.0,,,,
MAF,St. Martin (French part),2018,,100.0,,,,36012.0,,,,
MAF,St. Martin (French part),2019,,100.0,,,,34267.0,,,,
MAF,St. Martin (French part),2020,,100.0,,,,31786.0,,,,
MAF,St. Martin (French part),2021,,100.0,,,,29961.0,,,,
MAF,St. Martin (French part),2022,,100.0,,,,28870.0,,,,
MAF,St. Martin (French part),2023,,100.0,,,,27515.0,,,,
MAF,St. Martin (French part),2024,,100.0,,,,26129.0,,,,
MAF,St. Martin (French part),2025,,100.0,,,,24941.0,,,,
MAR,Morocco,2010,13.9,58.3287516486646,1.2299824583835,2767.04223632813,5.52351711568337,32467016.0,69.541979610144,23.7119126900355,0.647501047462967,-0.440469399999999
MAR,Morocco,2011,11.8,58.902576690412,2.29046840496639,2879.53930664063,7.44006663292583,32912588.0,76.8258714906247,24.5065191885483,-0.598844907171141,-0.5060194
MAR,Morocco,2012,10.9,59.4348555979895,2.65758712641507,2927.45043945313,6.48582252084039,33355241.0,78.2221018956072,24.2659773507632,0.533172461926384,-0.5760215
MAR,Morocco,2013,11.6,59.9083499302469,2.9038626404404,3008.185546875,4.55138703939471,33787571.0,73.8577565315318,24.1531288845084,1.26026248256035,-0.6954656
MAR,Morocco,2014,11.1,60.3030486171654,2.95925435484489,3051.458984375,3.52679771804417,34204780.0,71.8935667539398,25.8132675090419,0.215437762428678,-0.4094598
MAR,Morocco,2015,11.2,60.6417124737154,2.94611108390154,3146.24780273438,2.61402225287558,34607588.0,67.2886759253849,25.6226817262287,3.17293530967125,-0.4546654
MAR,Morocco,2016,11.1,60.9657656537179,1.93000540251056,3124.42504882813,2.89821223160529,35023457.0,71.1226603816864,25.685104578574,0.969883868049919,-0.4710854
MAR,Morocco,2017,10.4,61.2761057031842,2.26092196120538,3242.64428710938,3.29989896331367,35446392.0,74.1733578786573,25.405454806575,-0.0608910142931904,-0.5065227
MAR,Morocco,2018,10.9,61.5695822753314,2.78337936840164,3304.7119140625,2.41389789515822,35839760.0,77.2548875243989,25.2413538068182,0.939181637531973,-0.426450799999999
MAR,Morocco,2019,10.7,61.8430450233765,1.33479789567415,3364.73950195313,0.321780512925498,36210898.0,75.9981158798422,25.2499524130611,0.816805456485284,-0.390399499999999
MAR,Morocco,2020,11.1,62.0933436005366,1.16907334587558,3090.89428710938,0.296128236742874,36584208.0,68.8438033904364,26.0436433872433,0.142417962079094,-0.409449199999999
MAR,Morocco,2021,10.9,62.3173276600289,1.59422321445366,3309.130859375,0.391702933228196,36954442.0,75.5234171756506,25.9539090511005,2.41520355664963,-0.4686437
MAR,Morocco,2022,,62.5118468550703,1.74814323662076,3334.91162109375,,37329064.0,100.906310201651,26.0855513037114,2.60335130813709,-0.492008
MAR,Morocco,2023,,62.673750838878,0.725864122672683,3421.21704101563,,37712505.0,93.1178844179777,25.3229740167851,7.05168019026993,-0.534977199999999
MAR,Morocco,2024,,62.7998124018197,1.08850441035779,3516.15405273438,,38081173.0,92.1872446062404,25.6379794827026,3.96532013121269,-0.4408003
MAR,Morocco,2025,,63.1278612260269,1.81954513887835,3643.8095703125,,38430770.0,93.1016567989424,25.245138579595,2.1002671293874,
MCO,Monaco,2010,,100.0,,141814.720026733,0.0,33163.0,,12.9223473621814,1.06946196046083,0.9409444
MCO,Monaco,2011,,100.0,,148272.642343465,0.0,33946.0,,12.8252023227104,0.948018995559892,0.9310959
MCO,Monaco,2012,,100.0,,146472.609057682,0.0,34711.0,,13.0162423374648,1.16156649694202,0.9300563
MCO,Monaco,2013,,100.0,,157167.901201149,0.0,35447.0,,13.9971636952998,0.778354745078474,0.9268798
MCO,Monaco,2014,,100.0,,165288.122704322,0.0,36128.0,,12.62918561389,0.58684116777053,0.9378524
MCO,Monaco,2015,,100.0,,170437.021128628,0.0,36757.0,,17.5917398696515,1.13341345923507,1.2059066
MCO,Monaco,2016,,100.0,,173120.108465128,0.0,37276.0,,18.2559909686468,0.516331732930951,1.2026488
MCO,Monaco,2017,,100.0,,165781.701248644,0.0,37678.0,,12.801953584793,0.587452398663714,1.5452189
MCO,Monaco,2018,,100.0,,173041.679774743,0.0,38154.0,,13.1470370674776,1.1147767446366,1.5480267
MCO,Monaco,2019,,100.0,,185582.66851648,0.0,38109.0,,13.0361610188765,1.20921163106718,1.5488694
MCO,Monaco,2020,,100.0,,161262.850134167,0.0,38050.0,,14.8961444474613,2.97930407095748,1.2062355
MCO,Monaco,2021,,100.0,,194674.686164262,0.0,38527.0,,12.5457762416163,1.22173013647281,1.2044193
MCO,Monaco,2022,,100.0,,214359.505134575,,38931.0,,12.2757894484929,3.01745777692324,1.3786309
MCO,Monaco,2023,,100.0,,225884.077199125,,38956.0,,11.5023778642456,4.99251887813831,1.3791391
MCO,Monaco,2024,,100.0,,247170.10380708,,38631.0,,12.7969646852807,2.38664843637963,1.2387076
MCO,Monaco,2025,,100.0,,,,38341.0,,,,
MDA,Moldova,2010,20.0,39.2804946899414,4.25879212676733,2269.51116145996,0.13247898619691,2862354.0,87.9378518951573,20.4338917212317,33.3049320977984,-0.0745102
MDA,Moldova,2011,20.4,39.3469161987305,4.43147611475958,2402.94446306051,0.168687807572078,2860699.0,98.6175965326556,20.9107204171007,8.19079859862242,0.1492997
MDA,Moldova,2012,22.1,39.3614196777344,2.88432657387508,2389.08666147529,0.168529747001159,2860324.0,96.3064098336294,21.3145109050194,7.42422201997522,0.1385944
MDA,Moldova,2013,23.8,39.4275512695312,2.54698521289676,2605.85029986142,0.282675631947635,2859558.0,95.6872968332383,21.6032575380958,3.92385122182326,0.1501042
MDA,Moldova,2014,24.3,39.6298484802246,3.67896919655633,2737.80185056647,0.305194557556724,2857815.0,94.2282919690928,21.1263772009346,5.14320721702923,-0.0788413999999999
MDA,Moldova,2015,24.7,39.6954040527344,2.89663554883048,2749.55137054338,0.329718543865743,2835978.0,88.9664154565323,21.1076657265026,11.5743149591168,-0.1714471
MDA,Moldova,2016,25.3,39.7373237609863,1.09561343852844,2910.95486872376,0.268595627765572,2803186.0,89.0046837188671,21.1944646085144,3.5508738308871,-0.1842961
MDA,Moldova,2017,26.1,39.9736557006836,1.5715119911375,3085.33305844263,0.260534449680804,2755189.0,88.6233902754378,21.0188767695091,6.25246649143298,-0.181840299999999
MDA,Moldova,2018,25.3,40.3258094787598,2.75177990255296,3267.9961042872,0.262039473546905,2707203.0,87.4467874275648,22.1479763600006,3.21103213223728,-0.2383059
MDA,Moldova,2019,22.0,40.772289276123,4.44218297010915,3438.67732670712,0.249756859922812,2664224.0,87.6322371148906,21.9233489252916,5.35171200346649,-0.1474608
MDA,Moldova,2020,22.3,41.3368530273438,1.35047634241375,3188.91691602699,0.245939852669041,2635130.0,79.265722119158,23.1345230028419,5.57500940096507,-0.149089399999999
MDA,Moldova,2021,21.4,41.8115425109863,2.8200678267721,3688.16729442144,0.235942049452034,2595809.0,88.4708865399267,20.6312606801817,6.38172855134019,-0.0451684
MDA,Moldova,2022,,42.4048843383789,4.03446735088075,3610.14315344719,,2528654.0,112.117671579766,19.0908218110745,18.9149687443032,-0.2465629
MDA,Moldova,2023,,43.0011825561523,2.15951089914844,3758.3688194082,,2457783.0,93.9946211488052,17.687867818777,9.29076127122789,-0.2678685
MDA,Moldova,2024,,43.516471862793,2.51754698286646,3855.56940382925,,2402306.0,88.8924378793564,16.8013404052018,6.42522609005312,-0.3449915
MDA,Moldova,2025,,43.7336240404545,2.25785505605625,4018.62792468597,,2360527.0,92.6661727857921,16.9167315870193,6.55912179798143,
MDG,Madagascar,2010,86.7,27.8651684949103,9.13867133828111,447.417143030687,5.80844502636667,22183340.0,57.8748945101807,18.0075205568584,10.2185410293303,-1.1657418
MDG,Madagascar,2011,84.5,28.1336807024963,7.05979214971634,441.755158414121,5.89544167157359,22822300.0,56.4830925951893,17.8532728101343,10.3861871358875,-0.8035247
MDG,Madagascar,2012,83.3,28.3988032871081,7.03680533355538,442.641500123543,6.69129717051904,23462438.0,52.6517140811255,17.2760843242701,5.46617486333369,-0.6903891
MDG,Madagascar,2013,81.4,28.6604637105393,4.55464531104897,440.674658903628,6.77436297702956,24109290.0,56.3675817900932,17.9096138237139,5.4523024549118,-0.6021042
MDG,Madagascar,2014,82.2,28.9185894345838,2.97751123297568,443.343869908205,7.17890334828133,24764348.0,61.9694322111234,19.2497828687657,6.7317708095171,-0.5624437
MDG,Madagascar,2015,83.9,29.1731079210354,2.89727727453157,445.320069480568,8.60993537983163,25426702.0,61.2203788365078,18.950884731327,6.5037166915161,-0.526357699999999
MDG,Madagascar,2016,83.8,29.4239466316878,4.56460803171494,451.15659433146,8.77277190379424,26099952.0,60.8346984831423,19.4099444668858,8.96008072992041,-0.4661162
MDG,Madagascar,2017,81.9,29.671033028335,3.52797151000056,456.851859574031,7.63973631390415,26788375.0,65.3434015072915,20.1123576645922,4.96153975601543,-0.535016199999999
MDG,Madagascar,2018,84.2,29.9181125346909,4.44792798727992,459.330367799543,5.16989441363436,27494926.0,67.8415046683582,21.4819574714216,8.29799331094843,-0.7625617
MDG,Madagascar,2019,82.5,30.3046972370204,3.36279830994653,467.27741349648,4.7078522848274,28219554.0,62.6013230457128,22.445497353094,6.52209064077279,-0.529453
MDG,Madagascar,2020,84.7,30.7019474167548,2.74657132350245,422.924255422319,5.65950524677075,28953556.0,49.0107073650291,19.4661871057193,4.3111451366789,-0.574674
MDG,Madagascar,2021,83.6,31.1137123216036,2.49072338064723,431.599103077746,5.5311886434036,29691083.0,55.2158585927485,22.2500946222266,6.26959795954944,-0.4612648
MDG,Madagascar,2022,83.1,31.5397813465886,3.04942783216552,438.438112102315,,30437261.0,70.4708546790091,22.5011585296043,9.76418471622551,-0.525026099999999
MDG,Madagascar,2023,,31.9799438860946,3.23953789790907,445.874102052267,,31195932.0,62.7622147594312,23.1235899500024,8.44812492297986,-0.840940199999999
MDG,Madagascar,2024,,32.4339893339844,3.44577112659577,453.957809653992,,31964956.0,57.5370213293734,22.9199286228503,7.43308181880128,-0.4805584
MDG,Madagascar,2025,,32.9017070836898,,456.509679348005,,32740678.0,54.2413796011714,23.9027967877335,8.3772121989095,
MDV,Maldives,2010,1.4,36.7646137762553,8.36376433060736,8569.52494600725,0.00896594439349319,360792.0,,9.43175580619357,3.34374741403529,-0.1410869
MDV,Maldives,2011,1.3,37.1274623517731,15.2659407539778,9005.81391375104,0.00907113430846529,373674.0,,10.0744819854785,12.3486557934904,-0.2839227
MDV,Maldives,2012,1.2,37.475963433544,7.89895747225905,8907.66134868182,0.00753577980631292,386818.0,,9.79079162730297,6.91053781151081,-0.3264349
MDV,Maldives,2013,1.3,37.8257075155926,10.9503892160384,9213.32791442475,0.0053091845265809,400070.0,,8.05840306592254,6.73490900673994,-0.0388545999999999
MDV,Maldives,2014,1.2,38.1938859868107,9.01659145068896,9612.07861806739,0.00517496156762446,413617.0,165.97925116043,8.4139107553832,4.12563673010196,0.4805132
MDV,Maldives,2015,1.5,38.5771510715291,7.21577938190819,9644.90655028145,0.00586919819938419,428154.0,143.720506661302,10.7232266023621,7.43047518664453,0.0821002
MDV,Maldives,2016,1.2,38.9560872317815,10.3547618700189,9909.07669723415,0.00663326999058831,443308.0,144.380212278942,11.2741492757581,0.404430736497403,0.079118
MDV,Maldives,2017,1.3,39.32787719143,9.50514529202919,10263.2991147672,0.00525091904016801,458287.0,141.912110574952,11.4251984593511,2.12460923464606,-0.0431782999999999
MDV,Maldives,2018,1.3,39.6923354428279,10.6517647807373,10793.8941325367,0.00258396462676911,473099.0,142.491128546618,13.0536487046675,3.37644254214553,-0.135999999999999
MDV,Maldives,2019,1.3,40.0492764783282,16.7834728448357,11194.9253748064,0.00274890529404401,487731.0,137.125230875185,11.9425437773352,-0.963356983637439,-0.0811059
MDV,Maldives,2020,1.6,40.3985147902839,11.8706880719155,7295.60220956454,0.00502406983438185,502118.0,114.361902904327,12.5605139140038,-3.36532461650745,0.2036825
MDV,Maldives,2021,1.4,40.7398648710483,12.238665987932,9759.2219360708,0.00370182242347212,516154.0,142.607296696261,9.19229759630424,2.82866184194621,0.4430279
MDV,Maldives,2022,1.2,41.0641769690663,11.8454662775286,10939.9963271738,,524106.0,162.243432933656,9.9186172924346,3.41301393037079,0.2721525
MDV,Maldives,2023,,41.5096832933973,11.5818458756845,11439.5364342871,,525994.0,149.349976177434,9.64044735636074,2.13856376038547,0.0832571999999999
MDV,Maldives,2024,,41.9982152717385,11.416720004027,11798.791369146,,527799.0,156.473955741011,9.19750766656193,3.0695514150128,-0.0544563
MDV,Maldives,2025,,42.5061567995467,,12498.9542918516,,529676.0,,9.33032179524073,3.29183805331181,
MEA,"Middle East, North Africa, Afghanistan & Pakistan",2010,7.59280845232692,51.496551443161,2.14796205713481,4856.62716897561,23.2616634282872,624828664.0,75.9740400647511,44.9325673523958,10.8459974219042,
MEA,"Middle East, North Africa, Afghanistan & Pakistan",2011,7.43634228145233,51.8428269722488,1.46269577748915,4930.78647700097,28.6883385808746,639053870.0,78.2225231237926,48.045468010695,13.803912112799,
MEA,"Middle East, North Africa, Afghanistan & Pakistan",2012,7.19138786591317,52.3441905145837,1.45846566805328,5027.92406494544,27.9722165991377,653273442.0,79.8059152236108,48.116058923776,5.27748484955148,
MEA,"Middle East, North Africa, Afghanistan & Pakistan",2013,7.23035612797874,52.9394246896376,1.26940131001304,5037.81336990196,26.5941874205047,667464006.0,78.8425781479977,46.5645708509515,2.0692344092821,
MEA,"Middle East, North Africa, Afghanistan & Pakistan",2014,7.07122180407551,53.3224917392575,0.844500982919682,5091.0962863676,24.0221485145939,680716578.0,76.8005490635889,44.2401739903947,1.3297387508826,
MEA,"Middle East, North Africa, Afghanistan & Pakistan",2015,7.08007314623562,53.6392632351358,1.07733685832241,5130.25978607342,14.1952533937408,694232973.0,72.2907785951083,36.2729671834735,1.73934880196404,
MEA,"Middle East, North Africa, Afghanistan & Pakistan",2016,7.10925108984167,53.9026375690062,1.85774849346994,5264.32028463837,11.9080411313566,707023525.0,68.0044137925242,34.3755883671842,0.856688224051865,
MEA,"Middle East, North Africa, Afghanistan & Pakistan",2017,7.14927454903901,54.0927613956461,2.56871247376233,5284.96625263466,14.9475669636723,718887744.0,70.8332724780908,36.1771453502844,4.69875433897779,
MEA,"Middle East, North Africa, Afghanistan & Pakistan",2018,7.30858693459966,54.2444653262483,3.52258904934468,5326.92749664004,20.2250120801649,730362334.0,73.0683551775496,39.1853205539293,6.16467836389162,
MEA,"Middle East, North Africa, Afghanistan & Pakistan",2019,7.59670819188084,54.4404080887212,2.24875239574263,5321.15148636731,17.4914993157691,742714463.0,71.365230706302,37.5497507611423,1.90408243415214,
MEA,"Middle East, North Africa, Afghanistan & Pakistan",2020,7.54675702757893,54.6812240122644,2.45089798656797,5038.99715364181,11.7095975320266,756405281.0,67.1468231229496,32.8999368319283,0.580719548070135,
MEA,"Middle East, North Africa, Afghanistan & Pakistan",2021,,54.8188568175474,4.08253417547133,5215.44015006661,17.3492014076328,767578451.0,70.9546601141757,37.9454374267112,12.1410502759484,
MEA,"Middle East, North Africa, Afghanistan & Pakistan",2022,,55.12536380356,2.45077025414921,5446.99294793607,,782349366.0,78.0406746623736,43.2074367884685,12.5978571520875,
MEA,"Middle East, North Africa, Afghanistan & Pakistan",2023,,55.4304551226559,2.68547522118135,5463.85312225795,,797801454.0,77.2958898928231,39.731280969872,2.29568951844166,
MEA,"Middle East, North Africa, Afghanistan & Pakistan",2024,,55.6954503331851,3.81585968248961,5485.38728777077,,813173936.0,61.0598278907482,37.9958154918031,4.10303845280858,
MEA,"Middle East, North Africa, Afghanistan & Pakistan",2025,,55.9556552886396,2.57533719358913,5534.87366579572,,828025185.0,57.2254672936052,35.8642076146277,2.1963135243482,
MEX,Mexico,2010,9.4,76.5244441414713,2.76223720236461,9389.06722076504,4.9517973655552,113623895.0,59.2733845336286,32.5394870488458,4.3729644012068,-0.8229063
MEX,Mexico,2011,9.1,76.5667802279537,1.9442261568419,9575.93437734618,7.12685649981166,115243504.0,62.1623872764498,33.823102211647,5.66963368639802,-0.7251572
MEX,Mexico,2012,9.0,76.6585199140734,1.45258915061197,9782.51776251839,6.64761771453207,116818208.0,64.2579318938989,34.0963424850396,4.54221493127187,-0.8010179
MEX,Mexico,2013,9.2,76.7955768077952,3.83670268116194,9738.71059661101,5.63992841356242,118343573.0,62.6916747661852,32.1682751220869,1.70388281395313,-0.804453299999999
MEX,Mexico,2014,9.8,76.9741367091766,2.08415748539387,9862.4812534745,4.74356172979305,119784261.0,64.0984090315875,31.9175541245121,4.3683689015276,-0.959658599999999
MEX,Mexico,2015,9.2,77.1903854182753,2.98783786611186,10021.2386113616,2.18360553071428,121072306.0,70.4129746799259,30.8402536108172,3.22542891110768,-0.892263399999999
MEX,Mexico,2016,9.2,77.4405087351486,3.49768027047347,10100.5021195819,1.97524669608099,122251351.0,75.6903034088551,30.6167913885108,6.07758784214809,-0.833912099999999
MEX,Mexico,2017,10.1,77.7206924598541,2.78307493364523,10193.7727188313,2.36148896456378,123400057.0,76.95212604414,31.958684665724,6.56759491106902,-1.0455954
MEX,Mexico,2018,10.3,78.0271223924494,3.0141785043816,10296.8690940459,2.8911069990433,124573711.0,80.212661650262,32.043865451756,5.2044999746979,-0.927316799999999
MEX,Mexico,2019,10.3,78.355984332992,2.29651449559824,10159.4448367696,2.09126302062882,125762982.0,77.4619722509459,31.8382961469653,4.31901023627729,-0.8974274
MEX,Mexico,2020,12.3,78.677960602824,2.81400875229273,9234.64362226594,1.55983378352436,126799054.0,76.8545557151738,30.9999803863186,4.6197901253924,-0.7772933
MEX,Mexico,2021,13.0,78.9324007418057,2.70530313479407,9728.05680024504,3.64307338835023,127648148.0,83.0692976264524,31.9695289911386,4.48797274268482,-0.736204699999999
MEX,Mexico,2022,,79.199683215791,2.67267286267437,10013.2479227064,,128613117.0,88.7984855897261,33.1638305146891,6.66664946787341,-0.5890439
MEX,Mexico,2023,,79.4734935748046,1.7099038174861,10234.6840265651,,129739759.0,73.7390758255664,32.4707165626052,4.67637404757288,-0.5984727
MEX,Mexico,2024,,79.7538805976118,2.48429388161511,10284.0336925726,,130861007.0,75.4259015415068,30.988479521483,3.74662735889912,-0.7154541
MEX,Mexico,2025,,80.0408930629723,2.35098180233848,10256.6867661121,,131946900.0,79.9239525815655,30.5634109273061,4.63095802337195,
MHL,Marshall Islands,2010,13.7,73.4115658761809,-5.80799077083683,3441.31888402121,0.0,52044.0,144.804965859714,14.622905027933,0.955505038419616,1.3502698
MHL,Marshall Islands,2011,12.3,73.8553711172585,-2.5425891687052,3433.06297801838,0.0,51907.0,153.240162507255,13.5373766686013,7.49236624469398,1.5682717
MHL,Marshall Islands,2012,12.0,74.2705132518924,11.8283407902975,3420.91444796671,0.0,51419.0,157.517100166021,13.3474266740454,6.2465252080586,1.5672321
MHL,Marshall Islands,2013,12.4,74.6790601806083,17.4614535003172,3602.92811901896,0.0,50681.0,161.91974248927,13.8843347639485,-0.630564720016054,1.5640556
MHL,Marshall Islands,2014,12.2,75.0790555372177,4.86434681611556,3620.77275283155,0.0,49796.0,149.853494623656,14.5738172043011,1.05832196696491,1.5750282
MHL,Marshall Islands,2015,11.7,75.4702568207363,-2.9361124111434,3764.34426229508,0.0,48800.0,138.489820359281,11.298856831791,-3.06451612903226,1.1425008
MHL,Marshall Islands,2016,12.1,75.8524215301796,-1.51429506881848,3946.8444109078,0.0,47709.0,116.326362735382,15.2969772051536,7.16941051513543,0.8824277
MHL,Marshall Islands,2017,12.0,76.2253071645634,2.73069605974974,4190.93468589482,0.0,46529.0,125.145250350959,13.0123069723912,2.25841782928005,1.1385207
MHL,Marshall Islands,2018,12.0,76.5886712229035,4.43275061931595,4542.34293916308,0.0,45285.0,128.482272727273,12.1986818181818,-2.40704270817953,1.14243
MHL,Marshall Islands,2019,12.1,76.9422712042154,2.21765571320359,5162.81500670348,0.0,44007.0,153.007728638901,14.4171747531129,-4.15426936619718,1.1508696
MHL,Marshall Islands,2020,12.0,77.285864607515,1.25933048526425,5172.57528216176,0.0,42706.0,107.825971877585,13.3453680727874,6.78233643895216,1.0394581
MHL,Marshall Islands,2021,12.1,77.6163157431143,0.191172075059349,5455.31704015278,0.0,41367.0,120.056192355466,11.195790932284,5.75824038734594,1.004613
MHL,Marshall Islands,2022,12.2,77.9855966195187,-3.02876794027796,5591.46393193103,,40077.0,128.337974710453,9.59066339161305,-0.266663488511512,1.2819745
MHL,Marshall Islands,2023,,78.3593928884282,3.46562701866571,5460.11795915213,,38827.0,118.181818181818,11.6729924242424,7.85813849279103,1.2823827
MHL,Marshall Islands,2024,,78.7325660244112,4.68730725530449,5832.53435602429,,37548.0,118.245614035088,13.4123859649123,4.50394354503945,1.2772187
MHL,Marshall Islands,2025,,79.105503091452,,6173.86031641034,,36282.0,115.909090909091,,5.65789473684211,
MIC,Middle income,2010,22.6342653302965,47.0403033483919,2.9802930013466,3738.48355881277,7.19354214809631,5158880800.0,52.1255969627647,36.3467185855678,6.96532412446513,
MIC,Middle income,2011,21.6951261636734,48.0047713767066,2.97549146007881,3930.18409635282,8.73690107562524,5224254229.0,54.0000316898373,37.2503037529844,7.8072052366428,
MIC,Middle income,2012,21.5565386983821,48.6253515790537,2.56559819023917,4099.73864141949,6.80806138220404,5291702846.0,53.2745720819533,37.0251447983736,4.78556981066754,
MIC,Middle income,2013,21.5276571634814,49.3147227686173,2.61854709644511,4276.70136715966,5.65919145238013,5359014668.0,51.9151583785186,36.4097985001123,3.62129566799582,
MIC,Middle income,2014,21.5009500348231,49.9726953069028,2.31747684435309,4441.95318528448,4.69527956096053,5425923034.0,50.3358181754801,35.7844122889624,3.31556301874551,
MIC,Middle income,2015,21.533134520195,50.6857478753473,2.33337015113316,4597.60474958281,2.59103075738033,5490559951.0,46.6285407470635,34.4462356027528,2.81102859290078,
MIC,Middle income,2016,21.7581991859733,51.3297823323889,1.99007185470435,4758.47326248274,2.36686066074065,5553928978.0,44.4639809714772,33.6757499012011,2.84037402832229,
MIC,Middle income,2017,21.8466187128767,51.9320485360666,1.79961635466644,4954.25658592079,2.94790958261844,5616970904.0,45.83238971325,34.046248892979,4.05525987632337,
MIC,Middle income,2018,21.9723469245979,52.5468329848241,1.96045809891173,5143.80804206815,3.62426514558495,5677402468.0,47.9992304684682,34.732847011424,3.68365056524665,
MIC,Middle income,2019,22.4899574267419,53.1016369485035,1.69591190704355,5300.45479347584,3.05364859107311,5735139879.0,46.1634221530883,33.7397818389031,2.9272184326425,
MIC,Middle income,2020,23.3730029547735,53.543730448338,1.73400211226688,5189.15700851441,2.11734051104035,5789502859.0,43.4244387758133,33.338738053538,2.64017995388106,
MIC,Middle income,2021,,54.0812947662006,2.03967663163433,5529.07594077267,3.98553729025669,5838421323.0,48.5808482414615,34.975320243703,6.05975657609514,
MIC,Middle income,2022,,54.4326887515123,1.57747191201898,5707.56983867332,,5882746344.0,52.1324902381454,35.1305852985099,8.18832104943676,
MIC,Middle income,2023,,54.7420083291234,1.04284132320752,5930.65300014784,,5927622764.0,48.5426145637276,33.8908741604218,5.45199791428508,
MIC,Middle income,2024,,55.0660835467752,1.14924044674151,6143.92793992414,,5975818672.0,48.8661070059471,33.2017737524032,4.59496391958463,
MIC,Middle income,2025,,55.413010423551,1.06566616800138,6370.17472169135,,6024194822.0,48.5199870997703,32.4022070169383,3.6858730432759,
MKD,North Macedonia,2010,22.3,58.1206815541291,3.20438209801498,4582.36517512347,1.48054751512056,1946298.0,97.8810691156562,21.0422688522191,2.04128302301487,-0.453181499999999
MKD,North Macedonia,2011,18.6,58.2409503926967,4.83981702288781,4711.13027870081,1.31901217415565,1937398.0,113.19191013947,21.5924220032487,3.72217234010574,-0.679646499999999
MKD,North Macedonia,2012,18.3,58.3924217811729,3.46744163927686,4708.05168535923,1.17381157835713,1929821.0,112.214834702155,21.0808587045723,1.00299826672435,-0.399539
MKD,North Macedonia,2013,21.2,58.578694432799,3.72036775399161,4863.68088666968,1.1286016514686,1922716.0,104.857229956305,22.1404647622691,4.48329315377931,-0.4044213
MKD,North Macedonia,2014,21.2,58.8033670608162,0.535807905351314,5053.75001236367,1.18602847424584,1917557.0,112.537928969299,22.822578658191,1.44696785759902,0.2261526
MKD,North Macedonia,2015,23.9,59.0700383784659,2.94702779153329,5262.68671928674,0.935040215942746,1912430.0,113.698443879103,23.9221832208017,2.00342084578241,-0.2204312
MKD,North Macedonia,2016,21.4,59.3823070989891,5.14755489783813,5429.94678358359,0.866322047138143,1906313.0,116.185408418026,23.9630460915105,3.46525285653088,-0.3424451
MKD,North Macedonia,2017,19.0,59.7437719356273,3.36726558000357,5510.81862920922,0.804308286542463,1898657.0,124.13728389629,24.2589458765972,2.80702703539038,-0.249481799999999
MKD,North Macedonia,2018,20.9,60.1580316016216,5.11494867914756,5698.39334484489,0.424659195176793,1889051.0,133.215207648008,24.0504298826712,3.92615528936682,-0.1184433
MKD,North Macedonia,2019,17.0,60.6286848102132,4.35892493383855,5961.58475399191,0.146172211539348,1876262.0,138.576231840539,23.7034834116039,0.86816868476069,0.0391432
MKD,North Macedonia,2020,20.0,61.1593302746435,0.0622421869397704,5743.72649424581,0.144963330218282,1856124.0,128.241244322257,22.7433958881186,1.37428071825137,0.0891281999999999
MKD,North Macedonia,2021,19.5,61.6841975628139,4.97315294989199,6064.92315120022,0.136921063560563,1837114.0,146.721411484074,22.5805920939893,4.28552531461972,0.0908151
MKD,North Macedonia,2022,,61.9530566607267,6.13067578989693,6250.62720952063,,1831712.0,166.147357379878,23.0244680694634,8.87368732523663,0.3218511
MKD,North Macedonia,2023,,62.2518322545779,4.04601094449743,6423.99221393369,,1827816.0,147.79425348309,24.0124323129383,7.88239994188258,0.2173102
MKD,North Macedonia,2024,,62.5645376928533,6.23445071550033,6628.84686594032,,1824359.0,136.324876175556,24.0675864525462,3.67239415798031,0.1558087
MKD,North Macedonia,2025,,62.8909857826036,3.53789593592464,6872.99649733602,,1820909.0,133.043033840548,24.0946500230386,4.62817432449685,
MLI,Mali,2010,84.0,23.1359461824894,2.92612695497784,821.181286586904,7.66975245102324,15945198.0,48.8166953656891,23.7762389658198,4.20663260033768,-0.130322
MLI,Mali,2011,83.6,23.6379674039304,3.60372353520623,818.399030997125,8.91011559605289,16469049.0,43.1814699134793,23.9979253886532,12.485597880222,-0.7719954
MLI,Mali,2012,81.2,24.1606168848588,2.6890124945952,786.323471337187,12.1110881558093,16957033.0,49.4252356224725,23.4100351455807,4.85459786800335,-1.9634653
MLI,Mali,2013,84.8,24.7033626854883,1.95552894418838,788.819448208696,8.51315574828752,17459615.0,54.603243985999,22.6884096462692,-0.317559104646421,-1.6463052
MLI,Mali,2014,84.6,25.2656728660325,0.844265987939144,813.97566128646,7.24892090404468,18020267.0,51.0786821873053,24.0582958026283,1.82208435035417,-1.59000419999999
MLI,Mali,2015,81.2,25.847015486705,1.7680955706499,838.11986940103,7.42711000514874,18593022.0,53.5751760102265,22.3555320283093,2.81854906621635,-1.5535933
MLI,Mali,2016,77.9,26.4468586077195,2.129006916198,860.75307554569,8.99083015150657,19191289.0,53.6126193604252,21.8908239361417,1.60005889699406,-1.5338819
MLI,Mali,2017,77.0,27.0646702892896,3.0627942747803,878.561348378099,7.81614668872422,19813011.0,49.4919984941972,22.1743386291663,1.67388511022737,-1.71864139999999
MLI,Mali,2018,77.2,27.6999185916288,2.29426079238045,892.978322787306,7.74269774600288,20442030.0,50.6998462523276,23.2080317204235,1.47979493736443,-1.87828559999999
MLI,Mali,2019,74.9,28.3520715749509,4.19531107984596,909.751069706998,7.85842877214771,21068405.0,53.9987132798636,23.0829741121544,1.00124513666175,-2.05500729999999
MLI,Mali,2020,72.8,29.0205972994693,2.5936673302322,872.389426815267,9.46967710138959,21713836.0,56.0415474422019,26.7389536942111,0.473313578214004,-2.0594968
MLI,Mali,2021,71.2,29.7049638253978,2.78245724174957,872.332509422409,18.4178821970492,22388630.0,56.7150525565465,25.7140408570411,3.83078832100674,-2.3319481
MLI,Mali,2022,71.1,30.4015705681899,3.17422530916772,877.817842434642,,23072640.0,61.5613274861987,25.8229787953173,6.30157800308615,-2.4680844
MLI,Mali,2023,,31.0031889023235,2.83542408045107,892.689219532429,,23769127.0,57.6291572269296,26.8809778070534,2.0382877043731,-2.5578431
MLI,Mali,2024,,31.6075621182225,3.44170555566452,910.300376300627,,24478595.0,49.7664846904175,24.4493818887214,2.8071329943578,-2.49096199999999
MLI,Mali,2025,,32.2127137183989,,933.797527588101,,25198821.0,48.7722026619492,23.3512381781375,2.11795252198942,
MLT,Malta,2010,1.2,94.2412435620154,101.626394392913,20750.6382477568,0.0,414508.0,178.232954637612,17.4446150932217,2.76562470872177,1.2175773
MLT,Malta,2011,2.0,94.3155916422812,79.748918912388,20867.9213022084,0.0,416268.0,192.02734125861,16.4455468006443,1.48263343132071,1.0020842
MLT,Malta,2012,2.7,94.3626256493653,34.5864948714194,21529.3882643778,0.0,420028.0,199.213864790311,15.0753249163309,2.16063836145139,1.0126603
MLT,Malta,2013,3.2,94.3906567856206,4.72416532328184,22626.4876843887,0.0,424810.0,187.432252396507,14.5596009832726,2.25515064392079,0.9719428
MLT,Malta,2014,4.5,94.412512773898,1.31122424310897,23866.0555833557,0.0,433481.0,181.301126701735,13.0760491486843,2.27079151833954,1.0486158
MLT,Malta,2015,6.0,94.4387696268011,32.1027480550593,25529.6693210673,0.0,444220.0,207.196020605057,12.089414407002,4.20061778303513,0.9507103
MLT,Malta,2016,9.2,94.4800033569336,23.0840309905395,25969.4999809345,0.0,454505.0,213.35947198583,12.2788371002364,2.12536920875499,0.9368787
MLT,Malta,2017,7.3,94.5691806330314,299.824774271215,28546.6464943104,0.0,467106.0,213.047591305197,11.4557593900339,2.13572793737509,1.082828
MLT,Malta,2018,7.6,94.7242373261706,452.220863014151,29536.7913868949,0.0,483903.0,228.098551105175,11.5164037845642,1.79830463597945,1.1121321
MLT,Malta,2019,7.4,94.9332032524644,198.199646841408,29522.6480165028,0.0,503912.0,233.070440941958,12.0663260696716,2.50605980096239,0.9193493
MLT,Malta,2020,9.2,95.1841082280263,191.921868144409,27861.80732148,0.0,515490.0,242.361190373928,12.2128635063165,1.93606292720301,0.9914658
MLT,Malta,2021,8.6,95.5145343617045,433.606839879867,31419.5031714693,0.0,518150.0,220.072294790099,11.4526696919379,2.46807412821946,0.9318346
MLT,Malta,2022,,95.6003155132879,114.989519881534,31447.3917315418,,531113.0,244.581535518883,11.2878653084827,5.08689483963084,0.9316852
MLT,Malta,2023,,95.6272277147965,108.735270770721,33429.8172092336,,552747.0,221.133296375593,11.0677282459092,5.16394498940494,0.9382841
MLT,Malta,2024,,95.6546264490509,170.053519530959,34501.7892727094,,568847.0,217.730272683658,10.5680585390311,4.10303845280858,0.8049169
MLT,Malta,2025,,95.6805856649593,,35196.832938458,,579704.0,219.014371043081,10.0784466904285,2.17818752378423,
MMR,Myanmar,2010,84.6,29.1415329218024,1.81897202342465,854.932478016035,7.98804207462158,49024382.0,,26.4680642743774,7.04321189366061,-1.0884224
MMR,Myanmar,2011,83.8,29.2724765136213,4.20127651183029,895.512538750361,7.3614633514873,49419820.0,,31.2916488307023,10.2545766682247,-1.084601
MMR,Myanmar,2012,78.1,29.3956289363345,2.22540068514517,953.123081923425,5.95623957618071,49837446.0,,32.3730207966326,3.13009695263828,-1.05965779999999
MMR,Myanmar,2013,75.6,29.5103946237239,3.74085607932619,1024.69060473254,5.85283366421301,50262658.0,,32.3622196006021,4.37807084310651,-1.2724274
MMR,Myanmar,2014,72.0,29.6164342116462,3.31904421407388,1099.24387750099,7.88242876018736,50681634.0,,34.4897147952325,3.91022519271547,-1.1507422
MMR,Myanmar,2015,70.0,29.7166821191682,6.85124098710894,1166.73305546337,6.61317909325215,51089056.0,,34.4688212621502,4.13669673912931,-1.123947
MMR,Myanmar,2016,68.8,29.8129165582094,5.17880132517466,1225.37913970989,6.8108721648708,51495696.0,,34.8095048832944,3.61567809530786,-1.01961219999999
MMR,Myanmar,2017,59.5,29.9051727703437,7.27335555212816,1290.5640902569,7.82010371696471,51894938.0,,36.8009211203558,5.8734089465466,-1.24136
MMR,Myanmar,2018,59.4,29.993574050729,2.60563229851106,1361.5683126412,6.70278022169487,52272247.0,,36.9634615021809,5.34109463991011,-1.29787299999999
MMR,Myanmar,2019,58.5,30.0782436945232,2.31211211194364,1440.98988236734,5.88188183004994,52640713.0,,38.4126110918443,5.42293300468495,-1.3625611
MMR,Myanmar,2020,59.2,30.1593049968842,2.41393222885654,1301.31386350667,4.66301426840348,53016522.0,,37.5439155484288,5.34411000806585,-1.5318775
MMR,Myanmar,2021,62.9,30.2368812529698,3.11492561696787,1136.9956605414,8.6785038087485,53387102.0,,37.3108899934826,19.517209372101,-2.09394989999999
MMR,Myanmar,2022,,30.311095757938,1.98946076080719,1174.76697945755,,53756787.0,,38.2471357653023,6.16371648905898,-2.2412758
MMR,Myanmar,2023,,30.3820718069466,2.27715131661601,1177.76649645563,,54133798.0,,37.5929250362669,10.7876664463339,-2.2086828
MMR,Myanmar,2024,,30.4499084074136,1.47879223317634,1158.47928097728,,54500091.0,,36.2,12.0402384080935,-2.0903985
MMR,Myanmar,2025,,30.5836915476767,,1127.91745429427,,54850648.0,,36.2,12.5210646259832,
MNA,"Middle East, North Africa, Afghanistan & Pakistan (excluding high income)",2010,11.2058888704594,48.6902296244778,1.72764796595186,2860.92140660337,18.6773939754386,577396038.0,55.1926352107095,39.3797393460578,10.3477544460432,
MNA,"Middle East, North Africa, Afghanistan & Pakistan (excluding high income)",2011,11.0708127254411,49.0044547569398,0.967579261904284,2791.2438124294,21.2154293657827,589646039.0,53.6210169396975,40.248259903306,14.0369663096383,
MNA,"Middle East, North Africa, Afghanistan & Pakistan (excluding high income)",2012,11.0420215371111,49.4690950778976,1.18809437198188,2833.14222876831,20.430828209165,601566988.0,53.7902463882684,40.0087587050147,6.64184348566307,
MNA,"Middle East, North Africa, Afghanistan & Pakistan (excluding high income)",2013,11.1442150564461,50.0190261281607,0.94386568622713,2810.83533998643,19.3215961683845,613151287.0,53.5205479974748,38.6136535724567,5.28057845831723,
MNA,"Middle East, North Africa, Afghanistan & Pakistan (excluding high income)",2014,11.0400705993001,50.3756426552581,0.522833689088923,2825.61617270762,17.5869459473258,624564062.0,51.0175092414005,36.2456333927728,3.58595847076866,
MNA,"Middle East, North Africa, Afghanistan & Pakistan (excluding high income)",2015,11.2870521999878,50.6192148296493,0.635246927438416,2808.6233441937,10.3435891511487,635352686.0,46.8158395636334,30.7180658926241,2.44756300147404,
MNA,"Middle East, North Africa, Afghanistan & Pakistan (excluding high income)",2016,11.1503064832308,50.8273618824722,0.911723909521192,2916.70744518601,9.00506350527857,645837915.0,43.2297330579095,29.7760074839003,0.922232751710013,
MNA,"Middle East, North Africa, Afghanistan & Pakistan (excluding high income)",2017,10.9413685116146,51.0212891329828,1.07275847678474,2965.75725456964,12.305474728087,656767614.0,48.1154433116357,31.4777247276939,4.02974599325579,
MNA,"Middle East, North Africa, Afghanistan & Pakistan (excluding high income)",2018,10.9619732223084,51.2278326304516,0.964204110046182,2975.07985684262,18.1892326269397,668447432.0,54.4511655444978,32.937358782397,5.52248710107466,
MNA,"Middle East, North Africa, Afghanistan & Pakistan (excluding high income)",2019,11.4865470725413,51.461592912125,0.960126108446024,2963.20718256898,15.2232510699132,680490997.0,51.6201392609727,32.3095510722456,4.17567264236536,
MNA,"Middle East, North Africa, Afghanistan & Pakistan (excluding high income)",2020,11.2181326344417,51.6896857274925,0.765535715286531,2835.4044930412,9.77634963778942,692532027.0,44.4596178295708,28.8443914500663,6.17693409749245,
MNA,"Middle East, North Africa, Afghanistan & Pakistan (excluding high income)",2021,,51.9157887433595,0.633552005895235,2908.15343616643,16.1160371395331,704458802.0,49.3831362501559,32.995271328823,10.2673420806694,
MNA,"Middle East, North Africa, Afghanistan & Pakistan (excluding high income)",2022,,52.1693289932022,0.862311535696566,2982.78335555639,,716508657.0,57.6424669457763,36.9688425388935,13.9370112392938,
MNA,"Middle East, North Africa, Afghanistan & Pakistan (excluding high income)",2023,,52.4233912654293,0.715500475279587,3016.25210020449,,729077445.0,56.1774153986252,34.7506474227906,2.92366213121669,
MNA,"Middle East, North Africa, Afghanistan & Pakistan (excluding high income)",2024,,52.6418305162983,2.40196683279821,3032.00524250795,,741690916.0,56.0097175246672,33.3852989336648,8.50939917382847,
MNA,"Middle East, North Africa, Afghanistan & Pakistan (excluding high income)",2025,,52.8628681640079,,3042.41316868445,,753903407.0,56.5007572334311,32.017287580934,3.9964786317297,
MNE,Montenegro,2010,49.1,64.3069625751293,18.3288877062171,5917.91510729977,1.13777818472308,619428.0,98.8684992495822,17.1885067406217,1.82373659504221,0.5091882
MNE,Montenegro,2011,42.8,64.4210914835811,12.3507044573445,6110.65726880215,1.44368759270254,620345.0,106.752728264703,15.1880842120516,0.342477045376484,0.502446
MNE,Montenegro,2012,45.9,64.5244008658951,15.1805619585204,5948.37632539014,0.935069599243676,621418.0,108.779987603414,14.8926108798408,0.374220028793729,0.6136633
MNE,Montenegro,2013,49.3,64.6252987959653,10.0960470508044,6138.24865275199,0.672962195676965,622587.0,103.785966371179,15.5405922471564,1.61820491601587,0.5891056
MNE,Montenegro,2014,46.0,64.7232143772459,10.8522505113394,6272.08821761355,0.781260837765096,623744.0,100.438431458711,14.3320646687925,1.13546644044401,0.3043294
MNE,Montenegro,2015,43.0,64.8181652937171,17.4489134239704,6421.00005731419,0.731313641257514,624651.0,104.12510886943,14.4315421692779,2.28621254436099,0.2272366
MNE,Montenegro,2016,43.9,64.9101692293409,5.2026187262712,6634.38197201003,0.837536371542947,625353.0,104.135954584294,15.5802198596652,5.27643333909262,0.2828464
MNE,Montenegro,2017,37.8,64.9992438680584,11.6708896898026,6840.90834101224,1.33941998042343,625982.0,106.711366689116,14.8316847329192,4.65729032085737,0.0506422
MNE,Montenegro,2018,40.6,65.0854068937869,8.93817743395497,7159.46778433252,0.837441665171651,626438.0,111.098935509174,16.1079670855784,3.30394789225497,0.131692
MNE,Montenegro,2019,38.7,65.1686759904159,7.61521877220221,7470.29237568568,0.616491593549262,626753.0,110.0161238696,16.435437285219,1.98448658135133,0.1956009
MNE,Montenegro,2020,39.6,65.2490688418027,11.2142250451191,6351.95187949313,0.723002993565649,626590.0,87.8612027134909,17.6118147973713,-0.460545438758615,0.0295754
MNE,Montenegro,2021,39.6,65.3266031317675,11.9139900701323,7198.3012265441,0.637197671980386,625053.0,105.719249175045,14.8673370361287,5.07252156296406,-0.0332398999999999
MNE,Montenegro,2022,,65.4012965440866,13.93925448378,7773.59958791074,,623591.0,125.455937754994,13.4328345905852,12.0678020712969,0.0236518
MNE,Montenegro,2023,,65.4731667624849,6.88011329539607,8278.02461006262,,623529.0,116.806669538329,12.7498868945047,11.6812783259558,0.262079
MNE,Montenegro,2024,,65.5422314706266,7.24450579243955,8540.00427762252,,623525.0,109.944104480975,12.1791547564628,4.82717608409683,0.3318563
MNE,Montenegro,2025,,65.6085083521036,7.32378193243735,8779.9654133509,,623129.0,105.773801433894,11.2531998803863,4.02839721641351,
MNG,Mongolia,2010,4.5,67.8298018313254,23.5263365544641,2611.67326563924,35.907762365776,2738622.0,103.350031656557,33.1942474892146,39.1781879703741,0.6671331
MNG,Mongolia,2011,4.0,67.9196058798676,43.9121127615061,3010.81642672623,42.2166543859938,2786317.0,126.999228633482,31.3337485626924,15.1192654880847,0.5645353
MNG,Mongolia,2012,3.0,67.9522782537785,34.7559826095308,3318.16496597089,22.2729540576189,2839705.0,109.588564338415,30.7715931133163,12.7843788573595,0.604855
MNG,Mongolia,2013,3.0,67.9776750055915,16.3700755246398,3628.90708069575,18.6702255850788,2899011.0,100.311989662943,30.5068923847448,2.90784833783545,0.643466
MNG,Mongolia,2014,3.3,67.9941357229626,2.7625883357052,3830.35892049593,16.08653421855,2963113.0,109.322311877187,31.4976232744188,7.44883659506563,0.887271
MNG,Mongolia,2015,3.5,67.9999999906095,0.811709460633853,3838.92126989984,9.87899879376714,3026864.0,89.653663477814,31.5158775834209,0.609769217723354,0.7608377
MNG,Mongolia,2016,3.4,67.9776754820979,-37.1726532341221,3817.91962716702,10.050012393618,3088856.0,101.055237224997,33.1780715301999,2.99312676057677,0.7157785
MNG,Mongolia,2017,1.8,67.9260583223672,13.0160280600797,3956.2049437134,17.0883999734036,3148917.0,115.932901867963,37.4184116118863,10.8004464117482,0.716039
MNG,Mongolia,2018,2.1,67.8683444833372,14.8088797144773,4183.85566447661,19.8676151919941,3208189.0,126.355873241513,37.975670332755,7.96061586470999,0.7490657
MNG,Mongolia,2019,2.3,67.8277299551557,17.1989395200126,4337.8167085432,14.7739570464507,3267673.0,124.396514621165,38.0926977643653,9.97221325666415,0.7382926
MNG,Mongolia,2020,2.9,68.0894771770775,12.9130799939653,4066.03410882791,13.4736928829141,3327204.0,112.838647629317,37.0496708511527,3.70672176955705,0.7498288
MNG,Mongolia,2021,3.0,69.2153244018555,14.217731942267,4063.53669849245,33.1372162654312,3383741.0,119.098078437771,37.0755721187771,14.4200654807454,0.7338327
MNG,Mongolia,2022,,69.783805847168,14.6053065112102,4205.88554513551,,3433748.0,136.327929944516,35.3122175669446,17.7147124177501,0.6315013
MNG,Mongolia,2023,,70.4464492797852,11.0581069914836,4456.53627552726,,3481145.0,142.864246599181,39.5354090088486,21.7690280161027,0.6432601
MNG,Mongolia,2024,,70.9566040039062,11.6924984371367,4626.79609644243,,3524788.0,138.448379141249,38.1408816723984,8.93116519976853,0.4203821
MNG,Mongolia,2025,,71.1450719126123,,4882.24175477532,,3568978.0,130.707440813275,37.2499276108469,4.35531630814927,
MNP,Northern Mariana Islands,2010,0.0,90.9488180328106,,16293.3059496259,0.0,54091.0,92.6157697121402,,-0.880503144654085,
MNP,Northern Mariana Islands,2011,0.0,91.0253367901352,,15226.1308805108,0.0,53608.0,105.075445816187,,-1.48648648648648,
MNP,Northern Mariana Islands,2012,0.0,91.1011927559234,,15457.4258192247,0.0,53234.0,114.879356568365,,1.50891632373114,
MNP,Northern Mariana Islands,2013,0.0,91.1764941872129,,16015.0349164338,0.0,52758.0,120.077720207254,,0.783289817232372,
MNP,Northern Mariana Islands,2014,0.0,91.2512344351276,,16869.5270385638,0.0,52178.0,119.831730769231,,3.450335683769,
MNP,Northern Mariana Islands,2015,0.0,91.3254068507915,,17665.1007493109,0.0,51514.0,122.747252747253,,5.79545454545456,
MNP,Northern Mariana Islands,2016,0.0,91.3990047853283,,23158.5744988538,0.0,50773.0,152.845528455285,,4.60693153000844,
MNP,Northern Mariana Islands,2017,0.0,91.4720215898621,,28989.3470221339,0.0,49959.0,131.410256410256,,2.97029702970298,
MNP,Northern Mariana Islands,2018,0.0,91.5444506155168,,23756.6075820248,0.0,49077.0,108.762490392006,,3.59586881110062,
MNP,Northern Mariana Islands,2019,0.0,91.6162852134162,,21451.4401636511,0.0,48129.0,104.749787955895,,2.33769881156505,
MNP,Northern Mariana Islands,2020,0.3,91.6908367362908,,15410.1186923944,,47528.0,78.9838337182448,,3.54088108157822,
MNP,Northern Mariana Islands,2021,0.5,91.7842137303802,,16365.016735395,,46979.0,78.8840262582057,,0.545723837893178,
MNP,Northern Mariana Islands,2022,0.5,91.8785788645608,,19461.8611129744,,46078.0,93.1569343065693,,2.80318995750133,
MNP,Northern Mariana Islands,2023,,91.9754112887573,,,,45143.0,,,,
MNP,Northern Mariana Islands,2024,,92.0747260922394,,,,44278.0,,,,
MNP,Northern Mariana Islands,2025,,92.1765383642716,,,,43541.0,,,,
MOZ,Mozambique,2010,84.9,30.9861779822921,11.0275561357338,494.162859074785,10.2684840762505,22999235.0,73.8373532681892,16.8681862980766,7.64522798725267,-0.0221082999999999
MOZ,Mozambique,2011,85.4,31.2062230032794,25.0623636819297,514.869957191994,11.3709466025082,23649039.0,84.4062119333019,16.5093372512898,2.34836229044998,-0.0890489999999999
MOZ,Mozambique,2012,84.5,31.4315251735105,33.767102801243,540.2945177803,11.9192598207508,24337846.0,105.934588060511,16.8740038772507,3.17523457430677,0.0409192
MOZ,Mozambique,2013,83.1,31.6619153976179,38.9428653441902,559.393953685688,11.6325534065914,25051611.0,109.38537659913,16.4457246085988,2.60123626905104,-0.495572499999999
MOZ,Mozambique,2014,81.2,31.8972245802342,27.8047100445849,585.266716133984,11.9039028509476,25788475.0,116.356855242217,17.4884683555603,1.0858708962558,-0.6196453
MOZ,Mozambique,2015,80.1,32.1372836259918,23.8654900431928,610.563774706589,12.2160721685778,26547572.0,98.7612036510901,18.6152107018236,7.05995033545015,-0.6842917
MOZ,Mozambique,2016,77.4,32.3819234395234,25.9187724637849,620.779714954555,16.3133886142564,27337105.0,110.394358201481,20.5669830121929,12.1608912915425,-1.2808563
MOZ,Mozambique,2017,78.2,32.6274411492675,17.4831119319856,618.397694360334,18.0510410834352,28166393.0,105.745640702087,23.6070708049686,7.97801240165271,-1.06530219999999
MOZ,Mozambique,2018,79.0,32.9902559073541,11.1741431838994,621.153734194787,16.3975888133586,29018644.0,124.607457525372,25.3339200589579,3.7951186149991,-0.798038799999999
MOZ,Mozambique,2019,77.5,33.4177241517032,21.7841914901932,617.13932000195,12.6767242973038,29884380.0,105.591171401921,23.8882628185244,4.67764534705535,-0.8295224
MOZ,Mozambique,2020,80.2,33.9044006416285,22.3944370320025,591.804059985932,11.8639361284365,30783688.0,99.906146051979,21.7539907155538,3.17166106815796,-1.34575129999999
MOZ,Mozambique,2021,76.9,34.4499259401554,32.7522138534006,588.215854695416,14.9074768559672,31707800.0,112.078964458333,21.9411773134421,4.5505652081862,-1.2675269
MOZ,Mozambique,2022,,35.0536638047945,16.0036980555879,596.086630918965,,32656246.0,135.274535098995,23.2454561696458,9.15060357156561,-1.3208653
MOZ,Mozambique,2023,,35.7149783148407,12.8228717557759,610.591041611538,,33635160.0,106.026083626657,21.5320629009049,5.09636214860694,-1.41840379999999
MOZ,Mozambique,2024,,36.4332337447237,15.4210115464394,605.763481416969,,34631766.0,95.6303976635291,21.9239967009316,6.46415276155608,-1.7581974
MOZ,Mozambique,2025,,37.2077944927189,,585.682593109736,,35631653.0,97.1038097628682,22.0819970354913,-1.02387118549639,
MRT,Mauritania,2010,34.0,45.9541923109942,2.31890567703789,1463.84763242531,33.2699514566613,3390965.0,93.4207451334608,38.1929057291098,22.3431687302328,-0.815385999999999
MRT,Mauritania,2011,33.3,47.1350407023691,8.70335489423716,1476.23923867862,30.8504418081025,3502811.0,98.485329604158,44.1079037874106,17.5477655754745,-1.0034248
MRT,Mauritania,2012,31.9,48.2732447351525,20.6013054045892,1492.69966692583,21.4879263870309,3619034.0,110.788122743421,37.4741781305192,0.455837170404166,-1.0990669
MRT,Mauritania,2013,35.1,49.3553973225913,15.5726715114413,1506.66419033006,16.9330193063232,3734318.0,102.398824183169,38.6097701177997,4.4879682733707,-1.1394547
MRT,Mauritania,2014,31.0,50.4694791226856,7.59717456790627,1524.45340969502,13.1805355570468,3848514.0,91.610371363604,28.4373706611028,-11.8763231031193,-0.7612141
MRT,Mauritania,2015,28.3,51.6680350049622,8.11553090859633,1558.84205473416,6.19132704450206,3965959.0,77.3467864944966,22.7465105988095,-4.79390857827042,-0.776510199999999
MRT,Mauritania,2016,31.7,52.9185627319946,4.23125852970927,1531.87725661699,8.04558334879584,4086657.0,73.1532616736712,25.2197600424352,11.2101297508573,-0.9065538
MRT,Mauritania,2017,25.5,54.1970448502004,8.6344151052245,1580.01453100123,9.09659277147784,4210600.0,78.8149801833884,23.7456292323677,1.58393832604489,-0.7637873
MRT,Mauritania,2018,21.6,55.1305077000081,10.3390200831278,1606.91539159026,2.808310001036,4337685.0,89.1467294935148,23.6350387192204,4.55445734309518,-0.748524899999999
MRT,Mauritania,2019,21.2,56.0596215779146,-11.1917343784634,1609.15396170643,2.61191416207025,4467708.0,93.4866941351317,28.5984350915107,5.32804482668664,-0.645438
MRT,Mauritania,2020,20.9,56.9836701058893,11.2330815268832,1557.19511875153,2.43870903966116,4600131.0,86.7761681322741,33.6465387739026,6.44087329235201,-0.6263455
MRT,Mauritania,2021,22.1,57.901535141641,11.6066300912418,1524.11753502309,11.4487520863931,4734874.0,88.3068737571235,32.0818928944898,7.46487310663349,-0.5222228
MRT,Mauritania,2022,19.6,58.8120996197226,14.6574727742887,1580.70391528747,,4875637.0,102.025899125696,29.1375503330515,-0.612361651187214,-0.2992865
MRT,Mauritania,2023,,59.7142464747058,7.9377630355791,1638.99221583023,,5022441.0,92.1654445146742,30.9364727932156,3.80594627587931,-0.504269499999999
MRT,Mauritania,2024,,60.6068586411829,13.2389288029166,1692.84166088843,,5169395.0,93.5988355881472,30.5052071100395,3.85657660323908,-0.5595872
MRT,Mauritania,2025,,61.4888190537696,,1712.77993129076,,5315065.0,94.0242632380265,29.7459307557783,3.37517823324632,
MUS,Mauritius,2010,12.8,40.3046131827718,4.23808594970717,8100.95282599507,0.0974197638212974,1250400.0,111.508202075575,22.1595330116331,1.03189655076208,0.502475
MUS,Mauritius,2011,12.0,40.1665923228716,3.71075064331171,8423.28220250903,0.11394942379722,1252404.0,115.552473002804,21.3051130600799,3.0667541936696,0.4718019
MUS,Mauritius,2012,11.4,40.0369511615085,4.97804411127418,8694.84560747968,0.0967703151522881,1255882.0,117.447639083027,20.6501837940607,2.47060103460083,1.0701031
MUS,Mauritius,2013,11.4,39.9108848558771,2.35929777878695,8968.51243536773,0.0778091714247043,1258927.0,136.552117959236,20.0954005013634,3.84005596982213,1.0531756
MUS,Mauritius,2014,10.6,39.7887571971735,3.44327494440095,9297.64820128968,0.0835433781723541,1261208.0,135.099064765426,19.4849175221344,2.18235402099076,0.8096197
MUS,Mauritius,2015,11.5,39.6709610617726,1.77973545308924,9630.5437837507,0.0279823507404004,1262879.0,133.135069083677,18.9486991254014,1.46746416785813,1.0248107
MUS,Mauritius,2016,10.3,39.5578893260494,2.96891288123063,9997.89198315532,0.0271234375700913,1263747.0,126.310008998042,18.3463010991725,2.3699653211859,1.0313567
MUS,Mauritius,2017,9.4,39.4499348663789,3.45396863043017,10383.8832682578,0.00339252211144264,1264887.0,126.964059884888,17.5282666855876,1.65974275699521,1.0144918
MUS,Mauritius,2018,9.2,39.3474905591359,3.078791712383,10805.4615213739,0.00240720178247387,1265577.0,123.538984386544,17.3385214007782,1.73625196240066,0.8991856
MUS,Mauritius,2019,8.9,39.2509492806955,3.03223371830849,11111.3423669526,0.00235978741871314,1265985.0,127.940899064133,16.6696822824233,-0.496769397142671,0.9291254
MUS,Mauritius,2020,9.4,39.1607039074325,1.94246862517576,9533.5982796049,0.00262996135685098,1266014.0,121.12522550435,16.4140798213984,2.09333262333983,0.928832
MUS,Mauritius,2021,8.6,39.077147315722,2.24180552669211,9849.34891121846,0.00271526913227865,1266334.0,135.19300461461,18.0229822432452,3.03342215219872,0.9264413
MUS,Mauritius,2022,,39.0000125885784,4.21993412406582,10703.2364271462,,1262523.0,147.663795034012,18.0660918735828,8.87607935854923,0.8607357
MUS,Mauritius,2023,,39.0039901092226,5.39963130399295,11330.7335655767,,1248647.0,147.321392128852,17.8391234046561,6.44739938659238,0.8348296
MUS,Mauritius,2024,,39.0162147027917,4.56067539257877,11918.8045212095,,1245779.0,145.419812647383,17.793162134291,3.71155377373304,0.7903521
MUS,Mauritius,2025,,39.0369663368524,,12314.5801796066,,1243741.0,139.942681072644,17.6863874275104,3.91692747038965,
MWI,Malawi,2010,81.2,15.4776969380518,0.957814621345542,508.088650552846,6.02572508561474,14826463.0,,17.9317288193438,12.12722206117,-0.0357653
MWI,Malawi,2011,80.2,15.5523153908723,6.97752227761724,517.833736624232,5.97687719996186,15265022.0,,18.1661996680566,13.9902377432015,-0.1906666
MWI,Malawi,2012,80.2,15.6253133040464,-0.101285426070357,512.74031797451,8.95123535585595,15709577.0,,17.7185220797601,17.6397644741841,-0.0861299
MWI,Malawi,2013,79.8,15.6966173464742,5.61985138978348,525.357645516557,10.1501360274794,16161816.0,,17.4239449035616,27.0462909977494,-0.203203
MWI,Malawi,2014,82.8,15.766154187056,6.79541385727369,539.562601918057,9.61846301856776,16621538.0,,17.2649267145494,20.9692813058877,-0.0287147
MWI,Malawi,2015,81.0,15.8338504946918,3.12107477506801,539.605363240686,8.89901041042248,17085587.0,,17.556172133103,19.814669261198,-0.0522558
MWI,Malawi,2016,78.9,15.899632938282,1.46272973143861,538.221990810959,10.9739875833904,17557739.0,,17.655842210407,20.2926829285911,-0.2578002
MWI,Malawi,2017,76.9,15.9634281867266,1.0085487596618,544.795729220349,7.00371862797528,18039715.0,45.3003137160008,17.747962478614,10.5769245148986,-0.313000899999999
MWI,Malawi,2018,73.2,16.0221486554255,0.779538295941585,553.528790902088,5.20814805353589,18528081.0,43.578773489,18.3907940135861,6.15234698561271,-0.3896791
MWI,Malawi,2019,70.9,16.1383746619001,0.499715595789277,569.866249371948,4.24376277062568,19025752.0,44.1954524635798,18.4990069222553,7.72855642393151,-0.2824512
MWI,Malawi,2020,71.5,16.2961471756409,2.14268264715469,559.447086086067,4.09928170325885,19533888.0,41.0323429397328,19.0817402966585,6.21829711958308,-0.0766165999999999
MWI,Malawi,2021,71.1,16.4881925800694,1.04617739110529,569.968967322435,4.22250421289741,20047258.0,44.5957618170542,18.4239731099779,8.15296842929594,-0.102843499999999
MWI,Malawi,2022,62.9,16.7146031979436,1.5988861608404,560.635759714941,,20568728.0,43.616624856781,16.9073435383995,17.1668303930955,-0.166924
MWI,Malawi,2023,,16.9748746665356,1.60106112476406,557.03523965791,,21104482.0,42.4376683990967,19.2940863985344,29.0332878003869,-0.242439899999999
MWI,Malawi,2024,,17.268503531213,2.28053083149593,551.95152347056,,21655286.0,41.9038196485235,17.0754631156175,24.6442279905903,-0.3802084
MWI,Malawi,2025,,17.5949868386317,,548.160446261232,,22216120.0,39.3994694717291,14.3043619954185,30.3678355701829,
MYS,Malaysia,2010,2.0,70.8625314831025,4.26864663854031,8118.92270511981,9.61503786168569,28655776.0,157.944764886771,40.4989323548818,7.26684593389439,0.1752999
MYS,Malaysia,2011,2.2,71.4245166681964,5.07446032143377,8400.32248683558,9.94490616865965,29162039.0,154.937684607226,39.8242687277964,5.41240809007968,0.0582972
MYS,Malaysia,2012,2.5,71.9680127926087,2.82905738174529,8710.52671359902,9.20599203286687,29662831.0,147.841754766013,40.1350010090069,0.999932303470885,-0.0196796999999999
MYS,Malaysia,2013,2.8,72.4882717118078,3.49431175959971,8964.80724896203,8.46715106760802,30174265.0,142.720991464873,39.8853736547897,0.17447448132144,-0.0428372
MYS,Malaysia,2014,3.0,72.9802206910773,3.14122940365348,9341.73055971278,8.64507399532146,30696137.0,138.312231176843,39.9244244845871,2.46746678366378,0.0879800999999999
MYS,Malaysia,2015,3.4,73.4387869957006,3.27094402931735,9648.6797937523,6.5709120658644,31232798.0,131.37007244526,38.4497222119902,1.21805573355338,0.0447869
MYS,Malaysia,2016,4.4,73.8588978909614,4.47130958598651,9901.47960179812,5.20040474859063,31789685.0,126.8990100257,37.6832749440922,1.65825996642414,-0.0158376
MYS,Malaysia,2017,5.2,74.2354806421432,2.9358203805856,10293.7629205362,6.23600042741287,32355644.0,133.155173371956,38.114672270307,3.77896094306453,-0.011848
MYS,Malaysia,2018,5.3,74.5634625145296,2.31458721219734,10610.1950240479,7.32744449685636,32910967.0,130.402625502126,38.2914253580498,0.624674674586643,0.1769644
MYS,Malaysia,2019,5.7,74.8377707734042,2.50697705748044,10902.9834855856,6.19635932474839,33440596.0,123.028562027943,37.4765336887335,0.0718269093121364,0.1608892
MYS,Malaysia,2020,7.0,75.0511895575672,1.20275464255821,10171.4657842762,4.54156531962687,33889558.0,116.788182437638,35.9347266201835,-0.818007729183023,0.1400704
MYS,Malaysia,2021,7.5,75.5088628191907,5.41626377085161,10388.2667120857,6.92196634868479,34282399.0,134.035994690727,37.6826861838931,5.67593848764116,0.196108
MYS,Malaysia,2022,,75.9741357073003,3.68486215546291,11191.6511756943,,34695493.0,146.424604753908,38.974240550053,6.29629950333799,0.2483001
MYS,Malaysia,2023,,76.4434752105739,1.97990062716743,11445.3925275079,,35126298.0,132.593461641599,37.5648573322214,-1.84898373559957,0.2281849
MYS,Malaysia,2024,,76.9170296648992,3.6930953933026,11883.79127749,,35557673.0,137.362571161559,36.9733732564335,0.7901575555276,0.3847799
MYS,Malaysia,2025,,77.3948812296229,,12352.373269671,,35977838.0,136.39642032295,35.6674182927323,-0.44975265089235,
NAC,North America,2010,8.88269795903184,80.7342788376108,1.76319350572181,51671.5125292842,1.0807309570406,343447854.0,30.9654034876524,20.0171962754902,2.23622200255707,
NAC,North America,2011,9.86206424776275,80.739712124815,1.73326553692261,52118.7246769571,1.37459428856555,346242415.0,33.5593425741008,20.2321490363162,2.06310947777173,
NAC,North America,2012,10.0055359347168,80.7337652170105,1.65717532036903,52849.308994613,0.843776816453255,349116140.0,33.419952886509,19.9466944163919,1.86216492571909,
NAC,North America,2013,10.3906457230113,80.7164808734964,1.89611850797281,53554.2762571962,0.845534093625808,351870848.0,32.7126044055607,19.9580765786682,1.7018803654167,
NAC,North America,2014,10.4893842157596,80.6863203799841,1.62730297941993,54473.0949224699,0.794544625540549,354755155.0,32.8641757557362,20.0260991027518,1.94205145924376,
NAC,North America,2015,10.3923884465868,80.6417223720746,2.87678428258018,55534.4614029189,0.242018655002578,357583083.0,30.9872768987244,18.9825894886052,0.928042796992059,
NAC,North America,2016,10.724670511025,80.5816899364942,2.50010535657332,56048.8982873869,0.339519884431947,360527592.0,29.788965160778,18.3590995893655,0.950322474901654,
NAC,North America,2017,11.2091690751112,80.5059159293977,1.90842056623001,57026.2780816387,0.487062735879934,363217262.0,30.3815241361135,18.772563408249,1.79080328683713,
NAC,North America,2018,11.3114262085469,80.4126136678733,1.14973130739756,58314.2046320345,0.688154719590633,365666028.0,30.8037677802852,19.0102461361462,1.65097171958317,
NAC,North America,2019,11.5807525012806,80.2981427760977,1.56682231123928,59425.2842320485,0.659942877573157,367908829.0,29.6820125642233,18.6089869169709,1.65046566880433,
NAC,North America,2020,12.4628823400948,80.2018987822716,0.723442037330777,57774.414970072,0.394973652013192,369671124.0,26.4003671798299,17.6414791113009,1.07072837279907,
NAC,North America,2021,,80.2350390902744,2.08964793422109,61198.2512363301,1.56769066645961,370404678.0,28.40765855321,18.2023147272778,4.56297282631857,
NAC,North America,2022,,80.2779687115812,1.65467522070292,62404.6210602795,,373011185.0,30.3426534884109,,7.11250293584871,
NAC,North America,2023,,80.3357102611225,1.35255278370539,63532.0076871763,,376868838.0,28.5011567254601,,3.70021403026367,
NAC,North America,2024,,80.4068310718763,1.14078421615314,64506.5636066642,,381330762.0,28.4572777615195,,2.73223601603696,
NAC,North America,2025,,80.4869628398688,1.41903161263591,65507.5461256891,,383501065.0,,,2.67707699014898,
NAM,Namibia,2010,31.2,41.7946176561991,2.51525326747705,4165.12990200988,2.39089689019764,2109811.0,108.072477173606,27.429068418358,3.72589849891101,0.7872857
NAM,Namibia,2011,31.6,42.6276075621535,6.41681322346953,4302.72451368462,2.071941381811,2146325.0,102.189147754138,29.3288911804647,3.81487636243496,0.7152049
NAM,Namibia,2012,31.9,43.3804079185694,7.98613044962652,4420.96741373862,1.73059224032469,2194654.0,100.2134087743,29.9807546724013,11.2603084734349,0.843349
NAM,Namibia,2013,30.7,44.1106769079132,6.45232765797467,4549.26759093897,1.17402632983259,2252508.0,97.7249042303832,26.5483435015895,4.03979089350075,0.8788275
NAM,Namibia,2014,30.2,44.8214248210559,3.58316691192793,4701.95694189098,1.64153563776896,2312139.0,103.080137009254,26.630102972046,8.23489179866652,0.6369054
NAM,Namibia,2015,29.3,45.5103554445325,7.40068055968424,4774.10650865775,1.8752743624842,2374300.0,97.2390317873478,27.5636536225028,3.86457435077661,0.7175058
NAM,Namibia,2016,29.2,46.1751725648784,3.34570437311555,4648.62713460213,2.60379046438201,2439213.0,93.966187960162,27.5134032744188,7.96867201225912,0.6657313
NAM,Namibia,2017,30.2,46.8135799686288,2.17505730200543,4476.73324402105,3.35579400030648,2506853.0,81.2196661011436,26.0770180870695,9.91903698902131,0.6294292
NAM,Namibia,2018,30.9,47.4232814423189,1.71299808328534,4400.47537705743,1.26282912430688,2577327.0,81.7138652963804,26.869904619845,4.42848894081101,0.6942559
NAM,Namibia,2019,30.2,48.0019807724839,-1.40710628631611,4243.09274481966,1.43731396410693,2650494.0,82.9011507426355,27.0505811124767,0.926315844160413,0.5859149
NAM,Namibia,2020,31.2,48.547381745659,-1.41889955275348,3787.49943973286,1.93029383948291,2728762.0,76.9252424036465,25.8187349480714,4.63153061468802,0.5126308
NAM,Namibia,2021,30.0,49.0571881483796,6.77514897706551,3809.80753359714,4.03058059383138,2810548.0,83.5443030923624,24.4475967861445,1.5343303300027,0.5136089
NAM,Namibia,2022,,49.5291037671807,8.40166893779959,3905.55135268164,,2889662.0,99.2625547814064,27.11172557706,6.41674452090038,0.3736395
NAM,Namibia,2023,,49.9545837830821,18.3227426104295,3973.49010579998,,2963095.0,109.8175996703,30.6216880290967,7.69752274257169,0.4150583
NAM,Namibia,2024,,50.4088030252155,14.1844922069439,4032.40150676649,,3030131.0,108.00119146619,29.5325900513732,4.30181944909637,0.5467327
NAM,Namibia,2025,,50.8666984399326,,4019.02686256106,,3092816.0,108.580501173828,28.9496601666891,6.06154937633514,
NCL,New Caledonia,2010,4.8,66.703836218007,15.3677037012268,,5.29439177747213,261582.0,68.1684823937939,26.1623678837555,,
NCL,New Caledonia,2011,5.9,66.726209122213,16.9845017608185,,4.13080410068162,266543.0,66.8445220722878,25.3064766036566,,
NCL,New Caledonia,2012,6.2,66.7417059914448,27.7749506773296,,0.0114496916463885,271633.0,63.7533913097757,22.779124022177,,
NCL,New Caledonia,2013,6.6,66.7584127864925,21.3449947193931,,0.0105325049427626,276822.0,58.8723435046881,22.582512520502,,
NCL,New Caledonia,2014,4.3,66.7846387072769,16.5212034418212,,0.0126797653775496,281224.0,58.9577979346478,23.9317062447332,,
NCL,New Caledonia,2015,5.1,66.8278045547803,13.777379969742,30858.7237060533,0.0128159191409519,283168.0,60.0467960954308,22.1000359642571,,
NCL,New Caledonia,2016,3.7,66.8902054658406,9.28207619845752,,0.013426159178997,283423.0,58.0296161468389,20.1611154111133,,
NCL,New Caledonia,2017,5.1,66.9683393293094,5.30202255145123,,0.0171317828341953,283546.0,58.9281826221283,21.2465805302539,,
NCL,New Caledonia,2018,4.6,67.0588809757675,3.46409998475039,,0.970193483384602,283541.0,59.0970833,,2.77921873100446,0.9953247
NCL,New Caledonia,2019,5.2,67.1574673707832,7.63514854874616,,0.0122251541031086,283606.0,58.2103670990099,22.3267326732673,2.43407707398229,1.0596771
NCL,New Caledonia,2020,6.1,67.2747261065933,6.04707071747505,,0.0127156723522875,284176.0,54.5818048383838,,0.430124986833235,1.0443731
NCL,New Caledonia,2021,8.3,67.4130776539646,7.88090550414583,,16.7918673249355,285214.0,49.0442343110236,,4.82764312909634,1.1123709
NCL,New Caledonia,2022,9.6,67.5720305021282,7.23562598706021,,,287123.0,50.4727487454212,,3.84571493490607,1.1152109
NCL,New Caledonia,2023,,67.751522311337,7.03488478280661,,,289870.0,51.6307347217069,,-3.97086700218431,1.1167211
NCL,New Caledonia,2024,,67.9514695585577,8.48945728851914,,,292639.0,40.3689577306469,,1.12925884895193,1.0976197
NCL,New Caledonia,2025,,68.1717888335577,,,,295333.0,,,,
NER,Niger,2010,80.7,16.2416301279116,10.146689915564,441.079166112039,6.88472156897825,16548835.0,51.9459863027627,23.0003411876002,3.47504301438173,-1.0817352
NER,Niger,2011,77.2,16.2303066053496,12.1645061403035,434.986264873953,8.1477117559769,17176283.0,50.2463951569345,22.7795105220039,3.97160518256159,-0.758722799999999
NER,Niger,2012,72.7,16.2141284004355,8.92367913404553,463.066265496402,10.3335481762903,17836769.0,45.08596447308,26.5372397334702,5.30833937178907,-0.883146299999999
NER,Niger,2013,78.7,16.2162595696064,7.03516563238375,469.690214200878,11.466881046248,18519898.0,46.2951491493291,26.0465019475956,-0.369174082139452,-0.934017
NER,Niger,2014,78.1,16.2450424611665,7.57591181433667,482.74524741946,10.2730531340882,19215909.0,45.7416008365932,23.6059602383299,-0.40567684540504,-0.9806619
NER,Niger,2015,78.9,16.3035606587493,5.46761764113716,485.662574175279,9.74015905746736,19939498.0,44.727430371186,22.5383286848915,2.249426436212,-0.7994889
NER,Niger,2016,80.2,16.3898280543236,2.91395161360138,488.184823801581,9.68635453036973,20685753.0,36.6748378115692,21.242496389367,2.64333285206489,-0.944319999999999
NER,Niger,2017,82.0,16.5036987906896,2.98179907216042,497.172608329608,9.37929042574549,21435446.0,39.0298956366247,20.561494013468,1.98975578144773,-1.0412801
NER,Niger,2018,82.0,16.6449011799221,3.64069699983094,513.423699765289,6.79609733342576,22188069.0,38.2929695977016,19.0863881970443,0.845666844164256,-1.1906754
NER,Niger,2019,80.7,16.813146499685,5.7737467118799,526.60361746086,5.81263963543114,22947757.0,39.289303673296,20.868402300904,-3.51254126513146,-1.19014889999999
NER,Niger,2020,81.9,17.0081420003794,2.64247359719538,532.208221196997,5.56826403591678,23717613.0,36.3388196908038,19.3470191218221,3.34246745489889,-1.502479
NER,Niger,2021,79.6,17.2295936666686,3.98247849972574,520.912751008043,6.40907047167716,24502140.0,38.0460948786617,19.1356274247573,4.26969593799784,-1.4793091
NER,Niger,2022,,17.477207007512,6.21933892730804,565.873385794358,,25311973.0,37.1460454100715,17.7519854309675,4.23137465689618,-1.299076
NER,Niger,2023,,17.7506873295237,6.05054062024617,561.960694711722,,26159867.0,30.7176535069056,17.4144203773581,3.39728695407528,-1.65337929999999
NER,Niger,2024,,18.0497398450803,1.81493836603542,589.085643279512,,27032412.0,24.388946208843,17.3014386031403,7.41778295865802,-1.7634214
NER,Niger,2025,,18.3740697195469,,610.375535148154,,27917831.0,33.9056863589743,18.7194388465458,-1.60043878774678,
NGA,Nigeria,2010,86.0,51.6778188255446,1.64207369186652,2315.46676509642,13.8029914948457,166642886.0,,25.3174522378126,16.342766325366,-2.0245506
NGA,Nigeria,2011,84.1,52.490352424079,2.133117701613,2370.97657091881,17.5539035632028,171379598.0,,28.2777998870502,9.77845809671294,-1.9456535
NGA,Nigeria,2012,83.9,53.302114902293,1.52378233769127,2403.65387896987,15.1485150031193,176200625.0,,27.0730175029593,9.94763670635734,-2.08835269999999
NGA,Nigeria,2013,81.4,54.1130855192568,1.06953936497778,2495.34106573862,11.6227181116144,181049443.0,,25.7423212364316,4.96474571559251,-1.98930569999999
NGA,Nigeria,2014,79.9,54.9232435340404,0.817478467870197,2583.61556958171,8.78193552361452,185896915.0,,24.6436085906069,4.66262291736628,-2.18554969999999
NGA,Nigeria,2015,81.3,55.7325682057138,0.621501637000126,2585.73360671797,4.55410681800406,190671878.0,,20.160782897492,2.86366512300171,-1.66777129999999
NGA,Nigeria,2016,81.1,56.541038793347,0.853395742751916,2481.81490350403,4.65772615666869,195443700.0,,18.17313172689,9.54367006409065,-1.7100665
NGA,Nigeria,2017,81.6,57.3486345560101,0.642182922336257,2441.71236404537,7.80498492445019,200254579.0,,22.3151171946859,11.1189180817816,-1.90978539999999
NGA,Nigeria,2018,80.8,58.1553347527729,0.183821495682229,2431.77857832597,9.79850822600435,204938755.0,,25.7333065832929,10.228485086598,-1.8854786
NGA,Nigeria,2019,80.1,58.9611186427056,0.344961215906745,2431.53528475874,8.35322267194456,209485641.0,,21.0040409410141,55.4448840534868,-1.97320729999999
NGA,Nigeria,2020,81.8,59.7659654848781,0.398484830423335,2228.68631426529,5.07484002483035,213996181.0,,18.36499630957,11.2524842438615,-2.0090379
NGA,Nigeria,2021,80.3,60.5698545383604,0.543909122159359,2206.66406255564,8.55295423830806,218529286.0,,18.2539292141029,12.6369125090853,-2.0135756
NGA,Nigeria,2022,,61.3727650622225,-0.0288727652155146,2254.29080414598,,223150896.0,,19.1690558861491,8.04664948979492,-1.9526169
NGA,Nigeria,2023,,62.1746763155343,0.384195197916836,2280.67777167162,,227882945.0,,19.1302382466487,10.8343175330536,-1.9559706
NGA,Nigeria,2024,,62.9755675573659,0.639824358730627,2324.59702394542,,232679478.0,,18.1967486362453,14.0801851089775,-2.0025617
NGA,Nigeria,2025,,63.7754180467872,1.37738584935978,2368.53866265659,,237527782.0,,16.4434897602533,13.8607162138823,
NIC,Nicaragua,2010,54.4,56.842311091973,5.59335824334059,1704.37875049059,4.15315104137442,5737450.0,100.364058423919,21.9687134501788,6.13808678977298,-0.5388003
NIC,Nicaragua,2011,53.3,57.0362425004184,9.5791738556055,1786.62863418308,5.12065108678162,5819051.0,111.827453935999,23.1571014574195,10.2148276524354,-0.457223
NIC,Nicaragua,2012,53.3,57.2316842226606,7.36516075625111,1876.1759720149,4.62546930334416,5901287.0,115.177288474198,24.5476946484698,6.24335926253237,-0.4628059
NIC,Nicaragua,2013,54.3,57.4274279501299,8.78722600899979,1941.45628552626,4.95048345059701,5983845.0,110.984207880382,25.3876146457155,4.34915794313848,-0.3620672
NIC,Nicaragua,2014,53.0,57.6222653742564,9.06363827053251,2006.64869646533,4.2211834678271,6066492.0,106.698200190796,25.0984490191451,8.39274153284171,-0.1441664
NIC,Nicaragua,2015,50.0,57.8149881864705,7.58033255797744,2074.45620634731,2.10539835608013,6149417.0,98.194164594236,25.7346979136282,7.58848529069897,-0.176230399999999
NIC,Nicaragua,2016,49.5,58.0043880782023,7.44462628012218,2140.14405941606,3.11297731611032,6232666.0,93.8137278130087,25.7948753609806,4.58973944933807,-0.1674906
NIC,Nicaragua,2017,48.9,58.1892567408822,7.51057620596971,2209.63273423213,2.7029582269273,6316231.0,96.3805864351182,24.8173354804008,4.12384905939905,-0.181501599999999
NIC,Nicaragua,2018,51.3,58.3683858659405,6.43060058137235,2107.3396261623,2.02687465495511,6400080.0,93.9847404925404,24.9956784644064,2.65825855086592,-1.1119701
NIC,Nicaragua,2019,50.5,58.5405671448072,3.96093444094211,2019.91518620044,1.28485958829485,6483657.0,94.0422159246213,24.2809201178084,5.39538672821082,-0.944804499999999
NIC,Nicaragua,2020,52.2,58.7045922689128,5.86574902695673,1950.19181218473,1.65812864181366,6565267.0,88.6381231228968,25.7903211218917,6.28533991128614,-0.5232726
NIC,Nicaragua,2021,50.4,58.8592529296875,7.36996671682569,2128.30880041334,3.84080893833151,6644741.0,106.20739806697,27.2859356478585,3.52198602950733,-0.4075357
NIC,Nicaragua,2022,,58.9954376220703,8.23239594861789,2175.73845893874,,6730654.0,115.454670931919,25.9437199049622,8.38536672371339,-0.168460299999999
NIC,Nicaragua,2023,,59.1250953674316,6.25581191942426,2241.1228811163,,6823613.0,105.019535579852,27.2011978140009,10.7817126662243,-0.0652355999999999
NIC,Nicaragua,2024,,59.2628402709961,6.86575238184716,2290.31991989418,,6916140.0,99.146065089948,27.4370155555364,7.32953724540882,-0.0694255
NIC,Nicaragua,2025,,59.4435892957332,,2371.75361331026,,7007502.0,96.4496947305229,29.261830758805,7.60232936510843,
NLD,Netherlands,2010,3.9,87.3502790247129,6.47724170250418,44659.2793901474,0.762696109172764,16615394.0,130.081707935343,18.9533173048512,0.710240446809252,0.9924275
NLD,Netherlands,2011,4.7,88.0059204972573,39.0408469194559,45239.7198745589,1.02062784943271,16693074.0,141.757099325776,19.3209585785648,0.242697164111121,1.0827056
NLD,Netherlands,2012,4.9,88.5342462391333,30.9042384931276,44631.8855633239,1.13202011724154,16754962.0,149.393223058131,19.3226704262327,1.32907768194571,1.1275327
NLD,Netherlands,2013,5.0,89.1749992370605,36.6955717929323,44487.0378593394,1.11989801648239,16804432.0,150.651850226949,18.6870743291059,1.14493599899532,1.0569335
NLD,Netherlands,2014,5.6,89.8364787097165,15.9879956344505,45042.0515907444,0.689866623445569,16865008.0,151.715891056501,17.6818782630222,0.344128582413305,1.0691945
NLD,Netherlands,2015,5.8,90.2787737214621,48.4706196279081,45793.8135434697,0.442606663458837,16939923.0,160.325812564809,17.4148103121536,0.888398541092599,0.9118761
NLD,Netherlands,2016,5.6,90.5803239452777,34.7918547450687,46655.0340264754,0.251209116098856,17030314.0,150.96552921165,16.9640712326865,0.565548743031258,0.880799
NLD,Netherlands,2017,6.4,91.1219700676602,23.7131758376085,47670.0858101833,0.283564780405105,17131296.0,159.646059656847,17.1210117451832,1.43936441864196,0.7820237
NLD,Netherlands,2018,7.4,92.6062472401044,-30.6576768564655,48463.0055608731,0.355103573458477,17231624.0,163.559146573044,17.3241048530815,2.53341170885517,0.7930988
NLD,Netherlands,2019,8.6,93.8898028856479,-13.7565327156949,49254.024789064,0.218267467639851,17344874.0,160.676671884999,17.1127557495056,3.02781317575136,0.6985452
NLD,Netherlands,2020,10.7,94.2532277765935,-23.6860117625863,47086.5674755497,0.0837440351956371,17441500.0,152.233230409706,17.3794770859182,2.35577686266144,0.7092891
NLD,Netherlands,2021,12.2,94.6294783220315,-10.9725941589172,49780.8328352542,0.340536679351668,17533044.0,163.154842689698,17.7061297739891,2.74733820576721,0.732977
NLD,Netherlands,2022,,94.9856177734136,1.47701805979237,51777.5314828276,,17700982.0,184.107484252682,18.6563965305589,6.15557498292159,0.6252296
NLD,Netherlands,2023,,95.3221682092129,-30.2430732965592,50960.7810305308,,17877117.0,165.030429478933,18.1639849428596,6.30206908032835,0.6084395
NLD,Netherlands,2024,,95.6396517079336,-1.40518243891316,51174.8997297902,,17993485.0,153.956290574682,17.5378028305647,5.6654225778243,0.4281196
NLD,Netherlands,2025,,95.9385903481191,,51817.0590609265,,18087633.0,150.119970359267,17.6782047347171,3.31998630270478,
NOR,Norway,2010,56.0,79.245002746582,4.91540239256035,74505.4313586335,7.66161471850852,4889252.0,67.1044480331039,34.8062123904983,5.85627419945527,1.4149557
NOR,Norway,2011,56.0,79.311620451463,2.00759481951861,74563.8349085669,10.0323919412624,4953088.0,68.3082228214528,37.0072713622576,6.57561455466337,1.3466634
NOR,Norway,2012,56.9,79.4905925441617,5.31305937295199,75669.0612719716,9.34170992776999,5018573.0,67.2907057063447,36.8227009791565,3.35195694253687,1.3326311
NOR,Norway,2013,56.6,79.9723980455359,-0.253383714333266,75711.2410395262,8.16854742910885,5079623.0,66.6575278489713,35.5581627446958,2.57710317590924,1.3123527
NOR,Norway,2014,55.8,80.6117159535579,0.628548707490107,76430.7374974687,7.51744992129352,5137232.0,67.7741797940433,33.9388344132412,0.334038529335956,1.1999067
NOR,Norway,2015,56.5,81.2378240971353,1.81548452900569,77220.9524311414,5.16239861599802,5188607.0,68.8351790107466,30.8523541633202,-2.59190190325677,1.1710873
NOR,Norway,2016,57.7,81.6800003051758,-4.87068870473279,77532.2750022669,3.86709464602749,5234519.0,67.3341230829057,27.7690672030503,-1.62579691835785,1.1454306
NOR,Norway,2017,58.9,81.9699745912375,1.41952980990481,78961.7757906168,5.33590347738304,5276968.0,67.1957153368952,29.6642536595013,4.01666873470073,1.0956942
NOR,Norway,2018,58.9,82.2452112401723,-1.24603124120942,79313.2889434042,7.39362211775806,5311916.0,68.1761206012317,31.7926103289636,6.34132098639991,1.1115481
NOR,Norway,2019,59.8,82.4935894878281,3.84915053606091,79937.5097885912,6.26890345034754,5347896.0,68.880243105732,28.9241714222194,-0.477791135124974,1.0766478
NOR,Norway,2020,60.9,82.7029885700532,-0.858417094148667,78387.0435023102,4.18128689630728,5379475.0,63.3673184179043,26.0383204611214,-2.26295174179792,1.2049763
NOR,Norway,2021,61.4,82.8612877226956,3.51903435020736,81199.3391492139,10.0482763904291,5408320.0,69.1060572345311,36.8554062435763,19.5320693903058,1.0721678
NOR,Norway,2022,,82.9563661816034,2.31291587479113,83756.7383805061,,5457127.0,79.9216011363033,47.8671650630535,27.2711853860313,0.9197731
NOR,Norway,2023,,83.0718560702166,2.74499093797298,83100.7944645872,,5519601.0,77.401189583706,37.8853738660679,-10.9316680217936,0.9361906
NOR,Norway,2024,,83.3293737928469,2.42254685844836,83487.1332276928,,5572279.0,79.5796368227724,35.9686060655379,0.0377903862988518,0.9032646
NOR,Norway,2025,,83.5705787708326,-1.4735026863079,83812.7559563457,,5610870.0,79.0528319312867,34.4565836747832,1.41140198506559,
NPL,Nepal,2010,87.3,62.0156581578338,0.548294665887946,721.265221364302,1.47229700729972,27341952.0,45.9849057742707,14.2007622567226,15.1469324490072,-1.5990906
NPL,Nepal,2011,87.0,63.139949798584,0.435814930594323,742.617252662576,1.11680132754903,27464494.0,36.2967588899367,13.3934706003613,26.3973066649675,-1.5205463
NPL,Nepal,2012,84.7,63.6558406194333,0.42369151125933,775.310578479839,0.967618550144898,27534915.0,37.921906058758,13.9771618083831,7.7411500296797,-1.4781419
NPL,Nepal,2013,86.0,64.1314570156048,0.334712330597339,801.039060847856,0.844770803744654,27589996.0,41.8653757376722,13.798337565324,7.08265099891379,-1.2264145
NPL,Nepal,2014,84.0,64.5640847098488,0.133746236524448,846.665541773599,0.860719085973924,27672370.0,45.9826416115927,13.564565231944,8.03536619587905,-0.8435975
NPL,Nepal,2015,85.2,64.9510094249155,0.213029527712984,875.543635474862,0.934890235914136,27823629.0,46.6657303895158,13.1616546305814,4.40904543328786,-1.0154123
NPL,Nepal,2016,79.4,65.2895168835553,0.432212944008614,875.188943730855,1.03122054018578,27955462.0,42.1154861221646,12.6554177698827,7.15033478751282,-0.9210801
NPL,Nepal,2017,76.8,65.5768928085184,0.677439884182991,951.857298563641,0.703261897013786,28011258.0,44.6424106217427,12.8625858898462,8.26141254915089,-0.5502541
NPL,Nepal,2018,75.0,65.8104229225551,0.206157201926214,1021.91492204011,0.424156459923021,28079689.0,48.4473869463778,13.2006396345706,4.3558584680418,-0.495786599999999
NPL,Nepal,2019,78.2,65.9873929484157,0.542801979747667,1077.11796498188,0.446189344690663,28414064.0,49.2495265869012,13.0106754137816,4.69115593292496,-0.4056357
NPL,Nepal,2020,73.1,66.1050886088505,0.378739091402959,1031.53618783934,0.522630900968538,28966574.0,40.9188741248444,12.0473199260523,3.21740233241114,-0.250305599999999
NPL,Nepal,2021,73.7,66.144235274522,0.531690906776232,1062.7888430629,0.498936909947826,29475010.0,43.0538047912219,11.7920425516798,6.7627121633127,-0.2520173
NPL,Nepal,2022,,66.2992968721053,0.160405405048333,1113.55462341223,,29715436.0,48.9734014800201,12.1812284731342,8.24119195502546,-0.3755496
NPL,Nepal,2023,,66.5432933453944,0.18227214989517,1136.4276931197,,29694614.0,41.5701502932467,11.9717042539656,5.74902859525066,-0.312959
NPL,Nepal,2024,,66.772343163029,0.131412557108071,1179.95499311034,,29651054.0,40.1700101626853,12.0569372675441,3.51965570532393,-0.414613399999999
NPL,Nepal,2025,,66.999424884859,,1233.60590916945,,29618118.0,42.5520448428369,12.0505423178616,3.06559710449554,
NRU,Naoero,2010,0.0,100.0,,4748.76539924078,,10043.0,100.0,,-10.0,
NRU,Nauru,2010,,,,,,,,,,1.5781203
NRU,Naoero,2011,0.0,100.0,,5417.44487923767,,10098.0,130.30303030303,,6.55270655270654,
NRU,Nauru,2011,,,,,,,,,,1.5682717
NRU,Naoero,2012,0.1,100.0,,6626.18317072945,,10267.0,120.408163265306,,19.4001874414244,
NRU,Nauru,2012,,,,,,,,,,1.5672321
NRU,Naoero,2013,0.1,100.0,,6735.42128061862,0.0,10517.0,179.347826086957,,-9.84037179228122,
NRU,Nauru,2013,,,,,,,,,,1.5640556
NRU,Naoero,2014,0.0,100.0,,7638.99065218892,0.0,10742.0,197.222222222222,,1.33779264214007,
NRU,Nauru,2014,,,,,,,,,,1.4041403
NRU,Naoero,2015,0.1,100.0,,7747.25584993607,0.0,10954.0,200.0,,-8.67768595041268,
NRU,Nauru,2015,,,,,,,,,,1.0147322
NRU,Naoero,2016,0.2,100.0,,7925.5779662048,0.0,11150.0,170.149253731343,,26.1593526299404,
NRU,Nauru,2016,,,,,,,,,,1.0101963
NRU,Naoero,2017,0.6,100.0,,7308.31758516515,0.0,11324.0,142.068965517241,,15.5451555780417,
NRU,Nauru,2017,,,,,,,,,,0.8241821
NRU,Naoero,2018,0.7,100.0,5.88617583274311,7149.78109138393,0.0,11477.0,140.640059171598,,17.5478927203066,
NRU,Nauru,2018,,,,,,,,,,0.8079535
NRU,Naoero,2019,0.6,100.0,1.74896481068595,7687.19643322519,0.0,11587.0,155.906685714286,,-4.60327074500292,
NRU,Nauru,2019,,,,,,,,,,0.7595804
NRU,Naoero,2020,1.3,100.0,-2.67159670379148,7770.69883784016,0.0,11643.0,134.980107526882,,4.63787375415356,
NRU,Nauru,2020,,,,,,,,,,0.7590998
NRU,Naoero,2021,1.6,100.0,4.50866961886277,8325.88214663427,0.0,11709.0,130.1856,,-0.208865165932508,
NRU,Nauru,2021,,,,,,,,,,0.7572142
NRU,Naoero,2022,1.9,100.0,-4.99023535193955,8260.97398991108,,11801.0,141.129076305221,,24.5,
NRU,Nauru,2022,,,,,,,,,,0.9276426
NRU,Naoero,2023,,100.0,0.895364948707177,8150.43396263948,,11875.0,135.0,,-2.91601187358121,
NRU,Nauru,2023,,,,,,,,,,1.0356891
NRU,Naoero,2024,,100.0,-3.48330107219992,8218.72476802021,,11947.0,160.546875,,5.14285714285703,
NRU,Nauru,2024,,,,,,,,,,1.1047052
NRU,Naoero,2025,,100.0,,8340.38728060931,,12025.0,165.441176470588,,4.02097902097962,
NZL,New Zealand,2010,29.4,85.8614043258228,0.194915236759354,35476.3713609154,2.1224362002947,4350700.0,58.1047406012087,21.3739109959972,3.14631875010147,1.4165428
NZL,New Zealand,2011,30.3,85.8233151875134,0.818247908477246,35961.911959259,2.19427362254657,4384000.0,59.1815679267669,21.0854589025357,2.40568730588313,1.3902927
NZL,New Zealand,2012,28.8,85.777700676896,2.17943829633958,36588.819747177,1.68350699548628,4408100.0,56.9257462326897,21.0859217574509,-0.131067185111959,1.4088511
NZL,New Zealand,2013,28.3,85.7080129786455,-0.0364086461829919,37240.0279166822,1.52078184314436,4442100.0,56.0063219921147,20.3368865906768,4.20195741730885,1.3788423
NZL,New Zealand,2014,29.0,85.5076659530411,1.61419635020494,38025.4674998632,1.42914435215029,4516500.0,55.1213465284556,21.4536049782346,0.449315394729368,1.4958227
NZL,New Zealand,2015,29.3,85.1518763760531,-0.0411865527337287,38648.7302562109,1.28424903944645,4609400.0,54.8749505791536,21.2206264018884,1.42361070787149,1.4661127
NZL,New Zealand,2016,30.1,84.691365594,1.06260320456022,39205.0341298225,1.04750029579275,4714100.0,52.4796021733125,20.1908094668017,2.43482614850647,1.4642557
NZL,New Zealand,2017,28.4,84.1701025874108,1.15705531240243,39667.6884236272,1.59353965038242,4813600.0,54.2775276299632,20.5540095694438,3.6511970298714,1.4924848
NZL,New Zealand,2018,28.9,83.8017846685577,1.16024911473989,40257.9139260803,1.58813238238384,4900600.0,55.9063918509538,20.4072562328635,1.87226165806347,1.4448939
NZL,New Zealand,2019,28.0,83.804965871667,1.44301683692321,40615.7266946543,1.50327657838238,4970300.0,54.4612464097007,20.3505430665871,3.29962753435764,1.3883859
NZL,New Zealand,2020,28.7,83.8138977095908,2.25037509596065,39702.3112090418,1.27246721100633,5072400.0,43.8262466218168,19.9377411088041,1.9485485760927,1.4605501
NZL,New Zealand,2021,28.9,83.8299382585905,2.09061969632742,41309.8198451344,1.49411356490814,5084600.0,48.4315370741539,18.6384074797827,4.55737807017778,1.3569818
NZL,New Zealand,2022,,83.8547305017812,3.9270483682543,42716.0866783034,,5081700.0,53.2091433736439,19.6321526231469,6.23957400287931,1.2327589
NZL,New Zealand,2023,,83.8898991461229,1.71426378534541,42501.4932044968,,5200000.0,49.8655041498497,19.4354288178018,4.11014517250547,1.2849613
NZL,New Zealand,2024,,83.9370658833132,0.672983751329456,41415.4670639187,,5290000.0,50.6607664427853,,4.40145560973323,1.1506563
NZL,New Zealand,2025,,83.9978515774731,1.36610006279868,41336.0220434801,,5324700.0,,,3.62335754277869,
OED,OECD members,2010,10.3743144709912,78.7569427727752,2.09678325778485,33643.2480011289,1.09886671827851,1292701737.0,51.3260384348016,23.0748035626189,1.20235710045188,
OED,OECD members,2011,10.9046224842115,78.9249730148856,2.81269795150948,34082.4870465138,1.40867892696593,1299644689.0,55.1030053326433,23.1730841187926,1.99528457317256,
OED,OECD members,2012,11.3823454495312,79.1610424174922,2.20199902914985,34347.4370080791,1.05958604850365,1307733583.0,55.5112360164814,22.9905074298722,1.82972557428874,
OED,OECD members,2013,11.877535320146,79.5300893668637,2.33451677417811,34700.9892249754,1.003152222633,1315426979.0,55.1482491389613,22.7186506394268,1.70288158968491,
OED,OECD members,2014,12.1275743053496,79.9154420386729,1.96020965456407,35262.5460710348,0.882329678865426,1323458714.0,55.225064307929,22.7024491855691,1.50652309949572,
OED,OECD members,2015,12.2611450949417,80.2234048818443,3.58031558698094,35931.9232791311,0.420665007703471,1331674197.0,54.1818728245643,22.232288066196,1.31357499709277,
OED,OECD members,2016,12.432384629223,80.3858291802831,3.87125397717339,36367.1062221549,0.437164308682493,1340141055.0,53.1067266686986,21.9198898763188,0.968897449605109,
OED,OECD members,2017,12.7954391065077,80.4525335528694,2.63836552031808,37096.0220627904,0.599836844230116,1348125258.0,54.9880584110509,22.1789445741614,1.72691167639501,
OED,OECD members,2018,13.2024399046234,80.5397753365218,0.426442036502445,37756.2846941147,0.750501829671467,1356197538.0,56.3322811447414,22.2892615996481,1.87156059852319,
OED,OECD members,2019,13.6864487000325,80.6506763352269,1.88030320325775,38231.9217156517,0.663223616044925,1364143219.0,55.6720668830735,21.9362611752079,2.35722334521287,
OED,OECD members,2020,14.8380363213872,80.7381377175693,0.88265502948726,36615.9210625073,0.497448643797188,1369306579.0,51.2170212483167,21.3873320111301,1.83230093587876,
OED,OECD members,2021,,80.8557784895293,2.18087816308988,38777.5008307701,1.43119967972982,1371780402.0,55.391612459278,21.7205248921526,2.89584620355712,
OED,OECD members,2022,,80.949627748444,1.66209009091002,39804.662496136,,1378591781.0,62.7210761175953,21.179368665634,6.68283735803659,
OED,OECD members,2023,,81.0543158861621,0.357431194029512,40246.7434272636,,1387846131.0,58.0872109260643,,6.26485756543917,
OED,OECD members,2024,,81.1863178943609,1.10943658483008,40700.644346174,,1396826761.0,56.884203306257,,3.43038889426469,
OED,OECD members,2025,,81.3158337292265,1.14631014203299,41261.0616629323,,1402243571.0,,,3.14045930064603,
OMN,Oman,2010,0.0,75.1579724666274,1.91196478591436,22766.0503620721,35.1702914756151,2757446.0,96.3865546218487,63.2733093237295,14.3749912143336,0.5865685
OMN,Oman,2011,0.0,75.6585803514688,2.10218875218974,20993.9079436935,43.273814289286,3076763.0,101.641731939942,68.1872487230601,15.884491777402,0.3126716
OMN,Oman,2012,0.0,76.088156621068,1.5612029028198,19824.1215485946,40.4418641958152,3547106.0,102.0747604043,67.5378696587491,3.60643426874947,0.3876466
OMN,Oman,2013,0.0,76.4914234214313,1.79286446946825,19299.9400516869,38.8455213970653,3833913.0,112.543521763774,64.9283987461105,-2.22041185302194,0.3339536
OMN,Oman,2014,0.0,76.8892576748951,1.3876575353227,18726.2026946971,34.348523798708,4002439.0,102.27872108813,62.0562918738146,1.75729954907395,0.5698008
OMN,Oman,2015,0.0,77.3025363037955,-2.76001757846703,18808.3077921839,21.0999447505156,4184895.0,96.3775801852347,53.0988656602003,-19.1464725188166,0.6155394
OMN,Oman,2016,0.0,77.7521362304688,3.01624952400734,18830.6057208608,18.0527768334822,4390877.0,82.8642642018901,47.9402499394191,-9.13627527605452,0.5065831
OMN,Oman,2017,0.0,78.3142260040136,3.56005583896762,18277.945563615,21.3537653208209,4537396.0,88.9531480182956,49.5943955174432,7.29794329780007,0.5468563
OMN,Oman,2018,0.0,78.9655839720276,6.12067985447931,18269.6769435562,27.0144782962431,4597877.0,89.2792178262847,53.893815370623,11.7322946084517,0.5392522
OMN,Oman,2019,0.0,79.5780017545962,2.26908923371353,18089.586668488,24.9800297060137,4591241.0,86.4782010313236,51.3792329456517,-2.66623355343535,0.5167644
OMN,Oman,2020,0.1,80.0176378922722,2.51548624054379,17743.8858800477,18.8866635649826,4522497.0,91.8758908014472,47.1477222892227,-10.7835605977296,0.468834
OMN,Oman,2021,0.1,80.1239942103569,10.015189421015,18291.3387983888,29.2115792686173,4500424.0,95.9494877293305,51.9269716464141,12.1410502759484,0.3902352
OMN,Oman,2022,,80.0117053152301,6.25544528201825,18792.4460565306,,4730226.0,105.745009280655,59.4852077730217,16.4963249993549,0.4399615
OMN,Oman,2023,,79.5702973228932,11.8157929128229,17853.9644897801,,5049269.0,106.446731102604,55.3716024616708,-4.69581131192407,0.5521576
OMN,Oman,2024,,79.4440302814714,11.6351181598926,17347.2911298513,,5281538.0,114.852671596819,54.1653226583944,-0.713474976851984,0.6272361
OMN,Oman,2025,,79.4781383307689,,17074.1754801364,,5494691.0,,52.7418073331056,-0.0924586150308357,
OSS,Other small states,2010,40.1984612532443,52.5708962840155,42.2996469811876,9827.79279523027,4.42078682571004,11112466.0,119.029853099057,26.0700414823459,2.32350337407748,
OSS,Other small states,2011,40.4458062116422,52.6428502012722,43.0394918670534,10048.9525362804,5.61912275102223,11226214.0,128.241606737343,27.726172299373,3.25970646632337,
OSS,Other small states,2012,40.7171691176471,52.7289447956897,66.0538668527563,10062.238765035,4.97867878323688,11346082.0,130.939383106498,27.4618019778747,3.85642240032897,
OSS,Other small states,2013,41.1903048108704,52.8229475994541,23.5610013659755,10035.6505283227,3.93315967684023,11466589.0,133.898210170303,25.9828889978985,3.16652307201767,
OSS,Other small states,2014,41.5939404934688,52.9439535683465,44.3208080685923,10136.4144598495,3.64258779250969,11591200.0,132.53604384433,24.6466232392681,2.18235402099076,
OSS,Other small states,2015,42.5760198652004,53.0938477646158,27.6932305440917,10359.1167773921,3.75992298398853,11722398.0,132.386994472753,22.626391948872,1.73934880196404,
OSS,Other small states,2016,42.1565383945673,53.2560302540443,5.76513760901792,10667.3498101902,2.66126576773703,11851918.0,129.826030756064,21.5660577596785,1.71498681561535,
OSS,Other small states,2017,41.4366535230585,53.4441254377598,57.7332320480689,11078.920682682,2.74631132398646,11989367.0,132.246471813015,21.3735412733953,2.12460923464606,
OSS,Other small states,2018,42.3626099950191,53.6519140670653,99.4170774918255,11423.9568368891,3.35778754076306,12135267.0,134.418960043832,21.9793406176417,2.06429914095962,
OSS,Other small states,2019,42.3904707420726,53.8727328667505,96.1086353368595,11766.3686894514,3.10540997690029,12281907.0,136.482720392668,21.7513213635298,1.96506170240644,
OSS,Other small states,2020,45.4042214532872,54.0599291555754,-27.2505248674895,10967.167100197,2.30979688823211,12417333.0,132.264679163186,21.4793486418139,0.669668409203567,
OSS,Other small states,2021,,54.2199717949652,59.4851539180359,11725.9484104048,3.50529206713095,12541889.0,148.020858407982,22.2612010775783,3.03406314812496,
OSS,Other small states,2022,,54.4367375147272,15.1221220672731,12090.2779307406,,12699005.0,164.282417815032,22.863573463924,7.9804624983289,
OSS,Other small states,2023,,54.7413384725346,6.19731304767297,12357.3872788898,,12822134.0,152.142105318558,20.3440986201418,5.48749978861929,
OSS,Other small states,2024,,54.9615544244478,-2.7006381606448,12591.7678646757,,12931878.0,147.565086619662,19.7271258193421,3.41677858776387,
OSS,Other small states,2025,,55.1790329785941,7.22032645469283,12852.42216621,,13034928.0,148.580102427747,19.0842964513051,3.22406406074013,
PAK,Pakistan,2010,47.4,34.8159187475539,1.02791108080423,1256.69482201323,2.27972757975705,199239047.0,31.9890020462315,20.9650197800876,10.5886442624245,-2.45869169999999
PAK,Pakistan,2011,46.8,35.0113675889897,0.575055145839944,1261.83161907857,2.615759800493,203746065.0,32.3626382751438,21.1864809532945,16.4109562675144,-2.7114561
PAK,Pakistan,2012,47.2,35.2160229383731,0.343453048660945,1275.48806898966,2.56305239816052,207667125.0,31.3189732760076,21.9583720724829,9.91831543776397,-2.6807174
PAK,Pakistan,2013,48.1,35.4315352494366,0.515353849332245,1309.70080446386,2.14619455982111,211073978.0,30.8902743401844,20.8910295084645,7.38310696738498,-2.6678365
PAK,Pakistan,2014,47.2,35.6595549759128,0.695308116834202,1343.30778121043,1.9953468853851,214264647.0,29.4698256903998,20.8659912298838,7.20976543926079,-2.46216149999999
PAK,Pakistan,2015,45.9,35.9017325715342,0.557734356032139,1380.47020838317,1.22522777965692,217290883.0,26.6881860172247,19.602614668814,4.44198033438504,-2.4299435
PAK,Pakistan,2016,43.7,36.1597184900333,0.821349998064174,1452.18658269177,0.96533124558749,220138869.0,24.7015780480573,18.1501179723214,0.922163326262009,-2.3350493
PAK,Pakistan,2017,42.1,36.4351548223399,0.735837049658425,1495.26187528032,1.10680683630599,223273967.0,25.472035002344,18.0993270885214,4.02974599325579,-2.2184098
PAK,Pakistan,2018,43.4,36.7478511550359,0.487745750658143,1561.68169819559,1.24123933516406,226928892.0,27.6260570796337,18.5890515927482,3.84178663274797,-1.9857782
PAK,Pakistan,2019,45.9,37.1091631735769,0.696146480411465,1573.8330826937,1.30340484004876,230800899.0,28.9055769867032,19.5638945814483,9.03633484170507,-1.9293422
PAK,Pakistan,2020,42.7,37.5080192948099,0.684695289874347,1526.00597486307,1.12387026995965,235001746.0,26.7162807328814,18.5894635445816,9.9444982105729,-1.5881564
PAK,Pakistan,2021,41.6,37.9333395514173,0.616039439073827,1595.02792175422,1.43561633294011,239477801.0,27.0304204125548,18.8964082009484,10.2673420806694,-1.6496402
PAK,Pakistan,2022,,38.3740439760816,0.389980753542853,1642.28066974826,,243700667.0,33.031353478032,20.4125955543613,13.9370112392938,-1.7555938
PAK,Pakistan,2023,,38.8191861872791,0.608281270820624,1610.33122837537,,247504495.0,28.4676925469837,20.718694602313,26.0156920088641,-1.9403838
PAK,Pakistan,2024,,39.1734368360905,0.716885239403099,1635.08731167091,,251269164.0,27.5653309105795,20.281782302625,22.048079839558,-2.0634311
PAK,Pakistan,2025,,39.5256010979606,0.454693640126553,1669.31526638503,,255219554.0,27.1935373787664,20.0628227554558,4.28342547075624,
PAN,Panama,2010,20.6,65.0926097647906,8.43207038785787,10698.0717633911,0.234720390623527,3628535.0,145.44871880643,18.7740621099669,2.55070367962715,-0.0820154
PAN,Panama,2011,19.7,65.1896678664818,12.31683544373,11761.4988547604,0.269868830701767,3693505.0,158.208395346813,19.3755839663283,5.48770339491702,-0.0424882
PAN,Panama,2012,21.2,65.2829468288151,8.13045858967083,12668.2945474105,0.260441253310238,3759256.0,153.208620367102,20.981246893755,6.31829463661421,-0.0613991
PAN,Panama,2013,20.7,65.3709770103365,8.09167357098281,13236.8306754449,0.216897753935313,3825329.0,133.071568935782,24.4155078425601,6.15793630878711,-0.0995914
PAN,Panama,2014,19.8,65.4531164770096,9.69216526905834,13611.5490809559,0.231601530644453,3892101.0,114.970604927053,25.7779037450735,4.69411939871949,0.2814967
PAN,Panama,2015,22.0,65.5287232947981,9.17966898468326,14082.6548502728,0.138690460109424,3960035.0,96.5791573428957,26.5789491044727,3.01478936555419,0.4833108
PAN,Panama,2016,22.1,65.5971555296656,8.78226077131318,14474.1243636349,0.131004580785833,4029086.0,84.3959718738111,27.4158212522472,2.47501533207914,0.4612991
PAN,Panama,2017,23.6,65.6577712475758,6.34573158944271,15045.5456426827,0.124276365709136,4098707.0,84.0475372402933,28.2545621318825,1.7946937582834,0.457992
PAN,Panama,2018,24.5,65.7099285144924,6.39404563819442,15375.6500855703,0.0994393790926708,4167860.0,86.1309615112445,28.3264606122134,0.700493822040499,0.364313
PAN,Panama,2019,19.0,65.752985396379,6.71350419888271,15602.5315209709,0.31611229608813,4234700.0,80.4286505649569,28.4159327313405,0.538461837265629,0.399288
PAN,Panama,2020,28.5,65.7862999591993,-2.85980025219661,12647.0914227279,0.535097865738947,4293261.0,68.700423510603,23.4388993668253,-0.494822048141884,0.3368353
PAN,Panama,2021,28.0,65.8092302689169,2.71982266279312,14552.9345271768,3.6647948599442,4345405.0,80.1334635232887,26.3634288734371,1.41522672908646,0.3538332
PAN,Panama,2022,,65.8211343914956,3.09254919376261,15956.0671087873,,4400773.0,93.4752688552496,26.4076669264167,2.19585761538619,0.428471
PAN,Panama,2023,,65.8601271176084,3.26384312723174,16877.1543425646,,4458759.0,88.3489105169795,27.1581132184034,2.25973885580486,0.3693808
PAN,Panama,2024,,65.9958447685488,2.41063281860388,17122.7168795289,,4515577.0,83.6737788620216,25.5019537126105,0.474688348674988,0.264681
PAN,Panama,2025,,66.1500999418126,1.03740687229861,17650.2341536614,,4571189.0,,24.90045610009,0.193364669690226,
PER,Peru,2010,32.2,77.4020936833934,5.73087732837535,5167.39259325937,11.2141792512141,29086019.0,51.6728089370033,35.7720066029406,5.71072859407522,-0.7755101
PER,Peru,2011,30.6,78.0118164985462,4.47262658184166,5453.45718713631,12.7665949125059,29304086.0,55.9882802838607,37.2361002771383,6.7457871247569,-0.675414699999999
PER,Peru,2012,30.8,78.6488061451268,7.36173683394684,5740.04346272472,9.99927931288698,29550366.0,52.6198952632294,35.5335533553355,1.20258494022738,-0.698579899999999
PER,Peru,2013,28.4,79.3105527820586,4.75734900182415,6021.46142765232,7.65420483078558,29817919.0,49.7871424471444,33.8594367461678,1.05723435149577,-0.7062488
PER,Peru,2014,28.6,79.9945465682649,2.12302965027806,6103.91864749969,5.66292821656372,30115826.0,46.8531210912899,31.701403934103,2.43244108501779,-0.4040664
PER,Peru,2015,27.4,80.698277662669,3.90315707606412,6231.71150338894,3.91148648466656,30457600.0,45.1627686891148,30.3378798708175,2.69052090074331,-0.321351999999999
PER,Peru,2016,27.2,81.4192362241943,3.66247550178788,6392.25474941014,4.40523816648386,30866494.0,45.3888411964154,30.5565505783828,3.08088269037734,-0.1794896
PER,Peru,2017,27.6,82.1931650502403,3.65967264603654,6457.41940254721,5.8962563954339,31324637.0,47.5135503619971,31.2978841231473,3.61565826105974,-0.2242779
PER,Peru,2018,27.9,82.6854929960921,2.78225210860643,6593.14437459526,5.95602611154103,31897584.0,48.631470171736,31.6240835005495,2.27741531762133,-0.1689403
PER,Peru,2019,27.1,83.1033003087105,2.25881990677455,6626.26083494969,2.49912146958912,32449303.0,46.9435053754409,30.4491957836385,1.87221626775495,-0.0888854999999999
PER,Peru,2020,31.6,83.5267437189637,0.464940476173709,5831.83024758521,3.97961448773443,32838579.0,44.245967197744,30.3192857092121,3.71917119669504,-0.2963963
PER,Peru,2021,30.6,83.9480118272361,3.15463147592016,6550.96747543872,12.7247082349187,33155882.0,55.4083231938774,35.7261311136936,10.0486675817805,-0.334168099999999
PER,Peru,2022,,84.3663554951194,4.6280339832618,6671.28902042137,,33475438.0,57.2727003111939,34.9166301241598,4.51267292897019,-0.6566212
PER,Peru,2023,,84.7810255849745,1.64334960973353,6575.18295502228,,33845617.0,50.9070307213493,34.2028763083755,6.65862132809094,-0.7239502
PER,Peru,2024,,85.1912729600355,2.29780708272736,6732.27773809578,,34217848.0,51.6811479870417,34.3174422299407,5.43859372340711,-0.6544223
PER,Peru,2025,,85.5963484845463,3.09176833503603,6890.97235402058,,34576665.0,51.8154829678647,,5.44435476677481,
PHL,Philippines,2010,32.7,45.5208176726647,0.513698049517659,2373.14312064664,2.11755801672482,96337125.0,66.1042785137797,32.3395560456604,4.37088436444888,-1.5826192
PHL,Philippines,2011,33.8,46.6833632464759,0.856963002985963,2416.75212064542,2.84367320905718,98248614.0,60.7958366999075,31.3386827828469,3.91880577530506,-1.3804409
PHL,Philippines,2012,34.1,47.9182784810426,1.22763000703119,2533.74141964959,1.55356736359168,100175512.0,57.8420055133082,31.3994933632444,1.99417609680252,-1.1706826
PHL,Philippines,2013,33.1,49.1313688766206,1.31642638378197,2654.41506933978,1.1859412840883,102076336.0,55.8247812320298,30.7754466314331,2.0610633590687,-1.0944308
PHL,Philippines,2014,32.4,50.2392400212368,1.92937522802216,2776.92005909479,1.5089650931856,103767130.0,57.4681720875945,31.0474444753394,3.05305530085906,-0.805762
PHL,Philippines,2015,30.8,51.1549047745227,1.84018010717942,2909.85818010301,0.758148274430124,105312992.0,59.1415921053094,30.4819509834967,-0.719682789735927,-0.926818599999999
PHL,Philippines,2016,28.6,51.9114748151175,2.59850803494211,3076.3374186759,0.661597167675748,106735719.0,61.7760657653871,30.2859171672694,1.28031174373962,-1.4376683
PHL,Philippines,2017,27.8,52.6010482354344,3.12238778404896,3247.4503878362,0.964596437230551,108119693.0,68.1683697426727,30.1265505767725,2.32025994608939,-1.2792545
PHL,Philippines,2018,27.6,53.2088897464754,2.86833826070497,3410.93647976109,0.943783444739612,109465287.0,72.1633982990273,30.5637401548214,3.74065383022071,-1.06677739999999
PHL,Philippines,2019,26.9,53.7157859948017,2.30117498598294,3575.88170922922,0.78530018741462,110804683.0,68.8418422595678,30.3275078794624,0.697076297419486,-1.0094929
PHL,Philippines,2020,29.1,54.1077719895977,1.88586363211171,3198.66690008413,0.764112790267085,112081264.0,58.1695603022281,28.3999175850521,1.65049018681367,-0.9415427
PHL,Philippines,2021,28.0,54.4504102510776,3.04078855310045,3350.97587587776,1.97263339590791,113100950.0,63.4846098136712,28.8898091185459,2.28247846258142,-1.0935816
PHL,Philippines,2022,,54.7902343568327,2.3475097233369,3577.70136573244,,113964338.0,72.4296836107599,29.2212399364338,5.48864820202009,-0.899042399999999
PHL,Philippines,2023,,55.1242716168851,2.04210354820336,3744.69763802686,,114891199.0,67.4199693171606,28.1976225091314,4.60143307102079,-0.709066
PHL,Philippines,2024,,55.4520983215477,2.03571882251572,3926.14900894495,,115843670.0,65.8637883882752,27.684918670718,2.90402293225671,-0.7741477
PHL,Philippines,2025,,55.7732907605332,1.59958262597666,4065.88615171728,,116786962.0,66.7936053314343,26.98976536935,1.43435633798678,
PLW,Palau,2010,0.0,80.6626667312304,1.45705691768063,12933.0676102142,0.0,18396.0,123.113914891838,9.97702953078368,3.25684228943686,1.5781203
PLW,Palau,2011,0.0,80.9747231246263,4.26622995411941,13758.7587383152,0.0,18078.0,138.086472173303,8.69158075649521,1.29472434284345,1.5682717
PLW,Palau,2012,0.0,81.1285663568435,10.0680676467115,14289.7833891839,0.0,17765.0,144.101360548224,8.14806624098691,7.90302134762875,1.5672321
PLW,Palau,2013,0.0,81.0756895339142,7.97369531322155,14184.0449521037,0.0,17648.0,140.845204181817,7.84543020990779,6.75919245810266,1.5640556
PLW,Palau,2014,0.3,80.7338640362566,16.2404971437691,14725.8436432778,0.0,17715.0,145.793812924789,7.61508432137405,4.0902066194185,1.5750282
PLW,Palau,2015,0.4,80.388246269234,12.2105000171013,15938.3652222848,0.0,17770.0,128.207298267542,8.04099924176824,6.28747978332866,0.9559309
PLW,Palau,2016,0.6,80.1089335766065,21.3160010533217,16179.3959628749,0.0,17797.0,118.759866134181,10.1097127720205,5.34179462832185,0.951395
PLW,Palau,2017,0.6,79.8284579022498,16.4629967831161,15612.6700180498,0.0,17812.0,122.650636452895,8.12749253002082,-1.01191073437526,1.1385207
PLW,Palau,2018,0.6,79.5520868568744,17.6086082790045,15545.7219371676,0.0,17814.0,117.771970509059,8.96483658193314,-0.188475549944826,1.14243
PLW,Palau,2019,0.9,79.2803814152827,16.148733481348,15606.4827634374,0.0,17798.0,115.497705299446,11.239776701164,-2.47012270110928,1.1436032
PLW,Palau,2020,0.9,79.0796884006264,17.0121257223563,14673.8845975778,0.0,17792.0,104.430720909895,12.7202311660959,-2.27534128851714,1.1429587
PLW,Palau,2021,0.9,79.0890798782416,13.5977706323233,12932.0857060233,0.0,17783.0,79.5791429216543,11.6936080382588,3.42223944620068,1.1404301
PLW,Palau,2022,0.9,79.1134831712956,30.0500084227105,12889.6216058288,,17759.0,103.651854764975,12.2157436243113,5.37684417785252,1.2446282
PLW,Palau,2023,,79.1531991438847,28.9309640776654,13070.7944502154,,17727.0,106.757623549153,10.0883769073276,10.2437954180977,1.2451365
PLW,Palau,2024,,79.2095042878667,21.4868990824119,14666.5457772703,,17695.0,105.811955583144,13.0237834973325,3.94067941390803,1.2387076
PLW,Palau,2025,,79.2835934246556,,15616.7817781904,,17663.0,,,0.962028534164844,
PNG,Papua New Guinea,2010,55.2,13.0021920069407,0.249749808529939,2140.50939027384,27.8968249359842,7633523.0,,33.1688098579341,9.9171611234198,-0.9409904
PNG,Papua New Guinea,2011,54.7,13.0000025015364,0.202496658911332,2102.03192060639,26.2680889498874,7859346.0,,31.3362203529409,8.83316822422471,-0.9018493
PNG,Papua New Guinea,2012,55.5,13.0143796071362,0.135226482435046,2139.48096660428,15.8152886420978,8081390.0,,27.5731803314458,-0.574719487183756,-0.879075899999999
PNG,Papua New Guinea,2013,58.3,13.0582475733094,0.126069328063533,2162.10592595591,11.6658602971436,8302698.0,,26.5405471816928,3.58693538896726,-0.7908101
PNG,Papua New Guinea,2014,56.9,13.1316404025265,0.126824295087963,2391.3578028163,14.02772535223,8523441.0,,32.7848336169925,5.43739265412782,-0.669148299999999
PNG,Papua New Guinea,2015,55.3,13.2341359836319,0.138228028178879,2484.5963398603,12.7384528214768,8743246.0,,34.8049301310481,-1.23111841681596,-0.693792299999999
PNG,Papua New Guinea,2016,54.8,13.3653651942392,-0.188417025477419,2557.09463030035,14.3368397378808,8961718.0,,34.7299715804552,2.51784593601241,-0.757626799999999
PNG,Papua New Guinea,2017,54.7,13.5249644881888,-0.788236305745218,2584.8883636271,16.0436340949199,9178714.0,,36.3598597357265,7.69953503846061,-0.8689907
PNG,Papua New Guinea,2018,53.4,13.7125720532162,1.27185526445477,2518.45899317321,16.921880825492,9394513.0,,36.9240450738372,9.79760566069545,-0.7969145
PNG,Papua New Guinea,2019,53.2,13.9278267446947,1.35581279394242,2572.56177967896,13.8152037166577,9609010.0,,36.711080935275,1.06226142176442,-0.799196999999999
PNG,Papua New Guinea,2020,53.6,14.1703677185729,0.473794497066331,2438.61137922293,11.9417254747487,9815746.0,,33.0470837551076,1.63449669302058,-0.768714799999999
PNG,Papua New Guinea,2021,54.5,14.4398342822353,-0.131802749385713,2378.3893914666,27.3866812481734,10012896.0,,34.0343393796521,11.6115184948157,-0.747625099999999
PNG,Papua New Guinea,2022,54.6,14.7358658260841,3.76980845499621,2467.24008628973,,10203169.0,,40.2791423313434,15.0119963741639,-0.6856785
PNG,Papua New Guinea,2023,,15.0581017891206,0.140519954608903,2515.28575096589,,10389635.0,,36.2878524484944,-4.3416463861379,-0.530809
PNG,Papua New Guinea,2024,,15.4061816403333,-0.64380460730506,2566.91067057792,,10576502.0,,36.5317174025128,3.27200752802565,-0.653875
PNG,Papua New Guinea,2025,,15.7797448680276,,2664.69004042418,,10762817.0,,,6.86914050913721,
POL,Poland,2010,9.5,60.8474783987677,3.94489462074706,10808.3975674238,4.33027218366267,38042794.0,82.2258523219922,29.6974993930566,1.57921733174169,1.1015819
POL,Poland,2011,10.4,60.7357090652544,3.57128957712437,11370.313427173,5.71416347861788,38063255.0,86.9236892837618,30.3941659979475,3.06571454649757,1.0564513
POL,Poland,2012,10.9,60.6341632788866,1.52886091421625,11542.2353368014,3.79887246755542,38063164.0,88.8299033066583,30.2281657114043,2.18343357394524,1.0636907
POL,Poland,2013,11.4,60.5333187465323,0.258983446617592,11628.2286809525,3.33330904653522,38040196.0,90.4175072415629,28.6768333488015,0.270975789944856,0.9461127
POL,Poland,2014,11.6,60.4340063344328,3.85089176515991,12093.1622787394,3.15767703778128,38011735.0,92.0340197113178,29.9351239778153,0.482272387523025,1.0543362
POL,Poland,2015,11.9,60.3362886805635,3.29546177974363,12637.5220324406,1.29098319489632,37986412.0,92.2554272741942,30.9939300295541,1.32071091723995,1.0637346
POL,Poland,2016,11.3,60.2402284228997,3.81608721408819,13026.1858988718,2.02624729962296,37970087.0,96.8659028060623,30.6734871058329,0.0828624483893066,0.5712287
POL,Poland,2017,11.1,60.145888199417,2.37812815599278,13695.6452848724,3.06146096477289,37974826.0,100.56589524628,28.8090759581658,1.77020284945432,0.6020499
POL,Poland,2018,15.1,60.0533306480907,3.34803954559233,14551.0850277089,2.71315064903734,37974750.0,102.442462168005,28.8614617242515,1.22699825174134,0.630199
POL,Poland,2019,15.6,59.9626184068963,3.15455649244208,15221.3090624454,0.671601200907606,37965475.0,101.581033817373,28.8315242170352,3.02644690867653,0.6735951
POL,Poland,2020,16.1,59.8738141138092,3.31499059495462,15090.2228440113,0.535468929487005,37515748.0,99.2590912303436,28.5669486213815,4.23859434856777,0.5545247
POL,Poland,2021,15.2,59.8096513205543,5.44306737738578,16368.6239689025,1.03024380772929,36981559.0,110.874283021945,28.4859993432319,5.34023602800748,0.5651963
POL,Poland,2022,,59.8315488048321,6.00626096603428,17303.64494323,,36821749.0,123.021332860345,29.1814824967348,10.689577427514,0.537484
POL,Poland,2023,,59.8859561370214,4.38918673390545,17410.3830137066,,36687353.0,110.024935041815,29.3903798055442,9.86569270234997,0.5055901
POL,Poland,2024,,59.9705468695101,2.24523191798779,18000.5034591285,,36559233.0,100.359442847164,27.2480779716168,3.82894765990332,0.498655
POL,Poland,2025,,60.0853330309371,1.93405687091201,18706.7393120197,,36435861.0,97.0301822542829,25.8365027311178,2.90835386941161,
PRE,Pre-demographic dividend,2010,75.7135622523074,38.6630102635042,2.44826270047984,1413.56297929276,19.3047607555696,751639870.0,,32.1240808648677,6.51200368905668,
PRE,Pre-demographic dividend,2011,74.6528191627611,39.1548370511869,2.67264990097953,1429.48857229998,23.7101842180046,774151525.0,,36.1763358365849,10.0650129672316,
PRE,Pre-demographic dividend,2012,73.1865442433771,39.6620389744185,2.74544476571906,1447.56913413737,21.7792085784659,797555707.0,,35.9531348024184,5.82399948795916,
PRE,Pre-demographic dividend,2013,72.2325804041222,40.1809529696697,1.57799726747967,1490.99576376132,18.5799438983781,821651825.0,,33.9338467824424,3.23350803752567,
PRE,Pre-demographic dividend,2014,72.7170196904253,40.696367549657,1.23141908237649,1523.1979782259,16.1097700034542,845885930.0,,31.9123612092018,1.82208435035417,
PRE,Pre-demographic dividend,2015,73.339891666412,41.1934386147893,2.11992465818712,1526.04099231967,10.9453273410866,869996107.0,,26.5580610958669,2.81854906621635,
PRE,Pre-demographic dividend,2016,72.8428194718611,41.6692983719903,1.12445019417361,1521.02292118899,11.2943531839366,894582467.0,,25.5879007643618,4.0808852538817,
PRE,Pre-demographic dividend,2017,72.7571519329351,42.1481736818509,0.839742731169618,1503.731439286,14.4201462191642,919835947.0,,28.4523909221078,4.64905081962502,
PRE,Pre-demographic dividend,2018,71.906862473446,42.6168705959194,0.568821807760907,1501.77325261054,16.6165854389012,945516605.0,,31.0513581523458,3.86899224361679,
PRE,Pre-demographic dividend,2019,71.4398709500275,43.0478017904088,0.604736697752885,1507.8698553362,13.4351132068063,971459360.0,,28.1005648320844,2.86097901893625,
PRE,Pre-demographic dividend,2020,73.3285283869645,43.4980819386669,0.690037575771265,1407.15348093823,9.08035990234512,997742595.0,,24.1267717362014,2.94224256636319,
PRE,Pre-demographic dividend,2021,,43.966697242761,1.0670681473666,1402.45446054346,15.4305434503705,1024018110.0,,27.2918739976437,6.26959795954944,
PRE,Pre-demographic dividend,2022,,44.4496171500869,0.859976261548176,1430.90365853734,,1050180429.0,,30.5451355326025,8.04664948979492,
PRE,Pre-demographic dividend,2023,,44.944973511523,1.35538662809508,1429.18875247624,,1077143557.0,,28.9489362042855,4.51126298030606,
PRE,Pre-demographic dividend,2024,,45.4428830887567,1.54724743469104,1439.73712111225,,1104843110.0,,29.2755139604233,5.69036859495615,
PRE,Pre-demographic dividend,2025,,45.9503662459409,,1453.96948741356,,1133132223.0,,27.1465199118373,3.9964786317297,
PRI,Puerto Rico (US),2010,0.4,93.7588772214391,,28569.5077088001,0.0,3724465.0,104.153228306599,50.901238345092,2.49409859201761,0.4065467
PRI,Puerto Rico (US),2011,0.7,93.7598202101009,,28706.0207514856,0.0,3693464.0,108.558400106824,49.7847071848309,2.36982635795601,0.5022146
PRI,Puerto Rico (US),2012,0.5,93.7630744424317,,28968.6942131352,0.0,3661045.0,103.311186552821,49.6384574183182,1.17922810900293,0.5744011
PRI,Puerto Rico (US),2013,1.4,93.7698316907305,,29115.3549161996,0.0,3631427.0,104.89224011713,49.2639336261591,1.18201520573919,0.0987437999999999
PRI,Puerto Rico (US),2014,1.6,93.7813071818968,,29141.2038639816,0.0,3585017.0,102.385456504805,49.9339162757282,1.20055487947226,0.6356965
PRI,Puerto Rico (US),2015,1.9,93.7987161428303,,29242.041465085,0.0,3535167.0,108.880634192821,50.9382784121963,1.97754447018805,0.642722
PRI,Puerto Rico (US),2016,1.9,93.8232738004303,,29326.5748761873,0.0,3480432.0,110.274045470098,51.1515123633391,2.22158248433406,0.4983548
PRI,Puerto Rico (US),2017,2.3,93.8561953815964,,29061.5563802711,0.0,3410837.0,113.131649032582,50.2294595444349,2.09140216242223,0.4048918
PRI,Puerto Rico (US),2018,1.4,93.8986961132283,,28808.8518638025,0.0,3290690.0,106.001202479048,50.6557670954584,2.04611568543814,0.3034965
PRI,Puerto Rico (US),2019,2.4,93.9519912222253,,29185.0969964707,0.0,3302691.0,107.571456836722,50.8444120601485,2.41285225696176,0.1081481
PRI,Puerto Rico (US),2020,2.5,94.0116144995587,,28144.713741876,0.0,3281591.0,103.509811317462,50.3169273224611,2.38228345642378,0.3722414
PRI,Puerto Rico (US),2021,2.6,94.0550712597302,,28416.4489370346,0.0,3262731.0,96.7453625315476,50.4804250065303,2.79963990475235,0.4249881
PRI,Puerto Rico (US),2022,2.5,94.1110923054937,,29643.6396279994,,3220148.0,98.2564691765992,48.2233975178249,3.89688603977281,0.3070682
PRI,Puerto Rico (US),2023,,94.1774359275881,,30012.9055109463,,3203794.0,101.657550951677,47.3948264740161,3.31567322527798,0.2902359
PRI,Puerto Rico (US),2024,,94.2539505199436,,30978.7473320338,,3202521.0,94.6225085555605,47.1610117080772,3.09761368006652,0.4382506
PRI,Puerto Rico (US),2025,,94.3404836598892,,31249.7349532154,,3184835.0,90.4580438617492,47.0319339909711,2.32429137101792,
PRK,"Korea, Dem. People's Rep.",2010,11.0,60.307007469148,,,,24987258.0,,,,-0.0471047999999999
PRK,"Korea, Dem. People's Rep.",2011,14.8,60.4836230684404,,,,25097874.0,,,,-0.0333117999999999
PRK,"Korea, Dem. People's Rep.",2012,15.4,60.6781140779735,,,,25211728.0,,,,-0.269017499999999
PRK,"Korea, Dem. People's Rep.",2013,20.8,60.8843063158034,,,,25329451.0,,,,-0.5030753
PRK,"Korea, Dem. People's Rep.",2014,18.5,61.0940947540873,,,,25451262.0,,,,-1.00560579999999
PRK,"Korea, Dem. People's Rep.",2015,22.6,61.3247571174501,,,,25575350.0,,,,-1.0064947
PRK,"Korea, Dem. People's Rep.",2016,24.0,61.5681351428803,,,,25698326.0,,,,-0.4555063
PRK,"Korea, Dem. People's Rep.",2017,10.2,61.8206076091402,,,,25817709.0,,,,-0.3543859
PRK,"Korea, Dem. People's Rep.",2018,11.9,62.0826119807623,,,,25931147.0,,,,-0.275313
PRK,"Korea, Dem. People's Rep.",2019,10.0,62.3542226611578,,,,26037632.0,,,,-0.187036099999999
PRK,"Korea, Dem. People's Rep.",2020,11.2,62.6355140538495,,,,26136312.0,,,,-0.187350699999999
PRK,"Korea, Dem. People's Rep.",2021,14.7,62.926560562457,,,,26232534.0,,,,-0.1983915
PRK,"Korea, Dem. People's Rep.",2022,,63.2274365906829,,,,26328845.0,,,,0.2686785
PRK,"Korea, Dem. People's Rep.",2023,,63.5382165423021,,,,26418204.0,,,,0.3264333
PRK,"Korea, Dem. People's Rep.",2024,,63.8589748211522,,,,26498823.0,,,,0.3220654
PRK,"Korea, Dem. People's Rep.",2025,,64.1897858311258,,,,26571036.0,,,,
PRT,Portugal,2010,27.8,61.0788867241731,3.77376819569615,19698.6836791397,0.219238742769667,10573100.0,67.6892401927983,19.9335310982463,0.782135844537365,0.773195
PRT,Portugal,2011,27.2,61.1410698395502,4.23648756430888,19389.6395896162,0.244908396407978,10557560.0,73.0075756700531,19.3319728029358,-0.260435388033883,0.7839002
PRT,Portugal,2012,25.5,61.1409793914666,7.21535195239496,18679.7626789594,0.259819202336753,10514844.0,75.9411067187813,19.0867583864245,-0.376402176726515,0.8412014
PRT,Portugal,2013,30.2,61.1405315215642,6.43654323197598,18597.7214623964,0.196206023994317,10457295.0,78.0305056874282,18.8830973772949,2.27438670185343,0.7633997
PRT,Portugal,2014,30.5,61.1394537361116,5.43851031792652,18836.8967978906,0.204731493524196,10401062.0,80.220669072079,18.9850440099134,0.724456767129396,0.9403714
PRT,Portugal,2015,27.2,61.137469211538,0.63522205292535,19215.7813014347,0.159709580402046,10358076.0,80.6346756266443,19.5938498258589,1.96244699137272,1.0004341
PRT,Portugal,2016,29.0,61.1343011242723,3.56282992803299,19662.82312462,0.158382699146323,10325452.0,79.5223464844001,19.448178094831,1.8540870315521,0.9588082
PRT,Portugal,2017,24.4,61.1296726507436,5.02041551787587,20364.1962735946,0.191626691576631,10300300.0,84.8077923069539,19.2493833127062,1.53220089864148,1.054818
PRT,Portugal,2018,27.5,61.1233069673808,3.46584287446499,20997.7745987013,0.240667367524237,10283822.0,86.7356954918399,19.3820435381975,1.85237145416053,1.0917404
PRT,Portugal,2019,28.2,61.114927250613,4.5038935303436,21569.1874752919,0.221431953517005,10286263.0,86.7709889083586,18.886083188208,1.83436824863219,0.9941251
PRT,Portugal,2020,31.3,61.1042566768691,1.8141455418251,19778.7139525722,0.200282467054982,10297081.0,76.5086407209215,19.3945333422241,2.10314290097442,0.9830461
PRT,Portugal,2021,32.3,61.0951249296597,3.60836004516304,20747.6990734163,0.291415692065373,10361831.0,85.8735452148975,19.312836959793,2.01977710282455,0.9584396
PRT,Portugal,2022,,61.1259255772782,5.08368921917484,22042.8680283647,,10434332.0,101.364146479435,18.4032428555898,5.32750036102243,0.8869409
PRT,Portugal,2023,,61.2048652633664,3.96325428743124,22417.1634060906,,10578174.0,93.1358537072038,18.7118937244236,7.48763935838595,0.7890296
PRT,Portugal,2024,,61.3281907341332,4.29974090969256,22663.993126225,,10694681.0,89.6615637070518,18.6902857824428,4.86520313456742,0.536927
PRT,Portugal,2025,,61.4953199318985,,22851.1179216572,,10804871.0,86.3988769792664,18.2547743270401,3.92232241246668,
PRY,Paraguay,2010,63.6,59.5122792618786,2.76173378510787,5191.05014254402,2.08299287196264,5737971.0,81.2575233746727,34.603915511052,4.65570138250342,-0.5333587
PRY,Paraguay,2011,62.5,59.693499539898,1.95875255092885,5342.19015717376,1.67187532266737,5814626.0,78.4921238489348,34.0345623930249,5.09571053875749,-0.5668194
PRY,Paraguay,2012,63.4,59.9212909454702,2.61172771954633,5230.26244858764,1.69034010085165,5897008.0,74.7649574560794,34.5140981436431,4.79827587865157,-0.5745262
PRY,Paraguay,2013,62.5,60.2375315600901,1.13236628162492,5583.12274473463,1.6980914846184,5982445.0,73.3698713841075,33.2329249938854,4.33767609515789,-0.6183216
PRY,Paraguay,2014,62.5,60.7101965948157,2.51353754605074,5794.4764468976,1.68579710915118,6069811.0,69.0837249631346,33.608075846478,2.8570064335599,0.0107526
PRY,Paraguay,2015,60.5,61.3302768533263,2.22350808882673,5879.33792308671,1.69931574477657,6159103.0,66.9150655259573,34.5822537534266,1.60388806090694,0.0826536
PRY,Paraguay,2016,62.5,62.0827613208606,2.27032682691816,6041.95879367268,1.89364402448299,6249126.0,67.7593152322047,34.496780321782,4.13475444403026,0.0944783
PRY,Paraguay,2017,60.1,62.9526389826574,1.94681321407537,6243.13363139058,1.68483913659766,6338660.0,71.0801344038377,34.3937589134534,2.15920929174615,-0.0283019999999999
PRY,Paraguay,2018,59.2,63.9248988239553,0.787454987833175,6354.2392005297,1.51126155574886,6427382.0,72.069223625915,33.5561752136371,1.96024819846549,-0.0337829
PRY,Paraguay,2019,60.1,64.9845298299929,1.28022785728037,6243.53620897773,1.37779411178328,6515058.0,71.2221617342433,33.4893114330657,3.06187945458328,0.0355269
PRY,Paraguay,2020,61.5,66.116520986009,0.816723740272233,6109.19608100615,1.68263325547904,6603739.0,62.7602174748561,34.204299221925,2.20392146778615,0.0082817
PRY,Paraguay,2021,58.8,67.3058612772421,1.46244749899002,6276.7748423663,1.34701587848651,6684182.0,69.7320126827159,34.6575397325779,8.43442569815032,-0.0550381999999999
PRY,Paraguay,2022,,68.6396537819458,2.0438895221054,6204.20811531911,,6760464.0,73.8736311444119,34.2842765585823,8.02338931276773,-0.0659073999999999
PRY,Paraguay,2023,,69.3466081733694,2.57700191370443,6452.28566840034,,6844146.0,82.5777252296516,32.86913447472,2.22199983334215,0.00238379999999999
PRY,Paraguay,2024,,69.8622585886961,2.45295029321833,6670.6995656958,,6929153.0,77.0944384539197,32.3182888167723,2.76771558304883,-0.0738359
PRY,Paraguay,2025,,70.3897639855864,2.39525418709854,7028.67868797458,,7013078.0,76.4780703309698,32.321699582823,3.0833854169134,
PSE,West Bank and Gaza,2010,14.1,83.8853491139676,1.85860711452246,2927.08101953403,0.0,3786161.0,68.4976501575169,18.6262459329649,13.1963162481764,-1.76941969999999
PSE,West Bank and Gaza,2011,15.4,84.2340950604341,2.13515604683715,3128.10811061384,0.0,3882986.0,67.2495329024414,18.9342129964867,5.41982473738784,-1.8788223
PSE,West Bank and Gaza,2012,12.2,84.5465135943222,0.515918270255689,3237.91619995789,0.0,3979998.0,66.9293273483831,20.2360669702828,2.86773402643237,-1.9475989
PSE,West Bank and Gaza,2013,11.7,84.8178459889593,1.40253913684002,3309.63120243098,0.0,4076708.0,66.2713181162369,18.5586918722948,5.7383714378646,-1.8005748
PSE,West Bank and Gaza,2014,10.8,85.0433335176723,1.14163752860063,3227.84934482645,0.0,4173398.0,67.7398371659149,17.9717935338142,3.67222811544951,-1.67333699999999
PSE,West Bank and Gaza,2015,11.0,85.2182174537886,0.751035803856381,3272.15432360708,0.0,4270092.0,70.7809681944405,16.4252383269875,-3.70701301671946,-1.7310474
PSE,West Bank and Gaza,2016,12.3,85.3377390706351,1.92447798073354,3483.09903532972,0.0,4367088.0,65.4225141833383,17.2627779869396,1.27802248372888,-1.69362899999999
PSE,West Bank and Gaza,2017,10.5,85.3782255354,1.14056698202946,3462.97986107136,0.0,4454805.0,68.4486607142857,19.2317708333333,3.22541499220273,-1.3682541
PSE,West Bank and Gaza,2018,12.7,85.5351131070872,1.29446294401352,3417.79440837962,0.0,4569087.0,71.4012754506469,19.2841256773528,-0.301992725159963,-1.46491939999999
PSE,West Bank and Gaza,2019,13.9,85.8136174183656,0.769720046510608,3378.4346209191,0.0,4685306.0,68.9934922812035,18.4328946216476,3.84946930147241,-1.523121
PSE,West Bank and Gaza,2020,15.0,86.0741183743925,0.513433766585376,2922.46801084844,0.0,4803269.0,67.2881912475775,17.0283999819724,2.22090183339058,-1.7401966
PSE,West Bank and Gaza,2021,15.4,86.334956387337,1.95194132723981,3051.48607007995,0.0,4922749.0,73.0835496162129,17.6851289414104,8.95397174062261,-1.6333144
PSE,West Bank and Gaza,2022,15.4,86.5961423216016,1.62179695015304,3099.9609010368,,5043612.0,82.3949283869453,17.3927108606611,1.68265652739991,-1.5318512
PSE,West Bank and Gaza,2023,,86.8576870415886,0.555593283570762,2997.22694077849,,5165775.0,76.173457614931,16.6728378168081,-1.81291980043238,-1.619148
PSE,West Bank and Gaza,2024,,87.1196014117004,1.01253497329187,2258.20698667764,,5289152.0,74.5880913285342,16.2522086046613,11.4171526570956,-1.8763518
PSE,West Bank and Gaza,2025,,87.3818962963393,1.9212691698858,2302.14814699878,,5413596.0,74.7604429402753,,2.71861553096507,
PSS,Pacific island small states,2010,29.6785326086957,37.0835259513667,6.33867888826998,3443.97974761278,3.30914425021073,2289399.0,108.4842245744,14.9334812934896,1.49052200334019,
PSS,Pacific island small states,2011,31.4028947368421,37.2915597502513,5.75797713638489,3527.86024214419,3.82634514226515,2320899.0,113.221074643064,15.8746974882805,1.99868992907571,
PSS,Pacific island small states,2012,31.2037135278515,37.5021404218298,5.43667830741741,3517.62486668208,4.10439890552928,2351924.0,114.390783134003,15.3279938111007,4.28459781006418,
PSS,Pacific island small states,2013,31.0864532019704,37.7261145063194,5.19809521129116,3584.67594496285,3.40995083468814,2382931.0,114.122728521592,14.6312188290459,2.34629009874605,
PSS,Pacific island small states,2014,31.2214953271028,37.9658622454185,5.59705995421959,3664.67145222981,3.68394760773797,2414338.0,105.458447205918,14.120996473755,3.28528327187396,
PSS,Pacific island small states,2015,31.3321759259259,38.2258875864973,3.85013241922046,3761.06673610832,3.01420654536378,2445989.0,99.3961792263783,14.2120900194912,3.35764066417947,
PSS,Pacific island small states,2016,28.8504854368932,38.5106153371305,6.01982516252297,3851.98445284976,2.68117103036878,2477794.0,95.963446575804,14.8338075828295,2.97355305311282,
PSS,Pacific island small states,2017,28.9891402714932,38.8043513180851,5.20105538722756,3950.29303336273,4.02097614049892,2509999.0,94.5921922530943,14.5648666270393,2.57696915690993,
PSS,Pacific island small states,2018,27.3537444933921,39.0330726122061,6.06905860602387,4006.76552928832,3.99671117189388,2542009.0,98.125759164639,14.2607430644168,3.99854350151341,
PSS,Pacific island small states,2019,27.3889848812095,39.2708800377762,4.367535269857,4011.32445225678,3.53448950845598,2568656.0,102.576795339028,15.0938378092692,-0.307833387791391,
PSS,Pacific island small states,2020,29.425845410628,39.4509108653665,3.8017876477273,3563.03524602951,3.87804958047881,2595522.0,77.822496086836,15.4954817020972,1.22225156843744,
PSS,Pacific island small states,2021,,39.6583318985728,5.77793251936929,3430.07442035851,4.0665361751726,2625493.0,79.8740108393576,15.109790953558,2.03758861131405,
PSS,Pacific island small states,2022,,39.9427900823495,2.23468693824072,3673.22544665674,,2656049.0,100.616717744541,15.0119739150524,5.37684417785252,
PSS,Pacific island small states,2023,,40.2526358335376,2.57602026676947,3890.39488708922,,2689224.0,109.830148087361,15.0674787559719,5.4881901840749,
PSS,Pacific island small states,2024,,40.5632799632706,2.88687853499504,3983.82503549085,,2722467.0,107.346037482762,15.2354019219721,6.10727357070493,
PSS,Pacific island small states,2025,,40.8754719242034,,4066.49584705243,,2755649.0,,,2.95985755940733,
PST,Post-demographic dividend,2010,9.8170711241403,79.8703220718842,2.30078794357052,38308.9980746451,0.893877714914706,1076208648.0,54.4043851256707,22.5620943389093,1.19148459088331,
PST,Post-demographic dividend,2011,10.3374053454359,79.979849594125,3.05006071489951,38818.0285097988,1.11877934826518,1079468050.0,58.3402073628305,22.5407683299247,1.87369855330753,
PST,Post-demographic dividend,2012,10.855740352061,80.0815323364536,2.32105961927759,39139.8614954799,0.794491874314733,1084193277.0,58.6786585491005,22.3314877875779,1.53562945109243,
PST,Post-demographic dividend,2013,11.3357713927499,80.1971413336001,2.41110316806305,39581.7331829371,0.772809934470909,1088423167.0,58.3350337514479,22.0616938325014,1.34203872074593,
PST,Post-demographic dividend,2014,11.6687849102506,80.2993772705531,2.06943698543187,40234.9561373078,0.681935757160993,1093024476.0,58.1583291449941,22.0517861020878,1.37890832225339,
PST,Post-demographic dividend,2015,11.8425604176608,80.4010549473574,3.6308901590552,40960.9089975197,0.329184060161551,1097889139.0,56.5047321015269,21.5235367296909,1.40954941587128,
PST,Post-demographic dividend,2016,12.0622071586832,80.5121378696177,4.14999286850431,41508.8826356411,0.355121584833789,1102965925.0,54.8892265401051,21.254624560247,0.968897449605109,
PST,Post-demographic dividend,2017,12.4846381438532,80.5730252146896,3.04563643659264,42376.9506490702,0.489278348182542,1107159559.0,56.8542093440197,21.4956910912468,1.88698336144286,
PST,Post-demographic dividend,2018,12.8576178839564,80.6405983623246,0.592512843339218,43192.4790062502,0.625464140637216,1111104033.0,58.1259195879656,21.6071524313516,1.91751388994078,
PST,Post-demographic dividend,2019,13.2726556995631,80.7012981435582,2.14052855693214,43829.7166795611,0.600691568075328,1114895817.0,57.1581640584494,21.2748047501643,1.99743996305741,
PST,Post-demographic dividend,2020,14.4278548426441,80.7390351837835,1.11299703964754,41980.2062171255,0.439867428597175,1117003860.0,52.5392087365205,20.7192380828296,1.7781103256301,
PST,Post-demographic dividend,2021,,80.8170398426815,2.60615589386332,44440.6342345946,1.30772431307563,1116578102.0,56.99335205027,20.980664728678,2.72859685397275,
PST,Post-demographic dividend,2022,,80.9329132113806,2.06810516770972,45677.3513142375,,1117420833.0,64.0136764662262,,6.34928577127887,
PST,Post-demographic dividend,2023,,81.0611822262698,0.853044790031708,46338.3245846606,,1121263972.0,59.8589012445174,,6.26485756543917,
PST,Post-demographic dividend,2024,,81.155010735299,1.48431343765895,46868.8115104791,,1128299339.0,58.8537356684392,,3.33822233054515,
PST,Post-demographic dividend,2025,,81.2440377612744,1.28404732762631,47461.8746538614,,1132621782.0,,,2.98416170074209,
PYF,French Polynesia,2010,7.5,60.7610223950988,1.05647287708659,19913.0252687915,0.00376946842807292,270580.0,54.0438821122259,11.0986590055797,-0.287103184096253,
PYF,French Polynesia,2011,6.9,61.2717342597741,2.15733093027309,19241.6437951625,0.00445979228108619,271727.0,56.2319854247632,10.6655686354141,0.0398540381661689,
PYF,French Polynesia,2012,6.6,61.5286539604592,2.58568836654249,18968.4422157904,0.00440591554696973,273084.0,57.8806819793666,10.8171081124528,0.346766937067926,
PYF,French Polynesia,2013,6.5,61.6130486661995,1.64472839380472,18930.1268887012,0.00393738902973948,274728.0,56.0619675585513,10.61847623722,2.09042696818406,
PYF,French Polynesia,2014,7.4,61.6824807401268,1.00664512234416,18928.1858620128,0.00535731271800958,276387.0,56.2324578944225,10.7946268451445,1.36123772707739,
PYF,French Polynesia,2015,7.8,61.7374742154907,0.488319553216919,19166.9594761931,0.00480407187747372,277866.0,55.6304686354336,10.8248430549639,1.8216153646875,
PYF,French Polynesia,2016,8.1,61.7744381369651,1.11959443206211,19516.0718353276,0.00509988947957939,279178.0,53.6164949427793,10.6679176130323,1.12947790218716,
PYF,French Polynesia,2017,8.1,61.7896941062846,1.54351459172254,20287.7685831663,0.00585109251958065,280087.0,54.5776905038178,10.3548389714295,-0.301253737739358,
PYF,French Polynesia,2018,7.7,61.7888025236875,0.0967844740802214,20674.4206829029,0.00356522146444518,279815.0,65.0146628512067,10.2875467388464,-1.17878733412931,
PYF,French Polynesia,2019,7.7,61.7824142427508,0.21140096510623,21289.8751241139,0.0033458094981088,279034.0,63.3061124024003,10.6834624276376,0.832708865579917,0.9033343
PYF,French Polynesia,2020,8.2,61.7673100921,-0.279061107774017,19026.790444196,0.0040573140478639,279209.0,45.8331834386023,10.646123379638,1.69139105878146,0.9517964
PYF,French Polynesia,2021,7.4,61.7399813226008,-0.427435261380748,19626.2332540206,0.00357012625688161,279792.0,52.9788183937695,,0.228505183137401,1.0386429
PYF,French Polynesia,2022,7.0,61.6913806937112,-0.168607958150952,20160.4994298379,,280378.0,69.5264023221442,,2.48931002780384,1.0479309
PYF,French Polynesia,2023,,61.6967135028569,-0.105843018626247,20664.9770259225,,281118.0,71.672203765227,,3.28300669091963,1.049441
PYF,French Polynesia,2024,,61.7191984724331,-0.219284661446365,20846.6514059991,,281807.0,64.4688665693732,,1.849602698602,1.0303397
PYF,French Polynesia,2025,,61.7583766473831,,,,282465.0,,,,
QAT,Qatar,2010,0.1,98.5066232166665,3.73261315829573,74271.9022959058,32.4299374160987,1616832.0,86.0703268232169,68.1070162149107,9.60105786597229,1.1765666
QAT,Qatar,2011,0.1,98.6300610210909,0.559389030984015,83533.4963791019,36.7182426077088,1624761.0,98.7216351018991,73.2142681700731,18.6404271440852,1.0908808
QAT,Qatar,2012,0.0,98.7428010471968,0.21188872224358,82441.7405083009,35.1062400831471,1722438.0,105.746343435217,73.4691607623801,6.43542332039127,1.1565419
QAT,Qatar,2013,0.0,98.8357621827901,-0.422882595917482,77379.6735599552,32.063390113225,1916426.0,102.383208106327,71.7682513257109,1.85335269260167,1.1121079
QAT,Qatar,2014,0.0,98.901627838826,0.504491036758769,71756.0649338302,27.6978144663127,2151745.0,99.0343747414317,69.7579474572513,-0.332924251850741,1.1056965
QAT,Qatar,2015,0.0,98.9382407681154,0.662099304441699,68985.2946961507,19.0641343344092,2344557.0,93.7076041736357,57.4407932011631,-25.1298074959928,0.9673463
QAT,Qatar,2016,0.1,98.9855265345423,0.510044137883475,67294.4585771356,15.9817678598717,2477113.0,89.5476001199351,53.2052600553192,-8.97669905751843,0.8292355
QAT,Qatar,2017,0.1,99.0310125265978,0.612038723345893,64497.6987225375,18.8986723864413,2545820.0,91.4945879195194,56.6879653169453,7.78756965604812,0.8357284
QAT,Qatar,2018,0.0,99.0755684762244,-1.19249695201383,64410.8171280981,23.9995278669173,2580734.0,91.838448978201,60.3815234948425,12.4144035260003,0.8707185
QAT,Qatar,2019,0.1,99.1191696672067,-1.59472537643955,63430.4607609581,22.3739866660968,2638657.0,90.0463755485388,57.1645660780351,-4.45591420530452,0.882266
QAT,Qatar,2020,0.0,99.1617913833034,-1.68550858988767,57769.604104354,20.2259593186526,2794148.0,90.0190948833102,52.333430723643,-15.1004203155136,0.8905079
QAT,Qatar,2021,0.0,99.203408908243,-0.608353846418717,65488.5117911123,27.2897873992471,2504910.0,92.7791585715125,59.9840087955078,22.4660221294737,0.9259515
QAT,Qatar,2022,,99.243997525719,0.0322850616403459,64315.6263643699,,2657333.0,100.213647199618,65.3488994932063,25.8769173694679,0.9163182
QAT,Qatar,2023,,99.2835325193835,-0.222614821674707,65111.033321485,,2656032.0,,60.3680507871752,-10.693481450613,1.0147153
QAT,Qatar,2024,,99.3219891728394,0.212749202349259,62395.3113297112,,2857822.0,,58.7650131078911,-1.51708033159748,0.9511752
QAT,Qatar,2025,,99.3593427696312,1.40702006150615,61734.692881084,,2972215.0,,57.0431932218338,-3.15002110419772,
ROU,Romania,2010,24.1,53.9038227941329,1.88971859139686,7660.70667630517,1.71353438994212,20246871.0,69.9549354932718,38.3073286489437,5.93211185989944,0.1933713
ROU,Romania,2011,21.1,53.9608874244169,1.23042689104897,8044.57194920892,2.28817644873145,20147528.0,76.271356441629,40.2099159620935,3.98254945792303,0.1207194
ROU,Romania,2012,21.5,53.9563092496073,1.70143772893217,8234.28553425194,2.18833144039798,20058035.0,76.5943239913672,34.4276463515754,3.81023942192328,0.0478106
ROU,Romania,2013,23.1,53.9101758034365,2.03100513989555,8287.95844089676,1.87595138869643,19983693.0,81.3976131747183,32.072608504292,1.39458661535372,0.143861
ROU,Romania,2014,24.3,53.8267187624053,1.9372882717301,8661.47397274241,1.51017281377838,19908979.0,83.3751429575201,32.5700211539755,1.71417093292732,0.2061238
ROU,Romania,2015,23.7,53.7071839518893,2.42725822119064,8977.01748158196,0.975979399576012,19815616.0,83.5205767017155,30.811807082352,3.26453494332559,0.3468551
ROU,Romania,2016,24.4,53.5528171972639,3.37417569649644,9286.87678236598,0.688993508362941,19702267.0,85.8925282906884,30.1213847463155,2.61991857394388,0.3246759
ROU,Romania,2017,23.4,53.3648643239046,2.8327307446025,10106.2269557253,0.884924035595192,19588715.0,87.1560645667801,29.1130933187854,4.65130664700149,0.1382404
ROU,Romania,2018,23.0,53.1445711571868,3.03714660753952,10714.1701157127,1.07026334712177,19473970.0,87.0911701095809,29.1075109238852,6.18205429510977,0.1435505
ROU,Romania,2019,23.5,52.8931835224862,2.94522918789332,11197.3162915853,0.798252105262357,19371648.0,84.9063630584793,27.7745670712094,6.96708718391783,0.64527
ROU,Romania,2020,24.1,52.611947245178,1.43737626680298,10854.049431887,0.508984051380759,19265250.0,78.3616463562709,26.6218787803176,4.10704737847854,0.6180826
ROU,Romania,2021,23.6,52.2321512130811,4.12832844182863,11546.3224998072,1.144376067244,19122059.0,87.0711965460145,26.2049211165386,5.60376567562626,0.6671952
ROU,Romania,2022,,52.1634832477272,3.88649421607456,12076.3033811896,,19048502.0,93.9496509383447,27.5991771762168,12.051275290788,0.5499041
ROU,Romania,2023,,52.1645747011867,2.50426860654842,12340.8170509969,,19061062.0,83.3753324062231,27.0872143657574,12.3522995042078,0.4983587
ROU,Romania,2024,,52.1674778928768,1.87134949618788,12459.9112061891,,19051804.0,77.2149837939003,25.2544803034454,9.58453804755844,0.1588848
ROU,Romania,2025,,52.1728885041698,2.18672174987663,12565.1650433306,,19020271.0,76.214786342907,25.3444039931228,8.20375528065679,
RUS,Russian Federation,2010,3.3,73.6696307887624,2.8308286983175,8755.1201171875,13.6767287816453,142849468.0,50.3555054872589,29.999588218512,14.1911095688207,-0.712889099999999
RUS,Russian Federation,2011,3.2,73.8534851074219,2.69236118071968,9120.8203125,16.2675600700583,143018195.0,48.0353994077919,29.4135888378747,24.4600860617544,-0.940576499999999
RUS,Russian Federation,2012,3.2,73.97265625,2.29079869889368,9464.0107421875,14.293372457197,143378447.0,47.1513903857957,29.102868072666,8.90786842118136,-0.9015976
RUS,Russian Federation,2013,3.6,74.0762949770228,3.01940211363344,9601.537109375,12.799885012616,143805638.0,46.287149400499,28.1912891799352,5.32013887194449,-0.8279576
RUS,Russian Federation,2014,3.3,74.1776476748791,1.0698764102333,9493.8125,12.4271978897589,144237223.0,47.8013412628116,27.9315270606099,7.4900711173524,-0.6996599
RUS,Russian Federation,2015,3.2,74.275919065527,0.502607961400285,9277.7138671875,9.761666714108,144640716.0,49.3593493116887,29.7940599874349,7.24973590747346,-0.7905888
RUS,Russian Federation,2016,3.4,74.3703138709243,2.54849998807899,9269.3173828125,8.19418914130003,145015460.0,46.5181198396096,29.1739050669208,2.84424213964709,-0.7684605
RUS,Russian Federation,2017,3.2,74.460036813029,1.81409297475419,9418.99609375,9.71546623895349,145293260.0,46.8765243371311,30.6732968853437,5.34886821073218,-0.5386198
RUS,Russian Federation,2018,3.2,74.5442926137992,0.530060790633169,9674.787109375,14.4734868157828,145398106.0,51.5809003703964,32.5542980530841,9.99894458061645,-0.3681038
RUS,Russian Federation,2019,3.2,74.6222859951926,1.88851731564914,9882.0244140625,12.2071140110196,145453291.0,49.2287536619033,32.1504958365379,3.26313281834219,-0.3986491
RUS,Russian Federation,2020,3.7,74.6932216791674,0.634851184443604,9632.3251953125,7.58812544004463,145245148.0,45.9669082029127,29.7171245814295,0.898246022973439,-0.5068977
RUS,Russian Federation,2021,3.5,74.7516840220252,2.21136527873962,10231.318359375,18.5109394363314,144746762.0,50.5861954621752,31.7859991548592,18.2091007440476,-0.5061895
RUS,Russian Federation,2022,,74.8544893625017,-1.73614086534944,10119.115234375,,144236933.0,42.7663082313349,32.1981219809717,18.2296132017855,-0.740939599999999
RUS,Russian Federation,2023,,74.9805047873279,-0.490895490828941,10560.4658203125,,143826130.0,41.3395116492933,30.7976211679525,6.65888697432216,-0.8184163
RUS,Russian Federation,2024,,75.1119136177067,-0.427643327459558,11092.6337890625,,143669648.0,39.4184058815423,31.3886729791556,10.6528462305427,-0.903284699999999
RUS,Russian Federation,2025,,75.2506636608215,0.895273062759947,11216.2451171875,,143513328.0,33.7100508676248,29.673447748303,4.85205314544395,
RWA,Rwanda,2010,90.5,16.9255580310614,3.57208683219563,579.419162804581,6.48655252910732,10317553.0,37.7415245466166,16.5245338051269,3.25947206816244,-0.2188587
RWA,Rwanda,2011,89.7,16.9323586881273,1.64828569312654,610.376236415572,6.99565680326328,10573733.0,40.1597511764349,18.3874761244512,7.17948234087469,-0.3008288
RWA,Rwanda,2012,88.8,16.9410248882148,3.56791329338291,647.436613845487,6.39423290634701,10829901.0,41.081185425557,18.4620756532774,4.63069389798191,-0.2583623
RWA,Rwanda,2013,88.5,17.0742206053612,3.03027485323662,661.893969452494,6.50475580749802,11093340.0,43.260980041775,17.8582103688638,2.6167734041515,-0.309006499999999
RWA,Rwanda,2014,88.0,17.5020716539756,3.86221109540585,682.709499066795,6.4521550362679,11364757.0,44.4828257252622,17.7866580515786,5.25733008568992,-0.1267104
RWA,Rwanda,2015,86.3,18.1953149858416,1.91881841411753,725.691418696952,5.77813915585401,11640022.0,45.7348675761767,17.646380467203,0.667917862132981,0.0986635999999999
RWA,Rwanda,2016,85.5,19.1213951786548,3.25408209196111,748.798132068173,5.99862102587479,11919183.0,50.08973657056,17.0298263869752,5.3396658156171,-0.0457773
RWA,Rwanda,2017,84.5,20.2477568101111,2.99013161776386,765.845359390541,6.01492971463291,12202060.0,54.2079656602139,17.4511150472023,7.54200621124477,0.094453
RWA,Rwanda,2018,82.8,21.5418444579064,3.79467565710856,808.704812752127,4.71387568610559,12487996.0,47.9830578657248,17.5630583877926,0.898383539275144,0.1598446
RWA,Rwanda,2019,81.8,22.9711026997362,2.50181125622142,863.872077583172,3.81709032313618,12776103.0,48.892715033759,19.2240401187369,4.17530544148619,0.121607
RWA,Rwanda,2020,81.7,24.5029761132966,1.45524928576719,821.257133282758,4.10481845130795,13065837.0,44.3511840604967,19.1415388692569,7.55084479337765,0.1600853
RWA,Rwanda,2021,79.4,26.1049092762833,2.07399909664917,871.041835304187,4.01723634071877,13355260.0,59.8007993935018,21.1980328228289,3.73462555543675,0.115233
RWA,Rwanda,2022,79.9,27.7806702737761,2.21934152301495,935.89483254264,,13651030.0,60.9591709408266,21.7535065322494,15.9287208987392,0.0294569
RWA,Rwanda,2023,,28.8555310645477,3.09083144958541,993.911004643524,,13954471.0,66.8925839339472,21.4768679680262,11.7097461746956,0.0380223
RWA,Rwanda,2024,,29.8849714294083,3.79145567191588,1043.15961499906,,14256567.0,71.6868069548772,22.0688127135735,8.14352315663311,-0.0436888999999999
RWA,Rwanda,2025,,30.9133840928162,,1116.46998633814,,14569341.0,56.673349749538,22.0436113418384,7.35070833894682,
SAS,South Asia,2010,38.1566630116378,30.9636904041139,1.57694747954578,1222.51823005713,4.14081558048884,1444967010.0,48.318869674409,30.1141518294296,9.42649663538977,
SAS,South Asia,2011,36.8092713088936,31.3499145522495,1.91950208928278,1272.07513801273,4.84942629055164,1464372623.0,54.7819122940773,29.6069218823497,8.8068924132757,
SAS,South Asia,2012,36.3851888844937,31.6728581018008,1.30544520828161,1326.51107387395,3.69319465194819,1483553073.0,55.002840478453,29.0057872672222,8.04948057709725,
SAS,South Asia,2013,36.6107558472827,32.0003773282425,1.52261906716029,1392.20217832083,3.32846307746969,1501661991.0,53.1281840147581,28.1675334188628,6.49389713238257,
SAS,South Asia,2014,35.5096522398152,32.3195810824512,1.65285180135007,1475.21676492149,2.56301669224213,1519839246.0,48.7343658963128,27.4984024303372,4.8972126276205,
SAS,South Asia,2015,34.8834168535168,32.6380348100917,1.98287661712255,1570.54142452744,1.63866841754404,1537370078.0,42.3320491860179,27.2213156083706,3.80941135387052,
SAS,South Asia,2016,34.2074772429003,32.9532139923473,1.80131482405723,1676.35409771736,1.58568533736593,1555111864.0,39.793803445458,27.0437625987848,4.74606735606073,
SAS,South Asia,2017,33.5888874710393,33.2643876230047,1.4235163938818,1770.26291313502,1.79018456265595,1572520427.0,40.3089858984264,26.9539492633397,4.69861577035089,
SAS,South Asia,2018,33.8834998158718,33.5735795082406,1.48107709058225,1863.72112635371,2.00324012469638,1589164714.0,43.1541039748074,26.933539765976,4.08977323260189,
SAS,South Asia,2019,34.4293579877468,33.8860664509609,1.63995853913608,1920.39706306333,1.7952813828694,1605412986.0,39.8164418526697,25.4550715857129,3.38307296288543,
SAS,South Asia,2020,36.8864659122341,34.2000653894608,2.10813560822859,1806.99045379049,1.58063875870192,1621073417.0,36.9884537737575,25.9763909804387,3.5292328591457,
SAS,South Asia,2021,,34.5086968655354,1.28837189003887,1957.51785298129,2.76936071804782,1634785356.0,44.0145414114752,27.1503504984263,7.19536279695099,
SAS,South Asia,2022,,34.8137520955194,1.38823966135857,2079.70096039385,,1648009565.0,49.3870182903706,26.5184579070557,5.42193852431457,
SAS,South Asia,2023,,35.137165500664,0.76402916443698,2201.34248982502,,1662580579.0,45.1297122216899,26.3661190431656,5.07631110317609,
SAS,South Asia,2024,,35.462858724308,0.688426080435094,2329.35958665331,,1677384532.0,44.3926979482562,25.9488781196237,3.80361568402666,
SAS,South Asia,2025,,35.7927050201319,0.927916174520209,2473.37479516024,,1692252900.0,44.6187059771453,25.9386193820479,3.22406406074013,
SAU,Saudi Arabia,2010,0.0,82.0791668544465,0.923670092367435,21830.1424272816,38.8834681571132,23978487.0,82.5496850227537,58.0314401714882,17.19132715029,-0.295186399999999
SAU,Saudi Arabia,2011,0.0,82.2543876159947,0.688133631504519,23314.5576023168,50.2036438017781,25091867.0,84.3594342438995,63.0803869808085,15.3040052686061,-0.512941299999999
SAU,Saudi Arabia,2012,0.0,82.4311918025358,0.669626013751334,23643.0358324647,48.5007097596571,26168861.0,81.74067854616,61.9428982819125,4.45127893899043,-0.5972185
SAU,Saudi Arabia,2013,0.0,82.6071884619102,0.437984195574321,23057.3494468535,45.530927478843,27624004.0,80.2515014286783,58.9702568849547,-0.557375756926916,-0.660277
SAU,Saudi Arabia,2014,0.0,82.7822571294871,0.191711517264834,23404.7306039825,41.3384300115975,28309273.0,78.000111117736,56.1653404810043,-1.69629054707285,-0.308626499999999
SAU,Saudi Arabia,2015,0.0,82.9562773406163,0.572622097928938,23256.1549553531,24.8553045322483,29816382.0,67.1052692300592,44.6011697093878,-15.826929193662,-0.4683535
SAU,Saudi Arabia,2016,0.0,83.129128630626,3.18518611850268,22783.0328538685,20.7349959872418,30954198.0,57.9216635110364,42.5305962013279,-2.26181980307467,-0.5059085
SAU,Saudi Arabia,2017,0.0,83.300690534822,0.136801407151884,23035.1199977707,24.4865557580774,30977355.0,59.5319791578229,44.8899324686986,6.28576392488583,-0.667506399999999
SAU,Saudi Arabia,2018,0.0,83.4708425884849,1.36945683303735,24393.5188306638,29.2707418122277,30196281.0,59.1029104697141,49.0147439495304,15.8625882829175,-0.5983975
SAU,Saudi Arabia,2019,0.0,83.6394643268678,0.346411455797861,24905.6697428558,25.453167735458,30063799.0,56.7938204886513,45.7234459871756,-1.36673070628761,-0.5528727
SAU,Saudi Arabia,2020,0.1,83.8064352851942,0.211115523412857,22827.671935548,17.3184270283149,31552510.0,47.533159225048,38.3004545080469,-10.1884717880763,-0.5528267
SAU,Saudi Arabia,2021,0.1,83.9716349986538,2.8850612174452,24922.6716948944,25.5652418188141,30784383.0,50.8839263398787,45.957331100123,20.12699452585,-0.4672131
SAU,Saudi Arabia,2022,,84.1349430023993,2.1556449627378,26706.917926066,,32175224.0,56.8241647749332,53.1237705884733,12.5832067060847,-0.3617761
SAU,Saudi Arabia,2023,,84.2962388315415,1.87130991298946,25634.8237547841,,33702731.0,55.7974682325487,47.6052986491653,-2.18442485707621,-0.2452065
SAU,Saudi Arabia,2024,,84.4554020211443,1.70136894275871,25123.0122060281,,35300280.0,56.4049374147889,45.1706857794595,0.261941556781764,-0.048171
SAU,Saudi Arabia,2025,,84.6123121062185,2.55517254024168,25066.008744098,,36973555.0,57.9182238579808,42.9716932273246,-2.56866456586341,
SDN,Sudan,2010,61.3,32.7174026591513,3.50004539535845,1311.22314453125,11.9428584964653,35414399.0,32.728309950035,20.4000000028071,22.6694192116219,-2.4305404
SDN,Sudan,2011,63.7,32.9059760141986,3.15234852962884,1388.21813964844,16.7759073133375,36140806.0,27.512339023518,20.3999999944516,26.3283499650477,-2.3438684
SDN,Sudan,2012,63.7,33.1425561614901,6.14212434699966,1288.25854492188,6.64669345938477,36923178.0,21.8561745247301,20.4000000003543,30.1285931395558,-2.3155934
SDN,Sudan,2013,64.3,33.4264777958103,3.92312074519106,1283.45922851563,7.51778871746273,37785849.0,26.8585245020134,21.1000000025472,36.4286291176933,-2.2572174
SDN,Sudan,2014,63.7,33.7624582408117,2.52698516017578,1307.3896484375,5.17423775201674,38823318.0,20.8451090041313,16.0000000018153,34.0669855189111,-2.2236606
SDN,Sudan,2015,61.9,34.0914394628597,3.34135261447755,1292.37963867188,2.97569090164715,40024431.0,18.3782728546541,15.4000000002734,14.0225574392301,-2.0365601
SDN,Sudan,2016,58.9,34.1881958841213,2.49532759301928,1297.15454101563,2.74050635867162,41259892.0,15.2816698903461,16.9000000015638,20.6855877306245,-2.16225439999999
SDN,Sudan,2017,59.4,34.2872225663509,2.58043876395005,1261.87353515625,2.48029512284545,42714306.0,17.8313898297102,17.2999999991349,34.6223707315316,-1.9473364
SDN,Sudan,2018,59.8,34.382054222005,3.51269523880448,1185.94445800781,6.14770644131694,44230596.0,21.8679187274323,20.6999999991489,55.9753254437569,-1.71645009999999
SDN,Sudan,2019,59.4,34.4727685824236,2.55226968828806,1126.55297851563,8.25976911220096,45548175.0,26.1196204552625,21.7999999999489,51.9788933465452,-1.65533209999999
SDN,Sudan,2020,62.6,34.5594433789246,2.65193447042229,1056.86474609375,9.29265238055366,46789231.0,9.95514507626151,21.5,115.65291501439,-1.3881394
SDN,Sudan,2021,61.0,34.6421563427994,1.52754029838982,1009.54888916016,12.7502116848016,48066924.0,4.12754863828426,22.5000000000373,235.515443582343,-1.7826483
SDN,Sudan,2022,,34.7209852053086,1.11000421594226,973.225280761719,,49383346.0,2.69883443585856,22.2,116.874075405794,-1.92571989999999
SDN,Sudan,2023,,34.7960076976764,1.37399372870934,677.723205566406,,50042791.0,2.47372878267665,28.3364187359122,29.6896694787435,-2.0604154
SDN,Sudan,2024,,34.8673015510839,,578.38916015625,,50448963.0,1.99541210225008,23.1519847472415,243.907255463901,-2.0243381
SDN,Sudan,2025,,34.9349444966605,,582.114074707031,,51662147.0,2.38193028387697,33.649840671597,65.9098699865357,
SEN,Senegal,2010,49.5,43.6371785059692,1.68778336701059,1153.53431121583,2.97597316384999,12635413.0,52.4578551962948,21.7761763055679,1.60441579019933,-0.432497199999999
SEN,Senegal,2011,48.0,44.0689668509475,1.90106996405963,1139.74447892639,3.6495940769705,12958897.0,57.5768785989578,23.3061329625455,3.85747038355476,-0.333963
SEN,Senegal,2012,49.6,44.5359772452989,1.56368019565039,1154.05677992367,4.86398118749562,13310495.0,61.9753040040375,23.1117975253125,3.27411157616761,-0.1570391
SEN,Senegal,2013,42.7,45.0398750539456,1.64581763022307,1147.3859217191,3.42436224964169,13710849.0,60.6267663596737,24.294212523467,1.18613046995503,-0.0972566
SEN,Senegal,2014,42.5,45.6020905341588,2.03613121185767,1180.7987108505,3.1569476524477,14152102.0,58.4425289760992,23.1526032786161,-1.51585973451603,-0.0890915999999999
SEN,Senegal,2015,39.1,46.2747669629858,2.30194934655844,1218.00613555438,3.47911885653568,14593331.0,58.1103376742017,23.586664319394,1.06978461964601,-0.0746024
SEN,Senegal,2016,36.7,47.0553579909929,2.48110320660753,1257.40906916238,3.9796411050175,15034521.0,54.1081692072139,23.3440535101312,0.955649519839767,-0.222101599999999
SEN,Senegal,2017,36.8,47.9338349639053,2.80606270309874,1312.10932775878,3.21232528542185,15475002.0,57.8165678119905,23.3126616353809,0.448025512035443,-0.1422197
SEN,Senegal,2018,34.2,48.9001692274485,3.6676580901097,1355.09610863533,2.88655464408866,15914498.0,61.7898394793183,24.0134453886227,-0.690687465440647,-0.1420966
SEN,Senegal,2019,36.2,49.9443321273477,4.55247618583033,1379.60875249843,2.75988310568798,16352922.0,64.2362506061005,23.5728096206578,2.08580185169056,0.0630715999999999
SEN,Senegal,2020,38.7,51.0562950093282,7.52395708111684,1361.7914374888,2.86963190075436,16789219.0,60.0468716137065,23.2090411645804,1.60273383027116,-0.0271012
SEN,Senegal,2021,35.4,52.2260292191155,9.40426405095026,1414.53951093499,4.40159712005452,17220867.0,69.3759939883832,23.9124863648596,1.44730627627625,-0.1040585
SEN,Senegal,2022,,53.4435061024348,10.5411241953817,1433.19918752288,,17651103.0,79.3974220189679,24.8999790711237,9.34702182596467,-0.2028622
SEN,Senegal,2023,,54.6992276190794,15.6044600024418,1458.9664233275,,18077573.0,71.5942815846823,22.888647826957,3.05250609352798,-0.1534325
SEN,Senegal,2024,,55.2368169057304,6.26804204995863,1517.61838829684,,18501984.0,68.2363510312865,25.3624818539801,-1.59699968601562,-0.228555999999999
SEN,Senegal,2025,,55.7672494455246,,1582.25852286375,,18931966.0,71.0687063150657,26.1476478064325,3.48675059280075,
SGP,Singapore,2010,0.5,100.0,23.0694716770802,48752.0515441859,0.038512160672046,5076732.0,369.685555787646,26.6358717243037,1.10780871344616,1.1901335
SGP,Singapore,2011,0.5,100.0,17.5960314065854,50713.5326393594,0.154301445478482,5183688.0,379.098631377539,25.2595925808817,1.17079820355097,1.1188701
SGP,Singapore,2012,0.5,100.0,18.7435244231802,51679.352717333,0.143294198627007,5312437.0,369.212965787665,25.0222021555412,0.495345771200874,1.256811
SGP,Singapore,2013,0.6,100.0,20.9344810446532,53298.9728558286,0.119459449682427,5399162.0,367.041780049019,23.4427286283197,-0.431059391871671,1.232658
SGP,Singapore,2014,0.6,100.0,21.8184880782679,54681.9336458253,0.104879469325881,5469724.0,360.467319166237,24.1685192477514,-0.267270041634802,1.0665318
SGP,Singapore,2015,0.7,100.0,22.6541826890491,55645.6068614606,0.0343911572935456,5535002.0,329.471398940262,24.2880229055028,3.07195500966418,1.1123429
SGP,Singapore,2016,0.7,100.0,20.3059406285478,57076.5241936787,0.029353972319112,5607283.0,301.338866227561,23.1093487528648,0.713355854299763,1.2788614
SGP,Singapore,2017,0.7,100.0,29.5741008560154,59493.3758595703,0.000452888881904618,5612253.0,315.401433455385,23.4123135354968,2.98900437861629,1.3859813
SGP,Singapore,2018,0.8,100.0,22.7862106121625,61101.5252578902,0.000188767152938037,5638676.0,325.725809994853,25.2558497884787,3.76984975274377,1.2994328
SGP,Singapore,2019,0.9,100.0,28.1758142041642,61106.3119775351,0.000169266160429021,5703569.0,324.270088576625,23.9539533055112,-0.326931375173146,1.2580714
SGP,Singapore,2020,0.9,100.0,22.5843942948636,59083.8574841572,0.00024207226855629,5685807.0,331.080556828077,23.2208286387592,-2.19751679656893,1.2855556
SGP,Singapore,2021,1.1,100.0,32.2624851402185,67846.8565377728,0.000180989109199595,5453566.0,326.53325458764,24.5513098502426,11.0312981836081,1.2816641
SGP,Singapore,2022,,100.0,28.0305519383786,68271.0897525302,,5637022.0,330.246917062891,23.8392316882069,15.0216498560705,1.164789
SGP,Singapore,2023,,100.0,24.607056245637,65976.7068036903,,5917648.0,323.7012199919,22.1388465584107,-4.56954598451304,1.2040374
SGP,Singapore,2024,,100.0,23.5787255966584,68129.6960402288,,6036860.0,313.299377202408,21.4504684861806,5.86684587406434,1.2318778
SGP,Singapore,2025,,100.0,26.3447254389071,70683.6833491257,,6111175.0,320.306025413626,22.6714857411227,-1.79624762436819,
SLB,Solomon Islands,2010,45.1,20.1194058206257,18.4740701129879,2058.95691648883,15.7647772737329,532968.0,96.1485545423385,12.972553784858,1.7449309862497,0.3572344
SLB,Solomon Islands,2011,43.6,20.7284892962955,11.2842365456827,2132.02844199392,19.9027124452237,552945.0,107.24751599476,18.6507339379946,4.47742652671958,0.3523933
SLB,Solomon Islands,2012,43.8,21.3906964219987,2.01494633587355,2105.91423758379,20.8519077419093,573606.0,104.823434628967,18.245279334895,4.6521911700613,0.3518822
SLB,Solomon Islands,2013,41.8,22.1027262484765,4.15538562986034,2136.72116177034,17.7681136707893,594945.0,99.6074605551315,15.6478379030807,2.35192005277123,0.3503208
SLB,Solomon Islands,2014,45.9,22.8612778264703,1.5740038730018,2085.16067273086,20.6416871336495,616908.0,93.4534073008692,16.8607053275748,3.67090056841781,0.5553271
SLB,Solomon Islands,2015,48.6,23.6630502067213,2.46368311219347,2045.47721526649,16.6664900887493,639415.0,88.1884859107326,15.5522186881245,3.35764066417947,0.6020153
SLB,Solomon Islands,2016,48.7,24.5047424399707,2.70706733520786,2084.24845745225,14.3004643478535,662379.0,85.54984577725,15.5564742486163,0.344531390997304,0.360596
SLB,Solomon Islands,2017,49.0,25.3830535769599,2.91769302207799,2075.36705302305,22.9192896376451,685672.0,82.1974922027324,17.6021663977601,2.57696915690993,0.1156377
SLB,Solomon Islands,2018,48.6,26.2946826684302,1.54707244532947,2061.8996970669,22.3396585662881,709101.0,88.4949614655388,17.6013645021684,7.85757782239635,0.3816525
SLB,Solomon Islands,2019,48.4,27.275106750276,2.02495638459342,2043.09139778307,19.145353163623,728147.0,82.9985659020552,18.1213540590364,1.24066441428737,0.4195676
SLB,Solomon Islands,2020,49.0,28.0327555150022,0.584583885803386,1930.65510307199,19.1938888891881,744498.0,60.2204367377792,17.2452174055846,-1.32568511012452,0.5368126
SLB,Solomon Islands,2021,49.1,28.6889396820578,1.79162262618701,1880.5519827183,18.395048524098,762591.0,67.4200567620007,18.3015469320597,-0.594286729950113,0.4456005
SLB,Solomon Islands,2022,50.1,29.3511689856806,2.77627597762606,1788.61727922057,,781066.0,74.8355405899571,19.3056371055438,-1.87467152136901,0.7315157
SLB,Solomon Islands,2023,,30.0088821088389,5.23830750788181,1795.88798697142,,800005.0,101.134531825762,21.4812055187331,2.54749432932826,0.7318958
SLB,Solomon Islands,2024,,30.6617188562194,2.08128126058924,1806.38367324387,,819198.0,111.352972154204,23.3726708708074,3.07351504489949,0.7499116
SLB,Solomon Islands,2025,,31.3093190325418,,1828.320661057,,838645.0,,,4.98564470550996,
SLE,Sierra Leone,2010,84.9,38.6417328938613,5.59265918271249,902.769891411394,10.5288662404631,6222714.0,27.9541259241389,20.2650996328359,19.1231180041057,-0.237476
SLE,Sierra Leone,2011,81.0,39.0472153491602,19.5505875068329,950.760763054593,10.9869587677677,6387251.0,43.7807969332619,19.6837646221541,15.3425577502667,-0.2639912
SLE,Sierra Leone,2012,79.1,39.4644094876975,11.7630516727995,1025.04366004502,9.77051963302454,6551080.0,53.3813447139398,23.5297216066996,14.1095695912718,-0.2587444
SLE,Sierra Leone,2013,74.6,39.8916422780075,5.72675143806855,1146.81973456475,7.22686963531629,6714051.0,53.3627646114117,26.4303748873975,6.25645391066401,-0.10195
SLE,Sierra Leone,2014,73.0,40.3272406886245,4.88007878489104,1032.23789355905,8.02771244072182,6876385.0,51.1187772788807,20.452711739982,16.0449126765692,-0.1346918
SLE,Sierra Leone,2015,74.0,40.7669565187099,3.71866092366771,964.575980888989,10.5713602396516,7037655.0,36.4823958242319,16.6428629261418,3.61332477392402,-0.0242965
SLE,Sierra Leone,2016,73.6,41.229411538771,2.27663664378768,1002.77862282013,14.6732645434772,7205328.0,43.0672126969961,19.515679548632,4.34616383662868,-0.2703676
SLE,Sierra Leone,2017,74.6,41.7106682105058,7.19540249608134,1010.54694071207,14.9365306672881,7379299.0,41.5213782343591,19.5143905015015,7.49880792881387,-0.1470976
SLE,Sierra Leone,2018,75.9,42.2011025267803,2.90502880166707,1015.6678297205,8.55532841443589,7554563.0,37.3774603119412,17.510686344572,16.0207318007809,-0.2065515
SLE,Sierra Leone,2019,75.4,42.7018444914441,1.86680073560006,1046.96778078594,7.49079656656829,7731991.0,37.5619529967261,17.9304531714096,9.91558334836972,-0.1611098
SLE,Sierra Leone,2020,75.1,43.2129659123546,0.762524725903042,1010.25294614757,8.22978194152241,7912558.0,30.613100943757,17.6375324657774,13.2720830296995,-0.366900299999999
SLE,Sierra Leone,2021,71.1,43.7345385973699,2.98593617782997,1045.7661615758,9.03701414128967,8094602.0,42.1435161621354,19.1836741354882,7.46331670023754,-0.2367225
SLE,Sierra Leone,2022,71.6,44.2666343543487,2.0361950444072,1077.08884538507,,8276807.0,45.054212809586,20.7563898924633,26.9574531265717,-0.265426899999999
SLE,Sierra Leone,2023,,44.809324991151,2.27421424696108,1113.86837500697,,8460512.0,55.286796968766,26.0790881010936,29.2602264455666,-0.5558929
SLE,Sierra Leone,2024,,45.3626823156371,1.74699628470852,1137.29005648131,,8642022.0,40.5454450723139,25.5643098640533,10.4508135199822,-0.4501536
SLE,Sierra Leone,2025,,45.9267781356681,,1165.72408271963,,8819794.0,49.0960746822456,25.7019019100843,2.67493147846358,
SLV,El Salvador,2010,32.6,65.4327927543162,-0.613406192808089,3398.49346060363,1.02874215933074,6068249.0,73.5372876725398,25.2759118643186,2.59792051504036,0.0373531
SLV,El Salvador,2011,29.5,66.334413642034,0.603930846788838,3515.19664634846,0.832361782908174,6090127.0,79.2766437025052,26.1954132809565,5.91935853963467,0.0229262
SLV,El Salvador,2012,30.3,67.2232666950659,2.01123945886672,3600.31912505518,0.771015636279707,6113975.0,77.6485716222883,26.589358065851,2.54040668385258,0.1962335
SLV,El Salvador,2013,27.5,68.0878511957995,1.11490857279595,3665.90044167854,0.938918673106463,6138839.0,80.4511944908271,26.1216427113687,0.579466174463676,-0.1174817
SLV,El Salvador,2014,24.0,68.9166664266223,2.2408951362935,3713.94992016222,1.0550593254644,6162955.0,78.1044257477935,26.0135339989829,1.01377884367031,-0.1004167
SLV,El Salvador,2015,21.0,69.6982116699219,2.10997804482034,3790.34089108162,0.850742982932215,6183676.0,76.5602707370519,25.2889295441979,1.307617777231,-0.1411131
SLV,El Salvador,2016,20.7,70.3990173339844,1.98198031581358,3875.84691357954,1.0221138126124,6200800.0,72.8190933731491,24.8348278708617,0.657746207396585,-0.2511021
SLV,El Salvador,2017,25.0,71.0856704711914,2.01688451540263,3954.84014277572,0.88816041131789,6213533.0,74.3046511916519,25.1714727339037,0.986566456267596,-0.3360373
SLV,El Salvador,2018,23.2,71.7577209472656,1.58620478716365,4046.16291720583,0.663649690465912,6219807.0,75.6336168879956,25.0755067570813,1.71626308707515,-0.420064599999999
SLV,El Salvador,2019,19.4,72.4148941040039,2.59024369040438,4143.11437097867,0.562349124959244,6222318.0,76.0420130991468,25.3481437171191,0.848014701105342,-0.2138062
SLV,El Salvador,2020,23.7,73.0570220947266,1.55101998611342,3808.53195436409,0.764177304476048,6234673.0,66.4595069497083,23.7247499015898,0.653512318599752,-0.1497936
SLV,El Salvador,2021,21.9,73.6838531494141,2.7560499827498,4247.54750394978,0.535264947589614,6255782.0,81.8450759800765,24.1049005031825,4.14207468599355,-0.222007099999999
SLV,El Salvador,2022,,74.1465021298679,0.0823187826775637,4355.96037108555,,6280319.0,88.7011372097555,23.7319544865079,6.58454146516301,-0.0998814
SLV,El Salvador,2023,,74.6080675149903,2.31870856682009,4481.19664108356,,6309624.0,79.8122651787866,23.7996355178527,1.90061262165425,0.0822243
SLV,El Salvador,2024,,75.0674905102199,3.01317166597907,4576.55846613444,,6338193.0,85.6825726575292,23.3170096213474,1.29171080882324,0.00613259999999999
SLV,El Salvador,2025,,75.5237123209951,2.08052874206816,4734.91438586978,,6365503.0,88.1580664327311,24.4802851467973,1.28579155139892,
SMR,San Marino,2010,,97.074615769187,,49672.6753589594,0.0,33270.0,,,1.43035574550051,1.5781203
SMR,San Marino,2011,,97.0999984741211,,46450.0042070199,0.0,32620.0,,,0.152699197986834,1.5682717
SMR,San Marino,2012,,97.0999984741211,,42082.5364542056,0.0,33469.0,,,3.12004460358166,1.5672321
SMR,San Marino,2013,,97.0999984741211,,42293.4679807917,0.0,33041.0,,,2.00061717503941,1.5640556
SMR,San Marino,2014,,97.0999984741211,,42492.831738275,0.0,32655.0,,,0.388644528758022,1.5750282
SMR,San Marino,2015,,97.0999984741211,,43146.8035302005,0.0,32897.0,321.364011035718,32.0241647681682,-0.742698422974769,1.3290711
SMR,San Marino,2016,,97.0999984741211,,43886.1965081114,0.0,33101.0,320.146095231777,32.4071639432746,1.31669760966393,1.3245352
SMR,San Marino,2017,,97.0999984741211,,43057.7582484571,0.0,33825.0,313.850322940524,32.4530303096367,1.74336343905894,1.3250909
SMR,San Marino,2018,,97.0999984741211,,42818.6755959614,0.0,34522.0,309.487954987512,36.2169232297036,2.06429914095962,1.3290002
SMR,San Marino,2019,,97.0999984741211,,43525.4039798176,0.0,34663.0,307.264770546858,34.778659114437,0.914095270963216,1.2066984
SMR,San Marino,2020,,97.0999984741211,,40506.8341853183,0.0,34770.0,304.903169667588,35.6149200077965,0.344575599676716,1.2062355
SMR,San Marino,2021,,97.1035668453272,6.75426980183027,46834.1172363873,,34252.0,342.470171021559,36.6355582000224,1.84143801231254,1.2044193
SMR,San Marino,2022,,97.1141889380465,3.92356223325983,51277.3242468583,,33755.0,370.43607698812,37.5952009018143,2.76466579491772,1.3786309
SMR,San Marino,2023,,97.1317310361655,-0.893473147832222,51323.7741002928,,33860.0,340.983400117352,35.7653554128177,7.35543104973475,1.3791391
SMR,San Marino,2024,,97.1560555881096,,,,33977.0,,,,1.3727102
SMR,San Marino,2025,,97.1870254171573,,,,34109.0,,,,
SOM,"Somalia, Fed. Rep.",2010,93.6,38.5735080618592,4.16696585149836,329.970504936872,,12261756.0,,,-15.3469023049651,-2.9277889
SOM,"Somalia, Fed. Rep.",2011,93.7,39.380318284448,3.50997923598382,349.577449077711,,12348830.0,,,-2.88779805602711,-3.01651169999999
SOM,"Somalia, Fed. Rep.",2012,93.9,40.2722730087349,2.45906325256211,369.617204753489,,12461160.0,88.5736460782288,,5.77054493653297,-2.90139839999999
SOM,"Somalia, Fed. Rep.",2013,94.4,41.2593474250273,5.09591217775954,397.108796344814,17.8127642098138,12869594.0,83.3409991258378,,-10.4668204256896,-2.85136569999999
SOM,"Somalia, Fed. Rep.",2014,94.6,42.3515167236328,4.55624629490798,417.516796906402,18.2921917574279,13339491.0,81.7010414559322,,8.91791195733276,-2.4369844
SOM,"Somalia, Fed. Rep.",2015,94.5,43.8618107408479,4.92510820324606,445.583080073396,18.8761765982543,13806963.0,76.4793322385239,,6.96942788276485,-2.2815589
SOM,"Somalia, Fed. Rep.",2016,94.8,45.942842729174,4.9896102178043,458.92147682461,19.5454511774019,14348740.0,74.3615625516249,,4.0808852538817,-2.2701767
SOM,"Somalia, Fed. Rep.",2017,94.9,48.3639630032265,4.84156553446397,506.501098879426,18.697269661953,14916629.0,68.6756490932841,,0.580657472829557,-2.022776
SOM,"Somalia, Fed. Rep.",2018,94.9,50.9506215336872,5.18226851263813,498.981065013918,11.735774261604,15452487.0,73.8219230280706,,4.97325012067857,-2.06147769999999
SOM,"Somalia, Fed. Rep.",2019,95.0,51.6421170703225,5.16404805914972,494.444039712384,10.7304105687897,16030971.0,70.2980591497227,,11.9083872285954,-2.0704895
SOM,"Somalia, Fed. Rep.",2020,95.5,52.286318011754,6.18915159944367,462.867053737278,11.455284804417,16651191.0,75.6954102920723,,5.35918527096374,-2.3507544
SOM,"Somalia, Fed. Rep.",2021,95.4,52.9060649733324,6.33765685964357,461.627830726021,11.2356934915275,17271431.0,79.0994411051355,,7.3929482281538,-2.60696149999999
SOM,"Somalia, Fed. Rep.",2022,95.4,53.5010115886789,6.23346074683917,460.046226685238,,17801897.0,90.7576203077526,,7.93733182987717,-2.092858
SOM,"Somalia, Fed. Rep.",2023,,54.0714435506882,6.17357181967512,464.72106952561,,18358615.0,103.121007483117,,4.51126298030606,-2.1717975
SOM,"Somalia, Fed. Rep.",2024,,54.6176465524521,6.39257959388318,467.269910194458,,19009151.0,130.325060583271,,8.43060181493649,-2.2630781
SOM,"Somalia, Fed. Rep.",2025,,55.1399062872976,,465.439392877227,,19654739.0,128.063438809135,,12.8840047835683,
SRB,Serbia,2010,20.5,59.3505550689338,3.88925451665989,5690.70327182682,2.51068899120357,7291436.0,73.7088615865295,25.0306267248726,4.95030879905744,-0.221943399999999
SRB,Serbia,2011,17.4,59.4349187787267,9.6203440965999,5737.00120175811,3.35044641406988,7236519.0,75.7493613069523,26.27931177307,11.0023151823334,-0.196118699999999
SRB,Serbia,2012,19.5,59.3468437194824,2.82759932149649,5739.3075023532,2.77478070010415,7201497.0,82.0766814348254,26.5789003129754,6.04404450314931,-0.1119391
SRB,Serbia,2013,20.0,59.6111068725586,4.08141056622247,5793.33614525565,2.05963239192195,7166553.0,84.3322563766638,27.8782873721815,7.80108516848593,-0.0234258
SRB,Serbia,2014,23.2,59.8779373168945,4.07119376860245,5716.54047153506,1.89442302636645,7131787.0,88.3815023270446,26.5460326998823,2.90940685673829,0.1732464
SRB,Serbia,2015,21.2,60.1388092041016,5.67381755834409,5820.3215576888,1.27718856590432,7095383.0,93.5281477663237,26.6399519622231,2.16912075555875,0.2787874
SRB,Serbia,2016,20.9,60.3853870034026,5.57770746372387,6024.95754653784,1.17155898842791,7058322.0,97.6906940431804,26.5319225334739,1.54382740998828,0.1629002
SRB,Serbia,2017,20.0,60.621208190918,6.29636171721257,6200.26118592152,1.52263044010001,7020858.0,102.740445166934,26.6030717363846,2.9973452123824,0.1168497
SRB,Serbia,2018,21.0,60.8433609008789,7.71374568954873,6524.08029755191,1.54067953539602,6982604.0,105.563713028559,25.809720124861,1.99999940277962,0.1163728
SRB,Serbia,2019,21.4,61.0492248535156,7.92487427143519,6870.75810896296,1.19461693747908,6945235.0,107.577309546092,25.5321158663518,2.34783114136296,0.0620767
SRB,Serbia,2020,26.0,61.223201751709,6.23865408002072,6850.96742168834,0.947608509343353,6899126.0,100.324460810129,24.2814549023693,2.6493593974983,-0.0681568
SRB,Serbia,2021,27.2,61.363899230957,6.95312089132574,7465.67601077148,1.74631766481948,6834326.0,112.342298324945,24.3847589364029,5.68404945078089,-0.0436914
SRB,Serbia,2022,,61.9013813540396,6.90354140371273,7862.95387364846,,6664449.0,131.913292283516,25.2215655826672,10.4583041504024,-0.0525867
SRB,Serbia,2023,,62.1434649229738,6.06995232091603,8208.4786891507,,6623183.0,114.49206464322,23.7759430141513,13.9302963711276,0.0879568999999999
SRB,Serbia,2024,,62.3830029804177,6.20235039860679,8580.26105823259,,6586476.0,111.725028388916,23.0721503113166,6.34994571281966,-0.168638999999999
SRB,Serbia,2025,,62.6379872799333,3.93697525829801,8804.37834719475,,6549143.0,112.923490609083,22.3142689064629,4.48916104219946,
SSA,Sub-Saharan Africa (excluding high income),2010,70.5711431530206,37.5321548374391,2.25618483304443,1542.33935803034,12.9399252564338,894170085.0,,27.3159861515446,5.63761163813462,
SSA,Sub-Saharan Africa (excluding high income),2011,69.9702399260792,37.9757403535007,2.56262890371104,1564.97360700684,15.5015542563801,919024793.0,64.9961124943996,29.3445968831783,9.39165549203732,
SSA,Sub-Saharan Africa (excluding high income),2012,68.9835488501321,38.4191173810863,2.62015287487554,1573.55554656004,13.6465582389094,944434989.0,63.8206323433827,29.0968983443301,5.46617486333369,
SSA,Sub-Saharan Africa (excluding high income),2013,67.8647317156227,38.8777381567093,2.22887349474582,1611.85437542034,11.6821046036247,970656363.0,62.1838544865555,28.2917621683191,3.84005596982213,
SSA,Sub-Saharan Africa (excluding high income),2014,67.6452011850627,39.3563962352604,2.32422819373508,1642.90241998613,9.64792354904564,997334872.0,60.6079000465894,27.2190684951772,4.0817318808473,
SSA,Sub-Saharan Africa (excluding high income),2015,68.0411125352474,39.8377982630079,2.6784120463133,1646.07300085129,6.3904037802758,1024566002.0,57.181559971836,24.0833457076993,2.9722848994975,
SSA,Sub-Saharan Africa (excluding high income),2016,67.9804339199785,40.3032542736816,2.1115842585061,1624.00199620793,6.84352130642026,1052072062.0,54.9463073627742,23.2640632480898,4.78100029080551,
SSA,Sub-Saharan Africa (excluding high income),2017,67.8350236280696,40.7746030847625,1.66084875880963,1621.43885328826,8.32765282105775,1080113050.0,54.0211228466299,25.0065325666897,4.9448137038311,
SSA,Sub-Saharan Africa (excluding high income),2018,67.6846305852535,41.2564263036696,1.5486261889893,1623.15311346717,8.63377020994696,1109099666.0,56.4421879581311,26.4041957515321,3.99329508509443,
SSA,Sub-Saharan Africa (excluding high income),2019,68.1866925105485,41.7069060558369,1.34206963899525,1621.67647915089,7.69788742032748,1138374850.0,55.4043844435003,24.700704854866,2.86097901893625,
SSA,Sub-Saharan Africa (excluding high income),2020,70.2882962400544,42.1668776172731,1.22455202025799,1528.60209704355,6.03556140622977,1168035323.0,50.961904883829,23.1304011395549,4.3111451366789,
SSA,Sub-Saharan Africa (excluding high income),2021,,42.6488015882409,3.31755718201318,1543.83294885439,10.048859393724,1197970464.0,55.6113533048507,24.2786529011831,5.90670766327823,
SSA,Sub-Saharan Africa (excluding high income),2022,,43.15565683019,1.59635585875127,1566.66436596342,,1228067573.0,58.8521146696301,25.2520038295347,8.66620854081535,
SSA,Sub-Saharan Africa (excluding high income),2023,,43.6394241334397,2.00588912569717,1570.00530365333,,1258689699.0,57.1531452365655,25.046379112081,5.41580564449526,
SSA,Sub-Saharan Africa (excluding high income),2024,,44.1494028547268,2.24271392562186,1587.52608812619,,1289814932.0,55.5427006162854,25.1841147171697,5.79689364240312,
SSA,Sub-Saharan Africa (excluding high income),2025,,44.6584634972637,,1613.53549057987,,1321531487.0,,25.0666357079848,4.30496668705833,
SSD,South Sudan,2010,,17.535620199576,,2295.07026096006,43.7092935094988,9745953.0,90.9434483661131,61.1436996609911,12.9264024311492,
SSD,South Sudan,2011,,17.7817678106789,,2073.23981819145,51.7868586633182,10288109.0,93.226859754919,61.2256432446357,38.8333429721931,-1.51136989999999
SSD,South Sudan,2012,30.6,18.0321885447664,1.34937246395858,1069.19619080938,5.60460947133863,10756240.0,71.6198113947489,51.1502922242999,46.5069047554802,-1.4983578
SSD,South Sudan,2013,30.1,18.2868996493633,-4.30359174766787,1165.16202707495,14.7084526216951,11166275.0,50.8112465907463,22.2248278451082,36.5121584994857,-2.0671128
SSD,South Sudan,2014,29.4,18.5459183719929,0.00741877910985015,1197.09491969479,28.4570049428564,11235073.0,64.6345178070809,46.6994007328919,-26.7002845822567,-2.5030889
SSD,South Sudan,2015,27.5,18.8092619601773,0.0012502291294692,1080.14718624765,13.0532234224485,11107561.0,65.5513491845003,33.0945353993221,17.6893321393151,-2.2792733
SSD,South Sudan,2016,28.7,19.0769476614377,,,,10830102.0,,,,-2.33343
SSD,South Sudan,2017,35.1,19.3489927232944,,,,10259154.0,,,,-2.44555199999999
SSD,South Sudan,2018,31.5,19.6254143932663,,,,10122977.0,,,,-2.3307387
SSD,South Sudan,2019,31.4,19.9062299188719,,,,10423384.0,,,,-2.39114589999999
SSD,South Sudan,2020,32.8,20.1914565476286,,,,10698467.0,,,,-2.1055063
SSD,South Sudan,2021,32.4,20.4811115270532,,,,10865780.0,,,,-2.21948739999999
SSD,South Sudan,2022,,20.7752121046616,,,,11021177.0,,,,-1.6425543
SSD,South Sudan,2023,,21.0737755279692,,,,11483374.0,,,,-1.52967079999999
SSD,South Sudan,2024,,21.3768190444906,,,,11943408.0,,,,-1.4896464
SSD,South Sudan,2025,,21.6843599017401,,,,12188788.0,,,,
SSF,Sub-Saharan Africa,2010,70.5522525849335,37.5326696254384,2.26569035008906,1543.42062336352,12.9313550456448,894259855.0,,27.3108450064074,5.6363093539079,
SSF,Sub-Saharan Africa,2011,69.9549214765695,37.9761873273848,2.56972590235108,1566.14176154754,15.491680006061,919112234.0,65.1571680758362,29.3390517112275,9.19547306727744,
SSF,Sub-Saharan Africa,2012,68.9684304535012,38.4195200457817,2.65425368010668,1574.72990968301,13.6379647176734,944523292.0,63.9961285021781,29.0909602621815,5.61835989993333,
SSF,Sub-Saharan Africa,2013,67.8510971013982,38.8781029884112,2.23038653644534,1613.00691852166,11.6736536090358,970746312.0,62.3322006918368,28.2831816829718,3.93992343166144,
SSF,Sub-Saharan Africa,2014,67.6303707658131,39.3567243486427,2.32823313153993,1644.07050150089,9.64096715276049,997426231.0,60.7765795646876,27.2107207275609,4.24453211828403,
SSF,Sub-Saharan Africa,2015,68.0255515815612,39.8380952067264,2.682420686485,1647.32085826836,6.38505413630127,1024659421.0,57.32544429518,24.0749655490711,2.9179750112496,
SSF,Sub-Saharan Africa,2016,67.9625238161754,40.3035222705197,2.11389223779695,1625.38221431193,6.83658939851923,1052166739.0,55.085361908726,23.2542745640984,4.59345286835512,
SSF,Sub-Saharan Africa,2017,67.8175544668556,40.7748446210958,1.67101477831654,1622.88510482914,8.31940068675994,1080208893.0,54.178721135165,24.9932879321807,4.79693226172806,
SSF,Sub-Saharan Africa,2018,67.6660713231228,41.2566428447246,1.56409826396957,1624.6365666885,8.62530164714638,1109196428.0,56.5842311852533,26.3897289927529,3.93114366435561,
SSF,Sub-Saharan Africa,2019,68.1693850218034,41.7071031134135,1.35345029003406,1623.20798700291,7.69091936028886,1138472475.0,55.5340525464606,24.6893060871733,2.59440803517133,
SSF,Sub-Saharan Africa,2020,70.2701133853785,42.1670568799491,1.22788349421961,1529.91025762634,6.03125257516059,1168133785.0,51.0745605520284,23.1239645040026,4.34500597682549,
SSF,Sub-Saharan Africa,2021,,42.6489634636483,3.32049430451945,1545.11388324435,10.041932653574,1198069722.0,55.7521813274626,24.269944930986,5.63049185397639,
SSF,Sub-Saharan Africa,2022,,43.1558281440802,1.60327571750445,1568.02152788113,,1228187451.0,58.9994035836065,25.2405493753731,8.35642901530513,
SSF,Sub-Saharan Africa,2023,,43.639562828921,2.01519876256499,1571.4055801623,,1258809472.0,57.2937339567699,25.0343591881849,5.2560838965511,
SSF,Sub-Saharan Africa,2024,,44.1495101463121,2.25184588074954,1588.93961326571,,1289936286.0,55.6767656030774,25.1709772387516,5.74363111867964,
SSF,Sub-Saharan Africa,2025,,44.6585400495213,,1614.99946516665,,1321654217.0,,25.0551089329632,4.11094707872399,
SST,Small states,2010,29.7265690627625,49.9789172474027,29.2909249385018,9914.45968595479,5.69203834656701,17575200.0,114.136882655489,27.749909893303,1.88138203943318,
SST,Small states,2011,30.2495982731742,50.0393878949867,29.9363644340263,10066.3427831055,7.84556120832345,17748220.0,123.951978491081,29.5695230077079,2.74704089816066,
SST,Small states,2012,30.1846016646849,50.1216411856977,43.1138218617977,10180.0751029745,7.25002850586167,17926451.0,126.047586197715,28.1272319622246,3.50731498685953,
SST,Small states,2013,30.3387854927225,50.2078520957445,15.7381441729025,10195.8863691367,6.28207482649179,18107202.0,128.77490331214,26.8543892748484,2.25515064392079,
SST,Small states,2014,30.1999766218586,50.3145535848893,30.0573620265673,10328.383721223,5.33875005615424,18292084.0,127.011472136925,25.6636079983453,1.49677194130238,
SST,Small states,2015,31.1755146888735,50.4432480596759,18.5910585805595,10451.9964952878,3.90366725035852,18482578.0,125.683403607042,22.9130261772738,2.78009679969161,
SST,Small states,2016,31.3734949541816,50.5823717773529,5.00466008828896,10529.0592324888,3.01149201111314,18671045.0,123.059966417898,22.0080676631884,2.08465280869766,
SST,Small states,2017,31.1677364093193,50.740519957361,39.3540874359629,10755.3448582832,3.32733094752438,18865506.0,125.094362889319,22.0976699145227,2.19707288332757,
SST,Small states,2018,32.2826634877384,50.8834075568435,69.3524865926452,10991.2219783357,3.97123618403445,19084934.0,127.48258048696,22.5409058891357,1.81698628329571,
SST,Small states,2019,31.6559924886778,51.0510007537325,67.8238121718156,11210.5608938361,3.69061875544036,19293697.0,129.340648955305,22.1522574764277,1.42478848140109,
SST,Small states,2020,34.2609139465875,51.2091700462085,-17.1611262701322,10333.0141438009,2.82536310143204,19472157.0,122.619796574394,21.9459295336919,0.355368013053905,
SST,Small states,2021,,51.340072776001,43.4167609072648,10988.3149576582,4.67255582842515,19646549.0,137.26856660282,23.7818861997638,2.93104199707247,
SST,Small states,2022,,51.5222800598785,10.2373811941268,11682.1880704072,,19852364.0,153.293868856844,26.4154845008292,6.57339237805984,
SST,Small states,2023,,51.7493987022104,4.09351060957993,12160.0587635306,,20031262.0,143.741785064328,23.4995893103364,4.80977138421188,
SST,Small states,2024,,51.9275948240725,1.66126586621524,12794.3634985188,,20193405.0,139.812410499294,24.5873086841983,3.71197890609302,
SST,Small states,2025,,52.1047234338587,,13255.2636254695,,20347135.0,,24.1862385418329,2.71295786132863,
STP,Sao Tome and Principe,2010,38.2,66.0572200728291,26.6286088078235,1216.3502521663,3.97441398723173,181802.0,84.6502605115304,14.6892729961318,6.96532412446513,0.3709721
STP,Sao Tome and Principe,2011,42.4,66.7275977610702,14.1981181119688,1214.96130276731,3.82221922487921,185649.0,86.1122609020117,11.9865058848595,11.6807042204602,0.288448
STP,Sao Tome and Principe,2012,40.1,67.0335889448132,9.79700698442145,1225.6945255615,3.81740404574064,189439.0,83.2030197079574,12.1111029187838,6.46776365123449,0.2880403
STP,Sao Tome and Principe,2013,42.8,67.1306686401367,4.55447319839345,1263.70423995281,3.33902231905861,193148.0,83.4581625069125,13.3437075212036,7.20255749580205,0.393194
STP,Sao Tome and Principe,2014,38.4,67.2606735229492,9.03727468460171,1301.32146445028,3.04723492306762,196767.0,114.769955102294,12.8163490377908,4.62269799152351,0.4791965
STP,Sao Tome and Principe,2015,39.2,67.3915710449219,10.7400374911446,1298.10946596396,3.41287577328636,200291.0,112.659579338965,11.6794591576073,4.50369709639151,0.3792166
STP,Sao Tome and Principe,2016,38.1,67.5218887329102,7.98279155418215,1342.533807689,3.27531389837999,203689.0,100.395470605091,10.3295203947605,7.05347169543845,0.2641856
STP,Sao Tome and Principe,2017,39.2,67.6520004272461,10.6236604862763,1375.59403284199,3.15239782697584,206970.0,92.8973617603292,9.07470301028009,4.08077375939095,0.2145007
STP,Sao Tome and Principe,2018,40.6,67.7828826904297,6.17598418618007,1413.84348618541,2.33693840944991,210187.0,79.2002901440524,8.38826200521501,8.91966149527528,0.4666013
STP,Sao Tome and Principe,2019,38.6,67.9129943847656,5.85791781434652,1420.66008316091,2.04664899329107,213392.0,67.5747989988655,7.52611285056454,11.2643680903642,0.5232443
STP,Sao Tome and Principe,2020,41.6,68.0436706542969,9.99771582880853,1430.84119299096,1.98018939747641,217435.0,48.6640079711896,6.0588366873729,9.26827734771341,0.4748721
STP,Sao Tome and Principe,2021,40.8,68.1738967895508,11.250926099997,1428.28676097975,1.88439596006627,221961.0,57.9403473155232,5.04457167443837,5.16433588592962,0.6052679
STP,Sao Tome and Principe,2022,42.5,68.3720919798341,10.2819916432401,1403.23356704678,,226305.0,64.9920379103896,4.3554064353605,15.7806509935932,0.4930734
STP,Sao Tome and Principe,2023,,68.6043921103568,-3.73659884967941,1380.60169416257,,230871.0,46.9745787336632,2.72715391447786,23.7460585524367,0.6193032
STP,Sao Tome and Principe,2024,,68.8710170184884,-2.02206346182182,1373.27082138436,,235536.0,44.2789124818003,2.25414592437041,17.6656580323889,0.4890127
STP,Sao Tome and Principe,2025,,69.1721865415984,,1360.14953158233,,240254.0,46.5686308941032,2.22812560451074,11.9381085670603,
SUR,Suriname,2010,22.1,66.4338443691967,-5.85344056449596,8603.90786745855,22.1694362010361,549923.0,90.9613941465855,35.1705161344117,7.19655419062693,0.1307885
SUR,Suriname,2011,21.2,66.3675227342307,3.28538383339053,9003.28597674886,31.9335594131783,556269.0,,35.1093274287296,13.8444468459506,0.079854
SUR,Suriname,2012,15.8,66.3132562693376,3.40245351551791,9140.92898611536,29.1297720421828,562633.0,,35.2622611658756,10.7352006048331,0.0654961999999999
SUR,Suriname,2013,17.6,66.2683575134509,3.62949532348678,9303.46008775809,20.7444083074763,569020.0,,32.2536953065191,0.383766168173977,0.0569667
SUR,Suriname,2014,12.8,66.2249266178037,-1.13866864622319,9224.24378410547,13.3454910423686,575373.0,,30.2474846767665,1.58368715816022,0.2245948
SUR,Suriname,2015,11.6,66.1828815074718,3.5828587235507,8813.61705392067,5.12495877980327,581627.0,,27.2599156580204,4.85459060945995,0.2981115
SUR,Suriname,2016,11.1,66.1426466980469,6.9833403838341,8293.31553031406,15.0617975898749,587757.0,,26.7553600175618,24.0693638258796,0.1759261
SUR,Suriname,2017,15.5,66.1046467051207,2.67494793416759,8338.69235401862,19.7854729048857,593713.0,,38.273693894809,28.1451055406702,0.1667453
SUR,Suriname,2018,18.3,66.0693060442846,3.27713336345246,8666.64870697797,8.44388268533074,599513.0,,36.7622415479102,5.66059377089626,0.1496981
SUR,Suriname,2019,14.9,66.0370492311305,2.09560541663346,8677.30522021731,6.83251753458721,605768.0,,33.8807670142731,5.17890859157816,0.1321528
SUR,Suriname,2020,14.6,66.00830078125,0.0357132024302943,7213.10766669943,4.60122863820656,612317.0,,36.5606718418582,45.2177563492464,0.4628889
SUR,Suriname,2021,14.5,65.9853973388672,8.23142955004276,6973.89941868115,9.59272209392741,617896.0,,37.7088537439931,62.0745334560841,0.3607899
SUR,Suriname,2022,,65.8985443115234,6.70743268543142,7081.33357325783,,623164.0,,42.2305173267347,49.4232837396802,0.2466594
SUR,Suriname,2023,,65.7562408447266,13.9440900275142,7186.47308144145,,628886.0,,39.6663071788203,33.099964511173,0.3004618
SUR,Suriname,2024,,65.7641857200885,15.0817654468923,7246.25768221495,,634431.0,,35.051448762768,12.8103813624819,0.4782277
SUR,Suriname,2025,,65.7886836406706,45.0639636830093,7313.61890387891,,639850.0,,,12.9882957300738,
SVK,Slovak Republic,2010,10.3,54.5650740704331,2.32222893370545,14596.1477776887,0.337208259001387,5391428.0,155.108497681586,29.956654996582,0.470528553269702,1.12655
SVK,Slovak Republic,2011,10.4,54.4167387988534,5.44765747649664,14950.8735178599,0.359867998454853,5398384.0,169.178076311066,29.9295585244148,1.61977051205542,0.9502652
SVK,Slovak Republic,2012,10.5,54.2764528316182,1.87551069035637,15159.6570420004,0.325157520045924,5407579.0,176.968958181431,30.0711048440783,1.33888239127128,1.0152253
SVK,Slovak Republic,2013,10.7,54.1384024098892,1.01266878582834,15249.8824513785,0.296934539699268,5413393.0,180.903136491458,27.9562731617683,0.534061870297393,1.0379263
SVK,Slovak Republic,2014,12.2,54.0029125499893,-0.356803047431846,15647.6491763517,0.288569282906269,5418649.0,176.756316098132,29.8948137660441,-0.132602518843782,1.1421663
SVK,Slovak Republic,2015,13.4,53.8700628001622,1.70487122540291,16442.0760860018,0.26302479249352,5423801.0,179.42602289503,29.9318952287768,-0.185692827685429,0.944233
SVK,Slovak Republic,2016,13.1,53.7399327086517,5.27770700739813,16740.7413996428,0.261669771629207,5430798.0,182.757379596201,28.6704533371343,-0.390909342389534,0.7354497
SVK,Slovak Republic,2017,12.4,53.6126018237016,4.39986424621101,17195.2888721963,0.333116894336664,5439232.0,186.644687399549,28.0768009837999,1.18187258373648,0.8542516
SVK,Slovak Republic,2018,12.4,53.4881496935559,2.11269531583982,17869.0149173679,0.289202597240663,5446771.0,188.732964699496,28.5930165310765,2.10864838172743,0.7129564
SVK,Slovak Republic,2019,17.6,53.3666558664583,2.15394548631737,18250.9802475637,0.251989434209045,5454147.0,183.722608631236,29.1467840646082,2.40120783642419,0.6744971
SVK,Slovak Republic,2020,17.6,53.2481998906526,-1.05975666677956,17763.8563847352,0.219233025168727,5458827.0,167.534173320366,28.5377275498817,2.40777956608554,0.6167177
SVK,Slovak Republic,2021,17.9,53.1901479870605,2.25677867211963,18808.4540496595,0.226150293544136,5447247.0,181.97948448512,27.4130374810501,2.24408410830694,0.5857562
SVK,Slovak Republic,2022,,53.1902831072528,4.16872005912019,18964.8298400624,,5431752.0,204.056318531151,26.5461918036068,7.33387458944816,0.5294743
SVK,Slovak Republic,2023,,53.190805019646,0.393861455912485,19383.3732009401,,5426740.0,181.39087235645,29.2081158245654,10.0245901807717,0.5856273
SVK,Slovak Republic,2024,,53.1919702985684,3.55503662060591,19776.1758069498,,5422069.0,171.212800151635,28.9374799550748,3.39369719128545,0.6343713
SVK,Slovak Republic,2025,,53.1940341971169,1.32903607891854,19966.2542827277,,5413813.0,170.342496403331,28.1032681441153,4.18674441563205,
SVN,Slovenia,2010,20.1,50.1194862794826,0.667761282375457,20444.1201295876,0.300599361470026,2048583.0,128.606575425363,26.3518668029855,-0.491469444600767,1.0753011
SVN,Slovenia,2011,19.1,49.9463818748723,1.71085960342006,20535.4155754108,0.35989971304657,2052843.0,140.332355750319,26.5487234278155,1.3645204070481,1.1136359
SVN,Slovenia,2012,20.2,49.7619476318359,0.072644638587861,19894.8697964548,0.252704524589708,2057159.0,143.656448572975,27.0724390429475,0.626618590822474,0.9825256
SVN,Slovenia,2013,22.5,50.0466580754027,0.217315881641324,19704.2186005128,0.206400677505941,2059953.0,145.168789432403,27.136357331722,1.13279718785073,0.8890197
SVN,Slovenia,2014,22.9,50.983470916748,2.05875310395561,20228.7081986391,0.264570914876485,2061980.0,146.471705096746,27.773620382746,0.631551450779483,1.054531
SVN,Slovenia,2015,21.4,53.6612160294144,4.05096848349793,20697.2748530619,0.263848700764214,2063531.0,147.218367714503,27.6272123283146,0.867198319325425,1.0294179
SVN,Slovenia,2016,21.0,53.647274017334,3.26541395278807,21309.7122138949,0.261246243560769,2065042.0,148.238448080388,27.5997956172164,0.885482436856336,1.0204175
SVN,Slovenia,2017,19.7,55.2451133728027,2.4842141360232,22397.7634988337,0.268545994107094,2066388.0,158.70213584467,28.0311742193249,1.28763102357318,0.9455099
SVN,Slovenia,2018,20.6,55.1913430955675,2.86489909951597,23293.966665323,0.261790471547443,2073894.0,162.613493975851,28.0718729650095,2.18095370305853,0.9840178
SVN,Slovenia,2019,20.9,55.4523277282715,3.99098612082388,23943.1800949889,0.23437135303998,2088385.0,160.044275685249,28.5562740977565,2.33858654999968,0.9481029
SVN,Slovenia,2020,22.7,55.384391784668,0.948340847721794,22811.8050540778,0.214171558575469,2102419.0,147.549008584942,28.9448814140077,1.18953318282115,0.7478672
SVN,Slovenia,2021,23.4,55.3046289429588,3.60613978687237,24665.4410464026,0.189323915465621,2108079.0,161.788727511439,28.150836487506,2.68343077186124,0.7356372
SVN,Slovenia,2022,,55.3377817873563,3.64010857871706,25275.715967757,,2112076.0,186.647076274632,27.991167622233,6.47825402744266,0.7749516
SVN,Slovenia,2023,,55.5378927789875,2.09028809314832,25773.9015835069,,2120461.0,160.1596693009,29.5848784281182,9.98912481634724,0.8589449
SVN,Slovenia,2024,,55.7577708405917,2.5587649173879,26134.627203987,,2127400.0,155.657928684474,29.0665685208903,3.46708059724392,0.7209146
SVN,Slovenia,2025,,55.9906997845822,2.26084906229915,26367.1907353982,,2130986.0,151.915368839135,28.3369966278075,3.45432326560444,
SWE,Sweden,2010,44.7,85.1334228515625,0.126859666003955,48205.5492512742,1.41416853353088,9378126.0,85.0914849272733,23.8590077358558,1.03023451831319,1.0865676
SWE,Sweden,2011,45.4,85.3600748880524,1.22329216394859,49356.5905257047,1.6957695570353,9449213.0,86.3907448060188,23.7337228802394,1.11731713646294,1.1573733
SWE,Sweden,2012,48.3,85.6250668883122,0.777373680569339,48789.7906883637,1.06629092584269,9519374.0,85.2980605424359,23.1051457982894,0.949478662939768,1.1548415
SWE,Sweden,2013,47.3,85.9249771259894,0.2546975094246,48928.4994141291,1.00193412946544,9600379.0,81.6402521329964,21.9846853173318,1.01168043710824,1.0499372
SWE,Sweden,2014,48.6,86.2563838747314,-1.0454392642501,49557.6183647959,0.908726777199877,9696110.0,83.8229810483527,21.6084554046683,1.83274334863978,1.0182733
SWE,Sweden,2015,51.9,86.6158654081858,1.94926707461038,51188.1652120493,0.488159781498559,9799186.0,84.1730765958171,22.2743619851494,2.25576478043419,0.9288589
SWE,Sweden,2016,50.9,87.0,3.01534061830454,51626.3235312369,0.722466863316197,9923085.0,83.4519478574149,22.0060731182678,1.65920932545671,0.9187513
SWE,Sweden,2017,51.8,87.237373786911,4.54156677126576,51894.3748177808,1.04602397797532,10057698.0,86.0693088740521,22.1839062370905,2.22554282042857,0.8668924
SWE,Sweden,2018,51.6,87.4737430925296,-0.129928906336359,52203.0872589761,1.06109616438888,10175214.0,90.4087142361701,22.2729867092578,2.61445551998212,0.928959
SWE,Sweden,2019,52.9,87.7088420242759,2.9559286166832,53024.4099494317,0.404780111504663,10278887.0,92.7511390290561,22.3760709701034,2.42588744842773,0.9427192
SWE,Sweden,2020,57.8,87.9424046895699,3.36375559523307,51624.5811789573,0.370599691340783,10353442.0,84.4745958141618,21.8184248297627,1.79876774959563,0.955794
SWE,Sweden,2021,57.9,88.1741651958315,9.17868162234424,53997.1337068799,1.20827979934218,10415811.0,91.1102374413042,22.5774120669797,2.70985550217829,0.9471541
SWE,Sweden,2022,,88.4038576504809,9.35228228785513,54304.1877501033,,10486941.0,107.111751826512,23.7592056275214,6.0271955711854,0.9419053
SWE,Sweden,2023,,88.631216160938,3.22512369002956,53937.7967122429,,10536632.0,107.619709443974,22.5872661861018,5.83406618538046,0.778803
SWE,Sweden,2024,,88.8559748346228,5.0794723229992,54316.2619329718,,10569709.0,105.967492313344,21.6489277482494,2.99536723630649,0.6035115
SWE,Sweden,2025,,89.0778677789555,2.86246002434244,55014.3814616932,,10596620.0,104.335210186728,21.0328431840359,1.22969792213401,
SWZ,Eswatini,2010,68.5,22.3330792067471,3.11096766561026,3069.52175725884,2.3895930131961,1111650.0,,38.7137888432086,2.94007098930442,-0.0016446
SWZ,Eswatini,2011,69.3,22.4634753665393,2.08998856482498,3108.70225253092,2.64276236861755,1117833.0,,37.8793869465389,5.47649943337463,-0.539824699999999
SWZ,Eswatini,2012,68.8,22.6237715926065,0.557730516305156,3218.50138205493,4.18067033297096,1123863.0,,37.7231797224699,9.1968020282589,-0.5257872
SWZ,Eswatini,2013,66.1,22.8121644356992,1.83246466722921,3332.11983927912,4.50064467722075,1129990.0,85.2034551274939,36.5678764085872,6.20793601716952,-0.547354999999999
SWZ,Eswatini,2014,68.3,23.026850446568,0.601685882709023,3381.79292071291,3.43977917921013,1136299.0,91.6200186943398,36.1654875610372,5.7374565093196,-0.3976089
SWZ,Eswatini,2015,68.8,23.2660261759632,0.805945191942897,3419.82276559528,3.40740844429257,1142813.0,88.2620944023684,36.9658639938824,5.32470521825827,-0.4462561
SWZ,Eswatini,2016,64.3,23.5278881746356,0.721382841978235,3500.17688847942,4.60471033148777,1149507.0,89.3584874439935,37.821426598306,6.76466083570968,-0.4484062
SWZ,Eswatini,2017,65.3,23.8052004963161,-1.2917821060433,3596.23605400492,4.03940046980401,1158195.0,86.8801420302976,34.9112500521839,4.9448137038311,-0.380332699999999
SWZ,Eswatini,2018,65.7,24.0579295404227,0.670381040235302,3565.54285067501,3.14380015317315,1168929.0,85.4927768173538,34.0032885839109,3.29368245909905,-0.5468116
SWZ,Eswatini,2019,64.4,24.3459549517751,2.7717218211659,3759.67106964666,3.2760764754406,1179874.0,86.6407948477595,34.6470784405459,1.96506170240644,-0.3182636
SWZ,Eswatini,2020,63.7,24.6652798922192,0.938105324268348,3609.3669136859,3.38164464300091,1192729.0,84.0140188426878,31.4449555517552,5.16504756589767,-0.1948628
SWZ,Eswatini,2021,65.4,25.0156180525173,2.34790226144325,3719.03838239806,2.99915237990705,1206593.0,89.9313874866569,33.159909885424,0.114057724532231,-0.428643699999999
SWZ,Eswatini,2022,64.7,25.396682918542,0.281255609924273,3695.64957179548,,1218917.0,92.5715871298334,34.6863783098992,8.86865470026568,-0.400835
SWZ,Eswatini,2023,,25.8081878500755,0.608772714416035,3790.16576788091,,1230506.0,99.7246110815617,34.5064388032849,6.05369047880271,-0.7261847
SWZ,Eswatini,2024,,26.2498461258639,1.55448906259813,3866.37127926695,,1242822.0,107.480621053879,34.7365662380883,1.29824553756679,-0.7327829
SWZ,Eswatini,2025,,26.7213709706525,,3985.70411891032,,1256174.0,,33.5797459803013,-0.449980941596436,
SXM,Sint Maarten (Dutch part),2010,,100.0,,38403.0705201664,,33794.0,,,1.12875903023384,
SXM,Sint Maarten (Dutch part),2011,,100.0,-5.17904034375746,39615.1371367338,0.0,34267.0,,12.9326808307472,0.295015877945247,
SXM,Sint Maarten (Dutch part),2012,0.0,100.0,1.37020456734856,39298.9873567827,0.0,35023.0,,11.6450388167961,3.87309650875972,
SXM,Sint Maarten (Dutch part),2013,0.0,100.0,4.62971054068815,38889.7715088035,0.0,35854.0,,11.2616056799563,2.41867590016453,
SXM,Sint Maarten (Dutch part),2014,0.0,100.0,3.50338478659669,38623.1999405819,0.0,36672.0,,7.30134105795493,31.0605071174675,
SXM,Sint Maarten (Dutch part),2015,0.0,100.0,1.95861278993458,37839.6283815163,0.0,37471.0,,6.96750002994459,4.00778518211102,
SXM,Sint Maarten (Dutch part),2016,0.0,100.0,2.91188308245256,37428.7027557069,0.0,38249.0,,6.83295797523983,-0.320844612000187,
SXM,Sint Maarten (Dutch part),2017,0.0,100.0,4.74783634858124,33945.4185182499,0.0,38996.0,,6.87703253714925,2.55581757014862,
SXM,Sint Maarten (Dutch part),2018,0.0,100.0,-3.80519905244473,31047.7241050626,0.0,39712.0,,6.53037877010542,-0.096963578940688,
SXM,Sint Maarten (Dutch part),2019,0.0,100.0,5.24677633401135,33877.976645467,,40385.0,,7.2701465731997,0.759240923003787,
SXM,Sint Maarten (Dutch part),2020,0.0,100.0,1.79286284699262,28920.3773007159,,41008.0,,7.05670772760768,1.31368166079125,
SXM,Sint Maarten (Dutch part),2021,0.0,100.0,1.98179684518215,29834.6350068383,,41571.0,,6.02852472331512,4.64369866790126,
SXM,Sint Maarten (Dutch part),2022,0.0,100.0,1.0725730171288,33523.6042042737,,42139.0,,,3.33625857316177,
SXM,Sint Maarten (Dutch part),2023,,100.0,2.68405106195788,34300.9630414348,,42749.0,,,2.02312529387028,
SXM,Sint Maarten (Dutch part),2024,,100.0,2.06435551530026,34840.1808133458,,43350.0,,,3.49514219079113,
SXM,Sint Maarten (Dutch part),2025,,100.0,,35554.7840712003,,43923.0,,,1.54738878143132,
SYC,Seychelles,2010,0.7,42.660307244583,16.2787980957365,12313.5566919249,0.146953956678162,89770.0,198.162692424328,19.6134912354854,-2.11971044632016,0.8564804
SYC,Seychelles,2011,0.8,42.6739844860866,13.5270690867223,13843.7116081878,0.149780680938161,87441.0,210.075382747992,20.6952608634553,1.06438138123271,0.7752841
SYC,Seychelles,2012,0.8,42.7261758463169,56.2882654419862,14135.0010570653,0.1644793129234,88303.0,222.178254853141,19.7343819448264,10.4372838765698,0.7257334
SYC,Seychelles,2013,1.5,42.815069634181,4.29723724959436,14050.3135581314,0.136887236537623,89949.0,196.517733268793,16.5413009747671,5.64023151837689,0.7331354
SYC,Seychelles,2014,1.4,42.9386256186342,7.80896304548278,14395.6158118771,0.122451367247677,91359.0,213.354469426486,15.7700469714181,6.43587163230623,0.4579186
SYC,Seychelles,2015,1.4,43.094803568632,7.39272196242003,15333.1051727105,0.100073979606541,93419.0,187.475012467679,14.2030327151444,-1.00318641871358,0.7647495
SYC,Seychelles,2016,1.2,43.2815632531296,4.35742188671966,16962.6753972731,0.0990332020466637,94677.0,180.866188390939,13.6909528775658,-2.29456846888873,0.7625994
SYC,Seychelles,2017,1.2,43.4968644410824,11.7771697387857,17921.5731976918,0.11671286310133,95843.0,197.442236417869,11.7738883980069,2.33249048759716,0.813523
SYC,Seychelles,2018,1.2,43.7386669014459,17.1030662941746,18628.1862276696,0.121453194976473,96762.0,185.7075372109,11.8099756005606,3.44738196587787,0.7800693
SYC,Seychelles,2019,1.2,44.0049304031754,13.7575701960234,19481.6461053742,0.0974947166802459,97625.0,173.407846880196,12.2185624290623,0.126950238609624,0.6921848
SYC,Seychelles,2020,1.3,44.2936147152263,5.79027015191072,17048.361729788,0.13148617576909,98462.0,153.48333156592,14.271545381162,5.23042858538314,0.727409
SYC,Seychelles,2021,1.7,44.6026796065539,7.52808883301193,17005.0422063679,0.120645132507182,99258.0,183.77081501466,11.7537279327877,2.75005993802337,0.7262104
SYC,Seychelles,2022,1.9,44.9108209981157,9.4918981662406,15471.2109575418,,119878.0,191.578843890135,12.12283632287,3.23305114103314,0.8411889
SYC,Seychelles,2023,,45.0971081321658,11.0384988650861,16286.8557867673,,119773.0,183.842116553333,13.295595742584,1.39387024808538,0.9207856
SYC,Seychelles,2024,,45.2898622460415,10.1468739688419,16612.6374865452,,121354.0,175.872982613261,13.4190142367438,2.92830856479461,0.9164443
SYC,Seychelles,2025,,45.4828390704609,,17378.7777801503,,122730.0,172.28733997155,14.3499288762447,2.60246448996226,
SYR,Syrian Arab Republic,2010,1.4,55.6962002889119,2.39318605915641,1526.36518590261,4.10943264371734,22482421.0,64.0101621944449,30.4265229777175,6.89970121338396,-1.1174939
SYR,Syrian Arab Republic,2011,1.6,58.4817704183521,1.19065647696386,1542.71903961106,20.3536054160127,22878098.0,50.6960903036998,33.7332113590303,11.5738461285185,-2.13376019999999
SYR,Syrian Arab Republic,2012,2.0,65.0896662830335,,1142.29215064994,15.2359708811944,22759763.0,35.3686903315942,25.0488124668991,26.2460525288148,-2.4554347
SYR,Syrian Arab Republic,2013,3.1,73.0620491886137,,884.328816905262,10.4697183432435,21666917.0,44.705254783599,23.193609016883,31.7704980144042,-2.46599079999999
SYR,Syrian Arab Republic,2014,2.7,76.0,,847.658909813856,5.74137102637288,20273659.0,54.2644225207985,19.4952280331484,37.0945860227034,-2.34971829999999
SYR,Syrian Arab Republic,2015,0.6,75.7529067188542,,847.731545352582,3.61325134885599,19424618.0,51.0862130409438,15.4913376113713,38.2143900105625,-2.4382136
SYR,Syrian Arab Republic,2016,1.3,75.15400963398,,802.968607901263,3.17208654310089,19193834.0,67.1119407366416,16.2367806484668,36.8711847659073,-2.5955347
SYR,Syrian Arab Republic,2017,1.1,74.5395596323392,,795.881817153216,3.11485462954234,19224668.0,61.0508545098696,17.2068655661833,37.2210307427962,-2.4453795
SYR,Syrian Arab Republic,2018,0.9,74.0612602381775,,792.412864720441,3.35036111849182,19577845.0,50.6591076441391,18.4959547270984,13.1878617478686,-2.4238579
SYR,Syrian Arab Republic,2019,1.0,73.8248788261986,,771.517948289192,3.76931985084524,20353534.0,41.9994681765976,15.9160457378987,19.8313554100257,-2.4527063
SYR,Syrian Arab Republic,2020,1.1,73.4125031102512,,753.135305709477,6.37482598047532,21049429.0,43.1916195452227,20.3249119843557,64.9283344777531,-2.35367569999999
SYR,Syrian Arab Republic,2021,1.1,73.0125007629395,,746.077458768389,,21628839.0,59.002012246256,17.9924214597196,118.399228184728,-2.37452369999999
SYR,Syrian Arab Republic,2022,,72.6124992370605,,716.943843933856,,22462173.0,35.4372421451582,11.9429158166427,107.375151010575,-2.43824749999999
SYR,Syrian Arab Republic,2023,,72.1673803143204,,,,23594623.0,,,,-2.4379022
SYR,Syrian Arab Republic,2024,,72.0761345758254,,,,24672760.0,,,,-2.3680716
SYR,Syrian Arab Republic,2025,,72.0836286208518,,,,25620427.0,,,,
TCA,Turks and Caicos Islands,2010,0.3,90.3748294690201,,29111.8729223189,0.00470190017585731,29739.0,,11.9362889275876,-3.28315695879289,
TCA,Turks and Caicos Islands,2011,0.4,90.7312950817828,,29363.9475927366,0.00387136232153088,30846.0,,7.9283128949713,17.3161205081117,
TCA,Turks and Caicos Islands,2012,0.4,91.0352667584286,,27441.3335987017,0.00388988760953433,32127.0,,8.08058613336407,1.50945050835223,
TCA,Turks and Caicos Islands,2013,0.4,91.3168927865286,,26477.5410719582,0.00513935047593194,33653.0,,8.40723340375848,2.5614211723003,
TCA,Turks and Caicos Islands,2014,0.4,91.5971200472541,-7.26872638131726,27636.8210228067,0.00597028510106603,35050.0,,7.97110615144182,1.92533502201098,
TCA,Turks and Caicos Islands,2015,0.4,91.8737937193851,-6.48146945952513,29457.0140691162,0.00415130851289815,36605.0,,8.25866152758946,1.26129142638534,
TCA,Turks and Caicos Islands,2016,0.4,92.1466904484552,1.38011010932735,30183.0002949881,0.00520201843450933,38315.0,,7.96687070223397,3.9444752403965,
TCA,Turks and Caicos Islands,2017,0.3,92.4155868799755,1.84213469921316,50586.1032335151,0.00448799747282142,39913.0,,9.00290327373748,-42.9186043734411,
TCA,Turks and Caicos Islands,2018,0.4,92.6802596594323,3.21281809957781,51863.1830309332,0.00277281674159693,41559.0,,9.09559174301107,2.77413732367913,
TCA,Turks and Caicos Islands,2019,0.5,92.9404854322845,1.96536835982091,52419.8862128617,0.00235664810158653,43166.0,,8.62929879475565,-0.577400429770876,
TCA,Turks and Caicos Islands,2020,0.5,93.1960408439605,3.31220825207674,33739.4253991739,0.00416657969513341,44386.0,,11.1361550196159,1.15260886458796,
TCA,Turks and Caicos Islands,2021,0.8,93.4467025398547,2.3203583782398,42907.7492465912,0.00326750077470616,45243.0,,9.80865520005111,3.86053485899933,
TCA,Turks and Caicos Islands,2022,0.8,93.6922471653237,2.44052271812869,48307.3079245499,,45847.0,,10.0498633655924,1.66438540386416,
TCA,Turks and Caicos Islands,2023,,93.9324513656818,1.99307418959353,54523.0330927151,,46198.0,,9.48175117001586,0.466757158704098,
TCA,Turks and Caicos Islands,2024,,94.1670917861964,2.5209301366237,57179.29601876,,46535.0,,9.33694592231597,0.8293946251585,
TCA,Turks and Caicos Islands,2025,,94.3959450720822,,,,46855.0,,,,
TCD,Chad,2010,79.2,21.8472378191095,2.22641001271938,956.953018707396,23.7814056347722,12312575.0,63.7311691270791,37.9286133933223,5.63500706968118,-1.08974669999999
TCD,Chad,2011,80.7,21.9558736797638,1.68950609671276,965.286963559567,28.1688125971144,12754997.0,57.5437561870898,41.0747792133064,8.17434340145252,-1.1533318
TCD,Chad,2012,76.1,22.1061904148178,3.24047414068829,1016.42152061942,24.7933556227023,13210998.0,54.3851887421013,43.4028876654672,6.52462722293178,-1.1726684
TCD,Chad,2013,72.6,22.2975929852391,2.91179134022524,1008.61711428961,20.0436304196548,13691079.0,51.5308164549816,38.4745522079809,-6.07379419468479,-1.18913009999999
TCD,Chad,2014,72.5,22.5294513486009,-3.72317778039931,993.321157706456,15.6882203824047,14188678.0,40.8116269859319,37.1094347348857,-0.519575847763321,-1.3290695
TCD,Chad,2015,72.7,22.8011258828974,3.84380092336452,993.990730610869,11.9712071081449,14647621.0,48.5114982079885,33.9182904673272,-6.99206966012547,-1.1227573
TCD,Chad,2016,72.7,23.1119734707179,1.87837153237555,923.565872051196,13.110061160108,15114655.0,43.9580149331537,25.3450186548517,-6.4643075740682,-1.34170719999999
TCD,Chad,2017,72.8,23.461349471105,2.72215531343515,879.075895464417,16.8846139020106,15622759.0,43.2900613852468,26.4585882128612,2.06223394747795,-1.36771589999999
TCD,Chad,2018,73.1,23.8486084924975,3.00704966736056,898.834794005046,20.9399413766231,16156531.0,46.7384317860183,29.0064942875454,3.86899224361679,-1.3603311
TCD,Chad,2019,72.8,24.2731047386633,3.80153819394825,917.203710060136,19.6499588651766,16685223.0,46.6777247152768,28.75903709786,-2.65592185917629,-1.4521212
TCD,Chad,2020,71.9,24.7341921795416,3.73465690769548,884.980541934939,13.9330901678111,17224679.0,40.6428170621932,23.903002699075,-1.19280936554271,-1.4524146
TCD,Chad,2021,69.9,25.2312246423075,4.17913326043699,857.52763057976,21.3429312625159,17828273.0,43.9465041015895,28.6098546099848,8.53346785290687,-1.689273
TCD,Chad,2022,70.0,25.7635558629694,3.44402627536712,862.602128172536,,18455316.0,47.9883784319429,33.0636052300641,14.147701098413,-1.6491593
TCD,Chad,2023,,26.3305395171046,4.97649325238016,856.985507283698,,19319064.0,46.8626488759728,30.7971003752402,-3.74429551857961,-1.6839155
TCD,Chad,2024,,26.9315292389497,5.12132130084841,855.999353179333,,20299123.0,44.5559353847423,28.7578773684714,3.30989824850634,-1.77893219999999
TCD,Chad,2025,,27.5658786336865,,873.528540127688,,21003705.0,46.1321498031281,26.7429371596395,-1.95684555329994,
TEA,East Asia & Pacific (IDA & IBRD countries),2010,15.7610889736946,47.4944410556877,3.73121097357493,4852.63859013079,6.3096752998054,1948643347.0,56.1721405871619,44.2056834222327,4.37088436444888,
TEA,East Asia & Pacific (IDA & IBRD countries),2011,14.7046669134649,49.4756973637545,3.45331149271659,5227.95136482515,7.63579985966873,1964036970.0,56.831964931979,44.3995658506157,5.41240809007968,
TEA,East Asia & Pacific (IDA & IBRD countries),2012,14.7099408406947,50.5489604205707,2.79572677067164,5575.01390464133,4.40480448930623,1981382735.0,54.3940694848238,43.5315789663204,3.75387875323653,
TEA,East Asia & Pacific (IDA & IBRD countries),2013,14.5828878425143,51.6977521381035,3.0056739252345,5931.54927372231,3.36514570971316,1998548872.0,52.7892262513015,42.4200676984004,2.8690452471251,
TEA,East Asia & Pacific (IDA & IBRD countries),2014,14.8262934267536,52.7530227342422,2.53735465342589,6296.37014710907,2.77342707573095,2014960984.0,51.1666030744471,41.5166933492062,3.29936912050763,
TEA,East Asia & Pacific (IDA & IBRD countries),2015,14.5102816361425,54.0210877061728,2.26118623968567,6664.53447337008,1.5349553383613,2030504270.0,46.0564247795521,39.4895467509794,2.53089781689621,
TEA,East Asia & Pacific (IDA & IBRD countries),2016,14.9020380294471,55.240567924451,1.59242841402852,7045.16072110558,1.35374298762153,2045816761.0,43.4865598949252,38.3692352030467,2.51784593601241,
TEA,East Asia & Pacific (IDA & IBRD countries),2017,15.1902273112057,56.3988367330046,1.58790614561962,7457.82890009373,1.64954939591655,2061449949.0,44.7914695374145,38.6816464912628,2.97918318621855,
TEA,East Asia & Pacific (IDA & IBRD countries),2018,15.2801719188239,57.595296727158,1.8426516251496,7894.29743865068,1.82585304080303,2074796982.0,45.093748242271,38.6227988779177,3.74065383022071,
TEA,East Asia & Pacific (IDA & IBRD countries),2019,15.7206717226655,58.6098141698239,1.49227187290619,8312.8476797593,1.57314140387813,2086281644.0,42.918052350245,37.5085646048035,1.24066441428737,
TEA,East Asia & Pacific (IDA & IBRD countries),2020,16.2041019103429,59.3301997601025,1.7038032178147,8386.41483907815,1.1001985787818,2095759417.0,40.8363715971787,36.6767440592271,1.22225156843744,
TEA,East Asia & Pacific (IDA & IBRD countries),2021,,60.3208754851698,2.06377433439377,9005.51806406365,2.09967893068391,2102350702.0,44.7686717712859,37.9132808991086,3.42223944620068,
TEA,East Asia & Pacific (IDA & IBRD countries),2022,,60.8301827838521,1.29405590912256,9303.40405088781,,2107261123.0,46.8441335658356,37.9128439507499,6.16371648905898,
TEA,East Asia & Pacific (IDA & IBRD countries),2023,,61.1991011324118,0.594427619831629,9774.78042985959,,2111139152.0,45.0742111093105,36.7510237962334,2.54749432932826,
TEA,East Asia & Pacific (IDA & IBRD countries),2024,,61.5847679018686,0.612108489221901,10241.9890248099,,2114653077.0,46.5969410075874,36.2972770429585,4.50394354503945,
TEA,East Asia & Pacific (IDA & IBRD countries),2025,,62.0267995645331,0.60851415096412,10734.6268335252,,2117367063.0,46.885138586695,35.5832382790415,2.95985755940733,
TEC,Europe & Central Asia (IDA & IBRD countries),2010,6.4529448184641,64.7258667419875,2.96080877410767,7000.76886191211,8.59581121088139,442936599.0,60.4647527452973,29.5556863269105,6.90506472366725,
TEC,Europe & Central Asia (IDA & IBRD countries),2011,6.04948456107391,65.0953458128978,3.16394667730816,7380.61822115828,11.0169380762817,444846366.0,63.4361828040048,30.0070150988895,8.33655636534398,
TEC,Europe & Central Asia (IDA & IBRD countries),2012,6.28402287149414,65.6154048918302,2.50322722825842,7600.7808253936,9.63141898832014,446941101.0,63.2136038807818,29.5056077815126,4.78556981066754,
TEC,Europe & Central Asia (IDA & IBRD countries),2013,6.84165697411543,66.4664633633165,2.45702984100994,7818.91433979736,8.47065669873318,449128604.0,61.9465793952155,28.813306170795,3.17518813604272,
TEC,Europe & Central Asia (IDA & IBRD countries),2014,6.52584380803076,67.3911891022885,1.955479226877,7958.16097502701,7.79649943589084,451432428.0,62.9818829516057,28.9720792498625,2.30918242990974,
TEC,Europe & Central Asia (IDA & IBRD countries),2015,6.91555148923036,68.0719889181919,2.02814867308965,8034.6842596255,5.10774649415776,453662073.0,62.4942417165777,29.3515202571958,2.28621254436099,
TEC,Europe & Central Asia (IDA & IBRD countries),2016,7.04015093233689,68.2998664724156,3.21133448536631,8146.53010473417,4.41243605097967,455913002.0,61.8690279724338,29.0758172519512,2.84424213964709,
TEC,Europe & Central Asia (IDA & IBRD countries),2017,6.75633843243037,68.3671996828986,2.20663509839544,8464.38023977556,5.798210565821,458010325.0,64.6082733747908,29.377068480913,4.81312201964556,
TEC,Europe & Central Asia (IDA & IBRD countries),2018,7.25779989922942,68.4656324149256,1.75948026099648,8750.28088810459,8.27360163843046,459946883.0,69.0547727880078,30.4521839168417,3.44744511589256,
TEC,Europe & Central Asia (IDA & IBRD countries),2019,7.59012527634488,68.6393881359924,2.4025858757566,8959.32260249973,6.66589555462092,461933206.0,67.4494050119772,29.7251558300329,3.65868395013121,
TEC,Europe & Central Asia (IDA & IBRD countries),2020,8.02684416318492,68.7550754784278,1.63491865788956,8812.50868521582,4.12432762641276,462842288.0,62.9043943187098,28.5275346011664,2.6493593974983,
TEC,Europe & Central Asia (IDA & IBRD countries),2021,,68.8680370709709,2.94132504408177,9476.65110748915,10.0911044271425,463104389.0,70.0495786932915,30.0887153797882,6.90051365787157,
TEC,Europe & Central Asia (IDA & IBRD countries),2022,,68.9112783282391,1.05350737923792,9708.77674684136,,460942269.0,72.6918504065243,30.7916598810029,12.051275290788,
TEC,Europe & Central Asia (IDA & IBRD countries),2023,,68.9599808529652,1.49369471637468,10132.3013270566,,458599775.0,65.6593833412684,29.1053991582601,8.04676215128896,
TEC,Europe & Central Asia (IDA & IBRD countries),2024,,69.069522725284,1.04035656351917,10509.1101785927,,459982788.0,60.2919957606793,28.1299442914705,6.3962577960575,
TEC,Europe & Central Asia (IDA & IBRD countries),2025,,69.1547566263432,1.46575747404048,10747.6908845634,,462559433.0,55.6517930110373,26.894421292806,4.76654441841764,
TGO,Togo,2010,65.8,37.5545882975638,2.63493273204289,686.014185396121,11.3076284343152,6325788.0,66.7974885937104,20.3367703008535,-0.0933183400535995,-0.3792993
TGO,Togo,2011,69.1,37.9872305648732,13.4388023170829,706.442158827353,17.924810571738,6500582.0,77.732312664143,21.7641490273027,2.81959119100415,-0.3850113
TGO,Togo,2012,72.7,38.4194359598204,2.24458540176674,733.683602929868,20.9936889901917,6653718.0,75.7132085684163,20.0154635557205,1.75037449118827,-0.6511156
TGO,Togo,2013,76.2,38.8516767884103,3.04894540679557,759.841612443554,15.5653200902369,6798848.0,82.1477877564195,22.1985252830239,1.68329044618704,-0.5059279
TGO,Togo,2014,81.4,39.2839506458368,0.844950465027458,786.587399651446,13.3950715961836,6937644.0,70.9156517502517,23.8476899946971,0.479878463169484,-0.3001357
TGO,Togo,2015,81.0,39.7162551272934,4.48026975109969,813.894676975085,12.7280087175611,7071502.0,69.1281378813376,22.8664405321196,2.2027014975329,-0.411126999999999
TGO,Togo,2016,80.7,40.1485878279739,-0.76275824996834,832.959515987733,9.003109569313,7200884.0,66.4450409805081,20.8834101208291,1.45775670689166,-0.280199
TGO,Togo,2017,78.4,40.5809463430719,1.38645400988561,851.735728621337,7.77733835842081,7324386.0,58.2088602526732,20.4016230144725,-0.884659427232194,-0.835878399999999
TGO,Togo,2018,76.7,41.013328267781,-2.57457902571647,876.562800915869,4.87362329556752,7458206.0,57.5737388499452,21.0297583235942,0.452907938254626,-0.8728328
TGO,Togo,2019,78.6,41.445731197295,4.94352054229764,900.166602437871,4.32587635811955,7619925.0,56.3398500747576,19.3445737400915,0.0198866677059328,-0.8504632
TGO,Togo,2020,76.2,41.8781527268075,-0.79089727996859,899.748802355348,4.73168572169493,7788054.0,55.0659513954403,20.1418010121018,2.94224256636319,-0.8075061
TGO,Togo,2021,75.1,42.3105904515122,-1.59478801736582,928.301087692897,7.86417419787513,7936176.0,56.3775580757321,20.0216103603057,4.55780831498707,-0.6682329
TGO,Togo,2022,,42.7332327975627,-2.00429827129667,970.535975822983,,8068616.0,61.575092396894,21.2257076314374,7.12146367434005,-0.760395399999999
TGO,Togo,2023,,43.2496853032436,0.820060116117922,1011.2308927823,,8223850.0,59.9291777017427,20.6747193049682,2.97322929884109,-0.9186036
TGO,Togo,2024,,43.8148491605996,0.786914262545951,1053.81653764697,,8406558.0,,20.444604561795,2.71878418150339,-0.8094466
TGO,Togo,2025,,44.3949892074399,,1096.18363113201,,8591626.0,,21.0161003598734,0.849119458930559,
THA,Thailand,2010,22.8,44.0018736622496,4.32320928209171,5059.35747831657,2.73568032123207,68579447.0,127.250522638251,39.9217256985357,4.08098922673743,-1.2331956
THA,Thailand,2011,23.0,44.8048723557374,0.667087644548593,5070.23740191942,3.14709998160529,69007208.0,139.675407224576,37.9813982711097,3.7430981204437,-1.1386768
THA,Thailand,2012,23.6,45.373565813715,3.24456444314608,5403.87846036273,2.90571167294829,69436098.0,137.67493851024,37.343694137461,1.90914444199674,-1.22129129999999
THA,Thailand,2013,23.2,45.8321343847773,3.79126450872817,5516.61164164135,2.61852748014065,69845114.0,132.462274174269,36.8985884648101,1.77874589235417,-1.3578088
THA,Thailand,2014,24.4,46.3138799467897,1.22145318013998,5541.46599361845,2.8228271736769,70216367.0,130.905495444398,36.7630403655124,1.44146536528029,-1.1368246
THA,Thailand,2015,22.6,46.9521043776171,2.22468548959784,5688.85335397884,1.93092320697655,70540795.0,124.839662152526,36.1791773262667,0.722113573412514,-1.156024
THA,Thailand,2016,22.4,47.8801095551247,0.843364340718618,5857.78052935926,1.5532188768547,70859841.0,120.57522728913,35.586765405076,2.63616761998928,-1.12638439999999
THA,Thailand,2017,22.2,49.2311973571777,1.81550260101987,6076.74307700082,1.63215260676224,71160187.0,120.891427433638,35.018759526322,1.8999449899777,-0.984692599999999
THA,Thailand,2018,23.7,54.5843734741211,2.71279835138662,6314.19948412043,1.81670642609227,71376079.0,120.841864730984,34.7424896675041,1.42858616420727,-0.979869
THA,Thailand,2019,23.9,55.9266166687012,1.01734877580041,6434.53770518034,1.51242491485513,71522271.0,109.689514715166,33.5939105133265,1.01442340642497,-0.588531399999999
THA,Thailand,2020,20.9,57.2358779907227,-0.858310188764945,6032.42244606793,1.1095683956846,71641484.0,97.6624419371158,33.3031649062562,-1.29044513660705,-0.7333386
THA,Thailand,2021,19.0,58.5087776184082,3.04112326260094,6119.11018526099,1.8170265297611,71727332.0,117.131472183199,35.0417417475132,1.7771571075901,-0.6963747
THA,Thailand,2022,,59.742374420166,2.39157096115532,6279.82250415973,,71735329.0,132.813458288082,35.1269834648331,4.64070691859968,-0.5671596
THA,Thailand,2023,,60.9341926574707,1.9975474592024,6423.99101164149,,71702435.0,128.792359690165,32.9143397918669,1.25338887133665,-0.4398775
THA,Thailand,2024,,61.8689338391321,2.70165281834265,6616.58539335928,,71668011.0,135.724935837766,31.8367729457595,0.864531565935238,-0.6833311
THA,Thailand,2025,,62.7993377136296,3.26524902878263,6782.7505882501,,71619863.0,138.413686011523,31.0727069757421,-0.870042460757318,
TJK,Tajikistan,2010,61.8,26.5274312963978,1.6649590356128,770.604105393791,1.67499054637824,7652141.0,73.493044509473,24.9766261519968,12.4616677349709,-0.8701472
TJK,Tajikistan,2011,60.0,26.4792213439941,2.23653413214552,809.368229154093,2.03753218816376,7824785.0,79.7842446734572,22.4687490647166,13.3243555693147,-0.9993314
TJK,Tajikistan,2012,55.8,26.4102249145508,3.16697499395782,849.519080831738,1.70765801661998,8014084.0,83.1759445401528,22.0426346192666,11.8685155888293,-1.0705181
TJK,Tajikistan,2013,55.1,26.4883155822754,3.351407966942,889.882383099979,1.3294136907651,8216724.0,71.7437428882341,23.1151646451446,3.63300945054496,-1.0538059
TJK,Tajikistan,2014,45.9,26.5633735656738,3.58397838530001,925.970961482804,2.19331996280515,8425552.0,54.6071596053705,22.6047415105536,4.76666135833671,-0.6152413
TJK,Tajikistan,2015,48.1,26.478832244873,5.48892076080458,956.916310930656,2.26536441077173,8643840.0,49.9378160689555,30.220213504702,6.86625094979701,-0.744602299999999
TJK,Tajikistan,2016,43.7,26.3718509674072,3.45540459636672,997.352614556708,3.80725838932103,8865631.0,55.7246446907573,32.2133662345342,0.541389756844993,-0.7460947
TJK,Tajikistan,2017,44.2,26.2731513977051,2.46572647891723,1042.26391757642,4.54778525164425,9085946.0,53.7861046057767,31.8468579622965,9.80546714084267,-0.6533475
TJK,Tajikistan,2018,41.6,26.2338752746582,2.84433010113639,1094.8002018221,5.40040742136206,9307333.0,55.8461114113303,34.3983608033865,2.49222755648458,-0.672519099999999
TJK,Tajikistan,2019,40.1,26.1300735473633,2.5637213527723,1148.34676712493,5.22368712777317,9529966.0,56.0450159145896,33.0621490637064,3.65868395013121,-0.4236664
TJK,Tajikistan,2020,38.8,26.1925442328719,1.30975252279444,1171.90127480359,5.13513488386848,9749310.0,55.7491040194954,33.7965394725715,1.65596010469615,-0.3288928
TJK,Tajikistan,2021,34.9,26.1991525151375,0.94025522151091,1254.06999592306,9.04634759702914,9966908.0,71.825937435383,35.177682602153,10.0445095549154,-0.3984715
TJK,Tajikistan,2022,,26.1957126615618,1.62432287476597,1325.75545290849,,10182222.0,65.4355115893577,34.702580856427,8.26227281475744,-0.4282098
TJK,Tajikistan,2023,,26.1890127571429,1.14813698883392,1407.1075436221,,10389799.0,65.6347010367354,33.6387708593471,3.74356638768386,-0.2876253
TJK,Tajikistan,2024,,26.1788063651548,2.01948198566107,1496.33813395037,,10590927.0,59.0899316296485,32.4423769080117,8.23143849322796,-0.2756522
TJK,Tajikistan,2025,,26.16476270853,0.486117105867933,1592.58651375753,,10786734.0,,,4.76654441841764,
TKM,Turkmenistan,2010,0.1,46.9171732247121,16.0841101892421,3902.54200118683,23.2100512626625,5564356.0,97.2464440197632,59.1311643516361,2.3060880734582,0.3024549
TKM,Turkmenistan,2011,0.1,46.9397537877858,11.6000011402509,4383.14380872567,34.2784349181735,5683417.0,118.095536458021,65.8692912440737,12.8394392903095,0.2327283
TKM,Turkmenistan,2012,0.0,46.9603023107661,8.90000000898042,4762.66047536389,30.8737007585666,5808546.0,119.176960326488,66.5798559141072,8.31802166481899,0.232102
TKM,Turkmenistan,2013,0.1,46.9788451198152,7.30000002103605,5131.14087328544,27.4926438120002,5939341.0,109.48116584462,63.4277120836429,1.18656192390871,0.2343309
TKM,Turkmenistan,2014,0.1,46.9954085410955,8.8000010883235,5535.50161297771,20.1759840166561,6075283.0,102.760907500564,60.6696011092838,0.623808638430205,0.0147681
TKM,Turkmenistan,2015,0.1,47.0100189007695,8.49997845154391,5759.497903834,15.4827871650235,6215770.0,73.2280034158293,54.2933303537937,-5.11102031514122,-0.126391199999999
TKM,Turkmenistan,2016,0.1,47.0227025249994,6.73339600135868,5979.47627661058,9.65761604863881,6360041.0,58.2932324852085,51.4325436635517,-4.89166364163145,-0.2753346
TKM,Turkmenistan,2017,0.1,47.0334857399476,6.25428099410887,6221.41962759021,13.0262092742703,6507061.0,47.3983995269018,47.0438896506004,-1.4974770150088,-0.2289187
TKM,Turkmenistan,2018,0.1,47.0423948717765,6.17076671493352,6460.13015920839,20.0690091609088,6655524.0,41.6378669600992,44.9063982786535,1.20513555344166,-0.1316848
TKM,Turkmenistan,2019,0.1,47.0494562466485,6.24118562289562,6719.32320157703,13.4925127713072,6803944.0,37.6560517756178,42.0811892510006,3.75511651839089,-0.2189823
TKM,Turkmenistan,2020,0.1,47.0546961907259,5.25123989729465,6964.38162887016,,6949912.0,29.9541700399769,36.882432806175,-4.53582635261066,-0.1270103
TKM,Turkmenistan,2021,0.1,47.0581410301711,4.8884551850333,7244.61385880341,,7092043.0,33.4124528498008,36.4497314777386,2.54147961411064,-0.224582999999999
TKM,Turkmenistan,2022,,47.0592103414926,2.49053286789766,7549.25301930356,,7230193.0,37.8107225896924,39.7309104816447,10.8606435036862,0.2106842
TKM,Turkmenistan,2023,,47.0678875054171,3.53230296866931,7879.96559789716,,7364438.0,34.1794035540188,38.0998941918906,-2.36586512387046,0.2072195
TKM,Turkmenistan,2024,,47.0875253910294,3.71704110413,8229.67261114232,,7494498.0,28.7345237411748,37.4828904615103,6.82610088719468,0.2455892
TKM,Turkmenistan,2025,,47.1053608253747,,8605.36149865389,,7618847.0,28.1660712907997,35.9733149546334,6.02233951258609,
TLA,Latin America & the Caribbean (IDA & IBRD countries),2010,29.4185691870613,78.2956488991946,3.25467308010171,7913.20182058713,5.34224716225064,571822092.0,40.0312925550721,30.8353787637046,5.58059737402084,
TLA,Latin America & the Caribbean (IDA & IBRD countries),2011,28.7713961731801,78.5011436720577,3.54473782489555,8183.49690860235,6.9583486659728,578171855.0,42.1138150818576,31.8976455902295,5.79618846935178,
TLA,Latin America & the Caribbean (IDA & IBRD countries),2012,28.2092931078232,78.7047750052812,3.57831786398694,8314.56455528008,6.1741394483744,584524334.0,44.5707785286525,31.1611416336331,4.54221493127187,
TLA,Latin America & the Caribbean (IDA & IBRD countries),2013,28.0091335892334,78.9165836181544,3.34469868184525,8456.92525770353,5.37806269236238,590809938.0,44.1969122597268,30.6909593559179,2.96227821724729,
TLA,Latin America & the Caribbean (IDA & IBRD countries),2014,27.9234565266568,79.1330503121854,3.21464436700023,8473.41365340212,4.46565867289869,597023419.0,43.7324853212886,30.3103910761027,2.54364613182496,
TLA,Latin America & the Caribbean (IDA & IBRD countries),2015,28.4881357094781,79.3548258170168,3.45463469661945,8404.04978849743,2.37191866278849,603091701.0,44.2186743132725,29.5485815043642,3.00430951684523,
TLA,Latin America & the Caribbean (IDA & IBRD countries),2016,29.1484835734771,79.5767193908271,3.41390511390793,8259.95033794012,2.26834843105051,609017063.0,43.2734558050234,28.5485549680862,2.70719500353177,
TLA,Latin America & the Caribbean (IDA & IBRD countries),2017,29.6408830785882,79.7952284112037,2.92981966049454,8315.23504920842,2.71839176979659,614776664.0,43.4961514522708,28.7489924305479,3.67138450274919,
TLA,Latin America & the Caribbean (IDA & IBRD countries),2018,30.4953793252595,79.992282192881,3.24913397512247,8349.31011182677,3.47405729728893,620274430.0,47.5294369954004,29.8194958960904,2.19813590595039,
TLA,Latin America & the Caribbean (IDA & IBRD countries),2019,30.8730849505438,80.2043693016899,3.05800009496936,8304.43005301967,2.71967033487893,625467307.0,47.1463833583721,29.7788002430404,2.63698828375445,
TLA,Latin America & the Caribbean (IDA & IBRD countries),2020,34.4989632470857,80.4192977316043,2.41549517376158,7684.93194839094,2.55831948263278,630051021.0,45.584991563533,29.9511241844401,2.20392146778615,
TLA,Latin America & the Caribbean (IDA & IBRD countries),2021,,80.621099914497,2.86858928253391,8194.51065809746,6.29672477224178,633862610.0,51.480809635132,32.2411746596097,4.91927458082348,
TLA,Latin America & the Caribbean (IDA & IBRD countries),2022,,80.8195255101746,3.50346587415081,8479.2645101924,,637837815.0,54.712654058513,32.9164608228023,7.28685491123275,
TLA,Latin America & the Caribbean (IDA & IBRD countries),2023,,81.0398075940594,2.60348586900226,8611.07781121831,,642397939.0,46.8914803379704,32.266470347461,4.67637404757288,
TLA,Latin America & the Caribbean (IDA & IBRD countries),2024,,81.2720096738405,2.83361380100383,8744.52778534944,,647003746.0,47.8473408046123,31.1233458799315,4.07967448515818,
TLA,Latin America & the Caribbean (IDA & IBRD countries),2025,,81.5103934487331,2.68387818651293,8889.25615975034,,651467364.0,48.6249860556184,30.2630839452158,4.33308454134256,
TLS,Timor-Leste,2010,34.8,29.6398840020416,3.43944743183908,1195.38067803197,,1084679.0,134.4005216863,9.13731151264648,10.9638160663462,-0.591676099999999
TLS,Timor-Leste,2011,32.8,29.633352306451,4.70566334584962,1237.48383284275,,1110207.0,140.766349625231,12.9857464682707,11.5656560657147,-0.5916549
TLS,Timor-Leste,2012,25.6,29.6136082349605,3.47958036025867,1269.41629276068,,1134885.0,128.500493298465,12.7911387224216,6.1604670783707,-0.4206058
TLS,Timor-Leste,2013,22.6,29.5836906253246,4.00200681164531,1281.92864092574,,1158695.0,79.6341248298199,20.1062112845245,16.6427681770437,-0.5293114
TLS,Timor-Leste,2014,18.1,29.5463092024041,2.3422913323763,1312.96494079465,,1181903.0,82.7357773406823,16.9792969455941,-0.72805110472585,-0.3601212
TLS,Timor-Leste,2015,18.0,29.5043315008419,2.70363930330864,1319.59297370991,79.4309494383903,1205131.0,60.0769209292639,18.3707623249808,7.20272656720353,-0.427259699999999
TLS,Timor-Leste,2016,12.7,29.4462907628171,0.33397246121617,1333.6585468432,44.5556159738805,1228312.0,60.310621759226,19.2291135084536,0.141367073258863,-0.1166
TLS,Timor-Leste,2017,13.2,29.3600996787092,0.42375096203898,1267.08660142883,44.8705165836223,1251703.0,58.6347507796182,15.7805292822465,-0.212799455428609,0.0703179999999999
TLS,Timor-Leste,2018,12.7,29.248617510057,3.08007812980224,1237.20064730412,62.7689541343655,1275959.0,64.8191831225499,16.4990219080011,-1.36269499343967,0.2487237
TLS,Timor-Leste,2019,11.7,29.1148755245217,-7.79447350305257,1507.24748294374,44.8952633775622,1300945.0,70.6142440551536,30.4131449827763,5.16428345869988,0.2676531
TLS,Timor-Leste,2020,11.4,28.9619049897647,-16.2053007941191,1947.83997138866,34.3932968859447,1326053.0,84.7503111042388,36.7520088603671,-19.2266531049002,0.2673205
TLS,Timor-Leste,2021,12.1,28.7927371734472,-6.5936436488535,2015.82039246197,34.7297460391742,1350139.0,99.8600009384765,62.1863334819576,59.079679423911,0.2660158
TLS,Timor-Leste,2022,11.4,28.5857292288968,1.67248574731989,1579.71084680858,,1369295.0,97.621108820704,54.5122437982997,11.3679787799573,0.4239118
TLS,Timor-Leste,2023,,28.595471832952,5.87499260731956,1279.2112241611,,1384286.0,89.3046490972644,23.8680415769611,-20.8217874208374,0.4358404
TLS,Timor-Leste,2024,,28.6641074179574,12.0853687045097,1149.21889002201,,1400638.0,95.4485030105899,11.8214190264431,-1.3163468945048,0.5260108
TLS,Timor-Leste,2025,,28.7864318960935,13.3130496450646,1213.88624944473,,1418517.0,,,-4.68806675791843,
TMN,"Middle East, North Africa, Afghanistan & Pakistan (IDA & IBRD)",2010,11.1975121431898,48.4579212313616,1.72686505583069,2860.48869374477,18.7806963662241,573609877.0,55.0664374845926,39.5038162823016,10.1068646296619,
TMN,"Middle East, North Africa, Afghanistan & Pakistan (IDA & IBRD)",2011,11.0593308918401,48.7709197134048,0.960518780648853,2789.01231595172,21.3314559117089,585763053.0,53.4917508147271,40.3738851405924,16.4109562675144,
TMN,"Middle East, North Africa, Afghanistan & Pakistan (IDA & IBRD)",2012,11.0384456368474,49.2354754411305,1.19219600913057,2830.4473285746,20.5437190131861,597586990.0,53.6656225417668,40.1268671321479,7.30175646760432,
TMN,"Middle East, North Africa, Afghanistan & Pakistan (IDA & IBRD)",2013,11.1424728929043,49.7861078087819,0.94060117171924,2807.49675855009,19.4462793611808,609074579.0,53.3997897262907,38.7548028890458,4.82278547876986,
TMN,"Middle East, North Africa, Afghanistan & Pakistan (IDA & IBRD)",2014,11.0410170572294,50.1424314222312,0.518104725498867,2822.91033070601,17.7042572154479,620390664.0,50.8591376770535,36.3795154819168,2.51816156647556,
TMN,"Middle East, North Africa, Afghanistan & Pakistan (IDA & IBRD)",2015,11.2881808687104,50.385107716384,0.634298214972891,2805.48695611112,10.4152679019881,631082594.0,46.5888738607617,30.830862154849,2.81024915557264,
TMN,"Middle East, North Africa, Afghanistan & Pakistan (IDA & IBRD)",2016,11.1456851493979,50.5924176765155,0.902934143631519,2912.85149131795,9.07210374435573,641470827.0,43.0195526643715,29.8809161651817,0.922198038986011,
TMN,"Middle East, North Africa, Afghanistan & Pakistan (IDA & IBRD)",2017,10.943060961286,50.7866571436082,1.07214495887137,2962.3615987999,12.4006875473527,652312809.0,47.9228742230016,31.5835641831667,4.36425016611679,
TMN,"Middle East, North Africa, Afghanistan & Pakistan (IDA & IBRD)",2018,10.9557039236004,50.9917156514723,0.961162779358095,2972.03291109214,18.3277849938274,663878345.0,54.2906367333293,33.0564736099443,5.84358273248314,
TMN,"Middle East, North Africa, Afghanistan & Pakistan (IDA & IBRD)",2019,11.4771071770715,51.2234331146053,0.962036543813816,2960.32844444325,15.3459684619713,675805691.0,51.4556020560939,32.4400886642151,5.34857624534533,
TMN,"Middle East, North Africa, Afghanistan & Pakistan (IDA & IBRD)",2020,11.2025085485546,51.4495362826798,0.768017790774774,2834.79641974013,9.84533493707802,687728758.0,44.2460732794613,28.9551396108484,6.46971902994663,
TMN,"Middle East, North Africa, Afghanistan & Pakistan (IDA & IBRD)",2021,,51.6735754616086,0.620934991487249,2907.14478110535,16.2372522312841,699536053.0,49.1614362771883,33.139182156739,13.099970835454,
TMN,"Middle East, North Africa, Afghanistan & Pakistan (IDA & IBRD)",2022,,51.925275557204,0.855329435825208,2981.95267795857,,711465045.0,57.410925835179,37.1436310240134,18.4286584190841,
TMN,"Middle East, North Africa, Afghanistan & Pakistan (IDA & IBRD)",2023,,52.1776709218643,0.716971808037314,3016.38786220006,,723911670.0,55.9898772984083,34.9129430651259,4.98767116074331,
TMN,"Middle East, North Africa, Afghanistan & Pakistan (IDA & IBRD)",2024,,52.3941964396274,2.4126363697192,3037.56299208501,,736401764.0,55.8354753976199,33.5111570376702,6.75531431719795,
TMN,"Middle East, North Africa, Afghanistan & Pakistan (IDA & IBRD)",2025,,52.6132026777518,,3047.76727731953,,748489811.0,56.3025998438537,32.1626329493002,4.13995205124297,
TON,Tonga,2010,1.0,23.4243619099178,1.27041874988286,3653.97817265087,0.0485079387936127,107400.0,70.7976681214649,18.0424982701103,7.72158550397988,0.7566171
TON,Tonga,2011,1.1,23.46075468367,1.8451444721178,3892.76807750666,0.0478419579924403,107570.0,78.8578648859134,19.0875708794809,0.475226791583111,0.9020811
TON,Tonga,2012,1.1,23.4589062635692,-0.178618753397925,3932.59367180675,0.0398683612912305,107460.0,77.9722872799652,18.8662320133186,4.28459781006418,0.9015228
TON,Tonga,2013,1.6,23.4170795020344,1.38770980540009,3962.16980948788,0.0401188794815067,107078.0,82.731581196292,15.8952134096482,-2.29125768149822,0.899817
TON,Tonga,2014,1.7,23.3431040935971,3.00261122409292,4058.81584447473,0.0521558048423682,106609.0,74.7304254735603,16.128189099805,0.0415381154507628,0.93921
TON,Tonga,2015,1.9,23.2434422818439,3.37347751536217,4123.90347238813,0.0421389970297059,106095.0,81.3902291563255,15.5472133546312,5.20196458939337,0.9379016
TON,Tonga,2016,2.0,23.1277038505921,3.95057720592388,4419.8147470039,0.0453861467678001,105524.0,87.7771750789587,15.9723676283725,2.97355305311282,0.9346438
TON,Tonga,2017,2.0,22.9711300654966,-3.40708332363142,4568.62484962494,0.0540904435129096,105356.0,88.0434925855836,16.4212274439525,5.57528435727959,0.8010403
TON,Tonga,2018,1.8,22.7017138925547,4.70301153504077,4583.55968565688,0.0399575891818241,105567.0,86.1039702691392,15.2201454899922,5.92312545547095,0.8562319
TON,Tonga,2019,1.8,22.3288155626206,-1.20711455147001,4566.07508700721,0.0355539728781376,105669.0,88.045385533046,15.3617825768715,6.48840341386112,1.0102973
TON,Tonga,2020,1.9,21.8766206823411,0.75496647808531,4647.0077529158,0.0390440712702677,105704.0,81.849496682175,14.7467482717009,-0.0146902270442126,1.1156731
TON,Tonga,2021,1.8,21.258003897665,0.0497755463114463,4612.90086913298,0.0407524657583253,105490.0,68.5461517477239,16.2978004637108,2.03758861131405,1.111896
TON,Tonga,2022,2.3,21.147219451842,0.523176247000647,4533.96809820124,,105042.0,70.1272718284375,17.2421471015711,9.19935912669882,1.3674794
TON,Tonga,2023,,21.147944541337,0.44357393519288,4680.30010664357,,104597.0,79.6239257000079,14.8652489605305,7.42659075660799,1.2304624
TON,Tonga,2024,,21.1505271125521,-1.86561431411564,4779.92399898557,,104175.0,77.5794710114187,17.672600907255,8.25161822432663,1.254781
TON,Tonga,2025,,21.1561406217448,,4934.27100795206,,103742.0,,,2.95985755940733,
TSA,South Asia (IDA & IBRD),2010,38.1566630116378,30.9636904041139,1.57694747954578,1222.51823005713,4.14081558048884,1444967010.0,48.318869674409,30.1141518294296,9.42649663538977,
TSA,South Asia (IDA & IBRD),2011,36.8092713088936,31.3499145522495,1.91950208928278,1272.07513801273,4.84942629055164,1464372623.0,54.7819122940773,29.6069218823497,8.8068924132757,
TSA,South Asia (IDA & IBRD),2012,36.3851888844937,31.6728581018008,1.30544520828161,1326.51107387395,3.69319465194819,1483553073.0,55.002840478453,29.0057872672222,8.04948057709725,
TSA,South Asia (IDA & IBRD),2013,36.6107558472827,32.0003773282425,1.52261906716029,1392.20217832083,3.32846307746969,1501661991.0,53.1281840147581,28.1675334188628,6.49389713238257,
TSA,South Asia (IDA & IBRD),2014,35.5096522398152,32.3195810824512,1.65285180135007,1475.21676492149,2.56301669224213,1519839246.0,48.7343658963128,27.4984024303372,4.8972126276205,
TSA,South Asia (IDA & IBRD),2015,34.8834168535168,32.6380348100917,1.98287661712255,1570.54142452744,1.63866841754404,1537370078.0,42.3320491860179,27.2213156083706,3.80941135387052,
TSA,South Asia (IDA & IBRD),2016,34.2074772429003,32.9532139923473,1.80131482405723,1676.35409771736,1.58568533736593,1555111864.0,39.793803445458,27.0437625987848,4.74606735606073,
TSA,South Asia (IDA & IBRD),2017,33.5888874710393,33.2643876230047,1.4235163938818,1770.26291313502,1.79018456265595,1572520427.0,40.3089858984264,26.9539492633397,4.69861577035089,
TSA,South Asia (IDA & IBRD),2018,33.8834998158718,33.5735795082406,1.48107709058225,1863.72112635371,2.00324012469638,1589164714.0,43.1541039748074,26.933539765976,4.08977323260189,
TSA,South Asia (IDA & IBRD),2019,34.4293579877468,33.8860664509609,1.63995853913608,1920.39706306333,1.7952813828694,1605412986.0,39.8164418526697,25.4550715857129,3.38307296288543,
TSA,South Asia (IDA & IBRD),2020,36.8864659122341,34.2000653894608,2.10813560822859,1806.99045379049,1.58063875870192,1621073417.0,36.9884537737575,25.9763909804387,3.5292328591457,
TSA,South Asia (IDA & IBRD),2021,,34.5086968655354,1.28837189003887,1957.51785298129,2.76936071804782,1634785356.0,44.0145414114752,27.1503504984263,7.19536279695099,
TSA,South Asia (IDA & IBRD),2022,,34.8137520955194,1.38823966135857,2079.70096039385,,1648009565.0,49.3870182903706,26.5184579070557,5.42193852431457,
TSA,South Asia (IDA & IBRD),2023,,35.137165500664,0.76402916443698,2201.34248982502,,1662580579.0,45.1297122216899,26.3661190431656,5.07631110317609,
TSA,South Asia (IDA & IBRD),2024,,35.462858724308,0.688426080435094,2329.35958665331,,1677384532.0,44.3926979482562,25.9488781196237,3.80361568402666,
TSA,South Asia (IDA & IBRD),2025,,35.7927050201319,0.927916174520209,2473.37479516024,,1692252900.0,44.6187059771453,25.9386193820479,3.22406406074013,
TSS,Sub-Saharan Africa (IDA & IBRD countries),2010,70.5522525849335,37.5326696254384,2.26569035008906,1543.42062336352,12.9313550456448,894259855.0,,27.3108450064074,5.6363093539079,
TSS,Sub-Saharan Africa (IDA & IBRD countries),2011,69.9549214765695,37.9761873273848,2.56972590235108,1566.14176154754,15.491680006061,919112234.0,65.1571680758362,29.3390517112274,9.19547306727744,
TSS,Sub-Saharan Africa (IDA & IBRD countries),2012,68.9684304535012,38.4195200457817,2.65425368010668,1574.72990968301,13.6379647176734,944523292.0,63.9961285021781,29.0909602621814,5.61835989993333,
TSS,Sub-Saharan Africa (IDA & IBRD countries),2013,67.8510971013982,38.8781029884112,2.23038653644534,1613.00691852166,11.6736536090358,970746312.0,62.3322006918368,28.2831816829718,3.93992343166144,
TSS,Sub-Saharan Africa (IDA & IBRD countries),2014,67.6303707658131,39.3567243486427,2.32823313153993,1644.07050150089,9.6409671527605,997426231.0,60.7765795646876,27.2107207275609,4.24453211828403,
TSS,Sub-Saharan Africa (IDA & IBRD countries),2015,68.0255515815612,39.8380952067264,2.68242068648499,1647.32085826836,6.38505413630127,1024659421.0,57.32544429518,24.0749655490711,2.9179750112496,
TSS,Sub-Saharan Africa (IDA & IBRD countries),2016,67.9625238161754,40.3035222705197,2.11389223779695,1625.38221431193,6.83658939851923,1052166739.0,55.085361908726,23.2542745640984,4.59345286835512,
TSS,Sub-Saharan Africa (IDA & IBRD countries),2017,67.8175544668556,40.7748446210958,1.67101477831654,1622.88510482914,8.31940068675994,1080208893.0,54.178721135165,24.9932879321807,4.79693226172806,
TSS,Sub-Saharan Africa (IDA & IBRD countries),2018,67.6660713231228,41.2566428447246,1.56409826396957,1624.6365666885,8.62530164714638,1109196428.0,56.5842311852533,26.3897289927529,3.93114366435561,
TSS,Sub-Saharan Africa (IDA & IBRD countries),2019,68.1693850218034,41.7071031134135,1.35345029003406,1623.20798700291,7.69091936028886,1138472475.0,55.5340525464606,24.6893060871733,2.59440803517133,
TSS,Sub-Saharan Africa (IDA & IBRD countries),2020,70.2701133853785,42.1670568799491,1.22788349421961,1529.91025762634,6.03125257516059,1168133785.0,51.0745605520284,23.1239645040026,4.34500597682549,
TSS,Sub-Saharan Africa (IDA & IBRD countries),2021,,42.6489634636483,3.32049430451945,1545.11388324435,10.041932653574,1198069722.0,55.7521813274626,24.269944930986,5.63049185397639,
TSS,Sub-Saharan Africa (IDA & IBRD countries),2022,,43.1558281440802,1.60327571750445,1568.02152788113,,1228187451.0,58.9994035836065,25.2405493753731,8.35642901530513,
TSS,Sub-Saharan Africa (IDA & IBRD countries),2023,,43.6395628289209,2.01519876256499,1571.4055801623,,1258809472.0,57.2937339567699,25.0343591881849,5.2560838965511,
TSS,Sub-Saharan Africa (IDA & IBRD countries),2024,,44.1495101463121,2.25184588074954,1588.93961326571,,1289936286.0,55.6767656030774,25.1709772387516,5.74363111867964,
TSS,Sub-Saharan Africa (IDA & IBRD countries),2025,,44.6585400495213,,1614.99946516665,,1321654217.0,,25.0551089329632,4.11094707872399,
TTO,Trinidad and Tobago,2010,0.4,54.0899565963587,2.47947454143897,17938.0949459463,13.5019281289188,1317714.0,,53.8139564515672,12.7333361257462,0.0412562
TTO,Trinidad and Tobago,2011,0.4,53.9253615474727,0.161394418487235,17746.509252615,21.1902057775941,1328019.0,,57.0510122828478,15.7297032514581,0.1409464
TTO,Trinidad and Tobago,2012,0.4,53.9254053431618,-7.01485652796411,18835.6674122954,19.0454490519432,1335194.0,,46.824089797969,0.34484257808522,0.1326034
TTO,Trinidad and Tobago,2013,0.4,53.9255789963372,-3.95638927717075,19392.1974593783,18.9417880426583,1340557.0,,44.9801407863582,1.98374825558992,0.0741233999999999
TTO,Trinidad and Tobago,2014,0.3,53.9259699537793,2.24404378789224,20032.5402001718,15.5987828212435,1345343.0,,43.6313576106985,-0.973321866295223,0.1740197
TTO,Trinidad and Tobago,2015,0.4,53.926665238022,0.658801127950337,19887.2327716498,7.5354554955632,1349667.0,,35.9770489547931,-9.01346562091535,0.0718896
TTO,Trinidad and Tobago,2016,0.4,53.9277523084951,-0.0998893521188151,18331.034459758,4.12214241273861,1353895.0,,34.414585903593,-0.459584415470857,0.0441046
TTO,Trinidad and Tobago,2017,0.4,53.9293186833833,-1.97594519661626,17402.6155328454,5.76137730000007,1356633.0,,36.1358259277044,7.79884899289809,0.0748617
TTO,Trinidad and Tobago,2018,0.5,53.9314518934907,-2.93172548825317,17205.615135339,11.2320374302733,1359193.0,,37.7745988816805,1.04512211963844,0.1156046
TTO,Trinidad and Tobago,2019,0.4,53.9342394732739,0.783604895019003,17225.361633712,11.0689882994292,1363985.0,,35.1969693154596,-2.39207247022343,0.0986674999999999
TTO,Trinidad and Tobago,2020,0.5,53.9377689584806,5.0552618910961,15679.9611486825,5.88215476519225,1366725.0,,31.1526187371636,-2.50273542696391,0.059501
TTO,Trinidad and Tobago,2021,0.5,53.9421278853848,-3.85907284846354,15558.0940536829,7.85936855870429,1367558.0,,39.0474290567464,16.9295834494223,0.1561926
TTO,Trinidad and Tobago,2022,,53.9474037904998,4.1369722626234,15712.230497272,,1365805.0,,45.6757832765475,15.9266082954226,0.3498483
TTO,Trinidad and Tobago,2023,,53.9536842104572,-5.98486458707791,15922.7668349788,,1367510.0,,34.5053817954523,-12.9851733536177,0.3397269
TTO,Trinidad and Tobago,2024,,53.961056681951,-1.76782828873977,16312.4849555716,,1368333.0,,34.6437057869849,-0.125488917797796,0.3600136
TTO,Trinidad and Tobago,2025,,53.9696087417106,-3.06209801717702,16190.712981883,,1367764.0,,,1.98986017910256,
TUN,Tunisia,2010,12.6,66.6280059814453,2.88814231758981,3906.90625867605,5.80230500738706,10765980.0,100.151009836799,29.5235517709565,9.46502454900151,-0.255652
TUN,Tunisia,2011,13.2,66.9191886197857,0.899077534980039,3784.7412903401,6.26002372605509,10886035.0,100.106379304237,30.54812597421,4.57111406039029,-0.3780941
TUN,Tunisia,2012,13.0,67.2098922729492,3.28518933963283,3900.04620132702,6.61237658820711,11009647.0,101.550723929668,30.1215368230456,4.66181078103054,-0.673659999999999
TUN,Tunisia,2013,13.2,67.4999542236328,2.1744128074392,3947.58763533174,5.46168537320013,11141361.0,98.9549566862038,29.1379467288349,4.50027018979038,-0.8919899
TUN,Tunisia,2014,12.9,67.7524643379101,2.03842746868013,4021.59954703591,4.59413759866907,11274288.0,96.1071038558701,27.1288836396189,4.66466047449812,-0.6013407
TUN,Tunisia,2015,12.5,67.8807907104492,2.11999260597179,4014.94773686432,2.68828674720116,11402264.0,87.2485306596052,24.8970515198959,4.21370476436516,-0.681206
TUN,Tunisia,2016,12.4,68.0623356528248,1.40344558640993,4015.28893802703,2.18515588296029,11528674.0,87.0926643641466,24.0076023041992,4.93516491002109,-0.8275855
TUN,Tunisia,2017,11.8,68.2877807617188,1.9233125677007,4062.80606534519,2.51025972718522,11650498.0,95.8091979825804,23.624101204276,4.69875433897779,-0.7432926
TUN,Tunisia,2018,11.9,68.5485240272509,2.32248034984414,4127.97005697994,2.82187987069052,11765514.0,103.871824260635,23.6862252235906,7.94355494124699,-0.5600278
TUN,Tunisia,2019,12.2,68.8206382576031,1.94487649950903,4153.27978615515,2.24739229652362,11875081.0,102.332614725789,23.2353115777678,7.17504222697531,-0.5613583
TUN,Tunisia,2020,12.9,69.1043166438476,1.46634304906862,3749.26841452928,1.46717230583582,11974057.0,84.3333297071767,21.5120069019708,6.76250396240081,-0.4326193
TUN,Tunisia,2021,11.6,69.3997523770568,1.16289301361367,3902.53322990199,2.24923087429424,12048622.0,93.6334140664079,23.3568690771039,5.09967005216829,-0.6668946
TUN,Tunisia,2022,,69.707138648303,1.43159199894021,3986.54558325666,,12119334.0,116.095794384146,25.9624438396638,3.16606485283219,-0.7395623
TUN,Tunisia,2023,,70.0266686486584,1.46351333844229,3967.33387634534,,12200431.0,112.128858013354,24.0937583898893,7.18154722475788,-0.776038
TUN,Tunisia,2024,,70.3585355691955,1.47747574805229,4006.20588267443,,12277109.0,106.298549204247,22.5572512872385,5.00122946056743,-0.9248175
TUN,Tunisia,2025,,70.7029326009864,,4082.32215877864,,12348573.0,101.446205451707,21.9594574988538,5.23342099098238,
TUR,Turkiye,2010,14.2,69.3471253941487,1.16274364749147,8472.57809050119,1.0333326630856,73142150.0,46.9433366709891,24.5086143505767,6.90506472366725,-0.5486911
TUR,Turkiye,2011,12.7,71.0028723528334,1.91686136260632,9265.85910238578,1.15599036897188,74223629.0,53.651583897618,26.8475365830986,8.33655636534398,-0.6966163
TUR,Turkiye,2012,13.0,73.7788680234324,1.55241965245755,9588.32066531438,0.748490714870341,75175827.0,53.3277612968607,26.6835564000517,7.29341387336231,-0.9196869
TUR,Turkiye,2013,13.8,78.5218368384696,1.40962960980578,10269.4489140773,0.621362748916478,76147624.0,53.0683530043043,27.7513691316392,6.18702429472933,-1.0321782
TUR,Turkiye,2014,11.5,83.6024850744433,1.41530142282668,10597.9801881716,0.515494221044849,77181884.0,54.30677404128,28.1981753928692,7.63768275587947,-0.7998074
TUR,Turkiye,2015,13.3,87.2167107972537,2.225752648523,11064.6494504662,0.259377096732697,78218479.0,51.8749252596832,27.9632974104138,7.88094110112607,-1.10934889999999
TUR,Turkiye,2016,13.2,88.1020958581776,1.58873607703875,11279.6169531569,0.381853603415781,79277962.0,48.870183807987,28.3385128402288,8.1276071872056,-1.7801696
TUR,Turkiye,2017,11.4,88.0320472717286,1.29532700760314,12005.6459824832,0.379263394718781,80312698.0,56.1356585158689,29.0347245862534,11.1334116585617,-1.70623179999999
TUR,Turkiye,2018,11.8,88.1655749576173,1.57923380202967,12255.0082146169,0.52996663633101,81407204.0,62.8251323851165,29.1851848904908,16.7334812844326,-1.1241116
TUR,Turkiye,2019,14.1,88.6618152857124,1.22536076199392,12238.2950220128,0.382779823529053,82579440.0,62.5784589326239,27.0679926930773,14.1603081333496,-1.1924541
TUR,Turkiye,2020,13.7,88.9303114965222,1.02531493703228,12338.643833135,0.397202384078982,83384680.0,60.389853117297,27.7974533640579,14.7339074242292,-1.0396051
TUR,Turkiye,2021,12.0,89.1762048153239,1.50891969619413,13670.938029516,0.827048726504594,84147318.0,69.6088976086437,30.8205598235418,29.3058995155618,-0.9721057
TUR,Turkiye,2022,,89.0381164550781,1.48839623728753,14273.5747654873,,84979913.0,79.8982722314341,30.890102398727,95.5255302704182,-0.935033599999999
TUR,Turkiye,2023,,89.0218446796121,0.933806495534912,14932.8851363122,,85325965.0,65.6832084738667,28.1932800305474,68.2797569244827,-0.884477
TUR,Turkiye,2024,,89.3443122873887,0.860701598247461,15395.0278894893,,85518661.0,54.5988061195916,25.5035682450148,59.2800755919836,-0.970710499999999
TUR,Turkiye,2025,,89.494060002186,,15883.1187401807,,85878556.0,49.9346783626928,24.0232052689053,36.4253414432254,
TUV,Tuvalu,2010,0.4,55.0541326559964,1.40394280483796,2872.02011343345,0.0,10614.0,,5.47118996967365,1.49052200334019,1.5510465
TUV,Tuvalu,2011,0.2,56.0428770356731,-0.300230898812277,3040.4474312404,0.0,10780.0,,8.7870994250288,1.17617964888082,1.5457577
TUV,Tuvalu,2012,0.3,56.8964903305448,3.40514233110323,2912.10912265748,0.0,10934.0,,7.71987802736402,0.602574182524179,1.5451994
TUV,Tuvalu,2013,0.7,57.6314336806359,0.869283616097776,3004.5049231989,0.0,11001.0,,7.46144517407881,2.93469272787475,1.5434936
TUV,Tuvalu,2014,0.7,58.2999596618832,0.776333879956053,3059.3244224989,0.0,10984.0,,7.41602965292179,5.00333110578639,1.549386
TUV,Tuvalu,2015,3.0,58.9148502652344,0.816209023681338,3352.66722400181,0.0,10963.0,,7.0263221365121,4.33910006147971,1.3290711
TUV,Tuvalu,2016,7.3,59.4744768348285,0.726284247807996,3523.41345550387,0.0,10930.0,,,8.39638954636317,1.3245352
TUV,Tuvalu,2017,7.0,59.9531274910912,0.662414580900645,3658.98029250415,0.0,10869.0,,,2.97918318621855,1.1385207
TUV,Tuvalu,2018,6.4,60.5596409590777,0.622275097378807,3750.43562817208,0.0,10751.0,,,7.2933818642795,1.3290002
TUV,Tuvalu,2019,6.3,61.2406529218636,0.558327535090909,4323.09703196938,0.0,10581.0,,,5.59039450901449,1.1436032
TUV,Tuvalu,2020,5.0,61.9212610534937,0.191195394736842,4265.46279289261,0.0,10399.0,,,1.78571428571428,1.234863
TUV,Tuvalu,2021,5.0,62.6098296425994,0.323763417463415,4351.24068896314,0.0,10194.0,,,7.89473684210526,1.2851524
TUV,Tuvalu,2022,5.2,63.3065768081154,0.368603912205128,3953.66795349958,,9992.0,,,6.80359435173298,1.4735212
TUV,Tuvalu,2023,,64.0117206689787,0.329339751828947,4165.7693870564,,9816.0,,,-5.86701434159063,1.4739295
TUV,Tuvalu,2024,,64.7254793441291,0.454748363534884,4382.8876648687,,9646.0,,,9.44779982743746,1.4687654
TUV,Tuvalu,2025,,65.4480709525093,,4527.01279723055,,9492.0,,,1.8192048012003,
TZA,Tanzania,2010,89.4,28.1968953939105,5.66396796617806,801.29931640625,5.55945838220369,44758488.0,47.6404394295683,23.5561736572068,9.42871625296149,-0.05765
TZA,Tanzania,2011,87.6,28.865726405543,3.54720849735785,838.999267578125,7.33646177996057,46029367.0,56.1661241821809,26.3820840879185,12.1984228784034,-0.159101
TZA,Tanzania,2012,85.2,29.4878764597911,4.53878496380622,851.910705566406,6.8325198508577,47374260.0,54.3689490815138,25.3994987211663,10.4838939974038,-0.1246002
TZA,Tanzania,2013,84.5,30.0725108782502,4.57242839319348,882.8115234375,5.76723525319283,48824128.0,48.6316275295495,25.4467450324696,9.66618357795825,-0.4223495
TZA,Tanzania,2014,84.7,30.6443077170742,2.8329281892962,913.811218261719,5.04690559304949,50351512.0,45.3560223433065,25.1415034758525,6.05084588935551,-0.5068917
TZA,Tanzania,2015,82.8,31.2061566592472,3.17633492826527,939.127319335938,5.30193884393363,52020962.0,40.7576808778314,24.4873501095853,7.59136402332241,-0.476783499999999
TZA,Tanzania,2016,81.7,31.7577303242916,1.73591210997565,970.156127929688,5.61603835789229,53824013.0,35.4204704002636,24.8583993681558,7.47203366759727,-0.537573
TZA,Tanzania,2017,82.0,32.2987013317296,1.76011643802415,1001.55895996094,5.13616759488345,55652890.0,33.1125919853124,25.0421511861537,2.67178986833949,-0.683829799999999
TZA,Tanzania,2018,81.3,32.8287423010834,1.70440979499363,1024.01525878906,3.61159728659091,57437145.0,32.6426099043737,27.0077655110967,3.00757512141725,-0.664168099999999
TZA,Tanzania,2019,80.4,33.3475258518752,1.99459353959393,1051.7666015625,3.53145044367484,59174891.0,33.0185892502311,28.6718333565052,2.2804089300173,-0.5522151
TZA,Tanzania,2020,80.8,33.8547246036273,1.42845965174632,1041.25964355469,3.85169508025186,60972798.0,27.9630151969884,27.0844502877132,6.42301399038681,-0.6629379
TZA,Tanzania,2021,78.3,34.3500111758619,1.68494347865961,1054.31726074219,6.69370906979479,62830412.0,29.9151840074048,27.2961418878518,2.67430327389397,-0.5751002
TZA,Tanzania,2022,,34.8234736377147,1.89781100350604,1070.58532714844,,64711821.0,35.0034517101994,27.6848111756783,2.76261483337198,-0.4815853
TZA,Tanzania,2023,,35.4748019434954,2.08641570922927,1092.86413574219,,66617606.0,38.212034806339,28.0339433523146,2.74821189393757,-0.2367117
TZA,Tanzania,2024,,36.1684458862992,2.16767805172059,1120.77416992188,,68560157.0,41.3081068648568,28.5715529789959,3.57472239598684,-0.3895961
TZA,Tanzania,2025,,36.8833115936643,,1153.17529296875,,70545865.0,38.9715711395739,29.7875685144927,5.12216904951298,
UGA,Uganda,2010,93.6,18.7990645544572,2.03900471067451,768.624091660131,8.10229439370414,32390802.0,38.2692490371291,27.5918336188994,5.63761163813462,-0.7511675
UGA,Uganda,2011,93.3,20.0561028736631,3.2086060344385,816.516366587228,9.15620849237058,33354543.0,39.7552255606122,27.5582956754514,9.39165549203732,-0.8769625
UGA,Uganda,2012,93.4,21.372369321253,4.41438584859015,823.580468285493,10.6585708011681,34337438.0,43.5021371397314,27.1786073378959,3.83745560625658,-0.860416499999999
UGA,Uganda,2013,93.1,22.7367659239271,3.79031709675384,828.988669729986,10.6586103842094,35337042.0,43.1091548734687,25.4646646803777,3.58690582613154,-0.8925868
UGA,Uganda,2014,92.4,24.1938503391826,3.24589612959273,845.978664791099,10.3312319703494,36395539.0,36.0144010819085,25.222682012996,5.10630732385718,-0.9764218
UGA,Uganda,2015,91.7,24.9777856560427,2.27760507458345,862.934610355811,10.7947576138514,37531446.0,37.6892983324358,27.1098848763257,5.18785986456285,-0.7914315
UGA,Uganda,2016,91.4,25.6953567134098,2.1425304891559,874.648370639216,12.7336513052995,38799152.0,31.2093620232119,26.1664603884593,4.78100029080551,-0.8144743
UGA,Uganda,2017,91.3,26.4139260579546,2.61088918011351,871.093880017151,12.1305147407764,40177388.0,36.8370529334101,26.0309948147929,4.64905081962502,-0.6855171
UGA,Uganda,2018,90.5,27.1280475018884,3.20512810607337,895.07512785438,8.38888217833344,41565831.0,36.6384055999567,26.2360116484378,4.44338527166425,-0.7395762
UGA,Uganda,2019,90.5,27.8369781799403,3.68569218154174,920.939101515671,7.38833937837014,42999637.0,39.3610539647435,26.6204366953482,3.00001181631713,-0.7746479
UGA,Uganda,2020,91.6,28.5399752271502,3.16881317773755,917.0350317644,7.56349041713714,44457152.0,37.0006923916369,26.4905245869762,2.72148444149991,-0.842814499999999
UGA,Uganda,2021,91.0,29.2362957789022,4.06673785760736,919.401675217265,7.47552032336567,45910930.0,41.7136307424781,27.149441688847,2.54511929619305,-0.9440307
UGA,Uganda,2022,90.9,29.9251969709665,6.48067616265599,933.094056370423,,47312719.0,34.5053019270937,26.7661486333726,4.92228673099149,-1.0920608
UGA,Uganda,2023,,30.6059359395495,6.13816501913594,955.745797275462,,48656601.0,33.3416963302219,25.7532114394482,6.74801516641013,-1.0298391
UGA,Uganda,2024,,31.2777698213557,6.04170465908871,986.090145363924,,50015092.0,42.6527889088562,24.8658125296098,4.95727946939522,-1.0222248
UGA,Uganda,2025,,31.9399557536617,,1020.5762056167,,51384894.0,50.1990176084385,24.2715836183149,5.20226967925805,
UKR,Ukraine,2010,2.9,68.637397133357,4.56840018285092,2285.93383789063,7.06385110746983,46456003.0,95.72973045329,25.6492814021248,13.6732282073329,-0.0505126
UKR,Ukraine,2011,2.7,68.7234299826222,4.256089748054,2418.12084960938,7.90825649188772,46307853.0,104.805073904259,24.8391242667758,14.1819086626365,-0.1696208
UKR,Ukraine,2012,2.9,68.8241983107739,4.47720109403357,2426.92944335938,4.70265519474683,46210056.0,102.622788356626,24.2660524050508,7.98256111045039,-0.2458009
UKR,Ukraine,2013,3.5,68.9326288082226,2.36694390135139,2432.41625976563,3.99136453684378,46126770.0,94.0016694501782,22.4302649907366,4.30879343709354,-0.961241199999999
UKR,Ukraine,2014,3.5,69.0554339301313,0.634438528402592,2308.6435546875,3.6083209332499,45972380.0,100.691782483624,22.8189915653958,15.901737523474,-1.99283679999999
UKR,Ukraine,2015,4.2,69.1587317201337,-0.217508398305494,2094.47387695313,2.59911540564351,45784896.0,107.806616298156,21.7279577419459,38.8816797599977,-1.8064426
UKR,Ukraine,2016,5.5,69.2102241609089,4.42178946686191,2156.0830078125,2.39942596673544,45616832.0,105.521204913122,23.1783620717483,17.0971349238438,-1.6309394
UKR,Ukraine,2017,6.5,69.2633108489282,3.28306130596563,2217.7529296875,2.95421204623726,45436041.0,104.034982911399,23.2888002154817,22.0983174978017,-1.590004
UKR,Ukraine,2018,6.9,69.3157992777909,3.80086991777664,2308.6669921875,2.91046955095297,45208907.0,99.1998150718675,23.2933329813033,15.3985303514156,-1.4461552
UKR,Ukraine,2019,7.4,69.3527648708735,3.76649676088543,2398.07836914063,1.73179870039083,44957458.0,90.5112342910763,22.5804196823995,8.24622626642469,-1.0320239
UKR,Ukraine,2020,8.7,69.3839100516745,0.194103193490519,2324.107421875,1.09312749593482,44680014.0,79.1564523761815,20.7999429657705,10.2949601378763,-0.9599236
UKR,Ukraine,2021,8.9,69.4027032653896,3.98166133947207,2426.6123046875,7.5129023639251,44298640.0,82.69796136345,23.1537142195647,24.8047567675546,-0.990563099999999
UKR,Ukraine,2022,,69.42345912103,0.136428578229067,1874.66296386719,,41048766.0,87.3965139907244,18.0108316024427,34.9152851434932,-1.05075649999999
UKR,Ukraine,2023,,69.4754455027606,2.52287921090664,2164.26123046875,,37732836.0,77.5096141935657,19.0867598647608,19.8744638522736,-0.545978
UKR,Ukraine,2024,,69.5315643200148,2.10549664352154,2226.05810546875,,37860221.0,79.6884673892276,19.0494567220403,11.9699207051318,-0.432315
UKR,Ukraine,2025,,69.5954924645764,,2196.63818359375,,38980376.0,77.1802739924807,17.8706564878112,14.473898057254,
URY,Uruguay,2010,53.3,94.3333219475319,5.22300143125049,14722.3780081191,2.02169884847788,3318580.0,51.6990372012256,24.5288557176886,5.74685698442181,0.8893764
URY,Uruguay,2011,49.7,94.6036824756941,5.34359480768242,15443.9961926395,1.43709496222999,3326825.0,53.2470340109018,22.7051202439987,9.87542024568336,0.9289706
URY,Uruguay,2012,47.9,94.7606597546186,11.7901578728278,15949.3176985435,1.17962644777555,3335401.0,55.0611541633768,22.8622289256151,9.41291247372213,0.8849499
URY,Uruguay,2013,51.9,94.8844735142936,1.60901257578737,16639.4054750651,1.29138043579779,3345337.0,49.7178464746233,23.6692403427945,8.99924666884517,0.9211706
URY,Uruguay,2014,56.7,94.9897821210514,6.6430584199945,17122.0364563225,1.45872376049256,3356334.0,49.0876240632174,24.7006411459084,10.2206566034525,1.1017263
URY,Uruguay,2015,59.4,95.0800002298303,4.6342339444993,17125.9016800298,1.85218241655473,3368017.0,45.3282408087534,25.4417580545225,9.85542032172539,1.0884414
URY,Uruguay,2016,60.3,95.1585424955685,-0.897082488190792,17357.2349992841,1.74168715941962,3379283.0,48.4705353074514,18.867314407332,8.1654565431532,1.1217056
URY,Uruguay,2017,60.8,95.2288235732042,4.13270730118374,17611.6036800874,1.82938511988003,3388438.0,46.3779636198842,18.0318920926077,5.68017280459922,1.1129983
URY,Uruguay,2018,60.8,95.2942581176758,2.64222389301977,17608.94412947,1.97299244228802,3394534.0,47.7913453459107,18.3333886196793,7.52556217430001,1.1130252
URY,Uruguay,2019,59.3,95.3479309082031,2.35703298196688,17758.4384273402,1.70632780467724,3397206.0,49.7448660724665,17.5601662582646,8.25633083212848,1.1553614
URY,Uruguay,2020,61.2,95.3997650146484,1.81750761000671,16443.363490131,2.29343009292959,3398968.0,47.7318331202564,16.9555924420746,10.7233957881819,1.1512208
URY,Uruguay,2021,57.8,95.4497146606445,8.50404500730576,17416.0052308469,1.92773520463627,3396695.0,58.3150555063308,17.7321656238754,11.074008160031,1.1500797
URY,Uruguay,2022,,95.4977416992188,12.367138051104,18249.2912168828,,3390913.0,60.2026828336525,17.6864566660945,5.98901948337662,1.3035622
URY,Uruguay,2023,,95.5439605712891,-6.62564746176161,18403.6753125157,,3388081.0,52.3273108387018,16.8783176860769,4.05342938059388,1.181072
URY,Uruguay,2024,,95.5981951588181,-4.78198682520397,19024.1204266155,,3386588.0,51.4582237554765,17.1676848420611,4.18462601551133,1.2779376
URY,Uruguay,2025,,95.6537192104085,1.31014232152148,19374.5158425622,,3384688.0,49.7171497188849,16.88638528881,4.33308454134256,
USA,United States,2010,7.4,80.6997744673366,1.75453192115262,52812.6829869279,0.968704075093042,309378227.0,28.2198829408336,19.3102488269796,1.21528667900255,0.6163511
USA,United States,2011,8.4,80.6957554256024,1.68911235141732,53215.5362314388,1.23502930471558,311839461.0,30.842478575914,19.4074975198292,2.06310947777173,0.6245434
USA,United States,2012,8.5,80.6837493386238,1.54020833064168,54000.8410778217,0.776694501385092,314339099.0,30.681839575193,19.1626139460083,1.86216492571909,0.6207484
USA,United States,2013,8.9,80.660889281215,1.70686814034716,54728.860179812,0.750833995599957,316726282.0,29.9413062848227,19.1988903588794,1.7018803654167,0.5795227
USA,United States,2014,9.0,80.6242231779766,1.43033863092168,55665.2411187802,0.703153661885122,319257560.0,29.906569337428,19.2684337605714,1.74161804945395,0.6681229
USA,United States,2015,8.9,80.5707989535091,2.79548220201356,56849.4697923159,0.234371770177788,321815121.0,27.6882139340768,18.4967127664639,0.928042796992059,0.6658794
USA,United States,2016,9.3,80.4976645324131,2.52268117379751,57430.8499298804,0.303325431060077,324353340.0,26.4525977865465,17.9368724917791,0.950322474901654,0.3279152
USA,United States,2017,9.7,80.4018678392891,1.94177554246862,58435.9707535619,0.427546323641111,326608609.0,27.1253382222874,18.3087442284361,1.79080328683713,0.1101294
USA,United States,2018,9.9,80.2804567987377,1.03945408799819,59817.6556798612,0.595678810382377,328529577.0,27.4453591302618,18.5195461519261,2.29089027907557,0.2904961
USA,United States,2019,10.2,80.1304793353594,1.46696501417689,61047.9648238812,0.557098125905551,330226227.0,26.2584806245428,18.1454838448797,1.65046566880433,0.0546375
USA,United States,2020,11.0,79.997451762548,0.641236014628299,59533.609024416,0.329505971924439,331578104.0,23.1399437509149,17.2505706989302,1.34473574769002,-0.146807
USA,United States,2021,10.9,80.0074765140272,2.01451214498067,63096.7856149746,1.27994423022721,332100166.0,25.2327260228331,17.5751653495616,4.56297282631857,-0.126399999999999
USA,United States,2022,,80.0324978239707,1.60006208497274,64322.2332819139,,333996304.0,26.9078981557739,,7.11250293584871,-0.1626087
USA,United States,2023,,80.071561119178,1.30141768246586,65667.281580468,,336755052.0,24.9292981752847,,3.70021403026367,-0.193136399999999
USA,United States,2024,,80.1247798047184,1.01391858895004,66856.5131698371,,340003797.0,25.0160172978284,,2.48236925527792,-0.0951125
USA,United States,2025,,80.1921733027869,1.30166689957978,67945.6146497427,,341784857.0,,,2.80123581326433,
UZB,Uzbekistan,2010,1.3,51.3321647644043,2.99355724160322,2359.64199067641,14.7836491186156,28385506.0,44.1432918113775,22.1622742240766,65.8342786593131,-0.650179
UZB,Uzbekistan,2011,0.9,51.3395500183105,2.39605562355834,2512.68783806993,19.0673372740717,28823196.0,44.3313973754476,20.9577872359793,21.3770770085775,-0.611603999999999
UZB,Uzbekistan,2012,1.3,51.3359680175781,0.988125260232837,2657.09909084172,17.2844522443221,29261903.0,39.6570271654711,21.6212598815199,14.6605314723228,-0.561242799999999
UZB,Uzbekistan,2013,1.2,51.1276969909668,0.836508133232868,2823.00205379328,14.6803511298882,29724065.0,37.5113183619111,22.4454210400664,12.7552379061668,-0.5624156
UZB,Uzbekistan,2014,1.4,50.8868713378906,0.885698410750819,2990.56339751192,10.3618681106859,30222994.0,32.1925400076306,23.1082708333455,13.0983488588271,-0.2604881
UZB,Uzbekistan,2015,1.7,50.6597328186035,1.06718996650784,3172.89899391083,7.25480371959986,30749346.0,27.1724545801626,24.0318423015119,10.0029837381429,-0.3053458
UZB,Uzbekistan,2016,1.6,50.6572189331055,1.69905310280349,3327.90932206401,6.72025279446491,31284568.0,25.6926479568511,24.566866846542,8.54828494143895,-0.2080446
UZB,Uzbekistan,2017,1.7,50.6787376403809,2.4880865313219,3425.78819696408,12.0271937236882,31819178.0,41.0443062055515,13.3392465666927,21.6414792151717,-0.2138791
UZB,Uzbekistan,2018,1.5,50.5814971923828,1.01875982438812,3559.85436594803,18.6507971459477,32373490.0,61.395110017578,29.650867498632,26.6261525236885,-0.2119487
UZB,Uzbekistan,2019,1.6,50.5920104980469,3.30121289679898,3733.50435754861,10.8569985159248,32964701.0,62.3003782302878,32.7358467114226,17.344640412252,-0.2167593
UZB,Uzbekistan,2020,1.0,50.7670402526855,2.46444977604592,3723.82133264406,9.08357795040879,33586372.0,53.1070769988551,33.3913940291016,11.8922745644335,-0.3614058
UZB,Uzbekistan,2021,1.0,50.9269905090332,2.80927561208071,3951.99657327359,20.46516083278,34243696.0,54.7477822134912,33.2412468981763,12.8776093185007,-0.221247
UZB,Uzbekistan,2022,,50.9847412109375,2.81838908878173,4109.08421031655,,34938955.0,60.0483582576289,31.893484523486,14.0433065322102,-0.2325524
UZB,Uzbekistan,2023,,50.9964841114568,2.0054127330605,4281.20542121225,,35652307.0,63.102194304905,31.1420713958264,13.9139742527294,-0.2504784
UZB,Uzbekistan,2024,,50.9986686706543,2.45125129042312,4477.90745486742,,36361859.0,57.5295432552977,32.0099854345535,14.0697338660497,-0.0267335
UZB,Uzbekistan,2025,,51.0173495084299,2.99134974013705,4732.67835236137,,37053428.0,57.4005392040216,32.5442025042326,11.8522829852429,
VCT,St. Vincent and the Grenadines,2010,5.1,46.0626395961215,13.3089028738841,6678.04200697308,0.0333656636694466,109959.0,,15.903054750972,5.58059737402084,0.8287007
VCT,St. Vincent and the Grenadines,2011,6.1,46.18402928344,11.8576076339128,6674.58198966102,0.028465453623185,109349.0,,15.1351236077184,-0.318904485659587,0.8234119
VCT,St. Vincent and the Grenadines,2012,5.0,46.3063114823836,18.1986473300916,6790.68325958275,0.0269643348103745,108736.0,,14.5760767657253,1.09274185566588,0.8687381
VCT,St. Vincent and the Grenadines,2013,5.4,46.4319347036311,20.0776834830317,6996.57386151332,0.034115439439788,108135.0,,14.7069261247007,2.24218127684152,0.8211478
VCT,St. Vincent and the Grenadines,2014,3.3,46.5579930468544,16.1399244753356,7116.22071347207,0.0423946065801886,107535.0,,14.1124131006087,-0.341747535555314,0.7556725
VCT,St. Vincent and the Grenadines,2015,4.3,46.6845638727475,15.7495814618354,7353.73556054184,0.0312630692791454,106960.0,,14.9489099213637,-0.733844282887702,0.9161633
VCT,St. Vincent and the Grenadines,2016,4.1,46.8116589511271,8.66074512206484,7702.8942635647,0.0407859033307733,106349.0,,14.3822033821215,-0.597098092991786,0.9130972
VCT,St. Vincent and the Grenadines,2017,5.3,46.9392900518098,19.5953970726633,7872.92690537077,0.0329828886778541,105663.0,,14.6706100723592,2.07166296905494,0.7873576
VCT,St. Vincent and the Grenadines,2018,4.9,47.0674689446123,4.52412383276845,8179.99598957084,0.0209304790297473,104926.0,,14.5575849461195,1.54854733183845,0.7900001
VCT,St. Vincent and the Grenadines,2019,5.4,47.1962073993512,7.5606563885612,8294.67434486665,0.018299980174056,104167.0,,13.69401619005,2.27362552784307,0.9169085
VCT,St. Vincent and the Grenadines,2020,5.2,47.3255171858432,7.54647187844049,7989.74651933597,0.0256464367493511,103526.0,,12.5582072800332,-0.808506001440463,1.0425879
VCT,St. Vincent and the Grenadines,2021,5.0,47.4554100739049,18.8915993798527,8211.33588012942,0.0193291690653381,102841.0,,12.8730573511209,0.681148367198119,1.0408786
VCT,St. Vincent and the Grenadines,2022,5.1,47.585897833353,6.59514716509223,8532.7381341339,,102046.0,,14.6172883881669,7.95198033702901,1.0438207
VCT,St. Vincent and the Grenadines,2023,,47.7169922340041,6.88612464767325,9051.35208011007,,101323.0,,14.7472919199735,2.91400510607961,1.044299
VCT,St. Vincent and the Grenadines,2024,,47.8487050456749,12.0060314102276,9485.18771201686,,100616.0,,15.4209047323377,3.71197890609302,1.0382485
VCT,St. Vincent and the Grenadines,2025,,47.9810480381821,8.87423003157177,9874.85677312846,,99924.0,,15.1051901684813,4.91118108487834,
VEN,"Venezuela, RB",2010,13.8,88.8026372923982,0.402601927997842,4323.73301534677,12.380878328857,28813101.0,0.0,0.0,46.0893567618569,-1.3612278
VEN,"Venezuela, RB",2011,14.8,88.8079278904659,1.85002511047875,4444.55159079494,24.4753357613612,29185212.0,0.0,0.0,28.2163432253321,-1.26001909999999
VEN,"Venezuela, RB",2012,13.8,88.8401868543141,1.3408754748511,4638.41209800487,18.7812359044725,29553826.0,50.7514450867052,,20.5919077245585,-1.2182009
VEN,"Venezuela, RB",2013,15.4,88.8786817039721,0.829747443727892,4642.55149314778,17.6253449138361,29912198.0,62.5819672131148,,39.2264371875174,-1.3240347
VEN,"Venezuela, RB",2014,12.1,88.9163913525251,0.528303191797945,4412.9795921313,11.8465082797294,30254079.0,64.0956340956341,,105.042765502495,-1.1741498
VEN,"Venezuela, RB",2015,15.4,88.9539804079292,2.36008093597098,4096.61989137473,,30573972.0,60.377358490566,,134.908705496941,-1.1927697
VEN,"Venezuela, RB",2016,14.6,88.9914428378712,1.40507091871539,3374.43091608185,,30765720.0,41.3927576601671,,308.600121728545,-1.2150045
VEN,"Venezuela, RB",2017,14.3,89.0287726100378,-0.257997767399151,2863.33227846365,,30565323.0,42.6149425287356,,1049.87777840941,-1.38006459999999
VEN,"Venezuela, RB",2018,14.6,89.0659636921159,0.609881197528909,2359.38238345005,,29807592.0,54.6332963725646,,225652.234993614,-1.4649999
VEN,"Venezuela, RB",2019,15.8,89.1030100517924,0.77245293562574,1759.05547364548,,28938098.0,58.1288399985284,,21909.3426680117,-1.5120562
VEN,"Venezuela, RB",2020,31.2,89.1399056567545,3.51090433021444,1255.86457068119,,28444077.0,26.0905679013051,,1885.46577647144,-1.4257071
VEN,"Venezuela, RB",2021,33.7,89.1766444746891,2.14254073533861,1272.94397516527,,28237826.0,29.2263872682484,,1212.84660038412,-1.2895082
VEN,"Venezuela, RB",2022,,89.2132204732836,2.63893293757608,1376.93801227125,,28213017.0,27.8980542310307,,210.806068385812,-1.1268117
VEN,"Venezuela, RB",2023,,89.249627620225,0.012698102463344,1427.88655943805,,28300854.0,28.0944323171165,,367.798078256365,-1.1035948
VEN,"Venezuela, RB",2024,,89.285859883201,1.35409801107577,1501.22207949327,,28405543.0,26.2373885733766,,55.4481074808972,-1.74042419999999
VEN,"Venezuela, RB",2025,,89.3219112298988,,1518.84742704495,,28516896.0,25.0115313779011,,227.093064600296,
VGB,British Virgin Islands,2010,0.7,46.3427871662626,,,,27675.0,,,,
VGB,British Virgin Islands,2011,0.9,46.9281822248936,,,,28710.0,,,,
VGB,British Virgin Islands,2012,0.9,47.5352496456526,,,,30345.0,,,,
VGB,British Virgin Islands,2013,1.0,48.1639803746541,,,,31703.0,,,,
VGB,British Virgin Islands,2014,1.0,48.8143653574427,,,,32962.0,,,,
VGB,British Virgin Islands,2015,1.0,49.4863955390847,,,,34498.0,,,,
VGB,British Virgin Islands,2016,1.0,50.1800618642422,,,,33878.0,,,,
VGB,British Virgin Islands,2017,1.1,50.8953552772346,,,,32699.0,,,,
VGB,British Virgin Islands,2018,1.2,51.6322667220883,,,,34657.0,,,,
VGB,British Virgin Islands,2019,1.2,52.3907871425786,,,,36395.0,,,,
VGB,British Virgin Islands,2020,1.3,53.1709074822645,,,,37135.0,,,,
VGB,British Virgin Islands,2021,1.3,53.972618684518,,,,37809.0,,,,
VGB,British Virgin Islands,2022,1.3,54.795911692548,,,,38319.0,,,,
VGB,British Virgin Islands,2023,,55.6407774494219,,,,38985.0,,,,
VGB,British Virgin Islands,2024,,56.5072068980827,,,,39471.0,,,,
VGB,British Virgin Islands,2025,,57.3951909813643,,,,39732.0,,,,
VIR,Virgin Islands (U.S.),2010,0.7,94.5724392667003,,47162.7375570431,3.45978934522894,108357.0,586.401480111008,,2.31766890279064,0.6479444
VIR,Virgin Islands (U.S.),2011,1.2,94.6553578863453,,43320.176769501,4.1047335352688,108290.0,679.232772910253,,6.3929376734505,0.8218651
VIR,Virgin Islands (U.S.),2012,2.0,94.7353591077883,,36938.1682086351,1.96183734012522,108188.0,157.177794081683,,13.6632725550557,0.8211976
VIR,Virgin Islands (U.S.),2013,2.9,94.8105958193224,,34663.6460602129,1.34622849772001,108041.0,142.241840556447,,-2.45302713987473,0.819158
VIR,Virgin Islands (U.S.),2014,4.2,94.8797070702488,,34098.7109972738,0.85274473054265,107882.0,164.291725105189,,-2.90516617398133,1.2267455
VIR,Virgin Islands (U.S.),2015,5.6,94.9413319098685,,34007.3529411765,0.448439817567942,107712.0,84.7665847665848,,3.18757755421872,1.2251811
VIR,Virgin Islands (U.S.),2016,5.7,94.9941093874829,,34614.7482633247,0.440640386181765,107516.0,113.296471827278,,2.05180352239177,0.8121773
VIR,Virgin Islands (U.S.),2017,5.3,95.0366785523929,,34435.4944455756,0.458057890874122,107281.0,157.696362677913,,0.634642014315531,0.8126545
VIR,Virgin Islands (U.S.),2018,5.8,95.0676784538999,,35174.1019944986,0.372382849153501,107001.0,159.240377262299,,1.4937415019437,0.8160116
VIR,Virgin Islands (U.S.),2019,6.2,95.0857481413049,,36309.7438446842,0.247081553705368,106669.0,155.4234409124,,2.07837613911349,0.977236
VIR,Virgin Islands (U.S.),2020,5.9,95.0974024521293,,35850.7433148653,0.205447216042101,106290.0,113.596594939702,,4.305187418871,0.9766825
VIR,Virgin Islands (U.S.),2021,5.9,95.1604310610968,,37313.0484931531,,105870.0,180.297315287331,,2.80323919722554,0.5654024
VIR,Virgin Islands (U.S.),2022,5.9,95.2171514724412,,36983.431060272,,105413.0,205.629280821918,,5.03826726070469,0.9782486
VIR,Virgin Islands (U.S.),2023,,95.2740790945924,,,,104917.0,,,,0.9788563
VIR,Virgin Islands (U.S.),2024,,95.3312197036061,,,,104377.0,,,,0.9711697
VIR,Virgin Islands (U.S.),2025,,95.388579075538,,,,103792.0,,,,
VNM,Viet Nam,2010,34.6,30.2504027258526,5.4347392933443,2027.58184375924,7.4812809152762,87455152.0,113.977687539714,33.0228771360005,42.3032672488557,0.1198679
VNM,Viet Nam,2011,36.3,30.6996041680996,4.30487434902161,2132.90453762087,9.06944428635118,88468314.0,125.260577940829,34.580408780539,21.4136792818177,0.125534
VNM,Viet Nam,2012,37.9,31.1222779403029,4.27832287681174,2224.11404253256,7.29867693307343,89510356.0,123.224116745985,35.8602323946766,9.07766069025038,0.1055642
VNM,Viet Nam,2013,37.4,31.5334201724543,4.16454517277325,2320.08431444934,5.91331153505454,90573104.0,130.846354866743,35.575150437736,4.03852363752276,0.1154209
VNM,Viet Nam,2014,36.7,31.9480269945454,3.94086189051961,2439.28655744423,5.66094916066902,91679578.0,135.410521454361,35.2985684880333,3.69813796808818,-0.0126942
VNM,Viet Nam,2015,27.8,32.3810945365679,4.93190773329022,2577.56885340113,3.38333033260239,92823254.0,144.914228195237,34.2665466382117,-1.71651170749655,0.0681785999999999
VNM,Viet Nam,2016,26.8,32.8476189285136,4.90089302916746,2715.57887431272,2.68357593807147,94000117.0,145.409507973118,34.1152288612372,1.81953592779914,0.1824971
VNM,Viet Nam,2017,28.3,33.3625963003742,5.01148721749681,2868.13680013379,3.21350443557147,95176977.0,160.98008365887,35.3903640729728,4.36292014766431,0.1500179
VNM,Viet Nam,2018,24.3,33.9410227821412,4.99828319622328,3048.28327602145,3.26009968480725,96237319.0,164.663936775893,36.5424334086447,3.62664730027259,-0.0542592999999999
VNM,Viet Nam,2019,20.4,34.6239134999511,4.821074861051,3241.07648966529,2.50068260501281,97173776.0,164.704215031408,36.8031368977554,2.42322694229267,0.0916744999999999
VNM,Viet Nam,2020,18.9,35.5706676299742,4.55836196782424,3303.16949807493,1.8108819584417,98079191.0,163.245862814935,36.7437132938801,1.46747814810814,0.1302346
VNM,Viet Nam,2021,24.2,36.6540656426603,4.27314566190187,3358.21734764714,2.54701708790768,98935098.0,186.675832836814,37.3915192469302,2.88076792900642,0.1345844
VNM,Viet Nam,2022,,37.5478515625,4.32947308910883,3617.66311280437,,99680655.0,183.153619147836,38.482361279715,4.44283310280622,0.1227944
VNM,Viet Nam,2023,,38.1298904418945,4.26458856546888,3772.36029116103,,100352192.0,164.995585455876,37.5932883534337,2.16498332169941,0.0907515
VNM,Viet Nam,2024,,38.4900703430176,4.23450755062236,4012.50779921084,,100987686.0,173.885260216071,37.5162935306841,4.20855206179063,0.0056736
VNM,Viet Nam,2025,,38.8299160351294,,4308.20507512834,,101598527.0,190.336808817292,37.6491235864782,3.33176094746915,
VUT,Vanuatu,2010,38.1,24.742504119873,9.40930036151551,3214.3726213639,0.832399543964073,238248.0,103.823312203828,12.8730998830697,1.47170880334022,1.34809
VUT,Vanuatu,2011,35.8,24.7861634049013,7.93578473613464,3244.13703026186,0.844354134271983,243474.0,96.9987664175314,9.99492054277629,2.78690988192807,1.3432489
VUT,Vanuatu,2012,39.0,24.8183551383933,8.07506480226511,3205.68705963169,0.801186721952393,248883.0,104.451629665983,7.87407257715292,-0.464035692443503,1.4555456
VUT,Vanuatu,2013,40.9,24.8407362750263,6.87779085112741,3149.6849727764,0.752150306423104,254482.0,93.4638521005109,9.65046616762432,17.2760637623683,1.4539841
VUT,Vanuatu,2014,31.5,24.8549637694775,1.50891522206548,3175.63375342175,0.987395102309584,260240.0,91.3913104611923,8.9238845144357,1.40985672444454,1.1753946
VUT,Vanuatu,2015,35.6,24.8626945764242,3.62668783714477,3214.41948587141,0.815485061379561,266101.0,92.5427728613569,12.5363368195227,5.53944327433811,0.6849315
VUT,Vanuatu,2016,33.1,24.8654875642873,4.861596683834,3257.49719984988,0.816331822730397,272087.0,93.2943778278248,12.1279444884046,2.04393640864033,0.6867152
VUT,Vanuatu,2017,35.7,24.7644441456437,3.82787242864458,3316.81034596861,0.902392843807671,278507.0,90.0680828139658,11.691110223568,4.79466791674518,0.8525004
VUT,Vanuatu,2018,29.7,24.2729727045038,3.63334895201297,3319.75630455318,0.60798151676621,285259.0,89.6801368961432,11.5861524285902,3.24715732653576,1.021257
VUT,Vanuatu,2019,31.6,23.5024668917075,4.97857435213258,3349.5593410421,0.547725243089635,291985.0,85.2923789349229,10.9529205051152,3.48796591232319,1.0281545
VUT,Vanuatu,2020,26.0,22.4186852094794,4.04549044655896,3085.16558189305,0.629507608350041,298858.0,65.4819913449416,11.7081814154769,2.23572081882155,0.9435444
VUT,Vanuatu,2021,24.6,22.2501822422475,3.93623079389475,2979.39062838967,0.568069760913224,305868.0,60.1426638378911,10.1359816909173,3.1886979921222,0.9586235
VUT,Vanuatu,2022,25.0,22.2541249733107,0.928493742927241,3073.86062658113,,313046.0,70.4738394846168,8.40959720633392,5.10628075159305,0.9784231
VUT,Vanuatu,2023,,22.2651966823901,0.780090842324868,3178.3031116212,,320409.0,78.0648945040347,9.58720198979664,0.642819888004382,0.9649424
VUT,Vanuatu,2024,,22.2866933360645,2.22365213685823,3223.85237984109,,327777.0,73.3835043414732,10.0620025732038,5.32496714291773,0.960216
VUT,Vanuatu,2025,,22.3219888836722,,3249.02352280438,,335169.0,,,2.18640601277338,
WLD,World,2010,16.7414815095897,51.7598125029111,2.70219626157611,9322.21791578106,3.69222874020404,7000860073.0,56.1928236203117,27.5559641210838,4.2297847294785,
WLD,World,2011,16.6987205578704,52.4582964061998,3.1549651985773,9514.51951048996,4.82617358799221,7086704141.0,59.3107109256613,28.2295435296902,5.47649943337463,
WLD,World,2012,16.8962150785112,52.9178673657727,2.65165828914062,9653.62748273357,4.07354039839488,7176482165.0,59.2953615574382,28.2147937019147,3.60643426874947,
WLD,World,2013,17.1692464159295,53.4334012321388,2.64721737854654,9811.02619687608,3.64465943022609,7265404737.0,58.6308037331573,27.8861441009133,2.26077060922354,
WLD,World,2014,17.3299951573821,53.9090710066533,2.41010943382483,10000.5832738734,3.14919601481735,7353532223.0,58.0267788162164,27.6899462559795,1.97439779566658,
WLD,World,2015,17.4035082673572,54.4258474649377,3.61134635649632,10191.9752512662,1.7458360811844,7441084771.0,55.6181865121386,26.7847420643514,2.32056535420394,
WLD,World,2016,17.6281084915531,54.894926437495,3.52209084502053,10355.0449873521,1.561175691416,7528221579.0,53.7908953963337,26.2334068607048,1.98707891162034,
WLD,World,2017,17.8541835016377,55.319833918472,2.71664821529118,10591.5550846784,1.98765492782455,7613788655.0,55.4551756398449,26.6910514643472,2.97474010796076,
WLD,World,2018,18.1052270747944,55.7520777819135,1.23376330362574,10822.5745320636,2.52245241027779,7696159728.0,56.989700265917,27.1662997991077,2.78770951425761,
WLD,World,2019,18.5751641385934,56.1409825640469,2.15521434397406,10996.909518407,2.17899428300728,7777162476.0,55.8007220789098,26.5867134167993,2.37586014042606,
WLD,World,2020,19.7355641050053,56.4441759386598,1.33621434391152,10575.2194883029,1.48533037695024,7853863139.0,51.8676146705359,25.9122777369681,1.98216055627785,
WLD,World,2021,,56.80922270108,2.52052670937781,11167.6044923385,3.06144858257677,7919567995.0,56.498994335193,27.0084721023324,4.55780831498707,
WLD,World,2022,,57.0722541398634,1.84543255880137,11452.0202124616,,7988550201.0,62.1470721214396,27.2094363311311,7.33387458944816,
WLD,World,2023,,57.3116916082902,0.872090410009631,11670.8224680822,,8062923417.0,58.0658951471515,26.1933428273257,4.99251887813831,
WLD,World,2024,,57.565600293551,1.36470917779216,11894.2521505051,,8140897523.0,56.7228465365692,25.435604452787,4.08757566272939,
WLD,World,2025,,57.8251158115221,1.26299311421324,12130.6633214662,,8215424893.0,68.4920790757033,24.9841960395829,3.33176094746915,
WSM,Samoa,2010,41.9,19.8302101862085,0.0494567694984404,4081.15535978003,0.410594291707161,193023.0,78.5698016774915,14.7777818454724,-5.14594346625773,0.8057585
WSM,Samoa,2011,40.6,19.6174273708146,2.0416002953816,4201.45663738908,0.479148651100215,194713.0,81.600955014363,15.766152527034,-0.909859896408477,0.9610651
WSM,Samoa,2012,40.2,19.478718368689,2.69957638721683,4007.91092846814,0.39649921551572,196498.0,82.7339794775292,16.3070738394005,4.02647526320095,0.9605068
WSM,Samoa,2013,42.6,19.3865949620667,1.72885382959682,3976.39289268132,0.354470433710273,198268.0,77.877751737476,15.1467287917872,2.34629009874605,0.958801
WSM,Samoa,2014,41.4,19.3126679480432,2.86810154101309,3967.23730470679,0.514371821253179,200037.0,80.5007740440855,15.2095204342126,0.853113222017427,1.0732124
WSM,Samoa,2015,37.1,19.2340105383551,3.26002743040368,4084.36083819933,0.385043626528853,201782.0,74.6343550051873,14.5012807041262,3.96466639608224,1.071904
WSM,Samoa,2016,36.8,19.126462366749,0.298684612802242,4373.23792440391,0.425429774129313,203499.0,75.2118174672901,14.408683481377,2.24475651909437,1.0686461
WSM,Samoa,2017,35.8,18.9657191879831,1.04146807605773,4393.37316255965,0.482469410561221,205415.0,74.0110807608335,13.1849554636851,0.304905422515247,1.0690453
WSM,Samoa,2018,36.6,18.7241267935467,1.90261035583233,4321.00518344962,0.264678611319933,207582.0,78.9349684295151,11.7204111149327,1.09758340635358,0.9953036
WSM,Samoa,2019,34.2,18.4147344481283,-0.238656491573744,4466.08075482035,0.232259603701569,209780.0,83.3310795816457,11.9596393238611,1.49948619479095,1.1468478
WSM,Samoa,2020,35.6,18.0516608994722,0.509397965194954,4283.06392492734,0.301640791056231,211944.0,77.4847998856019,11.1225478907802,1.22225156843744,1.1753028
WSM,Samoa,2021,36.0,17.5672426452007,1.04090555935629,4032.1373106241,0.280275449205485,213779.0,59.7697795919357,11.2039898765353,-0.709667371684759,1.1396511
WSM,Samoa,2022,35.9,17.5007949951039,0.539647016745273,4095.15875576978,,215261.0,60.8477789845035,10.8490582930193,2.54322399904663,1.2343417
WSM,Samoa,2023,,17.5012799804602,0.229294017897832,4688.46305366113,,216663.0,80.8405125709078,10.0793155346634,6.82969275542449,1.2435234
WSM,Samoa,2024,,17.5029115108018,0.318181346491415,4880.54418032056,,218019.0,79.5241475635456,10.5838860006744,8.42502942433558,1.2384523
WSM,Samoa,2025,,17.5063874123422,0.17252947016909,5055.89636042853,,219306.0,70.6296323498584,10.1660946391236,6.16910243333454,
XKX,Kosovo,2010,,37.929940798209,9.17015875370246,2822.63227046091,2.55556688241113,1788743.0,82.1774799739022,27.0411983160464,6.39240138953099,-0.7551692
XKX,Kosovo,2011,,38.0255184272137,8.44148570365304,2995.64811314457,2.41955836525131,1791949.0,86.1517494661872,27.5148247197483,6.30376606515529,-0.810254199999999
XKX,Kosovo,2012,,38.2296959226488,4.75526229642647,3021.35000691677,0.984751666231743,1807126.0,81.3639162574412,27.508476689053,3.52540286006931,-0.7614632
XKX,Kosovo,2013,,38.6251749487938,5.51557792241123,3163.4704088827,0.528578459655645,1818119.0,75.1034836607029,27.1872162974146,0.353127123761723,-0.7879954
XKX,Kosovo,2014,,39.1938922761744,2.8255199046184,3279.02345017707,0.522780519330801,1812788.0,77.0760521643276,26.5170668316715,1.60143890288818,-0.301981899999999
XKX,Kosovo,2015,,39.917681154075,5.4536060723116,3520.62685324451,0.345818043207918,1788274.0,74.0204422546574,26.9432328185615,0.607840658633862,-0.2170007
XKX,Kosovo,2016,,40.7783748317802,3.64804781540538,3739.17386677497,0.394911793338711,1777568.0,75.0188123077463,26.8584265970502,0.779254169265613,-0.2852683
XKX,Kosovo,2017,,41.7578065585746,3.99449173765269,3890.17624537261,0.559517101853948,1791019.0,80.4101373469745,27.5275719677758,0.440019143256507,-0.1718171
XKX,Kosovo,2018,,42.8378095837429,4.04305852511921,4009.11952439378,0.582555742632103,1797086.0,86.3150846710967,27.9083585287373,1.49891925129965,-0.4135898
XKX,Kosovo,2019,,44.0002171565695,3.6089905562178,4219.06495675744,0.403302686372993,1788891.0,85.7534085053482,27.0883844668186,0.962960139069509,-0.106046099999999
XKX,Kosovo,2020,,45.2268625263391,5.10214468008702,3990.94425586648,0.405629883811269,1790151.0,75.6080171280001,27.5584566251826,1.38110717217515,-0.0844029999999999
XKX,Kosovo,2021,,46.4995789423362,5.32217005283667,4429.87389440857,0.928898942515976,1786079.0,98.6384304855253,27.4491619936227,6.11553993082821,0.0010881
XKX,Kosovo,2022,,47.8001996538455,8.15747473082072,4666.38918595784,,1768096.0,110.012031619226,27.2441813918075,7.1987107549258,-0.0510421999999999
XKX,Kosovo,2023,,49.1105579101515,8.68137839547735,5102.74674921908,,1682668.0,109.951851577902,26.3457033566293,4.56378849304579,-0.1409249
XKX,Kosovo,2024,,50.3214443938994,7.67480496325567,5631.67958854422,,1594353.0,113.789651964133,25.8029423102749,2.24862960931982,-0.321890499999999
XKX,Kosovo,2025,,50.9260971650398,10.0048592791683,5898.63895271517,,1576876.0,118.190884160552,24.9706910316042,2.81059842523273,
YEM,"Yemen, Rep.",2010,0.8,30.6232848305331,0.610357927076417,2356.19960422096,23.5484181707179,26754387.0,64.3856367797178,52.9607477523107,23.6174638503601,-2.41400459999999
YEM,"Yemen, Rep.",2011,0.9,30.9237389467026,-1.58233916831705,1994.83663337222,25.9395800444886,27582897.0,63.0594579549043,53.1065650909838,18.1136666806347,-2.4714962
YEM,"Yemen, Rep.",2012,1.1,31.2031839858628,-0.0402221829314871,1981.45800046603,18.8463591940271,28433647.0,61.3616371825683,39.7484554361741,5.89315891807243,-2.36775559999999
YEM,"Yemen, Rep.",2013,0.8,31.4427187944215,-0.330496410064222,2014.7289059487,13.5874899680381,29312952.0,52.5118781367089,38.9944141504647,9.20895702994578,-2.41980069999999
YEM,"Yemen, Rep.",2014,0.8,31.8626162180918,-0.539237328374498,1950.1625450589,10.9650660396012,30226309.0,48.2430405122774,39.8882580148089,7.16332423023157,-2.52247629999999
YEM,"Yemen, Rep.",2015,2.0,32.3883178702702,-0.0363882528160336,1362.1738120601,2.06582147254408,31159379.0,30.3676590844637,33.866159352981,46.4762512185935,-2.52514609999999
YEM,"Yemen, Rep.",2016,2.6,32.9512008005236,-1.79131212045889,1197.95865971172,0.766194564986369,32109010.0,31.0815442908559,25.9022680665842,0.134410821886718,-2.6405037
YEM,"Yemen, Rep.",2017,3.0,33.5586912522175,-1.00531889341895,1103.45634849842,2.00088361190121,33090921.0,42.9699046721967,25.9240409654207,18.5535662173892,-2.7305026
YEM,"Yemen, Rep.",2018,2.9,34.2106045810864,-1.30563839823089,1079.32938366255,4.87867391772049,34085182.0,56.0778227215077,25.4429978433173,14.8536647600461,-2.7242925
YEM,"Yemen, Rep.",2019,3.0,34.9067561732024,,,,35111408.0,,,,-2.6172209
YEM,"Yemen, Rep.",2020,3.5,35.7025604580302,,,,36134863.0,,,,-2.65635899999999
YEM,"Yemen, Rep.",2021,3.7,36.0704951256305,,,,37140230.0,,,,-2.6676713
YEM,"Yemen, Rep.",2022,,36.3226310308295,,,,38222876.0,,,,-2.61245769999999
YEM,"Yemen, Rep.",2023,,36.5707979836506,,,,39390799.0,,,,-2.6264387
YEM,"Yemen, Rep.",2024,,36.8077517596594,,,,40583164.0,,,,-2.7505641
YEM,"Yemen, Rep.",2025,,37.0336664607078,,,,41773878.0,,,,
ZAF,South Africa,2010,9.4,62.6299120560569,0.884904611686012,5953.94506512821,6.84683101275869,52344051.0,50.4060871625999,25.3034630993363,6.12843243160444,-0.0522329999999999
ZAF,South Africa,2011,9.0,62.850627754452,0.903381424332556,6067.12482726885,7.81466074244917,52995205.0,54.6363504358971,24.8394911507999,5.53905643151262,-0.0426331999999999
ZAF,South Africa,2012,8.3,62.9616560303263,1.06492249485696,6121.55783860713,6.40436399402211,53782567.0,55.5826171933345,24.4686002355753,4.68520638813985,-0.1220725
ZAF,South Africa,2013,7.8,63.0524024097034,2.05358095229684,6170.87670863373,6.11153096342063,54678791.0,58.875027630051,24.5517417673484,5.84411140067347,-0.2582732
ZAF,South Africa,2014,7.6,63.1352327065742,1.51932743753979,6155.00589462516,4.66573419871465,55594838.0,59.4995740550593,24.3052820058227,5.36654618468381,-0.2307109
ZAF,South Africa,2015,7.6,63.2096349937231,0.438735792056356,6112.27382485974,2.80794769347075,56723537.0,56.7266761447156,23.7323079746326,5.54552812339873,-0.3104761
ZAF,South Africa,2016,7.8,63.2750973439347,0.684612553455795,6095.295060428,3.56159906611897,57259551.0,55.8612575048782,23.7825372977493,6.9521719608848,-0.3379116
ZAF,South Africa,2017,7.9,63.3311078299936,0.539673956759456,6125.6920507497,3.8355856656622,57635162.0,53.5359318293741,23.6105564955695,5.47332197481477,-0.3828321
ZAF,South Africa,2018,8.0,63.3771545246841,1.3742911715346,6117.2701406047,3.86949148830953,58613001.0,54.4855451276341,23.5370608392744,3.99329508509443,-0.299383199999999
ZAF,South Africa,2019,8.7,63.4127255007908,1.31407752293306,6032.82972598668,4.18782227881945,59587885.0,53.8979964081406,23.6220152843652,4.61352469052481,-0.338256499999999
ZAF,South Africa,2020,9.8,63.4373088310982,0.933073684352391,5569.58483319272,4.01777511009808,60562381.0,50.7596590804177,23.3394384079582,5.3913943350576,-0.2489513
ZAF,South Africa,2021,9.7,63.4503925883909,9.68098022663018,5750.90937479584,7.32857859192335,61502603.0,56.1647136277546,24.9006017482132,6.408442941004,-0.7738081
ZAF,South Africa,2022,,63.4766699210327,2.26670277731613,5786.86505344736,,62378410.0,64.94713440234,24.9820287872223,5.24096669630933,-0.6842882
ZAF,South Africa,2023,,63.5823705163545,1.0127377916456,5756.55049453121,,63212384.0,65.6798759740707,24.5639655120651,4.72230243263523,-0.6397104
ZAF,South Africa,2024,,63.6917984858172,0.580891709673066,5715.47531469148,,64007187.0,61.646770473025,24.3105308888817,3.91692100295103,-0.6171348
ZAF,South Africa,2025,,63.8154011002522,-0.505823116244258,5713.1191878767,,64747319.0,60.9110971393628,24.09000977459,2.78961760276334,
ZMB,Zambia,2010,89.2,39.9558857709992,8.53319643791576,1183.41712409199,18.6647201093496,13965594.0,67.9009190299719,32.2389147610701,13.9509131934519,0.3740582
ZMB,Zambia,2011,87.9,40.3684491825881,4.72516156867912,1208.46424569634,17.4237334954232,14437796.0,72.7954324384283,34.4442819243584,11.1074132686175,0.3931833
ZMB,Zambia,2012,85.4,40.7698556821596,6.78938124085044,1258.78938578996,13.5753487511819,14913629.0,75.367709855907,32.0106503918136,6.99222724900214,0.4568964
ZMB,Zambia,2013,85.3,41.1682266235825,7.48932505567266,1280.77012176778,12.023594729012,15398997.0,80.4562410213373,32.5564491082462,9.73089122030567,0.3124934
ZMB,Zambia,2014,84.6,41.5634741658525,5.55542791808588,1299.01241762504,10.842259058696,15895315.0,76.1934997276313,32.9441480248783,5.44052458126617,-0.0580544
ZMB,Zambia,2015,84.0,41.9555104679652,7.44741668984243,1295.87788680068,11.1602533885932,16399089.0,79.8652687573958,33.65724911523,6.65929211357343,0.0822748
ZMB,Zambia,2016,84.0,42.3442476889162,3.16251974813899,1303.57513869133,11.6772125402718,16914423.0,73.958561254616,34.8771666095938,13.5761011694227,-0.2072561
ZMB,Zambia,2017,83.5,42.7295979877011,4.28050117059574,1308.76829240086,13.2264399699464,17441320.0,71.5856946542566,37.3040449214626,10.0728370854916,-0.211101999999999
ZMB,Zambia,2018,83.8,43.1114735233156,1.55231886738395,1321.25045711573,11.7483463033985,17973569.0,74.8883695274665,34.4853215849232,7.41157094843257,-0.2916638
ZMB,Zambia,2019,86.1,43.4897864547552,2.3509190433173,1301.18132976178,7.91506539515975,18513839.0,68.791204936096,34.9419812171167,7.63347048076743,-0.3690652
ZMB,Zambia,2020,85.4,43.8644489410157,1.35190577412928,1228.73500113195,16.2222307618142,19059395.0,79.2068494095955,40.1976896628281,13.9138706178858,-0.3679359
ZMB,Zambia,2021,83.0,44.2353731410926,1.78407846118257,1269.10821808895,35.2641479964325,19603607.0,86.2085111934645,41.8319384724467,25.1427776148297,-0.158277199999999
ZMB,Zambia,2022,,44.5988511178469,-0.223286755156161,1298.8480495593,,20152938.0,69.2973154193203,35.2838210182449,6.14031838965083,0.0456326
ZMB,Zambia,2023,,45.0285853521585,2.32465335614826,1330.85998216751,,20723965.0,78.2418870451485,35.107778069402,7.09462960303757,-0.0111463999999999
ZMB,Zambia,2024,,45.4703838491279,9.32437789659637,1343.38966380353,,21314956.0,62.5348874064443,35.2465830565142,14.4106633303405,-0.1007849
ZMB,Zambia,2025,,45.9171510161461,,1355.77536277733,,21913874.0,,35.3322097290533,5.62868427126075,
ZWE,Zimbabwe,2010,81.2,32.7284525810054,1.01750672670554,1056.20884563889,7.09847064162797,13356548.0,83.1234047851259,20.6947355315308,4.09763788642883,-1.4606594
ZWE,Zimbabwe,2011,77.2,32.7567295776968,2.44028634205117,1184.93421020563,7.87938898914128,13595424.0,89.4659437238642,21.7201786093983,2.55275253362885,-1.2521569
ZWE,Zimbabwe,2012,77.0,32.7931752128328,2.04309866557655,1360.15230034275,5.96773281078297,13817887.0,74.1627003825153,25.3306858994948,4.02892774689238,-1.2758713
ZWE,Zimbabwe,2013,79.3,32.9019343169941,1.95306467023546,1367.81831689463,5.04283935109174,14013808.0,58.6560737143829,23.8001125610251,9.37107509304518,-1.0050314
ZWE,Zimbabwe,2014,80.8,33.1628075970801,2.42393171156853,1381.25404125871,5.62126327970579,14207359.0,54.6717592473918,23.7189510650842,-0.251969595796098,-0.976551899999999
ZWE,Zimbabwe,2015,80.8,33.5612641766874,1.99867322543902,1387.12632595026,4.60618520596556,14399013.0,56.7496526604333,22.3586547006621,0.607377582545297,-0.856518799999999
ZWE,Zimbabwe,2016,81.7,34.0799460726314,1.66841598492163,1378.34256192374,4.49541367401877,14600294.0,51.2190376594477,22.1153495385289,2.16179137419846,-0.9112005
ZWE,Zimbabwe,2017,82.0,34.7014953017273,0.601908067055593,1422.91948946927,6.09544838030308,14812482.0,55.028317831061,32.0157377663457,197.454659214138,-0.8348774
ZWE,Zimbabwe,2018,79.7,35.4085538807905,1.21217684971106,1472.14603844842,3.37818944674235,15034452.0,54.55031658746,31.0377751295783,3.55405561951902,-0.824492
ZWE,Zimbabwe,2019,81.0,36.1837638266364,0.748407181444125,1357.53087818754,4.71576545765887,15271368.0,36.5178684980287,38.9749459493832,397.173739446395,-0.984582
ZWE,Zimbabwe,2020,84.1,37.0097671560802,0.470490704047012,1230.81933361016,4.74666809490234,15526888.0,31.8225698755474,40.4336448935323,585.972829117866,-1.0459616
ZWE,Zimbabwe,2021,82.4,37.8692058859373,0.575182174042167,1312.20001358807,6.39845161112644,15797210.0,34.9401169482991,36.9163101350258,108.772816795263,-1.0184197
ZWE,Zimbabwe,2022,,38.7055207169041,0.826253561026726,1369.19761495571,,16069056.0,43.6150764298492,46.4723635392825,274.458090484399,-0.8261001
ZWE,Zimbabwe,2023,,39.2919370795795,1.6843211517412,1418.47184628799,,16340822.0,40.2912612046942,33.2555519083931,768.477177864533,-0.998213999999999
ZWE,Zimbabwe,2024,,39.8933716820696,1.12093172517355,1416.80065463874,,16634373.0,41.5039527238816,35.0073057776054,1097.51978373569,-1.0172382
ZWE,Zimbabwe,2025,,40.4951287431452,,1503.06505298089,,16950795.0,,37.0654451620543,83.1244768133098,
