countryName,shortName,isoa2,year,record,ef_per_capita,cropLand,grazingLand,forestLand,fishingGround,builtupLand,carbon
Afghanistan,Afghanistan,AF,2010,EFConsPerCap,0.958796356758272,0.541545566694485,0.209579272024054,0.0796801189235912,0.00105330549369043,0.025917046389326,0.101021047233126
Afghanistan,Afghanistan,AF,2011,EFConsPerCap,0.894739800447202,0.456339196523467,0.201633206798668,0.0790965690933804,0.000804748703756557,0.0200806389067888,0.136785440421142
Afghanistan,Afghanistan,AF,2012,EFConsPerCap,0.917009570554458,0.506302090762865,0.196794223091487,0.0748904111152572,0.000539862386221463,0.0268112433219067,0.111671739876721
Afghanistan,Afghanistan,AF,2013,EFConsPerCap,0.889364197578024,0.502953262458102,0.188888599431154,0.0711536867077209,0.000806567717595155,0.0273928315875397,0.0981692496759118
Afghanistan,Afghanistan,AF,2014,EFConsPerCap,0.866942679386782,0.488680860767418,0.188572499235406,0.0699219682073937,0.000643165009938492,0.0281658312387128,0.0909583549279134
Afghanistan,Afghanistan,AF,2015,EFConsPerCap,0.871086319253455,0.492859841192274,0.190742195133923,0.0682521783948428,0.000732138273040174,0.0251159486314479,0.0933840176279273
Afghanistan,Afghanistan,AF,2016,EFConsPerCap,0.815694721817532,0.471546505168417,0.171788887861608,0.0653571089151086,0.000847741386160651,0.0247125442471211,0.0814419342391164
Afghanistan,Afghanistan,AF,2017,EFConsPerCap,0.8371302995202,0.502297844722091,0.15723090584481,0.0659135052500933,0.00131763482675856,0.0217668524850109,0.0886035563914367
Afghanistan,Afghanistan,AF,2018,EFConsPerCap,0.906068507109807,0.523826253229925,0.16340791354642,0.0623507718342019,0.00105010105722649,0.0195073093913704,0.135926158050663
Afghanistan,Afghanistan,AF,2019,EFConsPerCap,0.983600111113447,0.476377089338861,0.245148145368101,0.0654575965632782,0.000793209047968694,0.0246628599851979,0.17116121081004
Afghanistan,Afghanistan,AF,2020,EFConsPerCap,0.846604230821203,0.441713120600914,0.153645180112399,0.0625809131561447,0.00122862877683362,0.0260080857646722,0.161428302410239
Afghanistan,Afghanistan,AF,2021,EFConsPerCap,0.793009440870238,0.419456510235304,0.148886776481619,0.057874551547637,0.000861147700553316,0.0219572741510616,0.143973180754063
Afghanistan,Afghanistan,AF,2022,EFConsPerCap,0.811203329786513,0.430567346492439,0.142279128563503,0.0538516617082645,0.000571990861074259,0.0209808666890116,0.16295233547222
Afghanistan,Afghanistan,AF,2023,EFConsPerCap,0.818786958364687,0.436700110594928,0.139406056034613,0.0531505993707732,0.000915537728725993,0.0224962735238248,0.166118381111822
Afghanistan,Afghanistan,AF,2024,EFConsPerCap,0.794525892469116,,,,,,
Afghanistan,Afghanistan,AF,2025,EFConsPerCap,0.772939268204268,,,,,,
Albania,Albania,AL,2010,EFConsPerCap,2.2366236577944,,,,,,
Albania,Albania,AL,2011,EFConsPerCap,2.47935702095976,,,,,,
Albania,Albania,AL,2012,EFConsPerCap,2.33003504702371,,,,,,
Albania,Albania,AL,2013,EFConsPerCap,2.29037422160438,,,,,,
Albania,Albania,AL,2014,EFConsPerCap,2.20140517331199,,,,,,
Albania,Albania,AL,2015,EFConsPerCap,2.25028878054157,,,,,,
Albania,Albania,AL,2016,EFConsPerCap,2.13220498723469,,,,,,
Albania,Albania,AL,2017,EFConsPerCap,2.14110033801308,,,,,,
Albania,Albania,AL,2018,EFConsPerCap,2.05762816087042,,,,,,
Albania,Albania,AL,2019,EFConsPerCap,2.03839622840818,,,,,,
Albania,Albania,AL,2020,EFConsPerCap,2.09017474327659,,,,,,
Albania,Albania,AL,2021,EFConsPerCap,2.06763986472538,,,,,,
Albania,Albania,AL,2022,EFConsPerCap,2.111291011588,,,,,,
Albania,Albania,AL,2023,EFConsPerCap,2.26494797822391,,,,,,
Albania,Albania,AL,2024,EFConsPerCap,2.37912926385932,,,,,,
Albania,Albania,AL,2025,EFConsPerCap,2.40165968926042,,,,,,
Angola,Angola,AO,2010,EFConsPerCap,0.948598690241058,,,,,,
Angola,Angola,AO,2011,EFConsPerCap,0.991475032705815,,,,,,
Angola,Angola,AO,2012,EFConsPerCap,1.12598167283042,,,,,,
Angola,Angola,AO,2013,EFConsPerCap,1.43045725886892,,,,,,
Angola,Angola,AO,2014,EFConsPerCap,1.47935918047832,,,,,,
Angola,Angola,AO,2015,EFConsPerCap,1.08494597621187,,,,,,
Angola,Angola,AO,2016,EFConsPerCap,1.09376394811921,,,,,,
Angola,Angola,AO,2017,EFConsPerCap,0.929986100823973,,,,,,
Angola,Angola,AO,2018,EFConsPerCap,0.877940895673347,,,,,,
Angola,Angola,AO,2019,EFConsPerCap,0.828794887378189,,,,,,
Angola,Angola,AO,2020,EFConsPerCap,0.736390050357941,,,,,,
Angola,Angola,AO,2021,EFConsPerCap,0.739925409520998,,,,,,
Angola,Angola,AO,2022,EFConsPerCap,0.795749973840424,,,,,,
Angola,Angola,AO,2023,EFConsPerCap,0.750540597023192,,,,,,
Angola,Angola,AO,2024,EFConsPerCap,0.728546964585969,,,,,,
Angola,Angola,AO,2025,EFConsPerCap,0.707122673749083,,,,,,
Antigua and Barbuda,Antigua and Barbuda,AG,2010,EFConsPerCap,4.64119557964516,0.409413615470809,0.197964701573655,0.223241413676273,0.245317104454907,0.0608541492746075,3.5044045951949
Antigua and Barbuda,Antigua and Barbuda,AG,2011,EFConsPerCap,5.10503650572767,0.580652172398489,0.388090361735599,0.244245694049064,0.237467678354035,0.0642069818325239,3.59037361735796
Antigua and Barbuda,Antigua and Barbuda,AG,2012,EFConsPerCap,5.01729358657061,0.532785430726543,0.150047980241776,0.357599122377081,0.299000460201526,0.0590860826706082,3.61877451035307
Antigua and Barbuda,Antigua and Barbuda,AG,2013,EFConsPerCap,4.88464213899023,0.536676865321743,0.354904219791867,0.167313746897116,0.262213677296795,0.0616771046866205,3.50185652499609
Antigua and Barbuda,Antigua and Barbuda,AG,2014,EFConsPerCap,4.88799940554211,0.525149944534734,0.397416209182013,0.235573137101088,0.269635837005811,0.0622357874528425,3.39798849026562
Antigua and Barbuda,Antigua and Barbuda,AG,2015,EFConsPerCap,4.95635593242696,0.532008778387164,0.419898995963792,0.267818610957919,0.259580881307116,0.0627090590941059,3.41433960671686
Antigua and Barbuda,Antigua and Barbuda,AG,2016,EFConsPerCap,4.94398072070895,0.437186982947432,0.323293355176959,0.225120593046039,0.242158952926226,0.0624780962252738,3.65374274038702
Antigua and Barbuda,Antigua and Barbuda,AG,2017,EFConsPerCap,4.95682357308199,0.549267598723679,0.378615307639815,0.134923414274977,0.276298194936336,0.0613603964253474,3.55635866108183
Antigua and Barbuda,Antigua and Barbuda,AG,2018,EFConsPerCap,4.98100493368321,0.583867969279254,0.399004381178232,0.167940906204628,0.290871188670269,0.0576517312509433,3.48166875709988
Antigua and Barbuda,Antigua and Barbuda,AG,2019,EFConsPerCap,5.04798304673904,0.556101501292459,0.365080269197776,0.266293289573536,0.280540442401827,0.0580513448906541,3.52191619938279
Antigua and Barbuda,Antigua and Barbuda,AG,2020,EFConsPerCap,4.77678364057402,0.508392171833418,0.31366272163769,0.164046904974411,0.258194826084993,0.0581937206078723,3.47429329543563
Antigua and Barbuda,Antigua and Barbuda,AG,2021,EFConsPerCap,5.46735760931525,0.47371649801841,0.377252774494215,0.252933786356725,0.269227093850039,0.057739565365863,4.03648789123
Antigua and Barbuda,Antigua and Barbuda,AG,2022,EFConsPerCap,5.01890608196974,0.514667987577272,0.408706385288388,0.263125666018742,0.277555197775179,0.0583622775633643,3.4964885677468
Antigua and Barbuda,Antigua and Barbuda,AG,2023,EFConsPerCap,4.96319062606789,0.501749592213406,0.38711048336293,0.218774707659872,0.279145248821119,0.0595202220814863,3.51689037192908
Antigua and Barbuda,Antigua and Barbuda,AG,2024,EFConsPerCap,4.74587978702409,,,,,,
Antigua and Barbuda,Antigua and Barbuda,AG,2025,EFConsPerCap,4.72325832883446,,,,,,
Argentina,Argentina,AR,2010,EFConsPerCap,3.33965084870718,0.857055014691346,0.897412211266385,0.246701012939945,0.158923453484175,0.0655899011920291,1.1139692551333
Argentina,Argentina,AR,2011,EFConsPerCap,3.3182562415325,0.809877318756523,0.827630152260825,0.246287168449541,0.139334923274009,0.0716389525829464,1.22348772620866
Argentina,Argentina,AR,2012,EFConsPerCap,3.27555278184466,0.640195483640279,0.948814631751168,0.281995833960545,0.12185280108007,0.0638983952483873,1.21879563616421
Argentina,Argentina,AR,2013,EFConsPerCap,3.54276155030066,0.895520718829685,0.87916340488302,0.297174005115302,0.132294303133687,0.066438260383241,1.27217085795572
Argentina,Argentina,AR,2014,EFConsPerCap,3.47066339886125,1.03975211307959,0.820179322849416,0.244065988857318,0.115959940105765,0.06875602240806,1.1819500115611
Argentina,Argentina,AR,2015,EFConsPerCap,3.59321375333551,1.20005847830202,0.746720615854271,0.270833880128126,0.124955422116103,0.0748335229055753,1.17581183402941
Argentina,Argentina,AR,2016,EFConsPerCap,3.14173316379714,0.873752980796503,0.736000795608147,0.275971973953775,0.107510880498243,0.0726470776113106,1.07584945532916
Argentina,Argentina,AR,2017,EFConsPerCap,3.352175980121,1.10981396457888,0.640701269365909,0.287988179640164,0.103300875046813,0.0766246857879874,1.13374700570125
Argentina,Argentina,AR,2018,EFConsPerCap,3.11164673346155,0.816770276473982,0.668820016895047,0.266040212599368,0.10717865072827,0.0647517658435603,1.18808581092132
Argentina,Argentina,AR,2019,EFConsPerCap,3.19194497368873,1.22565860101766,0.48888250714601,0.26726458052805,0.114184316583814,0.0796814222674007,1.0162735461458
Argentina,Argentina,AR,2020,EFConsPerCap,2.91060579436735,1.11250686253225,0.462029928676593,0.259517248588528,0.106920380587614,0.0735501705165234,0.89608120346584
Argentina,Argentina,AR,2021,EFConsPerCap,3.16478338767472,1.1546660283018,0.435447386694611,0.279386627143059,0.103377754303962,0.0718254704979325,1.12008012073335
Argentina,Argentina,AR,2022,EFConsPerCap,3.09393884852523,1.04755833386517,0.411420748426194,0.298148571526671,0.108857167408289,0.074477733160658,1.15347629413825
Argentina,Argentina,AR,2023,EFConsPerCap,2.80673096608821,0.594699389199362,0.540153368997796,0.293599813619652,0.102683382484587,0.0536634393099669,1.22193157247684
Argentina,Argentina,AR,2024,EFConsPerCap,2.68319696025303,,,,,,
Argentina,Argentina,AR,2025,EFConsPerCap,2.66854156849399,,,,,,
Austria,Austria,AT,2010,EFConsPerCap,6.34478532434492,0.930082798402232,0.263157683092044,0.840383596591152,0.0610227584931241,0.113493952438036,4.13664453532833
Austria,Austria,AT,2011,EFConsPerCap,6.68614044707297,1.03995947006232,0.271759330212223,0.939928118304651,0.0600578133323723,0.12781018160066,4.24662553356075
Austria,Austria,AT,2012,EFConsPerCap,6.25278047116279,0.857858735891266,0.254777616108626,0.933185175788917,0.0589150965170191,0.106588101004738,4.04145574585222
Austria,Austria,AT,2013,EFConsPerCap,6.258208460421,0.880399737246062,0.253507899128409,0.985268182136681,0.0633986380577073,0.107057412262938,3.9685765915892
Austria,Austria,AT,2014,EFConsPerCap,6.05609882990522,0.983179589851885,0.257442581205442,0.905555406603282,0.0648524483047589,0.12611543259979,3.71895337134006
Austria,Austria,AT,2015,EFConsPerCap,5.89613237006844,0.934909058572238,0.257608736212704,0.901956527330258,0.0627866558118087,0.109830868517214,3.62904052362422
Austria,Austria,AT,2016,EFConsPerCap,5.89571086527434,0.99276822554048,0.268905761519436,0.897840812536542,0.0630283218310982,0.124027868462632,3.54913987538415
Austria,Austria,AT,2017,EFConsPerCap,6.08742402702924,0.863492294899315,0.280578436889706,0.95151948444623,0.0586943535652627,0.105596581669236,3.82754287555949
Austria,Austria,AT,2018,EFConsPerCap,6.22517025400415,0.851777708424407,0.265774500930906,1.10302187065169,0.0543321846010363,0.106537112158499,3.84372687723761
Austria,Austria,AT,2019,EFConsPerCap,6.17637396768077,0.9089177643817,0.257641129758266,1.04542025755278,0.056978309588542,0.115664066647899,3.79175243975159
Austria,Austria,AT,2020,EFConsPerCap,5.79835064365935,0.976533023447963,0.25038930883199,1.11860829152808,0.0519749430119848,0.121490247552284,3.27935482928704
Austria,Austria,AT,2021,EFConsPerCap,6.10799433851342,0.922877279441154,0.248225402215627,1.09738350825321,0.0543291570383404,0.115915233356829,3.66926375820826
Austria,Austria,AT,2022,EFConsPerCap,5.94924305191895,0.890138391994694,0.252784893791473,1.04981963871042,0.0434514574140692,0.112498778090541,3.60054989191775
Austria,Austria,AT,2023,EFConsPerCap,5.48838605898309,0.906299916186298,0.246875464714449,1.00197709190595,0.050345693875158,0.111475258215524,3.17141263408572
Austria,Austria,AT,2024,EFConsPerCap,5.40149948313392,,,,,,
Austria,Austria,AT,2025,EFConsPerCap,5.37748972541564,,,,,,
Barbados,Barbados,BB,2010,EFConsPerCap,4.39365000492679,0.610146308696182,0.407418615103566,0.386673965872355,0.294745784149139,0.0898653462816532,2.60479998482389
Barbados,Barbados,BB,2011,EFConsPerCap,4.52485543999654,0.615151381747442,0.426489646207559,0.309906152128224,0.297170348263788,0.11021839875069,2.76591951289883
Barbados,Barbados,BB,2012,EFConsPerCap,4.29918565121975,0.577566198523828,0.362578739448573,0.218893150056037,0.30731209994247,0.118905492204875,2.71392997104397
Barbados,Barbados,BB,2013,EFConsPerCap,4.22220204217081,0.561250406348855,0.407561258205434,0.207083121094505,0.305695829864543,0.11092262330502,2.62968880335245
Barbados,Barbados,BB,2014,EFConsPerCap,3.87957922163983,0.559905819258911,0.394151129871849,0.23389434448515,0.30858435724009,0.113875453535844,2.26916811724798
Barbados,Barbados,BB,2015,EFConsPerCap,4.06690606031275,0.599490094849422,0.437511001648751,0.190682720656846,0.324436704208321,0.116995992909707,2.3977895460397
Barbados,Barbados,BB,2016,EFConsPerCap,4.1682349458657,0.611979783584779,0.440169643391798,0.201683724748676,0.342058301437864,0.127496113512791,2.44484737918979
Barbados,Barbados,BB,2017,EFConsPerCap,4.13517598077089,0.548727536707353,0.389216435127623,0.151949281626911,0.340254681526995,0.148098566344911,2.5569294794371
Barbados,Barbados,BB,2018,EFConsPerCap,4.20814839312201,0.584216706742038,0.410168799465936,0.137648142213176,0.327126056071842,0.157103673891534,2.59188501473748
Barbados,Barbados,BB,2019,EFConsPerCap,3.91738804076937,0.565571360080246,0.344509861459891,0.170194250687544,0.285898410003182,0.141729545869873,2.40948461266863
Barbados,Barbados,BB,2020,EFConsPerCap,3.8722780078165,0.521258082701848,0.269037135226659,0.146325798873164,0.282253484776836,0.144491315967921,2.50891219027007
Barbados,Barbados,BB,2021,EFConsPerCap,3.80212087112687,0.47001776241816,0.260195974206674,0.187050611856414,0.308900931510391,0.1425276474488,2.43342794368643
Barbados,Barbados,BB,2022,EFConsPerCap,4.2424401278392,0.533215459036985,0.313803216855856,0.196910314832367,0.339115353127814,0.153283190473972,2.7061125935122
Barbados,Barbados,BB,2023,EFConsPerCap,4.18228410641562,0.535010946219585,0.279680637170885,0.15532049540896,0.334535353555782,0.144100141940851,2.73363653211956
Barbados,Barbados,BB,2024,EFConsPerCap,4.49005260754403,,,,,,
Barbados,Barbados,BB,2025,EFConsPerCap,4.48731680908526,,,,,,
Bangladesh,Bangladesh,BD,2010,EFConsPerCap,0.636780777245782,0.166466627126992,0.0126489680509405,0.0796379551054867,0.0287840206577546,0.124274717060052,0.224968489244556
Bangladesh,Bangladesh,BD,2011,EFConsPerCap,0.675456128042974,0.164659856404935,0.0123404734335215,0.0818976194510678,0.0283732539190511,0.125070543677375,0.263114381157023
Bangladesh,Bangladesh,BD,2012,EFConsPerCap,0.649660654885665,0.14207583143045,0.0128081284494928,0.0805445203029292,0.0289562282681483,0.122190607666189,0.263085338768457
Bangladesh,Bangladesh,BD,2013,EFConsPerCap,0.677942945992469,0.16237226389066,0.0122812494042382,0.0815473803449493,0.0313167998913383,0.129955773061681,0.260469479399603
Bangladesh,Bangladesh,BD,2014,EFConsPerCap,0.71689921884007,0.173249084650248,0.0123614569942357,0.0839400185306869,0.0295745931743206,0.131236769901555,0.286537295589023
Bangladesh,Bangladesh,BD,2015,EFConsPerCap,0.785624654512381,0.210913262682262,0.0127461772664232,0.0813503577424471,0.0322789348282496,0.132873976976756,0.315461945016243
Bangladesh,Bangladesh,BD,2016,EFConsPerCap,0.796225543805456,0.188509735448367,0.0123711065818873,0.0873238490217052,0.0319519340432917,0.136030582921268,0.340038335788936
Bangladesh,Bangladesh,BD,2017,EFConsPerCap,0.8672638512639,0.22296739052718,0.0124017088679052,0.0844365243075404,0.0330235334669457,0.139918361703018,0.374516332391311
Bangladesh,Bangladesh,BD,2018,EFConsPerCap,0.892545750684319,0.209399099345532,0.0130432233975502,0.0830538034133715,0.0343214197246976,0.139715146212581,0.413013058590587
Bangladesh,Bangladesh,BD,2019,EFConsPerCap,0.921871757169483,0.229211310001649,0.0132378974196375,0.0850962763153518,0.0338346036360395,0.140287181237841,0.420204488558965
Bangladesh,Bangladesh,BD,2020,EFConsPerCap,0.891550351346754,0.233502177918243,0.0127378518528969,0.0798403742144352,0.0337404214465601,0.142787783095378,0.38894174281924
Bangladesh,Bangladesh,BD,2021,EFConsPerCap,0.971631666386712,0.253298834537734,0.0133527178259089,0.0809619277875245,0.0418541563078114,0.144373021320177,0.437791008607557
Bangladesh,Bangladesh,BD,2022,EFConsPerCap,0.987855086418289,0.213742630813185,0.0125565202666426,0.079841165149173,0.0401882662900114,0.146078385406466,0.495448118492811
Bangladesh,Bangladesh,BD,2023,EFConsPerCap,0.921038751494342,0.201904151601521,0.0108800072154387,0.0814920815346165,0.0397114457528536,0.148987614098317,0.438063451291594
Bangladesh,Bangladesh,BD,2024,EFConsPerCap,0.915808859074927,,,,,,
Bangladesh,Bangladesh,BD,2025,EFConsPerCap,0.905901065736013,,,,,,
Bhutan,Bhutan,BT,2010,EFConsPerCap,4.32336850510276,0.471983207658471,0.43964881639433,2.91522526600701,0.022270057513502,0.0245590317359419,0.449682125793501
Bhutan,Bhutan,BT,2011,EFConsPerCap,4.27846106288555,0.467243924551755,0.395077574986191,2.83310566233497,0.0229803137244608,0.0298635463944104,0.53019004089376
Bhutan,Bhutan,BT,2012,EFConsPerCap,4.58433869665002,0.486650177443763,0.423839458678703,2.8255105697222,0.0269551042207785,0.026034998049747,0.795348388534821
Bhutan,Bhutan,BT,2013,EFConsPerCap,4.48205625207204,0.396152459631945,0.431803713529885,2.80630206727261,0.0308936971125757,0.0272320645489347,0.789672249976086
Bhutan,Bhutan,BT,2014,EFConsPerCap,4.62133436865019,0.577466230608433,0.414865016717792,2.83810732798181,0.0305482390028096,0.0287685759202662,0.731578978419075
Bhutan,Bhutan,BT,2015,EFConsPerCap,4.63753168026181,0.592739129604649,0.401865681883291,2.80628283774271,0.0284827804301346,0.029464767113265,0.778696483487762
Bhutan,Bhutan,BT,2016,EFConsPerCap,4.61884663111392,0.565764872627525,0.393165464894702,2.79252433924653,0.029008666989997,0.0336452672566959,0.804738020098469
Bhutan,Bhutan,BT,2017,EFConsPerCap,4.56392513556744,0.489512617196329,0.366519405868442,2.79190622892595,0.028184910664712,0.0353177505361919,0.85248422237582
Bhutan,Bhutan,BT,2018,EFConsPerCap,4.62758428474151,0.477043640633005,0.408203011110992,2.87149059926132,0.0283112649952268,0.0279914366481672,0.814544332092797
Bhutan,Bhutan,BT,2019,EFConsPerCap,4.6128658747822,0.499384044990274,0.419094525394292,2.88073781855666,0.0335702812241037,0.0277866108828144,0.752292593734053
Bhutan,Bhutan,BT,2020,EFConsPerCap,4.43896528171371,0.544690598396324,0.386874354382964,2.86920897807692,0.0296750791156342,0.0307739189630123,0.577742352778854
Bhutan,Bhutan,BT,2021,EFConsPerCap,4.60633699599822,0.540768657508755,0.437563223930914,2.93074326996281,0.0332096256053181,0.0286306783837172,0.635421540606706
Bhutan,Bhutan,BT,2022,EFConsPerCap,4.76999806663818,0.521956641962891,0.441551632392165,2.90686636434042,0.0348793717894032,0.0248405875439537,0.839903468609349
Bhutan,Bhutan,BT,2023,EFConsPerCap,4.83851730192968,0.541271653320638,0.411689536983471,2.86864861654498,0.0401213682477705,0.0246649021114652,0.952121224721354
Bhutan,Bhutan,BT,2024,EFConsPerCap,4.80208587397073,,,,,,
Bhutan,Bhutan,BT,2025,EFConsPerCap,4.7711493356376,,,,,,
Bolivia,Bolivia,BO,2010,EFConsPerCap,2.64714661164956,0.278054559247422,1.62230486313683,0.172575150388678,0.00633958325118573,0.0202764316186647,0.547596024006785
Bolivia,Bolivia,BO,2011,EFConsPerCap,2.82291403736978,0.29437550624638,1.67326271667568,0.171288415361123,0.00814756850395331,0.0198370559933656,0.656002774589281
Bolivia,Bolivia,BO,2012,EFConsPerCap,2.94536571088867,0.427087928305411,1.65048848320227,0.173384708111253,0.00801675695808569,0.0242832303333053,0.662104603978343
Bolivia,Bolivia,BO,2013,EFConsPerCap,2.82612346204391,0.322461880724675,1.63065847609112,0.173928790175298,0.00836017499775693,0.0246859316602601,0.666028208394793
Bolivia,Bolivia,BO,2014,EFConsPerCap,2.88676564672935,0.391216713550391,1.58551543789232,0.175035695271965,0.009262799391464,0.0230458190077423,0.702689181615468
Bolivia,Bolivia,BO,2015,EFConsPerCap,2.95584377958762,0.48171426040682,1.55736258677743,0.175795087781646,0.00992699679027978,0.0251682996939849,0.705876548137463
Bolivia,Bolivia,BO,2016,EFConsPerCap,2.91640379705782,0.43481282387233,1.56400347066276,0.171376331336499,0.0101339315463602,0.0252641986207072,0.710813041019163
Bolivia,Bolivia,BO,2017,EFConsPerCap,2.9605246922886,0.424029907707136,1.56989230496531,0.174343783463985,0.00998453901123095,0.0228032393551517,0.759470917785789
Bolivia,Bolivia,BO,2018,EFConsPerCap,2.96032600604048,0.462163797736835,1.52731088626842,0.203896665971832,0.00914851557262844,0.0258729934139576,0.73193314707681
Bolivia,Bolivia,BO,2019,EFConsPerCap,2.98229768725189,0.445955405511687,1.54142908457961,0.205460582099979,0.0112582561193196,0.0240228385468278,0.754171520394458
Bolivia,Bolivia,BO,2020,EFConsPerCap,2.73797087134515,0.39567789754869,1.5316201885689,0.199427698838667,0.0104806757340018,0.0235216624836998,0.577242748171187
Bolivia,Bolivia,BO,2021,EFConsPerCap,2.84612288139576,0.42551991690846,1.50013989442595,0.193069747246481,0.00805470086060892,0.0263549845931795,0.692983637361079
Bolivia,Bolivia,BO,2022,EFConsPerCap,2.71237881488681,0.22960352469996,1.54721920832407,0.192670597116847,0.00702997827208746,0.0241412717985172,0.711714234675327
Bolivia,Bolivia,BO,2023,EFConsPerCap,2.66778078972693,0.211589924631576,1.52054734000211,0.185594659421825,0.00761136157888517,0.0256750663000504,0.716762437792483
Bolivia,Bolivia,BO,2024,EFConsPerCap,2.6100989205799,,,,,,
Bolivia,Bolivia,BO,2025,EFConsPerCap,2.57428810522996,,,,,,
Botswana,Botswana,BW,2010,EFConsPerCap,2.44351271729407,,,,,,
Botswana,Botswana,BW,2011,EFConsPerCap,3.09488497364657,,,,,,
Botswana,Botswana,BW,2012,EFConsPerCap,2.93461850894183,,,,,,
Botswana,Botswana,BW,2013,EFConsPerCap,2.55455751778703,,,,,,
Botswana,Botswana,BW,2014,EFConsPerCap,2.61531819462432,,,,,,
Botswana,Botswana,BW,2015,EFConsPerCap,2.34966689674936,,,,,,
Botswana,Botswana,BW,2016,EFConsPerCap,2.15713110764748,,,,,,
Botswana,Botswana,BW,2017,EFConsPerCap,2.22904258705153,,,,,,
Botswana,Botswana,BW,2018,EFConsPerCap,2.21487450969205,,,,,,
Botswana,Botswana,BW,2019,EFConsPerCap,2.19473065571612,,,,,,
Botswana,Botswana,BW,2020,EFConsPerCap,2.88805523223509,,,,,,
Botswana,Botswana,BW,2021,EFConsPerCap,3.4433947452408,,,,,,
Botswana,Botswana,BW,2022,EFConsPerCap,2.37293020398735,,,,,,
Botswana,Botswana,BW,2023,EFConsPerCap,2.33807801006083,,,,,,
Botswana,Botswana,BW,2024,EFConsPerCap,2.19511341818253,,,,,,
Botswana,Botswana,BW,2025,EFConsPerCap,2.15226536082411,,,,,,
Brazil,Brazil,BR,2010,EFConsPerCap,2.69565792874913,0.526298288149032,0.736039966047932,0.52290249083847,0.0514144614578943,0.0644476432430118,0.794555079012788
Brazil,Brazil,BR,2011,EFConsPerCap,2.85508805004688,0.550943748391529,0.759021938700675,0.57085384949046,0.060295571971694,0.0670162993126651,0.846956642179858
Brazil,Brazil,BR,2012,EFConsPerCap,2.84742249197166,0.508213081128521,0.735473702113594,0.603574584305134,0.0564982599380131,0.0659362394715767,0.87772662501482
Brazil,Brazil,BR,2013,EFConsPerCap,2.8465991389447,0.525533621394596,0.701240337781772,0.56106747657382,0.0574404122356286,0.0687505618876672,0.932566729071213
Brazil,Brazil,BR,2014,EFConsPerCap,2.78521947410554,0.500091938408904,0.694757687877879,0.524954798774313,0.0612714920660798,0.0664422396946132,0.937701317283752
Brazil,Brazil,BR,2015,EFConsPerCap,2.61214495192457,0.484545899868774,0.71289218004621,0.46260497597825,0.0531055077021893,0.0691813478989722,0.829815040430178
Brazil,Brazil,BR,2016,EFConsPerCap,2.52096309417431,0.461730076322688,0.713543453889102,0.475223247156268,0.0548349512932897,0.0647157349873892,0.750915630525573
Brazil,Brazil,BR,2017,EFConsPerCap,2.6212529302324,0.525145785330853,0.692892151215678,0.47707910992888,0.0567277335064635,0.0724525630624224,0.7969555871881
Brazil,Brazil,BR,2018,EFConsPerCap,2.51414027867629,0.485935016740256,0.665355170939278,0.477092313202874,0.0544925618934666,0.0725970832411155,0.758668132659303
Brazil,Brazil,BR,2019,EFConsPerCap,2.40827867188879,0.476013298503521,0.642400920737637,0.416144298467209,0.0536817647120054,0.0724596451032219,0.747578744365192
Brazil,Brazil,BR,2020,EFConsPerCap,2.33651020849375,0.478297907285944,0.629549283377972,0.437807395360956,0.0522576453300027,0.0733720260420915,0.66522595109678
Brazil,Brazil,BR,2021,EFConsPerCap,2.52292933955015,0.475877377603311,0.652612914915898,0.466721250263205,0.0555677247201838,0.0713244010248997,0.800825671022656
Brazil,Brazil,BR,2022,EFConsPerCap,2.37960369192246,0.410842084997089,0.617943220305372,0.472708126212093,0.0551262335350202,0.0702338586850912,0.752750168187794
Brazil,Brazil,BR,2023,EFConsPerCap,2.44448493338846,0.460246873497318,0.615016124648278,0.504786066326078,0.0547261774318741,0.0759211244332197,0.733788567051689
Brazil,Brazil,BR,2024,EFConsPerCap,2.46026226561863,,,,,,
Brazil,Brazil,BR,2025,EFConsPerCap,2.44349674433534,,,,,,
Myanmar,Myanmar,MM,2010,EFConsPerCap,1.08364155775295,0.546322263012738,0.00662650667344198,0.337082272484842,0.0428554363431867,0.0559738408068414,0.0947812384319009
Myanmar,Myanmar,MM,2011,EFConsPerCap,1.0711389946043,0.514960836453584,0.00608616042095507,0.352862926488947,0.0425375898825158,0.0563856379188159,0.0983058434394854
Myanmar,Myanmar,MM,2012,EFConsPerCap,1.07681448735453,0.508117978187555,0.00706314298388934,0.357334025181546,0.0415086174846897,0.0545585637253234,0.108232159791528
Myanmar,Myanmar,MM,2013,EFConsPerCap,1.14321378989557,0.535606653358423,0.00591778357077997,0.357013272294115,0.0401971983442566,0.058895750773924,0.145583131554067
Myanmar,Myanmar,MM,2014,EFConsPerCap,1.13444325095361,0.450487634675614,0.00734215301904829,0.361548005524549,0.0430746667100799,0.0551993384277024,0.216791452596618
Myanmar,Myanmar,MM,2015,EFConsPerCap,1.15055536081888,0.449202111114208,0.00708934940440219,0.356276738277124,0.0461860496075849,0.0563476826297245,0.235453429785835
Myanmar,Myanmar,MM,2016,EFConsPerCap,1.27475333154632,0.546243328362785,0.0105360713607221,0.355168098102923,0.0471430438636392,0.058671077374909,0.256991712481344
Myanmar,Myanmar,MM,2017,EFConsPerCap,1.29899700352386,0.465712069365752,0.016804385803713,0.357681152596173,0.0450077056158121,0.0577686076527461,0.356023082489665
Myanmar,Myanmar,MM,2018,EFConsPerCap,1.29770532785399,0.462682664610484,0.011363407185301,0.354964176779826,0.0463261164528342,0.0578004752966492,0.364568487528899
Myanmar,Myanmar,MM,2019,EFConsPerCap,1.24342928169601,0.424811778115141,0.0124371433806325,0.347879129551905,0.0474115475206829,0.0588428316625125,0.352046851465134
Myanmar,Myanmar,MM,2020,EFConsPerCap,1.20280897377027,0.422858888202878,0.0102516791821581,0.342556693183898,0.0416542579353051,0.0582351090708642,0.327252346195168
Myanmar,Myanmar,MM,2021,EFConsPerCap,1.15198414632325,0.423941132942941,0.0101006646071858,0.333012611937454,0.0377508788802309,0.0594816568803822,0.287697201075055
Myanmar,Myanmar,MM,2022,EFConsPerCap,1.12310061699243,0.40038150030463,0.0121289472758948,0.332301203675496,0.0425477373128234,0.059663821928859,0.276077406494729
Myanmar,Myanmar,MM,2023,EFConsPerCap,1.14213600274963,0.424450292435257,0.0105064552134762,0.327303460923227,0.0406310967053225,0.0601897333220971,0.279054964150253
Myanmar,Myanmar,MM,2024,EFConsPerCap,1.10717244999972,,,,,,
Myanmar,Myanmar,MM,2025,EFConsPerCap,1.10005126953584,,,,,,
Burundi,Burundi,BI,2010,EFConsPerCap,0.845782726230245,0.191684998514744,0.0696245044172397,0.45677617399923,0.00164110779175059,0.0939824130641819,0.0320735284430985
Burundi,Burundi,BI,2011,EFConsPerCap,0.824792383307864,0.179829361067023,0.0734689525024527,0.444766342787598,0.00182360075141778,0.0905507129402344,0.0343534132591382
Burundi,Burundi,BI,2012,EFConsPerCap,0.61891606050787,0.159679959475364,0.0689015725818837,0.268839012003876,0.00316393375431705,0.0851326571629664,0.0331989255294627
Burundi,Burundi,BI,2013,EFConsPerCap,0.700471884622567,0.204433816327257,0.0692142934812106,0.269350965145162,0.00301308545869985,0.115544047239422,0.0389156769708156
Burundi,Burundi,BI,2014,EFConsPerCap,0.666256458491501,0.196400238290904,0.067730128604442,0.257968754298574,0.00313859309921795,0.111280640533167,0.0297381036651955
Burundi,Burundi,BI,2015,EFConsPerCap,0.673567315707485,0.203148554160478,0.0639407634430826,0.251384356652835,0.00324532069717413,0.125527929238613,0.0263203915153029
Burundi,Burundi,BI,2016,EFConsPerCap,0.717031686555543,0.222158168379613,0.0644477989455038,0.246553557060754,0.00310754117438919,0.144849552300162,0.035915068695122
Burundi,Burundi,BI,2017,EFConsPerCap,0.69335644545054,0.206056594562233,0.0633068546487296,0.241580520010859,0.00244311917975014,0.135417167987805,0.0445521890611637
Burundi,Burundi,BI,2018,EFConsPerCap,0.685171299322485,0.200148421528282,0.0616245598049883,0.233833518851895,0.00261864140246259,0.135710898845919,0.0512352588889366
Burundi,Burundi,BI,2019,EFConsPerCap,0.698856252099464,0.208401671012895,0.0600614342208954,0.226548780273446,0.00329800433940485,0.145924362766486,0.0546219994863365
Burundi,Burundi,BI,2020,EFConsPerCap,0.686241464448782,0.204509061392894,0.059073374488954,0.219544646526751,0.00376886138971227,0.147289661076716,0.0520558595737552
Burundi,Burundi,BI,2021,EFConsPerCap,0.6712720702317,0.197162342812693,0.0573802082555003,0.212664219155745,0.00340221480012956,0.144109948527309,0.0565531366803227
Burundi,Burundi,BI,2022,EFConsPerCap,0.6401449034093,0.179381953278531,0.0573514445688194,0.207176264123234,0.00327149495510186,0.133501590126806,0.0594621563568073
Burundi,Burundi,BI,2023,EFConsPerCap,0.64090098105794,0.180648895681725,0.0547131390919919,0.200381815275476,0.00345938107465663,0.142739656234471,0.0589580936996197
Burundi,Burundi,BI,2024,EFConsPerCap,0.628408215117482,,,,,,
Burundi,Burundi,BI,2025,EFConsPerCap,0.617642534115924,,,,,,
Cameroon,Cameroon,CM,2010,EFConsPerCap,1.22661210680751,0.539574910342609,0.148241098578274,0.240839323585567,0.102701590444481,0.0294003821677806,0.165854801688799
Cameroon,Cameroon,CM,2011,EFConsPerCap,1.23826368452179,0.555406338694678,0.143419695576004,0.228180061466378,0.116477818025479,0.0302483750403807,0.164531395718872
Cameroon,Cameroon,CM,2012,EFConsPerCap,1.22091249046668,0.555336118399946,0.137984756502624,0.209436675151069,0.110690763740827,0.0313146395333881,0.176149537138828
Cameroon,Cameroon,CM,2013,EFConsPerCap,1.29644282066243,0.591954828407489,0.132971410012175,0.232752169240054,0.0998919668039744,0.0335260204830382,0.205346425715702
Cameroon,Cameroon,CM,2014,EFConsPerCap,1.27240661454476,0.558832300519705,0.129096373188435,0.238016591626899,0.100468647298236,0.0351973271705872,0.210795374740895
Cameroon,Cameroon,CM,2015,EFConsPerCap,1.25349255565058,0.555498020763326,0.125488931233268,0.238041459703873,0.0993391384440665,0.037869886406578,0.197255119099473
Cameroon,Cameroon,CM,2016,EFConsPerCap,1.24571201535298,0.561906564856287,0.12116992115932,0.226392670825706,0.109107489753906,0.0383588185104552,0.188776550247303
Cameroon,Cameroon,CM,2017,EFConsPerCap,1.20663933524345,0.547635781158735,0.117402619065277,0.227413942672859,0.0872338038416175,0.0389967207560365,0.187956467748929
Cameroon,Cameroon,CM,2018,EFConsPerCap,1.1892255295898,0.531281802451857,0.114252804963648,0.214642491556405,0.0971716989286099,0.0394083213360442,0.192468410353236
Cameroon,Cameroon,CM,2019,EFConsPerCap,1.17421977742268,0.521810291790962,0.107788269352079,0.216132497861548,0.0889379816538831,0.0386073723129104,0.200943364451301
Cameroon,Cameroon,CM,2020,EFConsPerCap,1.16363211259587,0.53322123179664,0.105833178345227,0.211361101694093,0.0799481283516691,0.0395699553379847,0.193698517070254
Cameroon,Cameroon,CM,2021,EFConsPerCap,1.12051897160928,0.502577906895775,0.104083015996341,0.20018938699411,0.0708039254271826,0.0395218868408449,0.203342849455031
Cameroon,Cameroon,CM,2022,EFConsPerCap,1.09919840529548,0.501935779043046,0.0992854006304701,0.196833860694872,0.0726882346704724,0.0400216517436775,0.188433478512938
Cameroon,Cameroon,CM,2023,EFConsPerCap,1.08068134429511,0.484287852187656,0.0973647085801065,0.195088163239444,0.0722373369019657,0.0407960274681782,0.190907255917755
Cameroon,Cameroon,CM,2024,EFConsPerCap,1.0527932489943,,,,,,
Cameroon,Cameroon,CM,2025,EFConsPerCap,1.02702553320741,,,,,,
Canada,Canada,CA,2010,EFConsPerCap,8.11052471194895,1.14664778194564,0.313994917996148,1.25062168706791,0.127983412667368,0.0946046324939232,5.17667227977797
Canada,Canada,CA,2011,EFConsPerCap,8.30605086778024,1.22672357970991,0.355693708481107,1.23997196305513,0.138733226559251,0.0970809063021827,5.24784748367266
Canada,Canada,CA,2012,EFConsPerCap,8.05658737834666,1.0570013088644,0.37992561656,1.33259266474984,0.123168402758461,0.101356774744074,5.06254261066988
Canada,Canada,CA,2013,EFConsPerCap,8.81729724886508,1.83383101923869,0.358289057846484,1.29045093219538,0.128007154067493,0.123813453557413,5.08290563195962
Canada,Canada,CA,2014,EFConsPerCap,7.7874843857882,0.998807425085405,0.31663862426993,1.27211220376886,0.130355299922205,0.103114144556262,4.96645668818554
Canada,Canada,CA,2015,EFConsPerCap,7.74146470218301,1.09942982706174,0.322006490801426,1.33227180265678,0.118003595987828,0.105424873268215,4.76432811240702
Canada,Canada,CA,2016,EFConsPerCap,8.03851409296521,1.49295694760322,0.300928722705516,1.31334055366143,0.126305839851007,0.112820067172164,4.69216196197188
Canada,Canada,CA,2017,EFConsPerCap,8.02727933797437,1.21879620772896,0.294268911875916,1.33719678852488,0.131155009183497,0.111386484793167,4.93447593586794
Canada,Canada,CA,2018,EFConsPerCap,8.06439108713275,1.27499032855976,0.287766138585869,1.32589309104951,0.129274790223828,0.11264934554869,4.93381739316509
Canada,Canada,CA,2019,EFConsPerCap,7.90676214628351,1.32929662828594,0.263198705387587,1.12838823545647,0.129719152618649,0.110812190431414,4.94534723410345
Canada,Canada,CA,2020,EFConsPerCap,7.08933961189896,1.25216983969127,0.277360594160311,1.2893675205962,0.122682284828539,0.116087903693842,4.0316714689288
Canada,Canada,CA,2021,EFConsPerCap,6.21272959274071,0.0784309278606512,0.248935289661153,1.36706545320154,0.112535905547707,0.0837282815984327,4.32203373487123
Canada,Canada,CA,2022,EFConsPerCap,7.81943199435266,1.42844602697206,0.243011912795974,1.41279372525532,0.11048017189822,0.107457775887679,4.5172423815434
Canada,Canada,CA,2023,EFConsPerCap,6.85639120038608,0.801471534418604,0.248024038945844,1.22650494337493,0.0961633320455235,0.0991216041571802,4.385105747444
Canada,Canada,CA,2024,EFConsPerCap,6.68360667966397,,,,,,
Canada,Canada,CA,2025,EFConsPerCap,6.6220675911956,,,,,,
Central African Republic,Central African Republic,CF,2010,EFConsPerCap,1.64576123316502,,,,,,
Central African Republic,Central African Republic,CF,2011,EFConsPerCap,1.67247166415135,,,,,,
Central African Republic,Central African Republic,CF,2012,EFConsPerCap,1.6323960785685,,,,,,
Central African Republic,Central African Republic,CF,2013,EFConsPerCap,1.54511693965276,,,,,,
Central African Republic,Central African Republic,CF,2014,EFConsPerCap,1.69047046131458,,,,,,
Central African Republic,Central African Republic,CF,2015,EFConsPerCap,1.76123595287668,,,,,,
Central African Republic,Central African Republic,CF,2016,EFConsPerCap,1.81526224906909,,,,,,
Central African Republic,Central African Republic,CF,2017,EFConsPerCap,1.79519756150822,,,,,,
Central African Republic,Central African Republic,CF,2018,EFConsPerCap,1.77389758965718,,,,,,
Central African Republic,Central African Republic,CF,2019,EFConsPerCap,1.91410625244824,,,,,,
Central African Republic,Central African Republic,CF,2020,EFConsPerCap,1.51155810131504,,,,,,
Central African Republic,Central African Republic,CF,2021,EFConsPerCap,1.70090100043735,,,,,,
Central African Republic,Central African Republic,CF,2022,EFConsPerCap,1.68525241300144,,,,,,
Central African Republic,Central African Republic,CF,2023,EFConsPerCap,2.02689429461155,,,,,,
Central African Republic,Central African Republic,CF,2024,EFConsPerCap,1.95945096687391,,,,,,
Central African Republic,Central African Republic,CF,2025,EFConsPerCap,1.89418282366306,,,,,,
Sri Lanka,Sri Lanka,LK,2010,EFConsPerCap,1.38254574843816,0.306731040273705,0.0110341069154578,0.175125779048872,0.295900393483196,0.170507951729331,0.4232464769876
Sri Lanka,Sri Lanka,LK,2011,EFConsPerCap,1.49463982867773,0.326061873108627,0.0124391976768576,0.17498638241071,0.286458503122079,0.165680187149221,0.529013685210233
Sri Lanka,Sri Lanka,LK,2012,EFConsPerCap,1.45688026545945,0.30038731832199,0.0118166722567572,0.169097547801953,0.258173408072477,0.162831919100979,0.55457339990529
Sri Lanka,Sri Lanka,LK,2013,EFConsPerCap,1.37070496187634,0.309126341890711,0.00994852771239823,0.159629370677863,0.257134907956076,0.169233919500188,0.465631894139107
Sri Lanka,Sri Lanka,LK,2014,EFConsPerCap,1.53357513533502,0.360512727517397,0.00976809070450309,0.174323926150123,0.245583470219843,0.173701207875326,0.569685712867826
Sri Lanka,Sri Lanka,LK,2015,EFConsPerCap,1.57645007829112,0.353667273177515,0.0114679372388062,0.173394821780997,0.249864802396655,0.174493050233253,0.613562193463896
Sri Lanka,Sri Lanka,LK,2016,EFConsPerCap,1.51725899865051,0.326500929561697,0.0127116353996785,0.173065288439341,0.245036283720108,0.177449448749367,0.582495412780316
Sri Lanka,Sri Lanka,LK,2017,EFConsPerCap,1.64437827644865,0.380351503717388,0.0130458370738944,0.169235414565806,0.222240857082672,0.159943645773808,0.699561018235087
Sri Lanka,Sri Lanka,LK,2018,EFConsPerCap,1.57475979382001,0.350894865722854,0.0130364704129473,0.161062060288846,0.217093379273635,0.171302049206536,0.661370968915196
Sri Lanka,Sri Lanka,LK,2019,EFConsPerCap,1.57579635886016,0.324383346653365,0.0130736401335387,0.156486455559863,0.229587942599331,0.185143528902958,0.667121445011106
Sri Lanka,Sri Lanka,LK,2020,EFConsPerCap,1.47541505033151,0.361913847444829,0.0134315563387735,0.147422175998967,0.202018518591038,0.195365942248573,0.555263009709331
Sri Lanka,Sri Lanka,LK,2021,EFConsPerCap,1.45248446117577,0.352111740457941,0.0117845180714674,0.14895934731145,0.16867091723543,0.18710358332003,0.583854354779454
Sri Lanka,Sri Lanka,LK,2022,EFConsPerCap,1.23855308490049,0.314325520323651,0.00767753012557617,0.132309874691861,0.146405973311321,0.162489837958158,0.475344348489923
Sri Lanka,Sri Lanka,LK,2023,EFConsPerCap,1.24413229196862,0.318168966150653,0.0093330776385511,0.134012959050946,0.172572571138363,0.170587351066565,0.439457366923541
Sri Lanka,Sri Lanka,LK,2024,EFConsPerCap,1.27811539476947,,,,,,
Sri Lanka,Sri Lanka,LK,2025,EFConsPerCap,1.27159933895756,,,,,,
Chad,Chad,TD,2010,EFConsPerCap,1.77885939015481,0.266313517675646,1.12411229445098,0.270430567735154,0.00903483906980495,0.0121005431093056,0.096867628113921
Chad,Chad,TD,2011,EFConsPerCap,1.69199948396855,0.219107109239279,1.09230662730943,0.263602970385476,0.00904531134923764,0.0105380183116009,0.0973994473735242
Chad,Chad,TD,2012,EFConsPerCap,1.77634009084748,0.329980396042175,1.05055700093409,0.257356087023374,0.00929994110555678,0.0153607906955262,0.113785875046754
Chad,Chad,TD,2013,EFConsPerCap,1.69467444514677,0.299049123117586,1.01395992223269,0.251256088003982,0.0106979829509424,0.013773631542972,0.105937697298599
Chad,Chad,TD,2014,EFConsPerCap,1.66600570622399,0.317619721826968,0.98025715346615,0.245197449754083,0.0105126338951734,0.0145530206106919,0.0978657266709258
Chad,Chad,TD,2015,EFConsPerCap,1.58650577966768,0.29414344546685,0.949229162395813,0.239871716453934,0.00821635372828234,0.0145415261869571,0.0805035754358431
Chad,Chad,TD,2016,EFConsPerCap,1.57123724445853,0.312276510982851,0.922147628847047,0.235095605804504,0.00875889201942666,0.0152796060598474,0.0776790007448596
Chad,Chad,TD,2017,EFConsPerCap,1.54281542553631,0.306034738695617,0.892128740630541,0.230013271726387,0.00824571738599299,0.0156341246037831,0.090758832493985
Chad,Chad,TD,2018,EFConsPerCap,1.50907339301736,0.301468104489341,0.862569082107793,0.224163530410721,0.00796302972188656,0.0158889561929304,0.0970206900946882
Chad,Chad,TD,2019,EFConsPerCap,1.48344310337429,0.311338698648608,0.834530313697399,0.219833905887891,0.00786859505664241,0.0168914287343972,0.0929801613493479
Chad,Chad,TD,2020,EFConsPerCap,1.42173166612682,0.281624870082351,0.815987226505161,0.215608963988248,0.00747893645436816,0.0164571644421216,0.0845745046545661
Chad,Chad,TD,2021,EFConsPerCap,1.37310938313198,0.257050726123585,0.788815515559387,0.210246853442275,0.00701606239072578,0.016349264986846,0.0936309606291597
Chad,Chad,TD,2022,EFConsPerCap,1.31863714474532,0.246091446258329,0.761334801754067,0.204591465870199,0.00703064829050502,0.0163344306736836,0.0832543518985374
Chad,Chad,TD,2023,EFConsPerCap,1.27247676612833,0.23538301391323,0.729791691804574,0.197689752451129,0.00691900119435106,0.0161986311053566,0.0864946756596922
Chad,Chad,TD,2024,EFConsPerCap,1.21032075105959,,,,,,
Chad,Chad,TD,2025,EFConsPerCap,1.16973604565884,,,,,,
Chile,Chile,CL,2010,EFConsPerCap,3.98784833616659,0.601084175515759,0.386334297315579,0.722135109568968,0.43721389077188,0.06943186029378,1.77164900270063
Chile,Chile,CL,2011,EFConsPerCap,4.18321067035032,0.62725109052553,0.355599379758746,0.791687780839252,0.388301352937947,0.070548399120327,1.94982266716852
Chile,Chile,CL,2012,EFConsPerCap,4.12837537879986,0.596512004928583,0.378665121455482,0.786588480342239,0.263617144819755,0.0648129515082435,2.03817967574556
Chile,Chile,CL,2013,EFConsPerCap,4.18062380781337,0.620148701894108,0.367449791081595,0.841940424514525,0.183243953790589,0.0709433579011039,2.09689757863145
Chile,Chile,CL,2014,EFConsPerCap,3.89023726974779,0.581068706112942,0.32773299745329,0.835549071506595,0.204840007163644,0.0644410659570429,1.87660542155428
Chile,Chile,CL,2015,EFConsPerCap,4.07479707086624,0.618923498550335,0.323758336765219,0.944318855054694,0.169432767257251,0.0650543117387983,1.95330930149995
Chile,Chile,CL,2016,EFConsPerCap,4.04781601451823,0.622934260924417,0.375534665719049,0.840744355519143,0.13546804706945,0.0689644409889236,2.00417024429724
Chile,Chile,CL,2017,EFConsPerCap,4.16699973692427,0.661647243543751,0.36833380866969,0.894550357983294,0.171324216302329,0.0640940873122356,2.00705002311297
Chile,Chile,CL,2018,EFConsPerCap,4.13047483322818,0.695570567538179,0.387521959003266,0.867492957472437,0.147010448591861,0.0695209723081582,1.96335792831428
Chile,Chile,CL,2019,EFConsPerCap,4.17103449682452,0.646065835560226,0.404642934341977,0.799354422631514,0.108968379040408,0.0661342825520414,2.14586864269835
Chile,Chile,CL,2020,EFConsPerCap,3.78004789385265,0.650139103579021,0.400831224037249,0.801260466423781,0.066464717745796,0.061861709182367,1.79949067288444
Chile,Chile,CL,2021,EFConsPerCap,4.34315092104973,0.729154929023987,0.46974165461468,0.876537303948018,0.0845906497327036,0.060091765148252,2.12303461858209
Chile,Chile,CL,2022,EFConsPerCap,3.56933642402078,0.639879660234649,0.39708325903151,0.843102373704174,0.126718360108763,0.0618530425888657,1.50069972835281
Chile,Chile,CL,2023,EFConsPerCap,3.62005527240833,0.667002261366533,0.408646759990981,0.734613492395945,0.141502589008572,0.0594949188288082,1.60879525081749
Chile,Chile,CL,2024,EFConsPerCap,3.78522799787599,,,,,,
Chile,Chile,CL,2025,EFConsPerCap,3.75824596522431,,,,,,
Colombia,Colombia,CO,2010,EFConsPerCap,1.87526816774297,0.281479315278209,0.765586738901246,0.163496619753425,0.0345722571184773,0.0371719465194799,0.592961290172131
Colombia,Colombia,CO,2011,EFConsPerCap,1.84988837820995,0.279296605955158,0.685478741880785,0.166207682943355,0.0357680877830407,0.0366401087246007,0.646497150923015
Colombia,Colombia,CO,2012,EFConsPerCap,1.77214453833116,0.293437381458508,0.573853278295668,0.174434667938167,0.0331753633827628,0.0354725343481136,0.661771312907938
Colombia,Colombia,CO,2013,EFConsPerCap,1.81353078097069,0.292215782575291,0.533646732607481,0.172739293407348,0.0391336221688339,0.0384825651643249,0.737312785047409
Colombia,Colombia,CO,2014,EFConsPerCap,1.8880657840825,0.310798847897998,0.552075454423723,0.167996361628654,0.0408703536088589,0.041589730922113,0.774735035601149
Colombia,Colombia,CO,2015,EFConsPerCap,1.89719202127198,0.333100889825965,0.540874441768159,0.15880836416547,0.0387790242506216,0.0429448559526464,0.782684445309118
Colombia,Colombia,CO,2016,EFConsPerCap,1.88238743011877,0.347002480017107,0.548420035527527,0.135591466784482,0.0415125499808577,0.04235105517754,0.767509842631253
Colombia,Colombia,CO,2017,EFConsPerCap,1.83829638880126,0.316449146479176,0.585577272213727,0.128902951680072,0.0428781771534822,0.0406150184253495,0.723873822849458
Colombia,Colombia,CO,2018,EFConsPerCap,1.88251625065343,0.352537606668797,0.614782350220264,0.118083775429136,0.0429636422979475,0.038993941996919,0.715154934040369
Colombia,Colombia,CO,2019,EFConsPerCap,1.92402555853418,0.365397130460163,0.644704965787328,0.115878268252407,0.0524235922459146,0.0399194272243914,0.705702174563972
Colombia,Colombia,CO,2020,EFConsPerCap,1.84452593227363,0.363990390750033,0.640947266767848,0.111169098172938,0.0509148900278837,0.0380169140628629,0.639487372492066
Colombia,Colombia,CO,2021,EFConsPerCap,1.93407175921758,0.340230645108095,0.663937944509075,0.107729296543764,0.0506660302886999,0.0363314564855675,0.735176386282381
Colombia,Colombia,CO,2022,EFConsPerCap,1.97478175829425,0.372339792578034,0.653240539981431,0.110731674714039,0.0432377323416999,0.0371613892967713,0.75807062938227
Colombia,Colombia,CO,2023,EFConsPerCap,1.91505204062888,0.358043890208467,0.654213019630587,0.0925021502420131,0.0348804183068361,0.0369735586065156,0.738439003634465
Colombia,Colombia,CO,2024,EFConsPerCap,1.86158163198835,,,,,,
Colombia,Colombia,CO,2025,EFConsPerCap,1.84677834225567,,,,,,
Congo,Congo,CG,2010,EFConsPerCap,1.02975475350004,0.234379578642716,0.0711937762627003,0.285221314238211,0.0839366996062038,0.0143116821898436,0.340711702560369
Congo,Congo,CG,2011,EFConsPerCap,1.1273813671203,0.291672548891343,0.0799997643469786,0.259613446403803,0.0899623511587715,0.0138834528778939,0.392249803441507
Congo,Congo,CG,2012,EFConsPerCap,1.15884243913118,0.236917918723448,0.0799167282073313,0.312696308260714,0.0962511701808623,0.0149040634497627,0.418156250309061
Congo,Congo,CG,2013,EFConsPerCap,1.2768465109433,0.279456421245684,0.0955889961133985,0.301075153812032,0.11251328699252,0.0152377835921176,0.472974869187553
Congo,Congo,CG,2014,EFConsPerCap,1.22864713425094,0.274495818542879,0.077717978714178,0.268118285741924,0.108881808859211,0.0166597041303501,0.482773538262398
Congo,Congo,CG,2015,EFConsPerCap,1.26835592704473,0.288273982278567,0.0804973608671506,0.289879519484875,0.0990028809540935,0.0167360154576309,0.493966168002417
Congo,Congo,CG,2016,EFConsPerCap,1.15826027482852,0.282406612937186,0.076435607472401,0.269833889558124,0.124457143005306,0.0159597123502959,0.389167309505203
Congo,Congo,CG,2017,EFConsPerCap,1.04494473070451,0.303746568554008,0.0720105745226159,0.255255245259405,0.140249472012524,0.0161911567470448,0.257491713608909
Congo,Congo,CG,2018,EFConsPerCap,0.965750522144812,0.292599296845662,0.0598773428252006,0.269165378468692,0.13089711353751,0.0157088709194535,0.197502519548294
Congo,Congo,CG,2019,EFConsPerCap,0.9612558227008,0.309748262547255,0.0662388416361404,0.221230424529475,0.100591425320458,0.0168523617817225,0.246594506885748
Congo,Congo,CG,2020,EFConsPerCap,0.974637933828727,0.310710685820587,0.0636574037417324,0.237413288642667,0.100187331878065,0.0166132220733888,0.246056001672287
Congo,Congo,CG,2021,EFConsPerCap,1.04556504901151,0.318067722837212,0.0712227223936677,0.222668394903222,0.109983631382855,0.0166911027570734,0.306931474737484
Congo,Congo,CG,2022,EFConsPerCap,1.00497649841417,0.332939249358063,0.074202099006368,0.223422018681681,0.0998998074895131,0.0161682216045557,0.258345102273993
Congo,Congo,CG,2023,EFConsPerCap,1.01812551346682,0.309777557719786,0.0784323987697833,0.202376878079889,0.140401921713072,0.0159419788760802,0.271194778308213
Congo,Congo,CG,2024,EFConsPerCap,0.99339034987055,,,,,,
Congo,Congo,CG,2025,EFConsPerCap,0.969938899165975,,,,,,
Costa Rica,Costa Rica,CR,2010,EFConsPerCap,2.55067693359907,0.391972143070242,0.211782360778568,0.705522917615828,0.0721906931878366,0.0903305101239782,1.07887830882262
Costa Rica,Costa Rica,CR,2011,EFConsPerCap,2.62524520046999,0.403994878873908,0.205253468833258,0.70528076636184,0.0762923189745684,0.0943571596865409,1.14006660773987
Costa Rica,Costa Rica,CR,2012,EFConsPerCap,2.75753141146355,0.469268089827131,0.2075014072534,0.72066908410441,0.0668299375968293,0.0961377628829946,1.19712512979879
Costa Rica,Costa Rica,CR,2013,EFConsPerCap,2.72771351303247,0.389313467440385,0.215345288000752,0.730840522871189,0.0847434140976991,0.0959320916325103,1.21153872898993
Costa Rica,Costa Rica,CR,2014,EFConsPerCap,2.74657687911692,0.423770708142574,0.181666890724587,0.716560576866053,0.1350800403071,0.0999545853884173,1.18954407768818
Costa Rica,Costa Rica,CR,2015,EFConsPerCap,2.72553388061699,0.396014324565234,0.19506550148957,0.682666266972687,0.1325218834739,0.0956210940891179,1.22364481002649
Costa Rica,Costa Rica,CR,2016,EFConsPerCap,2.86566957423821,0.463801530931505,0.228940712184544,0.667360225115829,0.149220287098396,0.106897125956875,1.24944969295106
Costa Rica,Costa Rica,CR,2017,EFConsPerCap,2.85657053864966,0.434983143098975,0.210630536910342,0.68164321433749,0.167793877801478,0.10478589704521,1.25673386945617
Costa Rica,Costa Rica,CR,2018,EFConsPerCap,2.79644108539952,0.41985754374249,0.20565826847016,0.68009011737533,0.166003836239224,0.104044267363856,1.22078705220846
Costa Rica,Costa Rica,CR,2019,EFConsPerCap,2.59929430270519,0.395071712670847,0.173661324664526,0.649486487491121,0.128529850468973,0.0949635555854209,1.1575813718243
Costa Rica,Costa Rica,CR,2020,EFConsPerCap,2.37117337559714,0.416096688297963,0.13507332578822,0.641580253940848,0.120006299886397,0.0981696715614466,0.960247136122267
Costa Rica,Costa Rica,CR,2021,EFConsPerCap,2.54386554750218,0.388295397695978,0.197288558802245,0.645161754831476,0.12797346607114,0.10377657501075,1.08136979509059
Costa Rica,Costa Rica,CR,2022,EFConsPerCap,2.51626968396334,0.372525158503687,0.18872674354442,0.625855023435856,0.138400855925705,0.0979764454498352,1.09278545710384
Costa Rica,Costa Rica,CR,2023,EFConsPerCap,2.65982650612988,0.439988750527294,0.207838730044263,0.586556016084465,0.140378868388571,0.0987621518005351,1.18630198928475
Costa Rica,Costa Rica,CR,2024,EFConsPerCap,2.63952742038897,,,,,,
Costa Rica,Costa Rica,CR,2025,EFConsPerCap,2.61538828836648,,,,,,
Cuba,Cuba,CU,2010,EFConsPerCap,2.02358425314161,,,,,,
Cuba,Cuba,CU,2011,EFConsPerCap,2.10188379500105,,,,,,
Cuba,Cuba,CU,2012,EFConsPerCap,2.17548231143328,,,,,,
Cuba,Cuba,CU,2013,EFConsPerCap,2.14959313039736,,,,,,
Cuba,Cuba,CU,2014,EFConsPerCap,2.09493839268287,,,,,,
Cuba,Cuba,CU,2015,EFConsPerCap,2.22614026825685,,,,,,
Cuba,Cuba,CU,2016,EFConsPerCap,2.20841884735969,,,,,,
Cuba,Cuba,CU,2017,EFConsPerCap,2.17191430346306,,,,,,
Cuba,Cuba,CU,2018,EFConsPerCap,2.18695578605716,,,,,,
Cuba,Cuba,CU,2019,EFConsPerCap,2.17750226084431,,,,,,
Cuba,Cuba,CU,2020,EFConsPerCap,1.7622952616866,,,,,,
Cuba,Cuba,CU,2021,EFConsPerCap,1.72742184993992,,,,,,
Cuba,Cuba,CU,2022,EFConsPerCap,1.74490191847852,,,,,,
Cuba,Cuba,CU,2023,EFConsPerCap,1.76485445280161,,,,,,
Cuba,Cuba,CU,2024,EFConsPerCap,1.69577525269479,,,,,,
Cuba,Cuba,CU,2025,EFConsPerCap,1.7019274436408,,,,,,
Cyprus,Cyprus,CY,2010,EFConsPerCap,5.58921053514509,,,,,,
Cyprus,Cyprus,CY,2011,EFConsPerCap,5.04968685255401,,,,,,
Cyprus,Cyprus,CY,2012,EFConsPerCap,4.57713173754048,,,,,,
Cyprus,Cyprus,CY,2013,EFConsPerCap,3.70005752967131,,,,,,
Cyprus,Cyprus,CY,2014,EFConsPerCap,3.70526618920929,,,,,,
Cyprus,Cyprus,CY,2015,EFConsPerCap,3.73337452677783,,,,,,
Cyprus,Cyprus,CY,2016,EFConsPerCap,3.80147297489922,,,,,,
Cyprus,Cyprus,CY,2017,EFConsPerCap,4.34455350672858,,,,,,
Cyprus,Cyprus,CY,2018,EFConsPerCap,4.16875006733099,,,,,,
Cyprus,Cyprus,CY,2019,EFConsPerCap,4.31781496555172,,,,,,
Cyprus,Cyprus,CY,2020,EFConsPerCap,3.96821902206802,,,,,,
Cyprus,Cyprus,CY,2021,EFConsPerCap,4.20684567503542,,,,,,
Cyprus,Cyprus,CY,2022,EFConsPerCap,4.23892867023096,,,,,,
Cyprus,Cyprus,CY,2023,EFConsPerCap,4.04661594283386,,,,,,
Cyprus,Cyprus,CY,2024,EFConsPerCap,4.0247040450619,,,,,,
Cyprus,Cyprus,CY,2025,EFConsPerCap,3.99753932729783,,,,,,
Benin,Benin,BJ,2010,EFConsPerCap,1.06964877055322,0.284130986434861,0.0634645724093731,0.281352317298808,0.10423933760808,0.0370989298602347,0.299362626941867
Benin,Benin,BJ,2011,EFConsPerCap,1.28727899620074,0.51679493974832,0.0616710626553234,0.263689686600851,0.107225021237602,0.0438785931470061,0.294019692811635
Benin,Benin,BJ,2012,EFConsPerCap,1.14418486544135,0.384467734361487,0.0584908587438951,0.258553885923073,0.11344482416063,0.0414873894924472,0.287740172759817
Benin,Benin,BJ,2013,EFConsPerCap,1.30062155903971,0.504626570846033,0.0533518719118588,0.249180209150344,0.130885678116857,0.0439891045582135,0.318588124456404
Benin,Benin,BJ,2014,EFConsPerCap,1.3421766251471,0.494001829649237,0.0512786602464082,0.236442412448037,0.178271142223424,0.0442309611193386,0.337951619460659
Benin,Benin,BJ,2015,EFConsPerCap,1.19359735549987,0.374892181466746,0.0555795509674769,0.226633029839471,0.176302971638228,0.0413675396500819,0.318822081937864
Benin,Benin,BJ,2016,EFConsPerCap,1.36851094313737,0.515248594050561,0.0529859638440365,0.233816448740232,0.179271197462394,0.0435659184074028,0.343622820632743
Benin,Benin,BJ,2017,EFConsPerCap,1.35999906504125,0.524647766955308,0.0519529645164862,0.232568785529699,0.157870372527553,0.0437262045228289,0.349232970989376
Benin,Benin,BJ,2018,EFConsPerCap,1.30084982633216,0.48570525435188,0.0506733120383084,0.224078408453599,0.136220394983932,0.0415471369691387,0.362625319535302
Benin,Benin,BJ,2019,EFConsPerCap,1.25423133589455,0.477642822736419,0.0491661487925544,0.21963552348951,0.122034782845772,0.0421813539797856,0.343570704050504
Benin,Benin,BJ,2020,EFConsPerCap,1.126944868499,0.386192960278814,0.0491805213996624,0.216610133837352,0.118831337254422,0.0440795627048108,0.312050353023943
Benin,Benin,BJ,2021,EFConsPerCap,1.15197458313353,0.448017989081268,0.0515389602640269,0.210338422032954,0.115728294800267,0.0436697864691733,0.282681130485846
Benin,Benin,BJ,2022,EFConsPerCap,1.19548144260227,0.478009611386109,0.0507948707249793,0.208555331444087,0.112974053760595,0.042858512476082,0.302289062810415
Benin,Benin,BJ,2023,EFConsPerCap,1.1028741318147,0.386216646998551,0.0505112357376544,0.201833786922706,0.103062569573823,0.0378245847275153,0.323425307854454
Benin,Benin,BJ,2024,EFConsPerCap,1.06728831322057,,,,,,
Benin,Benin,BJ,2025,EFConsPerCap,1.04194150369359,,,,,,
Denmark,Denmark,DK,2010,EFConsPerCap,8.5286929569552,1.75988246541355,0.571101909179083,1.3492543504444,1.07925057830384,0.204049503667634,3.5651541499467
Denmark,Denmark,DK,2011,EFConsPerCap,8.14819683940824,1.78120114879666,0.554419032299864,1.21498777678079,0.88816747393352,0.186687759754988,3.52273364784242
Denmark,Denmark,DK,2012,EFConsPerCap,7.58177736275733,1.88691359251796,0.478887776865083,0.872035672875347,0.671889162831039,0.205194811082727,3.46685634658517
Denmark,Denmark,DK,2013,EFConsPerCap,7.85294999467989,1.83501453047505,0.499737738495616,1.05483808481365,0.719430973275215,0.200947359492166,3.54298130812819
Denmark,Denmark,DK,2014,EFConsPerCap,7.92474833165849,1.93931698722714,0.500824989074663,1.07823848005927,1.02370734039056,0.208819224246732,3.17384131066011
Denmark,Denmark,DK,2015,EFConsPerCap,8.0577309817302,1.88589875708647,0.51566595565515,1.07612479021843,1.11102304566809,0.215483574656427,3.25353485844563
Denmark,Denmark,DK,2016,EFConsPerCap,7.69328575154723,1.61680016506822,0.527639795084805,0.984820831564203,1.15915792423761,0.192740979024022,3.21212605656838
Denmark,Denmark,DK,2017,EFConsPerCap,7.85954796010423,1.8356047031525,0.485095962400498,0.987742953836215,1.09621742978674,0.211115915602977,3.2437709953253
Denmark,Denmark,DK,2018,EFConsPerCap,7.4693430892124,1.35145088377881,0.474846498746897,1.19304829356511,1.03886514855539,0.148097336373825,3.26303492819236
Denmark,Denmark,DK,2019,EFConsPerCap,7.74206513744099,1.88048789813751,0.408594027088148,1.18347746869223,0.896252471742364,0.19909960491271,3.17415366686803
Denmark,Denmark,DK,2020,EFConsPerCap,7.3441112283724,1.80089449209945,0.391779885196103,1.18636539033276,0.828592430174691,0.200295202169719,2.93618382839967
Denmark,Denmark,DK,2021,EFConsPerCap,6.93002324912826,1.43475590256088,0.391092298140718,1.16916831583404,0.651488858546438,0.186745433723718,3.09677244032246
Denmark,Denmark,DK,2022,EFConsPerCap,7.23036259179862,1.57830074877743,0.370329143717555,1.14938228287674,0.642596610881753,0.195701675325024,3.29405213022012
Denmark,Denmark,DK,2023,EFConsPerCap,6.47759222410717,1.14802120117785,0.325452446972711,1.13918748712616,0.825592024019144,0.154252291906904,2.8850867729044
Denmark,Denmark,DK,2024,EFConsPerCap,6.49244750160432,,,,,,
Denmark,Denmark,DK,2025,EFConsPerCap,6.44510533459085,,,,,,
Dominican Republic,Dominican Republic,DO,2010,EFConsPerCap,1.84964563186794,0.4002596812124,0.14572016411867,0.12248122531691,0.0900522370282451,0.0382465883282308,1.05288573586349
Dominican Republic,Dominican Republic,DO,2011,EFConsPerCap,1.84649942460295,0.406060590381529,0.141922392254688,0.125815946262305,0.0757753531680495,0.0422300999810611,1.05469504255532
Dominican Republic,Dominican Republic,DO,2012,EFConsPerCap,1.71965714188021,0.388603106838349,0.137973680815314,0.122485828101525,0.0736683959348441,0.0440058004369032,0.952920329753272
Dominican Republic,Dominican Republic,DO,2013,EFConsPerCap,1.75879162184305,0.434037109230134,0.138064897105847,0.12096719160447,0.0670413951833654,0.0451597088189766,0.953521319900257
Dominican Republic,Dominican Republic,DO,2014,EFConsPerCap,1.7001748986798,0.382925869650615,0.138381570247046,0.115059093268576,0.0674634156565199,0.0482480976501006,0.948096852206942
Dominican Republic,Dominican Republic,DO,2015,EFConsPerCap,1.82599986038146,0.432901508303566,0.142071704950615,0.125147353271425,0.0699310921559661,0.0496120865730254,1.00633611512687
Dominican Republic,Dominican Republic,DO,2016,EFConsPerCap,1.91613391974138,0.469030717184961,0.14903792824365,0.126822141188337,0.0698826202391804,0.0510221360087049,1.05033837687655
Dominican Republic,Dominican Republic,DO,2017,EFConsPerCap,1.96295079471898,0.533188761537541,0.147800635432885,0.141454463193494,0.0804463526653107,0.0553989782376738,1.00466160365207
Dominican Republic,Dominican Republic,DO,2018,EFConsPerCap,2.03427695514087,0.533963257953157,0.15150650240111,0.13830458983547,0.0852113495581358,0.0559138650376579,1.06937739035534
Dominican Republic,Dominican Republic,DO,2019,EFConsPerCap,2.12942728972809,0.555614939722903,0.129200205181693,0.149332482451561,0.093999450228324,0.0571594551740874,1.14412075696952
Dominican Republic,Dominican Republic,DO,2020,EFConsPerCap,2.03156810045259,0.558423972364757,0.124053620543868,0.119993264439756,0.108189429279207,0.0619132841618302,1.05899452966317
Dominican Republic,Dominican Republic,DO,2021,EFConsPerCap,2.23006270119717,0.556249506540901,0.130211238345272,0.173712625623598,0.119420589812559,0.0621918523340965,1.18827688854074
Dominican Republic,Dominican Republic,DO,2022,EFConsPerCap,2.34515296782115,0.586390850844715,0.133777345715558,0.188140717760693,0.111423699284738,0.0649912679733364,1.26042908624211
Dominican Republic,Dominican Republic,DO,2023,EFConsPerCap,2.40297456094652,0.611910711238183,0.134460647505592,0.162506534034106,0.110103741777365,0.0688314898402805,1.31516143655099
Dominican Republic,Dominican Republic,DO,2024,EFConsPerCap,2.3199445530888,,,,,,
Dominican Republic,Dominican Republic,DO,2025,EFConsPerCap,2.30224162928584,,,,,,
Belarus,Belarus,BY,2010,EFConsPerCap,4.09725310623417,1.04766183885161,0.230313767668386,0.522495550427407,0.092168872449214,0.0547171446400113,2.14989593219754
Belarus,Belarus,BY,2011,EFConsPerCap,3.87413235122641,1.12959788441456,0.267051034261604,0.457584258367146,0.0722673825817635,0.0566810470976933,1.89095074450365
Belarus,Belarus,BY,2012,EFConsPerCap,4.37763816344796,1.20811958235125,0.240895163190196,0.837467843523278,0.0832938869346861,0.0655408153729608,1.94232087207559
Belarus,Belarus,BY,2013,EFConsPerCap,4.23617334041086,0.99832410460112,0.195107289369451,0.843848228968135,0.0914670326938295,0.0536136204339254,2.0538130643444
Belarus,Belarus,BY,2014,EFConsPerCap,4.29511772244981,1.32767083985052,0.224605349738677,0.778197744648506,0.0990175453476925,0.0654485653933545,1.80017767747107
Belarus,Belarus,BY,2015,EFConsPerCap,3.73107251623234,1.26161760139209,0.177397663153165,0.773046568763038,0.0830764348351104,0.0573775049497638,1.37855674313917
Belarus,Belarus,BY,2016,EFConsPerCap,3.68014155583685,1.09936190843196,0.147253668414539,0.776792919440905,0.073389872877258,0.0488220565695293,1.53452113010266
Belarus,Belarus,BY,2017,EFConsPerCap,4.14723235086906,1.27964215145498,0.19269850507859,0.903679861439891,0.0738435831578826,0.0538418175733807,1.64352643216433
Belarus,Belarus,BY,2018,EFConsPerCap,4.12976088893523,0.961707243626948,0.161952209688099,1.17273396795402,0.0700073948412315,0.0420512961834997,1.72130877664143
Belarus,Belarus,BY,2019,EFConsPerCap,3.88380653761562,1.1052251999882,0.184945738114179,0.866683917194463,0.0685680228739611,0.0472017615914451,1.61118189785338
Belarus,Belarus,BY,2020,EFConsPerCap,3.63862978266128,1.20530504487204,0.149192202218015,0.859624337459382,0.0694752520014178,0.0558640827074297,1.29916886340299
Belarus,Belarus,BY,2021,EFConsPerCap,3.93008099278423,1.03956390347634,0.137097169539509,1.08645338609296,0.0703810820769948,0.0490058679549018,1.54757958364352
Belarus,Belarus,BY,2022,EFConsPerCap,4.28106697635725,1.16829285019822,0.148314843689067,1.35740396229949,0.0486356045090049,0.0530888819278192,1.50533083373365
Belarus,Belarus,BY,2023,EFConsPerCap,4.10521530284392,1.09577766131191,0.255726491428656,1.2383207436735,0.0404248732686112,0.0517158051645109,1.42324972799672
Belarus,Belarus,BY,2024,EFConsPerCap,4.09345899984523,,,,,,
Belarus,Belarus,BY,2025,EFConsPerCap,4.12036831167213,,,,,,
Egypt,Egypt,EG,2010,EFConsPerCap,1.61270720251109,0.381460867655163,0.0603502678165188,0.148091330768326,0.0494392526928764,0.0950231904025489,0.87834229317566
Egypt,Egypt,EG,2011,EFConsPerCap,1.59061022936476,0.366412071324413,0.0581627741473403,0.14784916579647,0.0402108855173681,0.101491633193971,0.8764836993852
Egypt,Egypt,EG,2012,EFConsPerCap,1.63581275055703,0.385570802971498,0.0649035463994139,0.144827452545607,0.0450406257764053,0.101977130034103,0.893493192830001
Egypt,Egypt,EG,2013,EFConsPerCap,1.62250785741952,0.362534935832584,0.070353984294716,0.153141889456555,0.0377469510392086,0.10330794915116,0.895422147645298
Egypt,Egypt,EG,2014,EFConsPerCap,1.61558781913042,0.358965368148432,0.0626205980493,0.164077284690404,0.0593062510567017,0.101717145507454,0.868901171678125
Egypt,Egypt,EG,2015,EFConsPerCap,1.61629739219738,0.361406430526275,0.0936802476229753,0.155310129738124,0.0514015406556831,0.10333596740631,0.851163076248008
Egypt,Egypt,EG,2016,EFConsPerCap,1.54777957151796,0.343443224273655,0.0683551671982248,0.145588242833672,0.0415170407348564,0.105388651442085,0.843487245035469
Egypt,Egypt,EG,2017,EFConsPerCap,1.61859941061183,0.364787713141582,0.0805478057885622,0.138920659004883,0.0417175322764323,0.107106088069624,0.885519612330749
Egypt,Egypt,EG,2018,EFConsPerCap,1.59659408910118,0.371483567123186,0.0902870187073076,0.131875362153578,0.0452415104789016,0.106867452056992,0.850839178581217
Egypt,Egypt,EG,2019,EFConsPerCap,1.47326278966586,0.339467597902548,0.0903612244892249,0.127909554457108,0.0537534349529251,0.0953164642007601,0.766454513663292
Egypt,Egypt,EG,2020,EFConsPerCap,1.40389911257236,0.324089841528432,0.0715624301251511,0.132840773892978,0.0501148581201808,0.10547414806708,0.719817060838538
Egypt,Egypt,EG,2021,EFConsPerCap,1.39922046862249,0.287615665804893,0.0475346720161394,0.12414220594466,0.0383313052735332,0.108687426497198,0.792909193086069
Egypt,Egypt,EG,2022,EFConsPerCap,1.40088519267783,0.279496919394357,0.0495085896112364,0.111004505009057,0.0358992890418964,0.106110039800953,0.818865849820333
Egypt,Egypt,EG,2023,EFConsPerCap,1.39037079550722,0.285012062266036,0.041201239849783,0.103312491776037,0.0318488702337916,0.108340553703808,0.820655577677766
Egypt,Egypt,EG,2024,EFConsPerCap,1.38278852507672,,,,,,
Egypt,Egypt,EG,2025,EFConsPerCap,1.36180047426869,,,,,,
El Salvador,El Salvador,SV,2010,EFConsPerCap,1.85715879777487,,,,,,
El Salvador,El Salvador,SV,2011,EFConsPerCap,1.83138192098525,,,,,,
El Salvador,El Salvador,SV,2012,EFConsPerCap,1.87811723450846,,,,,,
El Salvador,El Salvador,SV,2013,EFConsPerCap,1.84022709124393,,,,,,
El Salvador,El Salvador,SV,2014,EFConsPerCap,1.89790876138664,,,,,,
El Salvador,El Salvador,SV,2015,EFConsPerCap,1.99301727225636,,,,,,
El Salvador,El Salvador,SV,2016,EFConsPerCap,2.06681491904227,,,,,,
El Salvador,El Salvador,SV,2017,EFConsPerCap,2.08270959754146,,,,,,
El Salvador,El Salvador,SV,2018,EFConsPerCap,2.09873722096581,,,,,,
El Salvador,El Salvador,SV,2019,EFConsPerCap,2.19521968456848,,,,,,
El Salvador,El Salvador,SV,2020,EFConsPerCap,2.04139336880957,,,,,,
El Salvador,El Salvador,SV,2021,EFConsPerCap,2.26312266098503,,,,,,
El Salvador,El Salvador,SV,2022,EFConsPerCap,2.31079146313754,,,,,,
El Salvador,El Salvador,SV,2023,EFConsPerCap,2.26992158534786,,,,,,
El Salvador,El Salvador,SV,2024,EFConsPerCap,2.16379413638014,,,,,,
El Salvador,El Salvador,SV,2025,EFConsPerCap,2.15424949671324,,,,,,
Estonia,Estonia,EE,2010,EFConsPerCap,5.48740382665851,0.494401457233786,0.145194665029568,1.62989318872334,0.011316059556311,0.0656464566697918,3.14095199944571
Estonia,Estonia,EE,2011,EFConsPerCap,5.88385202940297,0.532605025925967,0.157744391884379,2.08595823787428,0.0156542977762623,0.0692575786787126,3.02263249726337
Estonia,Estonia,EE,2012,EFConsPerCap,6.88171132778165,0.674174799326558,0.154473113181735,2.71459765850298,0.0238621261793821,0.0840924171595827,3.23051121343141
Estonia,Estonia,EE,2013,EFConsPerCap,6.47425210500209,0.49071109632986,0.12611066215212,2.50617691374526,0.0674286111052147,0.0848180990651412,3.19900672260449
Estonia,Estonia,EE,2014,EFConsPerCap,6.73322541572053,0.807833491345528,0.115700770856848,2.44503705902162,0.0792685686548862,0.0957363351151976,3.18964919072646
Estonia,Estonia,EE,2015,EFConsPerCap,7.13178746809095,1.09301586137071,0.142370583327126,2.98002973793989,0.0774266473554236,0.114945110742251,2.72399952735556
Estonia,Estonia,EE,2016,EFConsPerCap,6.90737156144912,0.316629576166335,0.143044277506513,3.1395438940494,0.0702229457751828,0.0778375665669672,3.16009330138472
Estonia,Estonia,EE,2017,EFConsPerCap,7.55222999558012,0.7501323274926,0.160418302584837,3.42563590708401,0.0808018662566254,0.0996834941084206,3.03555809805363
Estonia,Estonia,EE,2018,EFConsPerCap,7.3807365109379,0.450088000061888,0.173422610788113,3.5550024699874,0.0738628017881129,0.0720889053289652,3.05627172298342
Estonia,Estonia,EE,2019,EFConsPerCap,7.57409817473046,0.95700075220832,0.172232220023697,3.22168414799604,0.0545031694019529,0.11631307896092,3.05236480613952
Estonia,Estonia,EE,2020,EFConsPerCap,7.66567242001521,0.878023983319591,0.174361333421372,3.9185044868097,0.103169507276038,0.117282765069538,2.47433034411897
Estonia,Estonia,EE,2021,EFConsPerCap,5.87939056886329,0.738871674054325,0.206962300507306,3.45354377385542,0.0942529618014337,0.0970118228737148,1.28874803577109
Estonia,Estonia,EE,2022,EFConsPerCap,7.04236589359645,0.873813122168535,0.186086641649756,3.08678643324943,0.102938084619347,0.105729781740059,2.68701183016932
Estonia,Estonia,EE,2023,EFConsPerCap,6.60794995353996,0.476920549251408,0.173293510841372,2.76832494362265,0.151871720244576,0.0843693534668669,2.95316987611309
Estonia,Estonia,EE,2024,EFConsPerCap,6.56333551523119,,,,,,
Estonia,Estonia,EE,2025,EFConsPerCap,6.66854289365446,,,,,,
Fiji,Fiji,FJ,2010,EFConsPerCap,2.18318600461481,,,,,,
Fiji,Fiji,FJ,2011,EFConsPerCap,2.79329740512818,,,,,,
Fiji,Fiji,FJ,2012,EFConsPerCap,2.92629725215723,,,,,,
Fiji,Fiji,FJ,2013,EFConsPerCap,2.69267153454058,,,,,,
Fiji,Fiji,FJ,2014,EFConsPerCap,3.17121702646111,,,,,,
Fiji,Fiji,FJ,2015,EFConsPerCap,2.9803909707071,,,,,,
Fiji,Fiji,FJ,2016,EFConsPerCap,2.92562020981546,,,,,,
Fiji,Fiji,FJ,2017,EFConsPerCap,2.98254074242112,,,,,,
Fiji,Fiji,FJ,2018,EFConsPerCap,2.68891184324333,,,,,,
Fiji,Fiji,FJ,2019,EFConsPerCap,2.57208649267292,,,,,,
Fiji,Fiji,FJ,2020,EFConsPerCap,2.57800048921247,,,,,,
Fiji,Fiji,FJ,2021,EFConsPerCap,2.31062534500111,,,,,,
Fiji,Fiji,FJ,2022,EFConsPerCap,2.69064846212961,,,,,,
Fiji,Fiji,FJ,2023,EFConsPerCap,3.1257225232047,,,,,,
Fiji,Fiji,FJ,2024,EFConsPerCap,3.13713836239411,,,,,,
Fiji,Fiji,FJ,2025,EFConsPerCap,3.12184330614637,,,,,,
France,France,FR,2010,EFConsPerCap,5.51291319469593,1.28708607127052,0.307883333755964,0.59289614662824,0.194852083947401,0.144701064935513,2.98549449415829
France,France,FR,2011,EFConsPerCap,5.40390389030134,1.19329265765131,0.282919892772075,0.542670335577099,0.210540228876607,0.1367833366498,3.03769743877444
France,France,FR,2012,EFConsPerCap,5.35976851892273,1.27394071166679,0.286595395311473,0.538837012100574,0.17949049541105,0.14257592331736,2.93832898111548
France,France,FR,2013,EFConsPerCap,5.22562405197793,1.17679604375046,0.284195317134895,0.5368867023087,0.193549988151353,0.136370673359903,2.89782532727262
France,France,FR,2014,EFConsPerCap,5.08322157052366,1.27035749985544,0.281237135202856,0.52410742209198,0.209508426972373,0.145229614589926,2.65278147181109
France,France,FR,2015,EFConsPerCap,5.0411759844535,1.2688675579731,0.267042954729727,0.512106145449669,0.211414136564569,0.145405450102085,2.63633973963434
France,France,FR,2016,EFConsPerCap,4.65008994621228,0.928896923433,0.263157663612025,0.524822333648569,0.219101786562249,0.114751311003025,2.59935992795342
France,France,FR,2017,EFConsPerCap,5.09678720180398,1.25801862831187,0.257581817329269,0.519369452016999,0.217801360636151,0.14096025232327,2.70305569118642
France,France,FR,2018,EFConsPerCap,4.75192269719797,1.10600310834108,0.256230975908797,0.530122312913564,0.217922148452453,0.131093750404173,2.5105504011779
France,France,FR,2019,EFConsPerCap,4.91270117371908,1.24603450470695,0.251989178015572,0.531083914489555,0.209163627301594,0.133971207919864,2.54045874128555
France,France,FR,2020,EFConsPerCap,4.26745715864101,0.953615772892801,0.245049894669122,0.507265300794945,0.19289466927194,0.119527331776894,2.24910418923531
France,France,FR,2021,EFConsPerCap,4.84329456122454,1.15318569381668,0.252576254594485,0.533852656501849,0.211504858636023,0.138652599910452,2.55352249776505
France,France,FR,2022,EFConsPerCap,4.6660284698747,1.01677314388901,0.264605475934274,0.522829662893272,0.211835723025158,0.126949795964028,2.52303466816897
France,France,FR,2023,EFConsPerCap,4.54482675553895,1.13971228503378,0.251744479334038,0.49614884229831,0.196026289597773,0.137314958095928,2.32387990117913
France,France,FR,2024,EFConsPerCap,4.47596019032439,,,,,,
France,France,FR,2025,EFConsPerCap,4.4504812019988,,,,,,
Germany,Germany,DE,2010,EFConsPerCap,5.53914231768505,0.908235583820463,0.169440515674538,0.598783559786111,0.0618196297278391,0.215214786869118,3.58564824180698
Germany,Germany,DE,2011,EFConsPerCap,5.42647307455363,0.857952391933874,0.185157581997925,0.622311526237713,0.0616480252605338,0.196220041747801,3.50318350737578
Germany,Germany,DE,2012,EFConsPerCap,5.32961990709013,0.902719155457624,0.173801779599601,0.596277764106708,0.0563860782146875,0.213411541954307,3.3870235877572
Germany,Germany,DE,2013,EFConsPerCap,5.38089561557504,0.908054180809819,0.18088747197987,0.609320682431037,0.051636977046603,0.223620421070395,3.40737588223731
Germany,Germany,DE,2014,EFConsPerCap,5.19402455437042,0.968079500084799,0.165968201938865,0.590842393964896,0.0546874158475229,0.244586012212955,3.16986103032138
Germany,Germany,DE,2015,EFConsPerCap,5.02166997146121,0.89077236638812,0.167022047494608,0.603656618373676,0.0491572693174545,0.221785121216245,3.08927654867111
Germany,Germany,DE,2016,EFConsPerCap,4.859203594996,0.842204113313103,0.178253251045463,0.565300350213876,0.055887120811566,0.209604596788626,3.00795416282337
Germany,Germany,DE,2017,EFConsPerCap,4.87088384635765,0.845917282204686,0.190631020541377,0.554814193027899,0.0484441072661558,0.205237291443208,3.02583995187433
Germany,Germany,DE,2018,EFConsPerCap,4.71642227860585,0.76333196122956,0.185776222873368,0.599336234494848,0.0453621865287532,0.180791254852096,2.94182441862722
Germany,Germany,DE,2019,EFConsPerCap,4.58251896014038,0.811287079557455,0.182062377709917,0.501502770496253,0.0488940630510197,0.198129700527367,2.84064296879837
Germany,Germany,DE,2020,EFConsPerCap,4.21716273766014,0.823524540669177,0.187046085858438,0.478618622439821,0.0553656390049426,0.204912420789139,2.46769542889862
Germany,Germany,DE,2021,EFConsPerCap,4.37486383556733,0.7764667848147,0.183433757340095,0.502329776383204,0.0486939647528098,0.201576457315908,2.66236309496061
Germany,Germany,DE,2022,EFConsPerCap,4.39000368639943,0.781722428491779,0.18038828474684,0.491063629066791,0.0516247935332167,0.195393755089807,2.689810795471
Germany,Germany,DE,2023,EFConsPerCap,4.02817161838327,0.792065903834561,0.170704969320835,0.392617067950381,0.0474790888944338,0.193242704538511,2.43206188384455
Germany,Germany,DE,2024,EFConsPerCap,3.77217451526921,,,,,,
Germany,Germany,DE,2025,EFConsPerCap,3.77775258741463,,,,,,
Ghana,Ghana,GH,2010,EFConsPerCap,1.70100896522358,0.431815128772954,0.0637664156526559,0.634662280795888,0.235828594823522,0.0493024133586516,0.285634131819911
Ghana,Ghana,GH,2011,EFConsPerCap,1.78133865676423,0.407340222637547,0.0680481306952871,0.634782966215848,0.246306544471887,0.0552657239848381,0.369595068758825
Ghana,Ghana,GH,2012,EFConsPerCap,1.81996236098687,0.461168407974302,0.0687500655138976,0.633463606809064,0.224838612912228,0.0581740232942564,0.373567644483119
Ghana,Ghana,GH,2013,EFConsPerCap,1.84098884460931,0.464469704470146,0.0697455636217737,0.643760674451656,0.24313294048658,0.0614571400378803,0.358422821541274
Ghana,Ghana,GH,2014,EFConsPerCap,1.80562553657341,0.460354806949991,0.0745306936797485,0.641468366237164,0.231024610463629,0.0622008911310008,0.336046168111873
Ghana,Ghana,GH,2015,EFConsPerCap,1.90496254991828,0.516608311345103,0.0754503277859234,0.655144409665783,0.246228906917959,0.0635849983650455,0.347945595838462
Ghana,Ghana,GH,2016,EFConsPerCap,1.82127958473492,0.452804930530267,0.0700660915219033,0.641785406348889,0.245711352702911,0.0624525452582924,0.348459258372653
Ghana,Ghana,GH,2017,EFConsPerCap,1.87213068654029,0.501380679755348,0.0714216111999342,0.653176599862652,0.204918389309193,0.0646425678096969,0.376590838603462
Ghana,Ghana,GH,2018,EFConsPerCap,1.85560679685252,0.45912931184836,0.0734028082060703,0.670279621483665,0.203018274143462,0.0644962628492395,0.385280518321725
Ghana,Ghana,GH,2019,EFConsPerCap,1.92976929325103,0.518786410449923,0.0726927301421581,0.643990040184775,0.221465093073643,0.0690084829499556,0.403826536450576
Ghana,Ghana,GH,2020,EFConsPerCap,2.00285370660601,0.578346993245823,0.0869401945001766,0.653491485992106,0.199388259230729,0.0699455741564057,0.41474119948077
Ghana,Ghana,GH,2021,EFConsPerCap,2.05155174172397,0.591721597189691,0.0882680778290042,0.666687425938291,0.176475329531109,0.0714207037212212,0.456978607514655
Ghana,Ghana,GH,2022,EFConsPerCap,1.99521891033201,0.547690870828975,0.0824974853859225,0.673607840186224,0.191544930494277,0.0708943699291971,0.428983413507413
Ghana,Ghana,GH,2023,EFConsPerCap,1.97796021148714,0.56325459740201,0.0818617452924181,0.6731884412838,0.165124802295734,0.0718693208970251,0.422661304316157
Ghana,Ghana,GH,2024,EFConsPerCap,1.93993977016873,,,,,,
Ghana,Ghana,GH,2025,EFConsPerCap,1.90088363814752,,,,,,
Greece,Greece,GR,2010,EFConsPerCap,4.95747384430738,1.16235240672299,0.419083242665273,0.291851684164935,0.102493001721858,0.0541965044671666,2.92749700456516
Greece,Greece,GR,2011,EFConsPerCap,4.66910421476048,1.1442451779659,0.387166098660653,0.263083614897991,0.094462226528747,0.0535694300933961,2.72657766661379
Greece,Greece,GR,2012,EFConsPerCap,4.22560968635531,1.16085727999454,0.348978295189972,0.277150862873797,0.0872331076428683,0.0592483907363681,2.29214174991776
Greece,Greece,GR,2013,EFConsPerCap,3.76936159432866,0.973724835210522,0.33084095936126,0.277880610460847,0.0934584580968904,0.0505144478000405,2.0429422833991
Greece,Greece,GR,2014,EFConsPerCap,4.0686334086582,1.20992404641014,0.319894971797709,0.273444229975561,0.103240038747426,0.0663737133329354,2.09575640839443
Greece,Greece,GR,2015,EFConsPerCap,4.13594416983212,1.14090970669412,0.323891175422894,0.275291198470725,0.100327830849073,0.066403297608654,2.22912096078665
Greece,Greece,GR,2016,EFConsPerCap,4.06069245819513,1.13187479637428,0.334279310109842,0.275915033145465,0.110392714610219,0.0638897858149555,2.14434081814036
Greece,Greece,GR,2017,EFConsPerCap,4.1433281935745,1.20196543537852,0.345571688075897,0.303486696142963,0.0955818698381194,0.0639304488697082,2.13279205526929
Greece,Greece,GR,2018,EFConsPerCap,3.93577656520269,1.05669294809855,0.338410610071973,0.305228101974518,0.100992287344592,0.0602453913309568,2.0742072263821
Greece,Greece,GR,2019,EFConsPerCap,3.94605120367226,1.15670992057641,0.348619520327041,0.308077421171523,0.106091469431477,0.0644684508616709,1.96208442130414
Greece,Greece,GR,2020,EFConsPerCap,3.41128990402998,0.999714281894634,0.331886380863183,0.299979545209772,0.0982797731687724,0.0771872093702253,1.60424271352339
Greece,Greece,GR,2021,EFConsPerCap,3.4871888737041,0.982429761806136,0.331426073887637,0.303116316247835,0.0970242706270723,0.0703995413116187,1.7027929098238
Greece,Greece,GR,2022,EFConsPerCap,3.43758342575185,0.703727905992618,0.335593229747978,0.30829383761004,0.112055705422758,0.0497959130924212,1.92811683388603
Greece,Greece,GR,2023,EFConsPerCap,3.45230087514787,0.786101836689133,0.340568955681127,0.30954402118271,0.0908674559145987,0.0534608868137596,1.87175771886654
Greece,Greece,GR,2024,EFConsPerCap,3.58450992208816,,,,,,
Greece,Greece,GR,2025,EFConsPerCap,3.55756288189835,,,,,,
Grenada,Grenada,GD,2010,EFConsPerCap,2.98841282736283,,,,,,
Grenada,Grenada,GD,2011,EFConsPerCap,3.09343341312936,,,,,,
Grenada,Grenada,GD,2012,EFConsPerCap,2.71706306770258,,,,,,
Grenada,Grenada,GD,2013,EFConsPerCap,3.1136448511023,,,,,,
Grenada,Grenada,GD,2014,EFConsPerCap,2.51719967875031,,,,,,
Grenada,Grenada,GD,2015,EFConsPerCap,2.8842732495944,,,,,,
Grenada,Grenada,GD,2016,EFConsPerCap,3.20911710439287,,,,,,
Grenada,Grenada,GD,2017,EFConsPerCap,3.232437461225,,,,,,
Grenada,Grenada,GD,2018,EFConsPerCap,3.45522729192325,,,,,,
Grenada,Grenada,GD,2019,EFConsPerCap,3.22612772458613,,,,,,
Grenada,Grenada,GD,2020,EFConsPerCap,2.80742699137164,,,,,,
Grenada,Grenada,GD,2021,EFConsPerCap,2.95588572502018,,,,,,
Grenada,Grenada,GD,2022,EFConsPerCap,3.23308809158399,,,,,,
Grenada,Grenada,GD,2023,EFConsPerCap,3.70494503421662,,,,,,
Grenada,Grenada,GD,2024,EFConsPerCap,3.68780675421338,,,,,,
Grenada,Grenada,GD,2025,EFConsPerCap,3.68478807419677,,,,,,
Guinea,Guinea,GN,2010,EFConsPerCap,1.42818012857565,0.414916395291671,0.366253739631606,0.486450272605218,0.0689050669803593,0.0120729272797418,0.0795817267870546
Guinea,Guinea,GN,2011,EFConsPerCap,1.46138749459097,0.40651749400655,0.3817863438176,0.482589562279404,0.0962870454188829,0.0128045388091432,0.0814025102593866
Guinea,Guinea,GN,2012,EFConsPerCap,1.47232852714616,0.415749935925715,0.389468284944719,0.474716383584443,0.106016057138163,0.0115061687017118,0.0748716968514088
Guinea,Guinea,GN,2013,EFConsPerCap,1.60672063498533,0.441265990572889,0.401552572412361,0.464497990761403,0.0943049440064262,0.0120457662353039,0.193053370996947
Guinea,Guinea,GN,2014,EFConsPerCap,1.71411158007945,0.503742568496329,0.411948954639349,0.453773568904847,0.131144221060564,0.011732096914679,0.201770170063681
Guinea,Guinea,GN,2015,EFConsPerCap,1.64871880124432,0.477714850705879,0.424308308879884,0.442320733038623,0.0974205991462353,0.0119864057533986,0.194967903720301
Guinea,Guinea,GN,2016,EFConsPerCap,1.75526202310712,0.569958233169956,0.438448571058742,0.42328113267229,0.094463541752881,0.0125062860749323,0.216604258378323
Guinea,Guinea,GN,2017,EFConsPerCap,1.74051940546928,0.537184754221198,0.449724924505471,0.420969345963039,0.0947479176275766,0.0132216534404261,0.224670809711574
Guinea,Guinea,GN,2018,EFConsPerCap,1.81859095986875,0.569481085698706,0.461477264615106,0.412068424582543,0.109085154295749,0.0133495776424735,0.253129453034176
Guinea,Guinea,GN,2019,EFConsPerCap,1.82420394548204,0.558949952606977,0.479387491412905,0.40503018662258,0.123996057952557,0.0147652278301869,0.242075029056838
Guinea,Guinea,GN,2020,EFConsPerCap,1.95287263247114,0.589908602762474,0.492450895907996,0.395043725131524,0.148387602370967,0.0151839692525988,0.311897837045581
Guinea,Guinea,GN,2021,EFConsPerCap,1.94287161287066,0.649689496878765,0.505353462359142,0.386605622721833,0.14011181690469,0.0160815168940087,0.245029697112217
Guinea,Guinea,GN,2022,EFConsPerCap,1.90588250346658,0.645215253833362,0.518371251348409,0.375646260971867,0.118659356095029,0.0164221297937828,0.231568251424134
Guinea,Guinea,GN,2023,EFConsPerCap,1.83397935654817,0.642692142208603,0.47675117567023,0.368294159843585,0.134993854453214,0.0161410562396051,0.195106968132932
Guinea,Guinea,GN,2024,EFConsPerCap,1.78873410656997,,,,,,
Guinea,Guinea,GN,2025,EFConsPerCap,1.74757346981997,,,,,,
Haiti,Haiti,HT,2010,EFConsPerCap,0.724694166055293,0.29086407974968,0.0573626943294062,0.115778380127257,0.0142242283280272,0.0538401639530473,0.192624619567875
Haiti,Haiti,HT,2011,EFConsPerCap,0.721197490311562,0.269162660563906,0.0570374015952112,0.112263180885002,0.0173045552866258,0.059853206650299,0.205576485330517
Haiti,Haiti,HT,2012,EFConsPerCap,0.704033737420656,0.278013914080354,0.0553314706964671,0.106623832392407,0.013603556819404,0.0659208913578385,0.184540072074185
Haiti,Haiti,HT,2013,EFConsPerCap,0.736106995104205,0.297525536540678,0.0545018476296886,0.105046228217351,0.0187162929914536,0.0637520348832481,0.196565054841785
Haiti,Haiti,HT,2014,EFConsPerCap,0.740741258824434,0.280062272882256,0.054280553858694,0.101798485901184,0.0198672721492487,0.0557152691051209,0.22901740492793
Haiti,Haiti,HT,2015,EFConsPerCap,0.773792592545058,0.299111666245516,0.0531280185487091,0.101173702646552,0.0203975930524911,0.0602141777815039,0.239767434270286
Haiti,Haiti,HT,2016,EFConsPerCap,0.732057361747323,0.28661422833563,0.0526601356984125,0.100021795466819,0.0169568205016141,0.0572829478959966,0.218521433848852
Haiti,Haiti,HT,2017,EFConsPerCap,0.767477113391282,0.300366298371702,0.0528224787246553,0.103306412089837,0.0217973806284869,0.0547340082793774,0.234450535297224
Haiti,Haiti,HT,2018,EFConsPerCap,0.755475914444931,0.281199123707866,0.0557877644693251,0.102020737685617,0.0210016163380313,0.0471541811844494,0.248312491059642
Haiti,Haiti,HT,2019,EFConsPerCap,0.754951156325339,0.305521535989622,0.0481277224818176,0.100247774404973,0.0179844850688767,0.0673328099977353,0.215736828382315
Haiti,Haiti,HT,2020,EFConsPerCap,0.712871857278969,0.295619449366886,0.0466528426891259,0.0981639197553231,0.0164732687584928,0.0567309098955163,0.199231466813625
Haiti,Haiti,HT,2021,EFConsPerCap,0.696423603800153,0.265945832630588,0.0424879696786353,0.0980615077266755,0.0191305067091098,0.0587194463544374,0.212078340700707
Haiti,Haiti,HT,2022,EFConsPerCap,0.638324815075935,0.244599255075228,0.0414332139970289,0.0922891012887317,0.015205986981758,0.058908839455057,0.185888418278132
Haiti,Haiti,HT,2023,EFConsPerCap,0.639653298150334,0.267388125127942,0.0414183363606735,0.0921459365142164,0.0167139288779388,0.0596604475980753,0.162326523671488
Haiti,Haiti,HT,2024,EFConsPerCap,0.629848695992247,,,,,,
Haiti,Haiti,HT,2025,EFConsPerCap,0.623564788768797,,,,,,
Croatia,Croatia,HR,2010,EFConsPerCap,3.75650278010492,0.788712648714065,0.140922816809771,0.47763183929907,0.0716870798302466,0.0947617930769949,2.18278660237478
Croatia,Croatia,HR,2011,EFConsPerCap,3.92316383862781,0.816138319495861,0.144196731470076,0.531556919413286,0.0708944386661781,0.0957082029903976,2.26466922659201
Croatia,Croatia,HR,2012,EFConsPerCap,3.90065338898655,0.784561044837149,0.154103642869963,0.635633835158686,0.0730076722412266,0.0931141948465607,2.16023299903297
Croatia,Croatia,HR,2013,EFConsPerCap,3.73609760260173,0.865956096272073,0.176180849755887,0.526211056096819,0.0765065215588173,0.107329394561287,1.98391368435685
Croatia,Croatia,HR,2014,EFConsPerCap,3.48774620622454,0.800991788680635,0.156934988025787,0.404259702938852,0.0776459186433195,0.108414773359171,1.93949903457678
Croatia,Croatia,HR,2015,EFConsPerCap,3.6438424704315,0.754856958649005,0.195846227778207,0.47593095114483,0.0720077477236934,0.106455196789075,2.03874538834669
Croatia,Croatia,HR,2016,EFConsPerCap,3.78634191095633,0.87733753372679,0.171588697254402,0.430784053693716,0.0751139922123756,0.128899102522546,2.10261853154651
Croatia,Croatia,HR,2017,EFConsPerCap,3.80745884760482,0.709174646694872,0.207097642876788,0.471110917805821,0.07561333421527,0.111767560715983,2.23269474529608
Croatia,Croatia,HR,2018,EFConsPerCap,4.07294745623874,0.825680395680103,0.190815675406776,0.592423428797712,0.0797813779666439,0.129820550266404,2.2544260281211
Croatia,Croatia,HR,2019,EFConsPerCap,4.26320370075192,0.841487132193578,0.228343221649226,0.648646393109689,0.082206587352886,0.130233189839475,2.33228717660707
Croatia,Croatia,HR,2020,EFConsPerCap,4.04717414231567,0.881536767890095,0.209471474225718,0.634281266592238,0.0862571357283485,0.133543388851895,2.10208410902738
Croatia,Croatia,HR,2021,EFConsPerCap,4.13783679435477,0.853399703637435,0.232907728310708,0.549375409536382,0.073357375300331,0.128792616419669,2.30000396115024
Croatia,Croatia,HR,2022,EFConsPerCap,4.58084953438363,0.806411482941515,0.262647881216547,0.613334282479327,0.0824196233723515,0.114900430570487,2.7011358338034
Croatia,Croatia,HR,2023,EFConsPerCap,4.72712038358314,0.787230543336126,0.28892390280915,0.711861604930625,0.0804861200801591,0.103034813066651,2.75558339936043
Croatia,Croatia,HR,2024,EFConsPerCap,4.7273117956936,,,,,,
Croatia,Croatia,HR,2025,EFConsPerCap,4.7568275582463,,,,,,
India,India,IN,2010,EFConsPerCap,0.915912445891445,0.213596424729403,0.0103620303135573,0.133110255098444,0.0138989656695465,0.0685105333721596,0.476434236708335
India,India,IN,2011,EFConsPerCap,0.929278871184608,0.209651358650822,0.0106238049208551,0.132073584971395,0.0121991105689626,0.0712579928613317,0.493473019211242
India,India,IN,2012,EFConsPerCap,0.965809521079176,0.20570354637103,0.00993803114777248,0.129034418442018,0.0137289309396605,0.0731147541152348,0.53428984006346
India,India,IN,2013,EFConsPerCap,0.965593718786029,0.208275866903535,0.0100056791579544,0.127733477132623,0.0142861469050052,0.0774180655523405,0.527874483134571
India,India,IN,2014,EFConsPerCap,1.00822711312701,0.214541854030687,0.0105224389945558,0.12720043647186,0.0145645902730905,0.0784594123935663,0.562938380963247
India,India,IN,2015,EFConsPerCap,1.01028138602371,0.214573508925735,0.0101607040192365,0.126053372417886,0.0142525566321163,0.0766950950992521,0.568546148929483
India,India,IN,2016,EFConsPerCap,1.01541303992187,0.227644544057893,0.00961281803908498,0.125059640296086,0.0165642080623042,0.0814473355826209,0.555084493883881
India,India,IN,2017,EFConsPerCap,1.06150084140778,0.232949443826425,0.00925987702471531,0.123773516992359,0.0151803691455582,0.0859691157162608,0.594368518702463
India,India,IN,2018,EFConsPerCap,1.07836356843092,0.23272944087868,0.0093162772996644,0.119367404931983,0.0148344828539857,0.0912027831635878,0.610913179303022
India,India,IN,2019,EFConsPerCap,1.08327298796469,0.239956459586164,0.0083312231393832,0.119219167538839,0.0151543103582128,0.0941817621163876,0.606430065225706
India,India,IN,2020,EFConsPerCap,0.985103397845434,0.22602978755281,0.00897379736561262,0.113270035106379,0.0129977765855292,0.0945283280894551,0.529303673145647
India,India,IN,2021,EFConsPerCap,1.04069042417887,0.219013664045928,0.00996821447493373,0.111668975628199,0.0131508512020636,0.097844827482597,0.589043891345146
India,India,IN,2022,EFConsPerCap,1.11036707459735,0.22016127009366,0.00918819808607934,0.113578564340732,0.0139397415681877,0.0983919692283336,0.655107331280355
India,India,IN,2023,EFConsPerCap,1.14964014935988,0.229856990318116,0.00960323956140989,0.114373793234805,0.0147590750865182,0.100654721690977,0.680392329468057
India,India,IN,2024,EFConsPerCap,1.13913071038266,,,,,,
India,India,IN,2025,EFConsPerCap,1.13034220202348,,,,,,
Indonesia,Indonesia,ID,2010,EFConsPerCap,1.37033277505119,0.367396964693821,0.0344557380019242,0.179804671156499,0.165033673276963,0.101363489869258,0.52227823805273
Indonesia,Indonesia,ID,2011,EFConsPerCap,1.4366572125355,0.385221841538885,0.0287954443771144,0.187718521892947,0.172313731743015,0.0985252021529158,0.564082470830621
Indonesia,Indonesia,ID,2012,EFConsPerCap,1.46376072053505,0.382915880352455,0.0251382651049384,0.183330894675205,0.176348640142219,0.102713795967834,0.593313244292396
Indonesia,Indonesia,ID,2013,EFConsPerCap,1.46465869030122,0.373525833311072,0.028338732116001,0.203968021239703,0.19336248014126,0.105303028754538,0.560160594738646
Indonesia,Indonesia,ID,2014,EFConsPerCap,1.52577966105862,0.370728225159721,0.0361084992236743,0.195538422128057,0.191444225554072,0.105337004253797,0.626623284739303
Indonesia,Indonesia,ID,2015,EFConsPerCap,1.48195938262744,0.360418738475849,0.0321320126717903,0.191036510129743,0.185798293429156,0.107921391939427,0.604652435981477
Indonesia,Indonesia,ID,2016,EFConsPerCap,1.50061355197916,0.385688510312225,0.0361371420765517,0.189126116100433,0.186237900422805,0.107712680337157,0.595711202729989
Indonesia,Indonesia,ID,2017,EFConsPerCap,1.54213302467444,0.381779335846907,0.040021496807735,0.170521231473735,0.201664774400856,0.110224599814033,0.63792158633117
Indonesia,Indonesia,ID,2018,EFConsPerCap,1.61342520407617,0.397722087858383,0.0410307879554853,0.183940558093134,0.195041250074237,0.110089691240186,0.685600828854748
Indonesia,Indonesia,ID,2019,EFConsPerCap,1.58580023813976,0.39533011583787,0.0444550695636391,0.173950103633307,0.197641703684566,0.112519453661988,0.661903791758394
Indonesia,Indonesia,ID,2020,EFConsPerCap,1.51977443179023,0.394241303950065,0.0394558139879742,0.158446514945478,0.195513849423424,0.111861426852572,0.620255522630719
Indonesia,Indonesia,ID,2021,EFConsPerCap,1.58598249606491,0.4268674662621,0.0415810388427193,0.109925152343696,0.207859228278668,0.115000910754865,0.684748699582862
Indonesia,Indonesia,ID,2022,EFConsPerCap,1.65822640103482,0.413112572853993,0.0421473517069585,0.11335343519091,0.217065869499412,0.115518637659823,0.757028534123723
Indonesia,Indonesia,ID,2023,EFConsPerCap,1.67337106600569,0.42299289167699,0.0427869396869961,0.107576103382582,0.238572542934468,0.114125485953293,0.747317102371365
Indonesia,Indonesia,ID,2024,EFConsPerCap,1.67196529324484,,,,,,
Indonesia,Indonesia,ID,2025,EFConsPerCap,1.6593097623295,,,,,,
Iraq,Iraq,IQ,2010,EFConsPerCap,1.60880915269329,,,,,,
Iraq,Iraq,IQ,2011,EFConsPerCap,1.66503119073809,,,,,,
Iraq,Iraq,IQ,2012,EFConsPerCap,1.77564633253837,,,,,,
Iraq,Iraq,IQ,2013,EFConsPerCap,1.80158125574326,,,,,,
Iraq,Iraq,IQ,2014,EFConsPerCap,1.62359167568111,,,,,,
Iraq,Iraq,IQ,2015,EFConsPerCap,1.54547913309674,,,,,,
Iraq,Iraq,IQ,2016,EFConsPerCap,1.63558021499893,,,,,,
Iraq,Iraq,IQ,2017,EFConsPerCap,1.75603018540085,,,,,,
Iraq,Iraq,IQ,2018,EFConsPerCap,1.80926036642938,,,,,,
Iraq,Iraq,IQ,2019,EFConsPerCap,1.9162658005879,,,,,,
Iraq,Iraq,IQ,2020,EFConsPerCap,1.78138035969325,,,,,,
Iraq,Iraq,IQ,2021,EFConsPerCap,1.8745733734276,,,,,,
Iraq,Iraq,IQ,2022,EFConsPerCap,2.03091154422124,,,,,,
Iraq,Iraq,IQ,2023,EFConsPerCap,2.08855581804328,,,,,,
Iraq,Iraq,IQ,2024,EFConsPerCap,2.06190210029827,,,,,,
Iraq,Iraq,IQ,2025,EFConsPerCap,2.01766938545709,,,,,,
Israel,Israel,IL,2010,EFConsPerCap,5.52015947739103,0.851418625057412,0.246095969192177,0.388801921899497,0.0843360436394862,0.0657496205855205,3.88375729701693
Israel,Israel,IL,2011,EFConsPerCap,6.03089819393561,0.816655872564978,0.26820824283342,0.329964588567316,0.0816500357372612,0.0659546819769612,4.46846477225567
Israel,Israel,IL,2012,EFConsPerCap,6.25963742848031,0.814917039973735,0.222653373339955,0.325841325596642,0.071143648891755,0.0716050573402401,4.75347698333798
Israel,Israel,IL,2013,EFConsPerCap,5.67271531469842,0.769416019067457,0.242188492439791,0.319373981318441,0.0819054908440932,0.0716322722196746,4.18819905880896
Israel,Israel,IL,2014,EFConsPerCap,4.63084663509452,0.791977274288481,0.214103665563844,0.329078124440836,0.0854514886054484,0.0691356262048872,3.14110045599102
Israel,Israel,IL,2015,EFConsPerCap,5.59689111624884,0.738893031740899,0.205840208475374,0.297059428666821,0.080582026498651,0.065356267403041,4.20916015346405
Israel,Israel,IL,2016,EFConsPerCap,4.66714722611432,0.785540183527242,0.269922418584148,0.290810520982331,0.0860352604289444,0.0635026025256356,3.17133624006602
Israel,Israel,IL,2017,EFConsPerCap,5.53818668853568,0.81297145369902,0.255642265582772,0.286063014901062,0.0901843205759182,0.0480525032231659,4.04527313055374
Israel,Israel,IL,2018,EFConsPerCap,4.59952185505527,0.788165592972905,0.236146895954738,0.30198161248174,0.0780071535068953,0.0413683184166634,3.15385228172233
Israel,Israel,IL,2019,EFConsPerCap,4.68061142535178,0.805361237506599,0.275005232689268,0.270474691595515,0.078949325398144,0.0456469509052645,3.20517398725699
Israel,Israel,IL,2020,EFConsPerCap,4.31839995273686,0.771733344763536,0.264480151356772,0.265481844202541,0.0781730407285129,0.0574233899632207,2.88110818172228
Israel,Israel,IL,2021,EFConsPerCap,4.56937822194531,0.773491386736189,0.307864667772484,0.261026150210858,0.0891787386149862,0.0569136728399823,3.08090360577081
Israel,Israel,IL,2022,EFConsPerCap,4.59014032521475,0.778117804221736,0.321144184339638,0.256204055491382,0.0983243945423167,0.0658333595340058,3.07051652708567
Israel,Israel,IL,2023,EFConsPerCap,3.95507520365342,0.59877758358291,0.229723423552188,0.251621517194598,0.079626189209996,0.0555087375941251,2.7398177525196
Israel,Israel,IL,2024,EFConsPerCap,4.03643508204755,,,,,,
Israel,Israel,IL,2025,EFConsPerCap,3.98296559350892,,,,,,
Italy,Italy,IT,2010,EFConsPerCap,5.12558608810403,0.821264762458518,0.421274437427274,0.550430483694779,0.142159723612986,0.117079081233026,3.07337759967745
Italy,Italy,IT,2011,EFConsPerCap,4.9709079441514,0.776036765431476,0.424032990500226,0.507971658152825,0.13311158911059,0.124879495722162,3.00487544523413
Italy,Italy,IT,2012,EFConsPerCap,4.47620911477848,0.758073478190278,0.37442741572657,0.463047159353125,0.124888385500497,0.116994019138623,2.63877865686939
Italy,Italy,IT,2013,EFConsPerCap,4.28807795864562,0.709018585481835,0.369635535959883,0.463134670523597,0.12651394182574,0.120097746680437,2.49967747817413
Italy,Italy,IT,2014,EFConsPerCap,4.22538481647865,0.76708797589618,0.365191040167994,0.465507350763307,0.134119659431546,0.120917975143599,2.37256081507603
Italy,Italy,IT,2015,EFConsPerCap,4.23273290762624,0.740245705772788,0.355802027401416,0.457084293663364,0.138093660297084,0.123046610554783,2.4184606099368
Italy,Italy,IT,2016,EFConsPerCap,4.17338051026473,0.746189590830714,0.353405233950137,0.460931617851703,0.143337288592358,0.123334072251862,2.34618270678795
Italy,Italy,IT,2017,EFConsPerCap,4.19120255622373,0.718765271408763,0.344169989905374,0.457471257244671,0.141931364995778,0.116197601725056,2.41266707094409
Italy,Italy,IT,2018,EFConsPerCap,4.25146867723125,0.72058309229131,0.342010561745496,0.500511116021389,0.13888975769348,0.113326229147155,2.43614792033242
Italy,Italy,IT,2019,EFConsPerCap,4.26349000900632,0.724696980625042,0.350841028814086,0.561785870451477,0.139679326771487,0.113527651006229,2.372959151338
Italy,Italy,IT,2020,EFConsPerCap,3.75417173495755,0.755698251475564,0.300688596704836,0.474330515821633,0.128687794784181,0.116833189651653,1.97793338651969
Italy,Italy,IT,2021,EFConsPerCap,4.1173732670608,0.705532332105542,0.319074041813923,0.469675383463895,0.139882842582971,0.113070380785208,2.37013828630926
Italy,Italy,IT,2022,EFConsPerCap,4.25932208505248,0.699867055741964,0.329636437764416,0.535342440813941,0.139495373940203,0.106650147214759,2.4483306295772
Italy,Italy,IT,2023,EFConsPerCap,4.09443341297152,0.734454004529922,0.335439368806294,0.462022935277692,0.14642199044363,0.112831108716632,2.30326400519735
Italy,Italy,IT,2024,EFConsPerCap,3.96816900485683,,,,,,
Italy,Italy,IT,2025,EFConsPerCap,3.96985741465931,,,,,,
Côte d'Ivoire,Cote d'Ivoire,CI,2010,EFConsPerCap,0.906648773759598,0.306226903815946,0.0595635287240305,0.223156722363668,0.111591044535708,0.0277316180555646,0.178378956264681
Côte d'Ivoire,Cote d'Ivoire,CI,2011,EFConsPerCap,0.967925723326543,0.387578424187668,0.0570298137028166,0.222750685827899,0.104584629067962,0.0308071745078787,0.165174996032318
Côte d'Ivoire,Cote d'Ivoire,CI,2012,EFConsPerCap,0.992183810097056,0.375895060495771,0.050452033941342,0.215016818449283,0.114583452944839,0.0286687556246784,0.207567688641143
Côte d'Ivoire,Cote d'Ivoire,CI,2013,EFConsPerCap,0.992871725987554,0.367539503729749,0.0454922252501477,0.211072432487662,0.116454627665614,0.0296586690247269,0.222654267829654
Côte d'Ivoire,Cote d'Ivoire,CI,2014,EFConsPerCap,0.937379717393786,0.307975238531544,0.0400234042749338,0.219455840011119,0.123279596845194,0.0297478500470059,0.21689778768399
Côte d'Ivoire,Cote d'Ivoire,CI,2015,EFConsPerCap,0.996185670667335,0.355682286315565,0.0409721902782784,0.213350776413605,0.124496967521678,0.0295950909804769,0.232088359157732
Côte d'Ivoire,Cote d'Ivoire,CI,2016,EFConsPerCap,0.96839044967797,0.345989609724363,0.042951582775944,0.212023424855546,0.123775418029442,0.0289639055006489,0.214686508792026
Côte d'Ivoire,Cote d'Ivoire,CI,2017,EFConsPerCap,1.04989635250674,0.37249936735635,0.0464378403395481,0.205763603835747,0.152513375824994,0.030876498021277,0.241805667128825
Côte d'Ivoire,Cote d'Ivoire,CI,2018,EFConsPerCap,1.02973100525629,0.351382732822678,0.0484130235510997,0.200097490065179,0.164304750818003,0.0284440520550282,0.2370889559443
Côte d'Ivoire,Cote d'Ivoire,CI,2019,EFConsPerCap,0.985676857790239,0.331131708142162,0.045571240527028,0.195796516393239,0.159695511167405,0.0301592312149976,0.223322650345407
Côte d'Ivoire,Cote d'Ivoire,CI,2020,EFConsPerCap,1.05168032714922,0.408689157873011,0.0487163417267374,0.192708262426357,0.154644322129257,0.0312776371876348,0.21564460580622
Côte d'Ivoire,Cote d'Ivoire,CI,2021,EFConsPerCap,1.14759462082854,0.42489875679903,0.0486177481296359,0.188134809751076,0.174723649079129,0.0320835541088703,0.279136102960798
Côte d'Ivoire,Cote d'Ivoire,CI,2022,EFConsPerCap,1.18301883562982,0.467458491773606,0.0522553368825644,0.182503218689436,0.163444764150806,0.0324720035819247,0.284885020551482
Côte d'Ivoire,Cote d'Ivoire,CI,2023,EFConsPerCap,1.20108039596936,0.475046270177191,0.0530928908526831,0.179348621509182,0.183250315671805,0.0318659782875624,0.278476319470933
Côte d'Ivoire,Cote d'Ivoire,CI,2024,EFConsPerCap,1.17699397869781,,,,,,
Côte d'Ivoire,Cote d'Ivoire,CI,2025,EFConsPerCap,1.14961528041523,,,,,,
Jamaica,Jamaica,JM,2010,EFConsPerCap,1.77809582703013,,,,,,
Jamaica,Jamaica,JM,2011,EFConsPerCap,2.01587679448792,,,,,,
Jamaica,Jamaica,JM,2012,EFConsPerCap,1.81456278217657,,,,,,
Jamaica,Jamaica,JM,2013,EFConsPerCap,1.88543819727481,,,,,,
Jamaica,Jamaica,JM,2014,EFConsPerCap,1.66275729021328,,,,,,
Jamaica,Jamaica,JM,2015,EFConsPerCap,1.63423689312389,,,,,,
Jamaica,Jamaica,JM,2016,EFConsPerCap,1.68784285518588,,,,,,
Jamaica,Jamaica,JM,2017,EFConsPerCap,1.97289268051778,,,,,,
Jamaica,Jamaica,JM,2018,EFConsPerCap,1.85885962668505,,,,,,
Jamaica,Jamaica,JM,2019,EFConsPerCap,2.01938430110962,,,,,,
Jamaica,Jamaica,JM,2020,EFConsPerCap,1.6334613437038,,,,,,
Jamaica,Jamaica,JM,2021,EFConsPerCap,1.88587355415736,,,,,,
Jamaica,Jamaica,JM,2022,EFConsPerCap,2.15448283245468,,,,,,
Jamaica,Jamaica,JM,2023,EFConsPerCap,1.95634258858566,,,,,,
Jamaica,Jamaica,JM,2024,EFConsPerCap,1.94658161246952,,,,,,
Jamaica,Jamaica,JM,2025,EFConsPerCap,1.94839461637534,,,,,,
Japan,Japan,JP,2010,EFConsPerCap,4.75386951067818,0.41693480214196,0.113373562617078,0.347324620536812,0.370209273226952,0.104921660983429,3.40110559117195
Japan,Japan,JP,2011,EFConsPerCap,4.73430780011894,0.411705220359747,0.114881196284622,0.376122839293109,0.358614219430315,0.105897681090526,3.36708664366062
Japan,Japan,JP,2012,EFConsPerCap,4.93841482137437,0.417166744799457,0.11145384160498,0.37275600771387,0.339128595002355,0.107984726631999,3.58992490562171
Japan,Japan,JP,2013,EFConsPerCap,4.90348635361287,0.414240898485397,0.116536917943301,0.373238261091574,0.3257735648795,0.111842345366053,3.56185436584704
Japan,Japan,JP,2014,EFConsPerCap,4.73968946889038,0.402733369245778,0.116375509599812,0.369737984563742,0.330344069463382,0.114154436691355,3.40634409932631
Japan,Japan,JP,2015,EFConsPerCap,4.43165501162797,0.398254618786125,0.112620093446593,0.356059267682139,0.297815671362014,0.116053195172337,3.15085216517877
Japan,Japan,JP,2016,EFConsPerCap,4.37077122174517,0.39168396692321,0.113436942540795,0.361484002258139,0.27559432070117,0.113379205490236,3.11519278383162
Japan,Japan,JP,2017,EFConsPerCap,4.5146921133808,0.398238613705724,0.123488968156457,0.366963937220362,0.266817778129707,0.114170965777618,3.24501185039093
Japan,Japan,JP,2018,EFConsPerCap,4.43986707018982,0.408837507565723,0.129989182830928,0.356263457606584,0.250456703529598,0.109349402183349,3.18497081647364
Japan,Japan,JP,2019,EFConsPerCap,4.36315848226477,0.415284419132479,0.132212582829806,0.368136115410205,0.256778979267594,0.114310493142359,3.07643589248232
Japan,Japan,JP,2020,EFConsPerCap,3.94269900269046,0.406368134506137,0.127088013563451,0.308394219761303,0.240785457358322,0.112286653238026,2.74777652426322
Japan,Japan,JP,2021,EFConsPerCap,4.16846327780413,0.39442777879615,0.124146916624981,0.332412834942455,0.235319963722968,0.116862921570907,2.96529286214667
Japan,Japan,JP,2022,EFConsPerCap,4.19239922262881,0.400791867382177,0.122098567374735,0.34209447608454,0.224918235270112,0.116529841619904,2.98596623489735
Japan,Japan,JP,2023,EFConsPerCap,4.01252108016653,0.385885812334046,0.111686097547089,0.316528572041783,0.23191830066359,0.115372250500137,2.85113004707988
Japan,Japan,JP,2024,EFConsPerCap,3.96100129111871,,,,,,
Japan,Japan,JP,2025,EFConsPerCap,3.93582648464637,,,,,,
Jordan,Jordan,JO,2010,EFConsPerCap,1.80276188820136,0.411778891336354,0.134180871866879,0.15326523280781,0.0316316657312634,0.0464838543802731,1.02542137207878
Jordan,Jordan,JO,2011,EFConsPerCap,1.90420548687653,0.46319005701574,0.132666067848779,0.177876355767802,0.0271175110602311,0.0442755965172104,1.05907989866677
Jordan,Jordan,JO,2012,EFConsPerCap,2.21262459950741,0.525834953652327,0.170548409072281,0.17934415915668,0.0325478231253396,0.0410670330039393,1.26328222149684
Jordan,Jordan,JO,2013,EFConsPerCap,1.99753612051744,0.43400001245254,0.129723892320207,0.164928825293521,0.0295357619887829,0.0358484553471684,1.20349917311523
Jordan,Jordan,JO,2014,EFConsPerCap,1.97369485973114,0.480959832394334,0.112080088186448,0.152494834871881,0.0268245915190144,0.0385463994400282,1.16278911331944
Jordan,Jordan,JO,2015,EFConsPerCap,1.83464689856464,0.431473164222605,0.142531796273262,0.124133771482435,0.0268332510475624,0.039403660355715,1.07027125518306
Jordan,Jordan,JO,2016,EFConsPerCap,1.84927709954236,0.546453891012275,0.137391136853404,0.129742839943979,0.0257733490940678,0.0350851998846528,0.974830682753979
Jordan,Jordan,JO,2017,EFConsPerCap,1.68426802440274,0.417933546729307,0.128655074968724,0.132519995430127,0.0226403450044579,0.0370516587205002,0.945467403549626
Jordan,Jordan,JO,2018,EFConsPerCap,1.65169848076595,0.402453640083416,0.121839650800077,0.127070519691542,0.0219474980719292,0.0354750861226556,0.942912085996328
Jordan,Jordan,JO,2019,EFConsPerCap,1.51435215950734,0.390017770813585,0.114563474805073,0.123843848666572,0.0225628762485441,0.0404984804589148,0.822865708514646
Jordan,Jordan,JO,2020,EFConsPerCap,1.30976197855148,0.358617580554752,0.110862085178644,0.126272306919726,0.024712694525917,0.0406628941547314,0.648634417217707
Jordan,Jordan,JO,2021,EFConsPerCap,1.35924853991988,0.357595292991998,0.113299310907134,0.127976821463094,0.022511597854512,0.0396983570140487,0.698167159689093
Jordan,Jordan,JO,2022,EFConsPerCap,1.35261523076516,0.331913711919268,0.0803261654064188,0.133135502944533,0.023393137979084,0.0355230699063395,0.74832364260952
Jordan,Jordan,JO,2023,EFConsPerCap,1.39050543940612,0.344074421789791,0.100008010366182,0.118760565902077,0.019979809761946,0.0420176988082695,0.765664932777855
Jordan,Jordan,JO,2024,EFConsPerCap,1.37254204717429,,,,,,
Jordan,Jordan,JO,2025,EFConsPerCap,1.37503972340742,,,,,,
Kenya,Kenya,KE,2010,EFConsPerCap,1.08170044501934,0.200305689901628,0.250214676213993,0.286492260620119,0.0581753937014099,0.0886762487116648,0.197836175870522
Kenya,Kenya,KE,2011,EFConsPerCap,1.14165435742274,0.226060731097382,0.243882058508075,0.27968938716795,0.100235070348772,0.0852813511403182,0.206505759160246
Kenya,Kenya,KE,2012,EFConsPerCap,1.12863712373775,0.240612019511451,0.23657603346458,0.263659205165915,0.0919726285922542,0.0926851869010193,0.203132050102536
Kenya,Kenya,KE,2013,EFConsPerCap,1.11162439939974,0.23547912246155,0.22975288703247,0.257311483490072,0.0790104021737611,0.0966666840846605,0.213403820157224
Kenya,Kenya,KE,2014,EFConsPerCap,1.14551379434836,0.252913966957018,0.225331340857839,0.256876134071934,0.072661773462792,0.0995940285764052,0.238136550422375
Kenya,Kenya,KE,2015,EFConsPerCap,1.18019715296235,0.272647897321713,0.220452543539944,0.250373529067515,0.0708912780540754,0.108531703765612,0.25730020121349
Kenya,Kenya,KE,2016,EFConsPerCap,1.0911965899045,0.242255105643714,0.214814344841838,0.245926245185149,0.0342132627759091,0.0971999121758397,0.256787719282048
Kenya,Kenya,KE,2017,EFConsPerCap,1.13508235788177,0.272043162246446,0.209871189102075,0.242374549655921,0.0277621084563144,0.102341758663569,0.280689589757441
Kenya,Kenya,KE,2018,EFConsPerCap,1.1251482878562,0.271186167925236,0.204501319930133,0.238379460573268,0.0306176390133559,0.108468379819853,0.27199532059435
Kenya,Kenya,KE,2019,EFConsPerCap,1.09859940368344,0.25917131569817,0.202458014583219,0.233580332971413,0.0234552574895908,0.108134290987241,0.271800191953808
Kenya,Kenya,KE,2020,EFConsPerCap,1.07245791240631,0.277290523166817,0.199039011170301,0.216115156751099,0.0188293494028163,0.116062973741423,0.245120898173853
Kenya,Kenya,KE,2021,EFConsPerCap,1.02271285064836,0.231225588962436,0.195413770249343,0.216211875519042,0.0159973909921725,0.0981573242265,0.265706900698866
Kenya,Kenya,KE,2022,EFConsPerCap,1.01534892594414,0.237614642902193,0.188802595744075,0.213086830490961,0.0191924919246675,0.0993696402264507,0.257282724655792
Kenya,Kenya,KE,2023,EFConsPerCap,1.02654487586389,0.271059245132198,0.181458253314903,0.210125765689689,0.0123672672055679,0.106048249421846,0.245486095099687
Kenya,Kenya,KE,2024,EFConsPerCap,1.00478885207067,,,,,,
Kenya,Kenya,KE,2025,EFConsPerCap,0.992705376281057,,,,,,
Cambodia,Cambodia,KH,2010,EFConsPerCap,1.14489055757461,,,,,,
Cambodia,Cambodia,KH,2011,EFConsPerCap,1.20421328223834,,,,,,
Cambodia,Cambodia,KH,2012,EFConsPerCap,1.26289031092725,,,,,,
Cambodia,Cambodia,KH,2013,EFConsPerCap,1.25773827813595,,,,,,
Cambodia,Cambodia,KH,2014,EFConsPerCap,1.3193815988948,,,,,,
Cambodia,Cambodia,KH,2015,EFConsPerCap,1.32573301101119,,,,,,
Cambodia,Cambodia,KH,2016,EFConsPerCap,1.41680034317138,,,,,,
Cambodia,Cambodia,KH,2017,EFConsPerCap,1.42425140458097,,,,,,
Cambodia,Cambodia,KH,2018,EFConsPerCap,1.4169872127559,,,,,,
Cambodia,Cambodia,KH,2019,EFConsPerCap,1.68121779077965,,,,,,
Cambodia,Cambodia,KH,2020,EFConsPerCap,1.64198757379642,,,,,,
Cambodia,Cambodia,KH,2021,EFConsPerCap,1.65412956190998,,,,,,
Cambodia,Cambodia,KH,2022,EFConsPerCap,1.68507649488806,,,,,,
Cambodia,Cambodia,KH,2023,EFConsPerCap,1.62740955927356,,,,,,
Cambodia,Cambodia,KH,2024,EFConsPerCap,1.59111001557398,,,,,,
Cambodia,Cambodia,KH,2025,EFConsPerCap,1.58405696113,,,,,,
"Korea, Republic of",South Korea,KR,2010,EFConsPerCap,5.59532575556897,0.602119418154394,0.157396757643983,0.231569233859457,0.472232066503381,0.0803036748608073,4.05170460454694
"Korea, Republic of",South Korea,KR,2011,EFConsPerCap,5.692848610452,0.628743990679446,0.177310914107709,0.25030023075922,0.473823303541996,0.0789589041039606,4.08371126725967
"Korea, Republic of",South Korea,KR,2012,EFConsPerCap,5.59632829143783,0.635128181141726,0.156539667951775,0.2346597980336,0.472202892799415,0.0765049703155399,4.02129278119578
"Korea, Republic of",South Korea,KR,2013,EFConsPerCap,5.59985212202809,0.630437483214487,0.158690778490768,0.250037501864747,0.446219432779387,0.0824584949600701,4.03200843071863
"Korea, Republic of",South Korea,KR,2014,EFConsPerCap,5.47333204297089,0.591163237208731,0.16356693177998,0.25510086789538,0.508468322581164,0.0875275743007945,3.86750510920484
"Korea, Republic of",South Korea,KR,2015,EFConsPerCap,5.43158849609874,0.604058348819684,0.173531306559064,0.257983869060609,0.484010914297944,0.0870179114887552,3.82498614587268
"Korea, Republic of",South Korea,KR,2016,EFConsPerCap,5.50494995336226,0.610717682342806,0.197894341605803,0.273959234387391,0.477628436910304,0.0879783130735181,3.85677194504244
"Korea, Republic of",South Korea,KR,2017,EFConsPerCap,5.66071356579224,0.611968217013534,0.203545482158872,0.281420543585636,0.468835163548222,0.0875220680970422,4.00742209138894
"Korea, Republic of",South Korea,KR,2018,EFConsPerCap,5.73464300604672,0.630867656501106,0.217863456127434,0.259889700170778,0.448082924144151,0.0876422502368858,4.09029701886636
"Korea, Republic of",South Korea,KR,2019,EFConsPerCap,5.55235879443099,0.648582768096547,0.229773138023131,0.225414280218974,0.463852822107252,0.0887703207353642,3.89596546524972
"Korea, Republic of",South Korea,KR,2020,EFConsPerCap,5.07569201266404,0.628591880591003,0.219501491293315,0.207115236190842,0.445499582641018,0.083629767692159,3.4913540542557
"Korea, Republic of",South Korea,KR,2021,EFConsPerCap,5.48993863113809,0.635701380776174,0.234329826288607,0.217712671748355,0.424143834817341,0.0905334089517943,3.88751750855582
"Korea, Republic of",South Korea,KR,2022,EFConsPerCap,5.41529178557541,0.645404051194896,0.227949580810939,0.209149308174332,0.396867262542375,0.0897736173037262,3.84614796554914
"Korea, Republic of",South Korea,KR,2023,EFConsPerCap,5.25898245091506,0.60657160014107,0.218321447733541,0.207260728887087,0.404189110758909,0.0904887770450352,3.73215078634942
"Korea, Republic of",South Korea,KR,2024,EFConsPerCap,5.10847045943491,,,,,,
"Korea, Republic of",South Korea,KR,2025,EFConsPerCap,5.10579351163922,,,,,,
Latvia,Latvia,LV,2010,EFConsPerCap,3.70841428609352,,,,,,
Latvia,Latvia,LV,2011,EFConsPerCap,4.14210725870266,,,,,,
Latvia,Latvia,LV,2012,EFConsPerCap,4.82797466935818,,,,,,
Latvia,Latvia,LV,2013,EFConsPerCap,5.14840175154372,,,,,,
Latvia,Latvia,LV,2014,EFConsPerCap,5.56186601765008,,,,,,
Latvia,Latvia,LV,2015,EFConsPerCap,6.40822831025087,,,,,,
Latvia,Latvia,LV,2016,EFConsPerCap,6.20079129119937,,,,,,
Latvia,Latvia,LV,2017,EFConsPerCap,6.27045788905549,,,,,,
Latvia,Latvia,LV,2018,EFConsPerCap,5.88206616706334,,,,,,
Latvia,Latvia,LV,2019,EFConsPerCap,6.80171862601264,,,,,,
Latvia,Latvia,LV,2020,EFConsPerCap,7.49012261713503,,,,,,
Latvia,Latvia,LV,2021,EFConsPerCap,7.26876639305978,,,,,,
Latvia,Latvia,LV,2022,EFConsPerCap,6.41981390609597,,,,,,
Latvia,Latvia,LV,2023,EFConsPerCap,6.51926200846394,,,,,,
Latvia,Latvia,LV,2024,EFConsPerCap,6.47205485469013,,,,,,
Latvia,Latvia,LV,2025,EFConsPerCap,6.51880889255968,,,,,,
Lao People's Democratic Republic,Laos,LA,2010,EFConsPerCap,1.40358698252754,,,,,,
Lao People's Democratic Republic,Laos,LA,2011,EFConsPerCap,1.4176911095361,,,,,,
Lao People's Democratic Republic,Laos,LA,2012,EFConsPerCap,1.46684607543178,,,,,,
Lao People's Democratic Republic,Laos,LA,2013,EFConsPerCap,1.71353239181514,,,,,,
Lao People's Democratic Republic,Laos,LA,2014,EFConsPerCap,1.79611423212762,,,,,,
Lao People's Democratic Republic,Laos,LA,2015,EFConsPerCap,1.72048566625201,,,,,,
Lao People's Democratic Republic,Laos,LA,2016,EFConsPerCap,1.92046576877864,,,,,,
Lao People's Democratic Republic,Laos,LA,2017,EFConsPerCap,1.70236646229582,,,,,,
Lao People's Democratic Republic,Laos,LA,2018,EFConsPerCap,1.96460555434373,,,,,,
Lao People's Democratic Republic,Laos,LA,2019,EFConsPerCap,1.63279473960484,,,,,,
Lao People's Democratic Republic,Laos,LA,2020,EFConsPerCap,1.4517168412246,,,,,,
Lao People's Democratic Republic,Laos,LA,2021,EFConsPerCap,1.08722629659199,,,,,,
Lao People's Democratic Republic,Laos,LA,2022,EFConsPerCap,1.09422783238035,,,,,,
Lao People's Democratic Republic,Laos,LA,2023,EFConsPerCap,0.974084475538336,,,,,,
Lao People's Democratic Republic,Laos,LA,2024,EFConsPerCap,0.949514846720014,,,,,,
Lao People's Democratic Republic,Laos,LA,2025,EFConsPerCap,0.939685837985515,,,,,,
Lebanon,Lebanon,LB,2010,EFConsPerCap,3.76668666410044,,,,,,
Lebanon,Lebanon,LB,2011,EFConsPerCap,3.57001699450065,,,,,,
Lebanon,Lebanon,LB,2012,EFConsPerCap,3.64820613504313,,,,,,
Lebanon,Lebanon,LB,2013,EFConsPerCap,3.3244994887802,,,,,,
Lebanon,Lebanon,LB,2014,EFConsPerCap,3.29350564018873,,,,,,
Lebanon,Lebanon,LB,2015,EFConsPerCap,3.29197740175686,,,,,,
Lebanon,Lebanon,LB,2016,EFConsPerCap,3.48497619662062,,,,,,
Lebanon,Lebanon,LB,2017,EFConsPerCap,3.79595346710229,,,,,,
Lebanon,Lebanon,LB,2018,EFConsPerCap,3.66266014293556,,,,,,
Lebanon,Lebanon,LB,2019,EFConsPerCap,3.82464438701868,,,,,,
Lebanon,Lebanon,LB,2020,EFConsPerCap,2.96282913556306,,,,,,
Lebanon,Lebanon,LB,2021,EFConsPerCap,2.56989931665039,,,,,,
Lebanon,Lebanon,LB,2022,EFConsPerCap,2.25000495299301,,,,,,
Lebanon,Lebanon,LB,2023,EFConsPerCap,2.25119937615657,,,,,,
Lebanon,Lebanon,LB,2024,EFConsPerCap,2.18282490226335,,,,,,
Lebanon,Lebanon,LB,2025,EFConsPerCap,2.16392951933357,,,,,,
Liberia,Liberia,LR,2010,EFConsPerCap,1.27396221447448,,,,,,
Liberia,Liberia,LR,2011,EFConsPerCap,1.17334450785826,,,,,,
Liberia,Liberia,LR,2012,EFConsPerCap,1.1981194382723,,,,,,
Liberia,Liberia,LR,2013,EFConsPerCap,1.29322975876332,,,,,,
Liberia,Liberia,LR,2014,EFConsPerCap,1.26546510989653,,,,,,
Liberia,Liberia,LR,2015,EFConsPerCap,1.26291397770091,,,,,,
Liberia,Liberia,LR,2016,EFConsPerCap,1.17041072230698,,,,,,
Liberia,Liberia,LR,2017,EFConsPerCap,1.30859906884595,,,,,,
Liberia,Liberia,LR,2018,EFConsPerCap,1.28885599013489,,,,,,
Liberia,Liberia,LR,2019,EFConsPerCap,1.28215080817351,,,,,,
Liberia,Liberia,LR,2020,EFConsPerCap,1.34661312257602,,,,,,
Liberia,Liberia,LR,2021,EFConsPerCap,1.37520508740743,,,,,,
Liberia,Liberia,LR,2022,EFConsPerCap,1.42763830901315,,,,,,
Liberia,Liberia,LR,2023,EFConsPerCap,1.51798739902913,,,,,,
Liberia,Liberia,LR,2024,EFConsPerCap,1.48405650972701,,,,,,
Liberia,Liberia,LR,2025,EFConsPerCap,1.45319506991816,,,,,,
Lithuania,Lithuania,LT,2010,EFConsPerCap,4.16555264982942,0.721775637346836,0.24718927468351,1.23588047400967,0.32381165225747,0.0671245989745252,1.5697710125574
Lithuania,Lithuania,LT,2011,EFConsPerCap,4.51685025284199,1.02101749640468,0.295032665454215,1.26405773220538,0.264099221378269,0.0755843654989249,1.59705877190052
Lithuania,Lithuania,LT,2012,EFConsPerCap,4.93449431586797,1.4880572683429,0.228899791065622,1.29105606009202,0.183028395537405,0.101976329048785,1.64147647178123
Lithuania,Lithuania,LT,2013,EFConsPerCap,4.5802903439107,1.16833019130359,0.252171846344804,1.22054658757363,0.241528662086291,0.0937682890956818,1.6039447675067
Lithuania,Lithuania,LT,2014,EFConsPerCap,5.31969245834316,1.44470528894716,0.245180475525652,1.411834626211,0.359563988315152,0.103667514854692,1.75474056448951
Lithuania,Lithuania,LT,2015,EFConsPerCap,5.48606532784978,1.90596040432087,0.259350037454546,1.26287462381771,0.2135739453619,0.125240493594392,1.71906582330035
Lithuania,Lithuania,LT,2016,EFConsPerCap,5.35641066013553,1.43609735418941,0.284805795272902,1.53294378735663,0.282547546158804,0.111880935779102,1.70813524137868
Lithuania,Lithuania,LT,2017,EFConsPerCap,5.85169595269894,1.73337274103208,0.310966388132114,1.5926300887005,0.265564820920997,0.117075405834316,1.83208650807893
Lithuania,Lithuania,LT,2018,EFConsPerCap,5.25820659780449,0.997819025519614,0.305705340919939,1.6716267730378,0.212270884913091,0.0864489862719911,1.98433558714205
Lithuania,Lithuania,LT,2019,EFConsPerCap,5.67816141399585,1.25384542167345,0.315388712980227,1.76693340362787,0.261456176914741,0.102142650999893,1.97839504779968
Lithuania,Lithuania,LT,2020,EFConsPerCap,5.79048092106022,1.76213365467551,0.328442169736737,1.5085283188916,0.245520480473205,0.125818326956139,1.82003797032703
Lithuania,Lithuania,LT,2021,EFConsPerCap,6.08637901227329,1.40524874994342,0.402196101685475,1.7732836992888,0.245219911215901,0.104020597165415,2.15640995297427
Lithuania,Lithuania,LT,2022,EFConsPerCap,6.18517004414056,1.64981617643276,0.378750762108921,1.61489319668384,0.263597641714677,0.101382504830416,2.17672976236995
Lithuania,Lithuania,LT,2023,EFConsPerCap,5.40112638261004,1.31982007260351,0.330904357236257,1.40549363624383,0.257536417125219,0.100606975248168,1.98676492415305
Lithuania,Lithuania,LT,2024,EFConsPerCap,5.64349649021253,,,,,,
Lithuania,Lithuania,LT,2025,EFConsPerCap,5.71159111159685,,,,,,
Madagascar,Madagascar,MG,2010,EFConsPerCap,0.942821946067484,0.23813462942671,0.333879620813244,0.242796734057046,0.0279524028703719,0.0297984572445348,0.0702601016555785
Madagascar,Madagascar,MG,2011,EFConsPerCap,0.924711490215227,0.227017181444609,0.329225620842993,0.235286089372145,0.0267289503492298,0.0298186437189959,0.0766350044872545
Madagascar,Madagascar,MG,2012,EFConsPerCap,0.9083589279628,0.224572252017828,0.318738215120318,0.226856870466527,0.0280634565109972,0.0315127573817464,0.0786153764653834
Madagascar,Madagascar,MG,2013,EFConsPerCap,0.915655818886315,0.231522679206412,0.321724067786872,0.22195167896162,0.0296460153400051,0.0290678023149173,0.0817435752764892
Madagascar,Madagascar,MG,2014,EFConsPerCap,0.913349444335911,0.221389590490298,0.317929325698132,0.221136691162434,0.0307425593940667,0.0312519702527239,0.0908993073382571
Madagascar,Madagascar,MG,2015,EFConsPerCap,0.891932684342814,0.205680873982975,0.316751986818803,0.220357324447141,0.0260867459062036,0.0306344089549252,0.0924213442327656
Madagascar,Madagascar,MG,2016,EFConsPerCap,0.875737450666746,0.196099823737348,0.309996863533844,0.218232050935276,0.0232902843884487,0.0314500137523228,0.0966684143195074
Madagascar,Madagascar,MG,2017,EFConsPerCap,0.896091970808448,0.214166669603429,0.305948975364171,0.215038069869414,0.021595287572141,0.0316883666116702,0.107654601787622
Madagascar,Madagascar,MG,2018,EFConsPerCap,0.819409547823808,0.206776802362157,0.244813317320148,0.21302579151749,0.0188522020535487,0.0326495044069818,0.103291930163483
Madagascar,Madagascar,MG,2019,EFConsPerCap,0.806120505858795,0.188198719562072,0.241466175543118,0.211233249233853,0.0213397737555755,0.0328080783675864,0.11107450939659
Madagascar,Madagascar,MG,2020,EFConsPerCap,0.75295089216491,0.189902204102119,0.215381232780767,0.2103448008036,0.0192663756221449,0.033262451850465,0.0847938270058138
Madagascar,Madagascar,MG,2021,EFConsPerCap,0.746749977572797,0.200892161340623,0.183604557013701,0.206362620690367,0.02064378809415,0.0361916402674677,0.0990552101664884
Madagascar,Madagascar,MG,2022,EFConsPerCap,0.724432326330351,0.199640588445197,0.159196078770839,0.205816792116515,0.0196056611622053,0.0374119041092609,0.102761301726334
Madagascar,Madagascar,MG,2023,EFConsPerCap,0.705391226998236,0.163032178703962,0.18720005190643,0.204205671845601,0.0206836604116183,0.0341046917217409,0.0961649724088829
Madagascar,Madagascar,MG,2024,EFConsPerCap,0.68837419981754,,,,,,
Madagascar,Madagascar,MG,2025,EFConsPerCap,0.672846088889115,,,,,,
Malawi,Malawi,MW,2010,EFConsPerCap,0.704908791869317,0.284470811879772,0.0388463799058284,0.216644337247177,0.00870277246845162,0.0885148217975415,0.0677296685705465
Malawi,Malawi,MW,2011,EFConsPerCap,0.70485943731614,0.276388916784149,0.0424848902854496,0.210890724745794,0.00736784147485434,0.100851434895631,0.0668756291302619
Malawi,Malawi,MW,2012,EFConsPerCap,0.731092741785675,0.287924515889409,0.0453616440444822,0.20454351125864,0.0108073885488453,0.103739105761687,0.0787165762826108
Malawi,Malawi,MW,2013,EFConsPerCap,0.778818725019702,0.306142024566583,0.0477705480556421,0.199311292458336,0.009731047783569,0.109832106352365,0.106031705803206
Malawi,Malawi,MW,2014,EFConsPerCap,0.802477986619352,0.347832989058403,0.0511029435113834,0.193497940328037,0.010317081396881,0.126203609857362,0.0735234224672868
Malawi,Malawi,MW,2015,EFConsPerCap,0.760246234883245,0.318766250859261,0.0554363429740343,0.190026872364011,0.0119071436482322,0.118195904815713,0.0659137202219939
Malawi,Malawi,MW,2016,EFConsPerCap,0.753735376698487,0.312090849909407,0.0600249141410289,0.186221493678493,0.0124049660729903,0.117579322653895,0.0654138302426727
Malawi,Malawi,MW,2017,EFConsPerCap,0.82784227219524,0.357762942788797,0.0613098757970902,0.182241555194637,0.016072115967687,0.139009682897243,0.0714460995497861
Malawi,Malawi,MW,2018,EFConsPerCap,0.817601403365202,0.345245822250455,0.0647057018668199,0.178487403045582,0.0163958631066852,0.131410864063807,0.0813557490318519
Malawi,Malawi,MW,2019,EFConsPerCap,0.831937889015254,0.342603354926305,0.0747607862561487,0.176111466403524,0.0116428465496677,0.145442125011432,0.0813773098681768
Malawi,Malawi,MW,2020,EFConsPerCap,0.84007576295223,0.355255578347954,0.0736948472624439,0.172594003299974,0.0130179421390249,0.150660964759593,0.0748524271432399
Malawi,Malawi,MW,2021,EFConsPerCap,0.864609487148155,0.365942604671573,0.0720425156052136,0.169246309374889,0.0122280237140709,0.159087731323242,0.0860623024591668
Malawi,Malawi,MW,2022,EFConsPerCap,0.786650411090512,0.332352619650211,0.0699558088979222,0.164439546160066,0.0121234168731008,0.157715847563806,0.0500631719454061
Malawi,Malawi,MW,2023,EFConsPerCap,0.812496164481104,0.330383352403942,0.0685346362439825,0.162428353664298,0.013324645072267,0.161045924738448,0.0767792523581658
Malawi,Malawi,MW,2024,EFConsPerCap,0.796474490409568,,,,,,
Malawi,Malawi,MW,2025,EFConsPerCap,0.781530915468758,,,,,,
Malaysia,Malaysia,MY,2010,EFConsPerCap,3.83748399657479,,,,,,
Malaysia,Malaysia,MY,2011,EFConsPerCap,3.69257644257952,,,,,,
Malaysia,Malaysia,MY,2012,EFConsPerCap,3.82309665578052,,,,,,
Malaysia,Malaysia,MY,2013,EFConsPerCap,4.07820574166654,,,,,,
Malaysia,Malaysia,MY,2014,EFConsPerCap,4.15753635292676,,,,,,
Malaysia,Malaysia,MY,2015,EFConsPerCap,4.00426565137122,,,,,,
Malaysia,Malaysia,MY,2016,EFConsPerCap,3.84849986836813,,,,,,
Malaysia,Malaysia,MY,2017,EFConsPerCap,3.88905518169625,,,,,,
Malaysia,Malaysia,MY,2018,EFConsPerCap,4.07447070614656,,,,,,
Malaysia,Malaysia,MY,2019,EFConsPerCap,3.92510375764061,,,,,,
Malaysia,Malaysia,MY,2020,EFConsPerCap,3.44910794320575,,,,,,
Malaysia,Malaysia,MY,2021,EFConsPerCap,3.62591836231465,,,,,,
Malaysia,Malaysia,MY,2022,EFConsPerCap,4.15674491480849,,,,,,
Malaysia,Malaysia,MY,2023,EFConsPerCap,4.12561548635837,,,,,,
Malaysia,Malaysia,MY,2024,EFConsPerCap,4.1573371476701,,,,,,
Malaysia,Malaysia,MY,2025,EFConsPerCap,4.11121502886175,,,,,,
Mali,Mali,ML,2010,EFConsPerCap,1.40989880612451,0.432047434537614,0.611934746165035,0.152228640204314,0.0262349299698609,0.0135085100032443,0.173944545244446
Mali,Mali,ML,2011,EFConsPerCap,1.32402535769669,0.364672097405381,0.600392309484997,0.150622102970977,0.0256331349090121,0.0138590218673138,0.168846691059008
Mali,Mali,ML,2012,EFConsPerCap,1.32063275679654,0.450137074586729,0.538225749905997,0.148673799005736,0.0208146417719991,0.0150948243130579,0.147686667213026
Mali,Mali,ML,2013,EFConsPerCap,1.27586319587867,0.4013091909776,0.526981727791398,0.149391779354031,0.0246288919861914,0.0159676311588231,0.157583974610625
Mali,Mali,ML,2014,EFConsPerCap,1.34678887176258,0.481505574527632,0.510900678942761,0.151175417551582,0.0288204430135821,0.0165201268687389,0.157866630858282
Mali,Mali,ML,2015,EFConsPerCap,1.32090109501739,0.456951494862186,0.495660950638852,0.149937197806211,0.0318079740033665,0.0175742567635831,0.168969220943196
Mali,Mali,ML,2016,EFConsPerCap,1.27780760100892,0.44030181198461,0.453162045641354,0.146177429080663,0.0399482888523622,0.017563231252767,0.180654794197166
Mali,Mali,ML,2017,EFConsPerCap,1.22210650418166,0.448625429395316,0.381144843163353,0.141814604509981,0.0416592297860647,0.0171157076573474,0.191746689669597
Mali,Mali,ML,2018,EFConsPerCap,1.20588185922682,0.443643291416814,0.389073925737491,0.13703128333295,0.0313258181647181,0.0188548422597265,0.185952698315118
Mali,Mali,ML,2019,EFConsPerCap,1.31256693580474,0.484067943890415,0.422468300883011,0.134721338554361,0.0370198177424065,0.0188864482312446,0.215403086503303
Mali,Mali,ML,2020,EFConsPerCap,1.2557193162693,0.468186901371602,0.377139024436275,0.130916033203816,0.0360230956464886,0.0187177198862924,0.224736541724822
Mali,Mali,ML,2021,EFConsPerCap,1.20070620655616,0.391216393548349,0.37046727714709,0.132356898430984,0.0386584530571985,0.0168856504426955,0.251121533929844
Mali,Mali,ML,2022,EFConsPerCap,1.19088721657881,0.409202452552664,0.371692706637239,0.127301706804868,0.0411587455986615,0.0180080622874063,0.223523542697967
Mali,Mali,ML,2023,EFConsPerCap,1.16786341351921,0.397900351562101,0.35740882480479,0.123570158667677,0.0429940327212989,0.0181264581554166,0.227863587607925
Mali,Mali,ML,2024,EFConsPerCap,1.13010390386718,,,,,,
Mali,Mali,ML,2025,EFConsPerCap,1.09702337570576,,,,,,
Malta,Malta,MT,2010,EFConsPerCap,5.58743354699564,,,,,,
Malta,Malta,MT,2011,EFConsPerCap,5.68874889613999,,,,,,
Malta,Malta,MT,2012,EFConsPerCap,6.03535317311936,,,,,,
Malta,Malta,MT,2013,EFConsPerCap,5.29357090069323,,,,,,
Malta,Malta,MT,2014,EFConsPerCap,6.000502898183,,,,,,
Malta,Malta,MT,2015,EFConsPerCap,5.56739325892237,,,,,,
Malta,Malta,MT,2016,EFConsPerCap,6.08374151841724,,,,,,
Malta,Malta,MT,2017,EFConsPerCap,5.68748553238558,,,,,,
Malta,Malta,MT,2018,EFConsPerCap,5.88373080270617,,,,,,
Malta,Malta,MT,2019,EFConsPerCap,5.46181503065736,,,,,,
Malta,Malta,MT,2020,EFConsPerCap,4.86470508598553,,,,,,
Malta,Malta,MT,2021,EFConsPerCap,4.53787897339234,,,,,,
Malta,Malta,MT,2022,EFConsPerCap,4.61999407746256,,,,,,
Malta,Malta,MT,2023,EFConsPerCap,4.88712627224969,,,,,,
Malta,Malta,MT,2024,EFConsPerCap,5.71687169252258,,,,,,
Malta,Malta,MT,2025,EFConsPerCap,5.65887056214584,,,,,,
Mauritius,Mauritius,MU,2010,EFConsPerCap,3.18860344364773,0.521873439860451,0.167968552591445,0.164463281801524,0.488070846828568,0.104438173325651,1.74178914924009
Mauritius,Mauritius,MU,2011,EFConsPerCap,3.27862567720992,0.502494531841633,0.19014874459822,0.137434661090899,0.578625637665612,0.106726832921445,1.76319526909211
Mauritius,Mauritius,MU,2012,EFConsPerCap,3.30500728641325,0.48748463936793,0.193442355462668,0.164159783496413,0.479566058679811,0.101871450173359,1.87848299923307
Mauritius,Mauritius,MU,2013,EFConsPerCap,3.32506820392099,0.495031356839141,0.186947781128372,0.126036050543962,0.616325595378564,0.103634364959844,1.7970930550711
Mauritius,Mauritius,MU,2014,EFConsPerCap,3.43224983640155,0.518851899617461,0.203644660216589,0.134941244298181,0.768728760128799,0.111737177397677,1.69434609474284
Mauritius,Mauritius,MU,2015,EFConsPerCap,3.2577914073692,0.542005300392487,0.208515576488055,0.0878146899047074,0.663960646413608,0.108989073727998,1.64650612044235
Mauritius,Mauritius,MU,2016,EFConsPerCap,3.40893258811887,0.487760345390578,0.216033868961426,0.127235954898623,0.576107836826915,0.105378199033168,1.89641638300816
Mauritius,Mauritius,MU,2017,EFConsPerCap,3.57222881322415,0.562607812923234,0.205215970997402,0.137579471741296,0.424672620481852,0.107597691851039,2.13455524522933
Mauritius,Mauritius,MU,2018,EFConsPerCap,3.53764352764331,0.528824659464494,0.24624502161196,0.163266660303935,0.375953797069352,0.088515425991537,2.13483796320203
Mauritius,Mauritius,MU,2019,EFConsPerCap,3.79200842127521,0.550698060083286,0.228394397870333,0.198078486839095,0.526051126093533,0.0976175964467805,2.19116875394218
Mauritius,Mauritius,MU,2020,EFConsPerCap,2.95266482337291,0.456668127217182,0.179825331921217,0.145291427678325,0.371185961825882,0.0778725124536536,1.72182146227665
Mauritius,Mauritius,MU,2021,EFConsPerCap,3.31196603568712,0.522219314681054,0.202583733091745,0.144887098100282,0.440251236965932,0.0816256994903048,1.9203989533578
Mauritius,Mauritius,MU,2022,EFConsPerCap,3.79141677957944,0.541392862524148,0.227503771371716,0.168149216180507,0.729202907496664,0.0717460678415755,2.05342195416483
Mauritius,Mauritius,MU,2023,EFConsPerCap,3.34893677921537,0.533661487386553,0.275016297290674,0.142811689190224,0.650172901210939,0.0806468605998042,1.66662754353718
Mauritius,Mauritius,MU,2024,EFConsPerCap,3.94980173157407,,,,,,
Mauritius,Mauritius,MU,2025,EFConsPerCap,3.95792809671502,,,,,,
Mexico,Mexico,MX,2010,EFConsPerCap,2.9937808451817,0.591715570925241,0.27281789103832,0.268488727110558,0.0815117948909129,0.0351690265343266,1.74407783468235
Mexico,Mexico,MX,2011,EFConsPerCap,2.86318038384256,0.575369788120024,0.24754801884292,0.263145260842345,0.0700134525210003,0.0304779880110803,1.67662587550519
Mexico,Mexico,MX,2012,EFConsPerCap,2.93853150789751,0.581735329627398,0.232652240022263,0.265772454917209,0.0680812841327871,0.0361029741249629,1.75418722507289
Mexico,Mexico,MX,2013,EFConsPerCap,2.87905608664751,0.53647152028943,0.240009845091048,0.267166670391382,0.079365353385501,0.0360777547816185,1.71996494270853
Mexico,Mexico,MX,2014,EFConsPerCap,2.69369317393932,0.549690889876677,0.229369405861075,0.263534536982736,0.0911192320296764,0.0396607211019886,1.52031838808717
Mexico,Mexico,MX,2015,EFConsPerCap,2.64084163306579,0.531356298126502,0.22266802043561,0.264162441987823,0.103653943609638,0.0365828788580397,1.48241805004817
Mexico,Mexico,MX,2016,EFConsPerCap,2.65597218487486,0.5520084756031,0.226317583422555,0.270765159228986,0.106579908823343,0.0401454890914342,1.46015556870545
Mexico,Mexico,MX,2017,EFConsPerCap,2.7022782690432,0.548158185322923,0.221721283860747,0.286874408798191,0.105944794973862,0.0442577115230781,1.4953218845644
Mexico,Mexico,MX,2018,EFConsPerCap,2.65031532551694,0.548399871501919,0.214215810414613,0.281300602580576,0.101319340377284,0.0447555183577298,1.46032418228482
Mexico,Mexico,MX,2019,EFConsPerCap,2.61853660657211,0.537132049192849,0.20769492270408,0.281390605012396,0.0863883865618356,0.0438235843634174,1.46210705873753
Mexico,Mexico,MX,2020,EFConsPerCap,2.31580046475459,0.523259083780351,0.202648528624231,0.263462128503944,0.0789715814549398,0.0395008747324349,1.20795826765869
Mexico,Mexico,MX,2021,EFConsPerCap,2.54603234790935,0.566132780281001,0.205708877707228,0.28296531419785,0.0784337561632307,0.0410341420698529,1.37175747749019
Mexico,Mexico,MX,2022,EFConsPerCap,2.54665035718357,0.540429342123453,0.204458923441644,0.272318181255017,0.0832259860562991,0.0418486181193416,1.40436930618781
Mexico,Mexico,MX,2023,EFConsPerCap,2.62425362857738,0.545384896120484,0.206868893344317,0.262271321652257,0.0970458285775448,0.0418855533339987,1.47079713554877
Mexico,Mexico,MX,2024,EFConsPerCap,2.67192784879309,,,,,,
Mexico,Mexico,MX,2025,EFConsPerCap,2.64636759975056,,,,,,
Mongolia,Mongolia,MN,2010,EFConsPerCap,5.44614693365955,0.676980381130528,2.4962357595798,0.150902999854073,0.00276763821227539,0.00707684164465355,2.11218331323822
Mongolia,Mongolia,MN,2011,EFConsPerCap,6.01065652118499,0.679953517943075,2.8495377661988,0.158491403755365,0.00348881920797878,0.00792278990678803,2.31126222417299
Mongolia,Mongolia,MN,2012,EFConsPerCap,6.749351191986,0.702497037188722,3.39772006430106,0.169411667918963,0.00507135187509066,0.00853004570097945,2.46612102500118
Mongolia,Mongolia,MN,2013,EFConsPerCap,7.21707838903334,0.52168582564776,3.8547326495677,0.166132628689046,0.0041668137293619,0.00758978688078888,2.66277068451868
Mongolia,Mongolia,MN,2014,EFConsPerCap,7.28933965958403,0.5516626721583,4.16367177177645,0.163779274186888,0.00412942207271788,0.00950740704992732,2.39658911233975
Mongolia,Mongolia,MN,2015,EFConsPerCap,6.81914125031417,0.24116725502783,4.26938114587281,0.147799968595137,0.00262825195112877,0.00421364245653012,2.15395098641073
Mongolia,Mongolia,MN,2016,EFConsPerCap,7.07966974126759,0.509038685131032,4.47315740488884,0.152050902273641,0.00286137423618631,0.00799543171431215,1.93456594302358
Mongolia,Mongolia,MN,2017,EFConsPerCap,7.20633842787593,0.361378021114546,4.44253518823284,0.149947441884781,0.00308049580510016,0.00414326388321125,2.24525401695545
Mongolia,Mongolia,MN,2018,EFConsPerCap,7.60381505991906,0.591201077152861,4.31385683076917,0.15457514356344,0.0035691611649215,0.00758424561008811,2.53302860165858
Mongolia,Mongolia,MN,2019,EFConsPerCap,7.74771513195731,0.348655656651767,4.50640856869753,0.15339180040274,0.00498231511300147,0.0086412478749276,2.72563554321735
Mongolia,Mongolia,MN,2020,EFConsPerCap,7.53252873547703,0.422234653208509,4.6778829976619,0.160966330878474,0.00496676245987092,0.00840650581377974,2.2580714854545
Mongolia,Mongolia,MN,2021,EFConsPerCap,8.45620712849408,0.538998630674647,5.03157805992951,0.174857192419717,0.00780144762913636,0.0120109418076291,2.69096085603343
Mongolia,Mongolia,MN,2022,EFConsPerCap,8.42510017138092,0.342339960489141,5.06761519292591,0.182709947598571,0.00737169328517553,0.00846460654258965,2.81659877053953
Mongolia,Mongolia,MN,2023,EFConsPerCap,7.67199563759318,0.27865242898115,4.3590476925168,0.156183649695913,0.00656618009272352,0.00937458401747541,2.86217110228912
Mongolia,Mongolia,MN,2024,EFConsPerCap,7.61416063286411,,,,,,
Mongolia,Mongolia,MN,2025,EFConsPerCap,7.52699696810526,,,,,,
Mozambique,Mozambique,MZ,2010,EFConsPerCap,0.77887072553734,0.209486905605559,0.0271066991471469,0.321686590400815,0.0189483747410408,0.0180328612066641,0.183609294436114
Mozambique,Mozambique,MZ,2011,EFConsPerCap,0.792396282333568,0.21678288702165,0.0270868674880154,0.312303341528216,0.0259062968627541,0.0195585079238468,0.190758381509085
Mozambique,Mozambique,MZ,2012,EFConsPerCap,0.831915560267642,0.237080510267649,0.028447303688451,0.301930386222967,0.0265263172544202,0.022360586474895,0.21557045635926
Mozambique,Mozambique,MZ,2013,EFConsPerCap,0.825118615990417,0.184534302074936,0.0525555647132395,0.289884315395954,0.0265289446912856,0.0176557966218962,0.253959692493106
Mozambique,Mozambique,MZ,2014,EFConsPerCap,0.797049396145023,0.17027136655833,0.0574416911647929,0.286853864181867,0.0332928710834075,0.0190845228347333,0.230105080321892
Mozambique,Mozambique,MZ,2015,EFConsPerCap,0.796791562391515,0.194600000802533,0.0501386952795519,0.268593384240867,0.0349229027930198,0.019422205516962,0.229114373758582
Mozambique,Mozambique,MZ,2016,EFConsPerCap,0.681155447659631,0.183698630355278,0.05338352356814,0.263168646114335,0.0310029294731382,0.0202121339455619,0.129689584203178
Mozambique,Mozambique,MZ,2017,EFConsPerCap,0.764503067515143,0.218599155342104,0.0471138367495606,0.253012216039807,0.0301599042853242,0.0224361862124753,0.193181768885871
Mozambique,Mozambique,MZ,2018,EFConsPerCap,0.763366306359737,0.210524610179777,0.0508623562351578,0.254569141412567,0.0296654515050883,0.0241367585408409,0.193607988486307
Mozambique,Mozambique,MZ,2019,EFConsPerCap,0.808012032571492,0.218285691115319,0.0419374819549486,0.255945382856099,0.0388934096966881,0.0249009816915896,0.228049085256848
Mozambique,Mozambique,MZ,2020,EFConsPerCap,0.79324454792741,0.232151793255676,0.0412312216508453,0.251280124091079,0.0381660034157024,0.0236881607840656,0.206727244730041
Mozambique,Mozambique,MZ,2021,EFConsPerCap,0.80317794207678,0.245314593299024,0.04054349435915,0.234746080013962,0.0408117283963234,0.0280197110862694,0.213742334922051
Mozambique,Mozambique,MZ,2022,EFConsPerCap,0.774525826007197,0.205298098690357,0.0380920893068175,0.23357649548139,0.0408292992023909,0.0321129680412866,0.224616875284955
Mozambique,Mozambique,MZ,2023,EFConsPerCap,0.632847121279753,0.157171420325418,0.0349083030371009,0.233354898396151,0.0407596181695629,0.0265175673646319,0.140135313986888
Mozambique,Mozambique,MZ,2024,EFConsPerCap,0.605330420529532,,,,,,
Mozambique,Mozambique,MZ,2025,EFConsPerCap,0.587896733707271,,,,,,
Nepal,Nepal,NP,2010,EFConsPerCap,0.757037762650329,0.1781911376409,0.066318805764905,0.220066715078713,0.00252786904856072,0.100676036944402,0.189257198172848
Nepal,Nepal,NP,2011,EFConsPerCap,0.78443319728616,0.196697934862606,0.0757216231297321,0.219182931897826,0.00427769102061073,0.107160868178472,0.181392148196913
Nepal,Nepal,NP,2012,EFConsPerCap,0.784650058298207,0.210607027556746,0.0664059887407794,0.211603106611509,0.00445342296144302,0.109284312339419,0.182296200088311
Nepal,Nepal,NP,2013,EFConsPerCap,0.797400613940177,0.21000059041506,0.0591581848167479,0.210530120319018,0.00382266887247357,0.111723894268051,0.202165155248827
Nepal,Nepal,NP,2014,EFConsPerCap,0.827676179149653,0.22894478378325,0.0624288879378459,0.214863607785845,0.00493871618191297,0.11292840843006,0.20357177503074
Nepal,Nepal,NP,2015,EFConsPerCap,0.796662011270093,0.217403765502045,0.0558970591429634,0.212029276939266,0.0037192508809963,0.114030852453444,0.193581806351379
Nepal,Nepal,NP,2016,EFConsPerCap,0.924994612178204,0.234507551372655,0.0583532008448528,0.212215462837392,0.00435921248484098,0.115112801854001,0.300446382784462
Nepal,Nepal,NP,2017,EFConsPerCap,0.983507842598209,0.249885850300903,0.057593794085375,0.210410284990661,0.00386919808974805,0.12041069033141,0.341338024800111
Nepal,Nepal,NP,2018,EFConsPerCap,1.0315133883413,0.263753991531452,0.0553798202450789,0.204687627735887,0.0046148364302716,0.126791539560388,0.376285572838219
Nepal,Nepal,NP,2019,EFConsPerCap,0.988685839088986,0.264076379704667,0.0550657267578292,0.204369251893205,0.00459245866625663,0.128738739753187,0.33184328231384
Nepal,Nepal,NP,2020,EFConsPerCap,0.97665677576358,0.282306713345985,0.0524033688578105,0.196281372365852,0.00315718940455091,0.126749589310016,0.315758542479367
Nepal,Nepal,NP,2021,EFConsPerCap,1.03100993597267,0.27675228345243,0.0550571453120653,0.194080547747457,0.00271588379974671,0.125385085764324,0.377018989896646
Nepal,Nepal,NP,2022,EFConsPerCap,0.901921723262516,0.241169156299373,0.0540132917478331,0.18840875391125,0.00253524324230153,0.130159730439925,0.285635547621834
Nepal,Nepal,NP,2023,EFConsPerCap,0.874567944661409,0.223807710196587,0.0530566665022156,0.188870510825103,0.00301834490410991,0.134622551310586,0.271192160922807
Nepal,Nepal,NP,2024,EFConsPerCap,0.883497416383624,,,,,,
Nepal,Nepal,NP,2025,EFConsPerCap,0.88687415972003,,,,,,
Republic of North Macedonia,Macedonia,MK,2010,EFConsPerCap,3.22043617172407,,,,,,
Republic of North Macedonia,Macedonia,MK,2011,EFConsPerCap,3.50472547885055,,,,,,
Republic of North Macedonia,Macedonia,MK,2012,EFConsPerCap,3.55170943308196,,,,,,
Republic of North Macedonia,Macedonia,MK,2013,EFConsPerCap,3.37807383936441,,,,,,
Republic of North Macedonia,Macedonia,MK,2014,EFConsPerCap,3.43536465898742,,,,,,
Republic of North Macedonia,Macedonia,MK,2015,EFConsPerCap,3.42273053501602,,,,,,
Republic of North Macedonia,Macedonia,MK,2016,EFConsPerCap,3.40865992674477,,,,,,
Republic of North Macedonia,Macedonia,MK,2017,EFConsPerCap,3.34579953533721,,,,,,
Republic of North Macedonia,Macedonia,MK,2018,EFConsPerCap,3.45385269268457,,,,,,
Republic of North Macedonia,Macedonia,MK,2019,EFConsPerCap,3.54295445642279,,,,,,
Republic of North Macedonia,Macedonia,MK,2020,EFConsPerCap,3.33699960365824,,,,,,
Republic of North Macedonia,Macedonia,MK,2021,EFConsPerCap,3.50665345090681,,,,,,
Republic of North Macedonia,Macedonia,MK,2022,EFConsPerCap,3.43785623400097,,,,,,
Republic of North Macedonia,Macedonia,MK,2023,EFConsPerCap,3.21089635040859,,,,,,
Republic of North Macedonia,Macedonia,MK,2024,EFConsPerCap,3.15853966122364,,,,,,
Republic of North Macedonia,Macedonia,MK,2025,EFConsPerCap,3.38988364004621,,,,,,
Niger,Niger,NE,2010,EFConsPerCap,1.31523184421804,0.526783729966374,0.411408783601221,0.266005845709709,0.0185610475664311,0.00925639705595791,0.083216040318346
Niger,Niger,NE,2011,EFConsPerCap,1.46892618842537,0.610585476264981,0.491427240249583,0.260511557768709,0.0262988642641026,0.0102899116364617,0.0698131382415341
Niger,Niger,NE,2012,EFConsPerCap,1.31705422072699,0.477017349146879,0.481554016491315,0.255054276443123,0.0156933408429272,0.00811946523511139,0.0796157725676306
Niger,Niger,NE,2013,EFConsPerCap,1.38391624756264,0.553476169930642,0.480870043803149,0.25015445785754,0.0140873860320004,0.00937275406324288,0.0759554358760633
Niger,Niger,NE,2014,EFConsPerCap,1.45431177618013,0.631167111598362,0.467491252859994,0.245387012538967,0.0193848911635317,0.0115233981675255,0.0793581098517458
Niger,Niger,NE,2015,EFConsPerCap,1.47273951327765,0.675489740222922,0.452037081823866,0.24042457958527,0.0120795328635898,0.0131148785645196,0.0795937002174869
Niger,Niger,NE,2016,EFConsPerCap,1.42158298528571,0.650355622713538,0.439065806178807,0.235090673042897,0.0144851329651146,0.0131100338790216,0.0694757165063367
Niger,Niger,NE,2017,EFConsPerCap,1.35850692848058,0.617638150649439,0.423288200319026,0.231477818961224,0.00533212781791393,0.0131141540776573,0.0676564766553178
Niger,Niger,NE,2018,EFConsPerCap,1.39522293731157,0.672007753436976,0.404156514761993,0.226161119714766,0.00521869363026623,0.0146786246424665,0.0730002311251012
Niger,Niger,NE,2019,EFConsPerCap,1.37115936301094,0.660791131175185,0.379132142120584,0.224827807987288,0.00921129103093201,0.0147949462774807,0.0824020444194702
Niger,Niger,NE,2020,EFConsPerCap,1.40382590361236,0.69886530503406,0.382114328177564,0.222586220040223,0.00696955708834962,0.0160503861420247,0.0772401071301377
Niger,Niger,NE,2021,EFConsPerCap,1.18184232340436,0.496157376551649,0.369800349066672,0.217489804583223,0.00565094872828893,0.0127953584381535,0.0799484860363728
Niger,Niger,NE,2022,EFConsPerCap,1.37959446777101,0.69236396336381,0.358050026832149,0.213665912236519,0.00566599474242712,0.0192469920915731,0.09060157850453
Niger,Niger,NE,2023,EFConsPerCap,1.25912848976878,0.594836049624151,0.339028529160358,0.209282384550445,0.0125157873205224,0.0190122001328067,0.0844535389805018
Niger,Niger,NE,2024,EFConsPerCap,1.21239677955305,,,,,,
Niger,Niger,NE,2025,EFConsPerCap,1.17465608918499,,,,,,
Nigeria,Nigeria,NG,2010,EFConsPerCap,1.01456960832116,0.39738442570743,0.0840845764122913,0.196071102965089,0.080205031056717,0.0405438051876355,0.216280666991998
Nigeria,Nigeria,NG,2011,EFConsPerCap,0.978591822640934,0.340362240804891,0.0986962139850188,0.19443997395014,0.0878118488165435,0.0350775804930981,0.222203964591242
Nigeria,Nigeria,NG,2012,EFConsPerCap,0.926365948682463,0.369746662674788,0.0923913233971294,0.184177136936072,0.0622087043830358,0.0395000839272358,0.178342037364203
Nigeria,Nigeria,NG,2013,EFConsPerCap,0.937129147386421,0.340434099093994,0.0992244152512969,0.184189321532759,0.0508560211744066,0.0375949975463659,0.224830292787599
Nigeria,Nigeria,NG,2014,EFConsPerCap,0.910421726307525,0.326718256311073,0.0893971326304482,0.180829448090931,0.0576494491272937,0.0372803403024804,0.218547099845299
Nigeria,Nigeria,NG,2015,EFConsPerCap,0.859774432178717,0.309663456672429,0.0874749934893723,0.172147155952923,0.0497015960737655,0.0374772313199738,0.203309998670254
Nigeria,Nigeria,NG,2016,EFConsPerCap,0.86766381098507,0.320916566983576,0.0889990024276135,0.170140499488654,0.0404797099637074,0.0412488560918159,0.205879176029703
Nigeria,Nigeria,NG,2017,EFConsPerCap,0.846767066819036,0.318518748447838,0.0891464997155544,0.168501220108376,0.0364621477668447,0.041757444384555,0.192381006395868
Nigeria,Nigeria,NG,2018,EFConsPerCap,0.858310297489772,0.309783065602401,0.0887551121579392,0.163944888712282,0.0355262084229124,0.0416188449018294,0.218682177692408
Nigeria,Nigeria,NG,2019,EFConsPerCap,0.870899302926046,0.294108787485072,0.0870485949653477,0.163255812531733,0.0375643986104958,0.0400603818218046,0.248861327511593
Nigeria,Nigeria,NG,2020,EFConsPerCap,0.858785868226864,0.284964531698998,0.0864227108934819,0.16307388131649,0.0406884565906088,0.0389530387882657,0.24468324893902
Nigeria,Nigeria,NG,2021,EFConsPerCap,0.836527263413245,0.289162751567629,0.0873029618259993,0.157232721142544,0.0302910641414881,0.0413566226099148,0.231181142125669
Nigeria,Nigeria,NG,2022,EFConsPerCap,0.804145601713555,0.276135467446546,0.0864137145006147,0.154852092568787,0.0293641084001189,0.0416651526797354,0.215715066117753
Nigeria,Nigeria,NG,2023,EFConsPerCap,0.768837494796127,0.270097986763851,0.0851694046792778,0.15164936040103,0.0285132807456459,0.0423374266968572,0.191070035509465
Nigeria,Nigeria,NG,2024,EFConsPerCap,0.753132813008833,,,,,,
Nigeria,Nigeria,NG,2025,EFConsPerCap,0.73893968760151,,,,,,
Norway,Norway,NO,2010,EFConsPerCap,6.26090105272386,,,,,,
Norway,Norway,NO,2011,EFConsPerCap,5.29564099947243,,,,,,
Norway,Norway,NO,2012,EFConsPerCap,5.22544812304952,,,,,,
Norway,Norway,NO,2013,EFConsPerCap,5.42565664795691,,,,,,
Norway,Norway,NO,2014,EFConsPerCap,5.52011599797933,,,,,,
Norway,Norway,NO,2015,EFConsPerCap,5.03909568593241,,,,,,
Norway,Norway,NO,2016,EFConsPerCap,4.79030440148213,,,,,,
Norway,Norway,NO,2017,EFConsPerCap,5.13804317142406,,,,,,
Norway,Norway,NO,2018,EFConsPerCap,4.92927669706878,,,,,,
Norway,Norway,NO,2019,EFConsPerCap,5.20808235848888,,,,,,
Norway,Norway,NO,2020,EFConsPerCap,4.60842946213936,,,,,,
Norway,Norway,NO,2021,EFConsPerCap,4.0565413618669,,,,,,
Norway,Norway,NO,2022,EFConsPerCap,4.24788811145748,,,,,,
Norway,Norway,NO,2023,EFConsPerCap,4.37623537316551,,,,,,
Norway,Norway,NO,2024,EFConsPerCap,4.45637450756587,,,,,,
Norway,Norway,NO,2025,EFConsPerCap,4.4062611460049,,,,,,
Pakistan,Pakistan,PK,2010,EFConsPerCap,0.75724206376889,0.263489913841945,0.00485357193845604,0.0813855800480466,0.0287338333414782,0.0528958187553111,0.325883345843653
Pakistan,Pakistan,PK,2011,EFConsPerCap,0.760954284663009,0.280130520522948,0.00539258392556628,0.0796092739245137,0.0267717630723321,0.056302573750119,0.31274756946753
Pakistan,Pakistan,PK,2012,EFConsPerCap,0.740719154972924,0.268325124787477,0.00443461155752208,0.0772416417565795,0.0275494398679872,0.0531464193535834,0.310021917649774
Pakistan,Pakistan,PK,2013,EFConsPerCap,0.756030615809957,0.28371829517943,0.00427486932966112,0.0763253336260266,0.0279613795517363,0.0591871789274199,0.304563559195684
Pakistan,Pakistan,PK,2014,EFConsPerCap,0.770550542247007,0.28817174428306,0.00480674909630825,0.0764638056773317,0.0257807610326737,0.0619708193983785,0.313356662759255
Pakistan,Pakistan,PK,2015,EFConsPerCap,0.748625273908948,0.260607895857039,0.00467523341472432,0.0746366748976963,0.0290768108998676,0.0602801225013324,0.319348536338288
Pakistan,Pakistan,PK,2016,EFConsPerCap,0.799204870020941,0.283068736646329,0.00434712452707875,0.0756464552138706,0.0336802137362221,0.0623286837223169,0.340133656175124
Pakistan,Pakistan,PK,2017,EFConsPerCap,0.864493203178241,0.302521544123663,0.00426852781888894,0.0749129037486692,0.0284752699750814,0.0665140512959105,0.387800906216028
Pakistan,Pakistan,PK,2018,EFConsPerCap,0.807379814806246,0.284438792987763,0.00407460372500361,0.0754181328913595,0.0202831034418541,0.0637660992538178,0.359399082506448
Pakistan,Pakistan,PK,2019,EFConsPerCap,0.756763968438504,0.268599309115531,0.00398795950633292,0.0717628491592928,0.0152772243409935,0.0650503430020308,0.332086283314324
Pakistan,Pakistan,PK,2020,EFConsPerCap,0.81940027224055,0.308850128427202,0.00351180357556404,0.0705366048079191,0.0179032446551561,0.0694466220802241,0.349151868694484
Pakistan,Pakistan,PK,2021,EFConsPerCap,0.851341529752113,0.307170638335073,0.00362287426915541,0.0672331280362684,0.0159676055490007,0.0774276685946159,0.379919614968
Pakistan,Pakistan,PK,2022,EFConsPerCap,0.728053294147929,0.258646730340141,0.00444459597386041,0.0656485608043937,0.0144658674731838,0.0706175050662495,0.3142300344901
Pakistan,Pakistan,PK,2023,EFConsPerCap,0.7333123874381,0.285571411811327,0.00399088334167299,0.0644839650293414,0.0138262853139112,0.0827940924756224,0.282645749466225
Pakistan,Pakistan,PK,2024,EFConsPerCap,0.731911839839042,,,,,,
Pakistan,Pakistan,PK,2025,EFConsPerCap,0.722376992467712,,,,,,
Czech Republic,Czechia,CZ,2010,EFConsPerCap,6.08019307379252,0.873990118538145,0.310833206932172,0.948521382070432,0.0375790455492223,0.107599318266819,3.80167000243573
Czech Republic,Czechia,CZ,2011,EFConsPerCap,6.07433365366968,1.02681975186888,0.291447691729832,0.874477877427577,0.0341332387478576,0.122330529292363,3.72512456460317
Czech Republic,Czechia,CZ,2012,EFConsPerCap,5.45259084943578,0.773110258137264,0.267269497813321,0.844373232128586,0.0332680384650817,0.102415101536066,3.43215472135546
Czech Republic,Czechia,CZ,2013,EFConsPerCap,5.61376375399233,0.950618259607049,0.29513246375584,0.853500944967974,0.0336922934449963,0.120088081533402,3.36073171068306
Czech Republic,Czechia,CZ,2014,EFConsPerCap,5.70069904281951,1.09742152918135,0.306908837307794,0.845052693597414,0.0358979742586322,0.137848054176579,3.27756995429774
Czech Republic,Czechia,CZ,2015,EFConsPerCap,5.67693914985117,0.989666739077166,0.328015296619046,0.960616078240656,0.0373078714559859,0.128733900780027,3.23259926367829
Czech Republic,Czechia,CZ,2016,EFConsPerCap,5.71941561396941,1.04854828460517,0.348415988208899,0.964983144136628,0.0372384616983441,0.134216053241158,3.18601368207921
Czech Republic,Czechia,CZ,2017,EFConsPerCap,5.70678516687409,0.88381658960877,0.336644648336897,0.978915969620569,0.0363094485834551,0.117218844843672,3.35387966588073
Czech Republic,Czechia,CZ,2018,EFConsPerCap,6.05989397981099,0.96946926764268,0.316587796851299,1.11438796316752,0.0379834068193468,0.119157521162771,3.50230802416738
Czech Republic,Czechia,CZ,2019,EFConsPerCap,5.71718434184024,0.983965438011495,0.309983899768315,1.07417433137818,0.041004079309004,0.11944256648428,3.18861402688897
Czech Republic,Czechia,CZ,2020,EFConsPerCap,5.02472012143365,1.02296513312699,0.288125307881762,0.81198437137881,0.0406115850126514,0.128954626349912,2.73207909768352
Czech Republic,Czechia,CZ,2021,EFConsPerCap,5.64614454719466,0.995390893620723,0.318612806028716,1.23208085577392,0.0418324176785898,0.130161887905708,2.92806568618701
Czech Republic,Czechia,CZ,2022,EFConsPerCap,5.52573913705259,1.00220348337427,0.315591855663761,1.08334129073481,0.0457073448711862,0.126351550584301,2.95254361182426
Czech Republic,Czechia,CZ,2023,EFConsPerCap,5.0678731800593,1.03201554707944,0.295745212778559,0.891321096190191,0.0477323355823901,0.126619651188002,2.67443933724072
Czech Republic,Czechia,CZ,2024,EFConsPerCap,5.01546466316671,,,,,,
Czech Republic,Czechia,CZ,2025,EFConsPerCap,5.05467603489495,,,,,,
Paraguay,Paraguay,PY,2010,EFConsPerCap,3.31042610437461,,,,,,
Paraguay,Paraguay,PY,2011,EFConsPerCap,3.63418759097441,,,,,,
Paraguay,Paraguay,PY,2012,EFConsPerCap,3.04491254462233,,,,,,
Paraguay,Paraguay,PY,2013,EFConsPerCap,3.48731417349241,,,,,,
Paraguay,Paraguay,PY,2014,EFConsPerCap,3.04680573683918,,,,,,
Paraguay,Paraguay,PY,2015,EFConsPerCap,2.80647366752465,,,,,,
Paraguay,Paraguay,PY,2016,EFConsPerCap,2.77958115543489,,,,,,
Paraguay,Paraguay,PY,2017,EFConsPerCap,3.16098200051544,,,,,,
Paraguay,Paraguay,PY,2018,EFConsPerCap,3.18808116987345,,,,,,
Paraguay,Paraguay,PY,2019,EFConsPerCap,2.79004915127492,,,,,,
Paraguay,Paraguay,PY,2020,EFConsPerCap,2.98290767452255,,,,,,
Paraguay,Paraguay,PY,2021,EFConsPerCap,2.76478510853931,,,,,,
Paraguay,Paraguay,PY,2022,EFConsPerCap,2.21375462406456,,,,,,
Paraguay,Paraguay,PY,2023,EFConsPerCap,2.43897140058886,,,,,,
Paraguay,Paraguay,PY,2024,EFConsPerCap,2.40330093661982,,,,,,
Paraguay,Paraguay,PY,2025,EFConsPerCap,2.37454911637675,,,,,,
Peru,Peru,PE,2010,EFConsPerCap,2.1414784968962,0.533489100558428,0.509318451038834,0.181455905025414,0.262920787225189,0.023742928430342,0.630551324617991
Peru,Peru,PE,2011,EFConsPerCap,2.29094767511052,0.534202034237744,0.501610303831566,0.188465276552482,0.380090573844978,0.0239127276101017,0.662666759033653
Peru,Peru,PE,2012,EFConsPerCap,2.24390759637364,0.553426101365529,0.504739776737845,0.186551788992388,0.282223831080767,0.0253433354427199,0.691622762754396
Peru,Peru,PE,2013,EFConsPerCap,2.32282231440629,0.529887769252411,0.491601549929923,0.185090066519305,0.388385805604732,0.0257240627453829,0.70213306035454
Peru,Peru,PE,2014,EFConsPerCap,2.27359882163722,0.561195416639329,0.476252733934666,0.187007012936259,0.337809322629927,0.0258605687905163,0.685473766706523
Peru,Peru,PE,2015,EFConsPerCap,2.41060264043757,0.589767683282327,0.462454111063057,0.183699062856026,0.434930277473932,0.0247783843887343,0.714973121373499
Peru,Peru,PE,2016,EFConsPerCap,2.25323968684608,0.572516024228363,0.454512802276051,0.182047281861113,0.333804714992917,0.0261051831217732,0.684253680365868
Peru,Peru,PE,2017,EFConsPerCap,2.21271634880787,0.604714488114131,0.455964184885721,0.163899234679409,0.295475706123055,0.0254641419858413,0.667198593019716
Peru,Peru,PE,2018,EFConsPerCap,2.33007547924116,0.622218631748987,0.435941887558454,0.168140999574884,0.399176679727355,0.0262888855786714,0.678308395052808
Peru,Peru,PE,2019,EFConsPerCap,2.27333157476199,0.600887511947892,0.435589748714949,0.178013906435546,0.340998111097461,0.0274040712080703,0.690438225358073
Peru,Peru,PE,2020,EFConsPerCap,2.27926207071781,0.65017208183463,0.452970941404191,0.149569761214578,0.403058305438696,0.0254508595514861,0.598040121274231
Peru,Peru,PE,2021,EFConsPerCap,2.41024888029452,0.689248158876543,0.446970873592292,0.162863644746074,0.382529198040122,0.0247962713796063,0.703840733659887
Peru,Peru,PE,2022,EFConsPerCap,2.35683166476151,0.630674179410737,0.44086536593633,0.168166889803106,0.341928939926609,0.0275139774701778,0.747682312214551
Peru,Peru,PE,2023,EFConsPerCap,2.36676072099175,0.623253165066359,0.434259808549593,0.160953415260358,0.3875803659965,0.0270412511263761,0.733672714992561
Peru,Peru,PE,2024,EFConsPerCap,2.34359133726862,,,,,,
Peru,Peru,PE,2025,EFConsPerCap,2.31877288732967,,,,,,
Philippines,Philippines,PH,2010,EFConsPerCap,1.2121977474367,0.243261441864774,0.0332673545958077,0.0893514406858962,0.276726024941802,0.0879633522305151,0.481628133117909
Philippines,Philippines,PH,2011,EFConsPerCap,1.15268806294001,0.248979342426467,0.0302116312049212,0.0923609914987494,0.228175026562964,0.0906288277388482,0.462332243508061
Philippines,Philippines,PH,2012,EFConsPerCap,1.16387906358424,0.253030302679224,0.0289449176324531,0.0944390696214177,0.231821277765814,0.090588983947786,0.465054511937544
Philippines,Philippines,PH,2013,EFConsPerCap,1.12430319860565,0.222295180095715,0.0262547042175887,0.0991654719807804,0.21924572113001,0.0918817102008825,0.465460410980671
Philippines,Philippines,PH,2014,EFConsPerCap,1.212600955354,0.247695069028668,0.0312513665449188,0.0996116115745548,0.233527702427754,0.095616747938728,0.50489845783938
Philippines,Philippines,PH,2015,EFConsPerCap,1.25834334731735,0.254092607675986,0.0303302356714743,0.099062988390669,0.226420106240764,0.0958974353041233,0.55253997403433
Philippines,Philippines,PH,2016,EFConsPerCap,1.27025554697449,0.268018767067849,0.0353458998110935,0.107466444555258,0.212215933340833,0.0944560515266284,0.55275245067283
Philippines,Philippines,PH,2017,EFConsPerCap,1.2683041708461,0.278476841173361,0.0373379147868767,0.105592155356754,0.195199604269519,0.0997052473524189,0.551992407907174
Philippines,Philippines,PH,2018,EFConsPerCap,1.33244780100728,0.298940522011994,0.0388492587105159,0.109316513481636,0.178825914796151,0.0967469121593281,0.60976867984765
Philippines,Philippines,PH,2019,EFConsPerCap,1.33843601110562,0.314510097178875,0.0397428018056521,0.105121202595541,0.184708799499354,0.0992279925299891,0.59512511749621
Philippines,Philippines,PH,2020,EFConsPerCap,1.18718452052861,0.283269843174185,0.0356454045666392,0.102338041312364,0.183177752149621,0.100539518669778,0.482213960656019
Philippines,Philippines,PH,2021,EFConsPerCap,1.28334353135673,0.308557152734564,0.0438955919651804,0.105324120530754,0.180691017396445,0.10085264430019,0.544023004429593
Philippines,Philippines,PH,2022,EFConsPerCap,1.30398014761528,0.297065237240185,0.0468692820155319,0.100680972214447,0.173607696155679,0.100130718388498,0.585626241600937
Philippines,Philippines,PH,2023,EFConsPerCap,1.45363194779263,0.317513081800903,0.0387540227861858,0.0967586562841301,0.171126225794127,0.0998971633665013,0.729582797760778
Philippines,Philippines,PH,2024,EFConsPerCap,1.37960148278625,,,,,,
Philippines,Philippines,PH,2025,EFConsPerCap,1.37034479593307,,,,,,
Poland,Poland,PL,2010,EFConsPerCap,4.68671357043919,0.866674990208711,0.0462951354137067,0.746764702806685,0.0766283414908013,0.0893569173923537,2.86099348312693
Poland,Poland,PL,2011,EFConsPerCap,4.6595904332782,0.840808733704666,0.0494413879487019,0.814334624254415,0.0630232629336152,0.0824909182850911,2.80949150615171
Poland,Poland,PL,2012,EFConsPerCap,4.46791309899146,0.837885736303036,0.0496487720003525,0.812841652580965,0.0752417644933313,0.087793632556783,2.60450154105699
Poland,Poland,PL,2013,EFConsPerCap,4.29581619092095,0.764281011329915,0.0520665896250241,0.794712865362555,0.0804753580481885,0.0891449621055801,2.51513540444969
Poland,Poland,PL,2014,EFConsPerCap,4.37154268914721,0.871316092281355,0.0392382710662243,0.856396508435785,0.0840017240691049,0.100909230052215,2.41968086324253
Poland,Poland,PL,2015,EFConsPerCap,4.11640614419764,0.691920525532694,0.0343828873976365,0.876091341243976,0.0698406140131416,0.0908303320018641,2.35334044400833
Poland,Poland,PL,2016,EFConsPerCap,4.33609379159512,0.773002808413285,0.038884966214682,0.908516719832384,0.0716388207778058,0.0943625351621111,2.44968794119485
Poland,Poland,PL,2017,EFConsPerCap,4.69100029657201,0.845852836050776,0.0267810082192237,0.952514749102604,0.0744331274268747,0.100979005913226,2.69043956985931
Poland,Poland,PL,2018,EFConsPerCap,4.62703283107729,0.714239558770783,0.0269682685113149,0.938957468707345,0.0692083436401494,0.0842719266852892,2.79338726476241
Poland,Poland,PL,2019,EFConsPerCap,4.42943549670643,0.713461347234709,0.0307745487904663,0.927458544989358,0.0664573653896783,0.0868647598394297,2.60441893046278
Poland,Poland,PL,2020,EFConsPerCap,4.52170983131087,0.953429973444741,0.0278063948896527,0.926765676609962,0.0627250612842013,0.106148304717416,2.44483442036489
Poland,Poland,PL,2021,EFConsPerCap,4.94001374150223,0.921568840953927,0.0322962173699289,0.999982003934485,0.0640257582529226,0.10597666446606,2.8161642565249
Poland,Poland,PL,2022,EFConsPerCap,4.82358447008362,0.984639928208001,0.039013489938826,0.990842933087132,0.0639278782947151,0.104944167884527,2.64021607267042
Poland,Poland,PL,2023,EFConsPerCap,4.34179132847664,0.854539693551236,0.031383035745373,0.891792066448453,0.0647050058480204,0.107119216888779,2.39225230999478
Poland,Poland,PL,2024,EFConsPerCap,4.30755501437669,,,,,,
Poland,Poland,PL,2025,EFConsPerCap,4.3359644082455,,,,,,
Portugal,Portugal,PT,2010,EFConsPerCap,4.43049527229254,0.834228033584019,0.361037510944283,0.404460087044922,0.375777358120071,0.0460292556711068,2.40896302692814
Portugal,Portugal,PT,2011,EFConsPerCap,4.07488213155573,0.801088467996986,0.332985572372153,0.280847197242703,0.359495035313477,0.0452028879746874,2.25526297065572
Portugal,Portugal,PT,2012,EFConsPerCap,3.71841003330654,0.788945599286305,0.321647952862685,0.195859470356595,0.335686083486289,0.0449620267348993,2.03130890057976
Portugal,Portugal,PT,2013,EFConsPerCap,3.69740562450024,0.809023284878696,0.34514215348171,0.230415766514408,0.342566682114113,0.0516186198641234,1.91863911764719
Portugal,Portugal,PT,2014,EFConsPerCap,3.77776138451725,0.778376762394572,0.363341075262083,0.315802834759634,0.347112212340481,0.0525440327882509,1.92058446697223
Portugal,Portugal,PT,2015,EFConsPerCap,4.0126389608116,0.861064382718732,0.349795552269,0.378602507544999,0.338505336130508,0.0583802941766013,2.02629088797176
Portugal,Portugal,PT,2016,EFConsPerCap,3.91189618581805,0.754751591090987,0.356146037159586,0.427340282950836,0.383050914654601,0.0516856450335195,1.93892171492852
Portugal,Portugal,PT,2017,EFConsPerCap,4.37157782011631,0.857164447631861,0.374252306819776,0.490903525378101,0.386772003460915,0.0655504920779528,2.19693504474771
Portugal,Portugal,PT,2018,EFConsPerCap,4.34494168819766,0.781622743355951,0.402500543206591,0.480626591953867,0.384179027023627,0.0601750606578404,2.23583772199979
Portugal,Portugal,PT,2019,EFConsPerCap,4.39159164920016,0.887381781687732,0.425907983139662,0.467184441726075,0.37444752496547,0.0686498907694938,2.16802002691173
Portugal,Portugal,PT,2020,EFConsPerCap,3.78654211300842,0.805295538011728,0.391939447745372,0.357147903352071,0.355458047052165,0.0623631860677762,1.81433799077931
Portugal,Portugal,PT,2021,EFConsPerCap,4.1441601265762,0.904016548703457,0.403690745601089,0.508397522606788,0.325651543491202,0.07834229265191,1.92406147352175
Portugal,Portugal,PT,2022,EFConsPerCap,4.26534858196047,0.754856990485328,0.420932170611696,0.602617460217734,0.331627826074903,0.0629727424454257,2.09234139212539
Portugal,Portugal,PT,2023,EFConsPerCap,4.41988814983364,0.92242188376314,0.441706933261978,0.559800389284135,0.333435255649904,0.0791850309452663,2.08333865692922
Portugal,Portugal,PT,2024,EFConsPerCap,4.2582629381224,,,,,,
Portugal,Portugal,PT,2025,EFConsPerCap,4.26065018517408,,,,,,
Timor-Leste,Timor-Leste,TL,2010,EFConsPerCap,0.272142477354347,,,,,,
Timor-Leste,Timor-Leste,TL,2011,EFConsPerCap,0.301356861292612,,,,,,
Timor-Leste,Timor-Leste,TL,2012,EFConsPerCap,0.439615696272407,,,,,,
Timor-Leste,Timor-Leste,TL,2013,EFConsPerCap,0.53077765611766,,,,,,
Timor-Leste,Timor-Leste,TL,2014,EFConsPerCap,0.728559381252213,,,,,,
Timor-Leste,Timor-Leste,TL,2015,EFConsPerCap,0.505273492947542,,,,,,
Timor-Leste,Timor-Leste,TL,2016,EFConsPerCap,0.601861937629892,,,,,,
Timor-Leste,Timor-Leste,TL,2017,EFConsPerCap,0.623213493329058,,,,,,
Timor-Leste,Timor-Leste,TL,2018,EFConsPerCap,0.570204732687937,,,,,,
Timor-Leste,Timor-Leste,TL,2019,EFConsPerCap,0.692147023066738,,,,,,
Timor-Leste,Timor-Leste,TL,2020,EFConsPerCap,0.799538702500247,,,,,,
Timor-Leste,Timor-Leste,TL,2021,EFConsPerCap,0.825036023176814,,,,,,
Timor-Leste,Timor-Leste,TL,2022,EFConsPerCap,0.934688642724493,,,,,,
Timor-Leste,Timor-Leste,TL,2023,EFConsPerCap,0.917332325268704,,,,,,
Timor-Leste,Timor-Leste,TL,2024,EFConsPerCap,0.904396231927056,,,,,,
Timor-Leste,Timor-Leste,TL,2025,EFConsPerCap,0.893392961169865,,,,,,
Eritrea,Eritrea,ER,2010,EFConsPerCap,0.837675201686659,0.199831042176661,0.38411705891474,0.124922570373242,0.023291607819827,0.00931324099210625,0.0961996814100829
Eritrea,Eritrea,ER,2011,EFConsPerCap,0.861439583937904,0.227328581748727,0.376399520351515,0.1294918758042,0.0266741902329627,0.0105946059829148,0.0909508098175847
Eritrea,Eritrea,ER,2012,EFConsPerCap,0.835799624662732,0.19498627454823,0.369422751636117,0.131576074202356,0.0324389114688389,0.0114907553089204,0.0958848574982698
Eritrea,Eritrea,ER,2013,EFConsPerCap,0.830523266029347,0.190939568681755,0.364512340413429,0.13456975463215,0.0288941258401493,0.0121367117987046,0.0994707646631582
Eritrea,Eritrea,ER,2014,EFConsPerCap,0.810726899711352,0.181826019797395,0.36223768526497,0.133295188516767,0.0272717888444444,0.0123495744619053,0.0937466428258701
Eritrea,Eritrea,ER,2015,EFConsPerCap,0.822672094079993,0.185389809136089,0.360227364339182,0.130994119489682,0.0376913574048228,0.0123112318602603,0.0960582118499567
Eritrea,Eritrea,ER,2016,EFConsPerCap,0.793638244981835,0.172874642136608,0.359091483701746,0.129724758725285,0.0235595448556397,0.01303862905592,0.0953491865066361
Eritrea,Eritrea,ER,2017,EFConsPerCap,0.818193753468013,0.196553959804968,0.355975620032904,0.129196803709855,0.0313618877362758,0.0133409123878066,0.091764569796204
Eritrea,Eritrea,ER,2018,EFConsPerCap,0.835089600586152,0.202595247873015,0.350082776577124,0.128690305784892,0.0391255008038176,0.0138214999383077,0.100774269608996
Eritrea,Eritrea,ER,2019,EFConsPerCap,0.841380077973654,0.224648755633902,0.344724707467726,0.124944647320383,0.0325352932265778,0.0140542268687216,0.100472447456343
Eritrea,Eritrea,ER,2020,EFConsPerCap,0.775240927557261,0.19527137594687,0.33974203656153,0.12544856145568,0.0182316139691035,0.0143345286232396,0.0822128110008376
Eritrea,Eritrea,ER,2021,EFConsPerCap,0.768869221019263,0.19941841637968,0.33359139120725,0.12001970653789,0.0123472280092605,0.0148402412387888,0.088652237646394
Eritrea,Eritrea,ER,2022,EFConsPerCap,0.748433054598465,0.174543864720236,0.327038938540505,0.117649341439862,0.0183276545042865,0.0146603219657736,0.0962129334278019
Eritrea,Eritrea,ER,2023,EFConsPerCap,0.738256898255384,0.169007943549963,0.322591895905762,0.115590817327135,0.0199754663829267,0.0151876155433102,0.0959031595462873
Eritrea,Eritrea,ER,2024,EFConsPerCap,0.727598776418197,,,,,,
Eritrea,Eritrea,ER,2025,EFConsPerCap,0.713576258059305,,,,,,
Qatar,Qatar,QA,2010,EFConsPerCap,16.0208261956288,,,,,,
Qatar,Qatar,QA,2011,EFConsPerCap,13.6363080308417,,,,,,
Qatar,Qatar,QA,2012,EFConsPerCap,15.6458800836605,,,,,,
Qatar,Qatar,QA,2013,EFConsPerCap,14.890804084099,,,,,,
Qatar,Qatar,QA,2014,EFConsPerCap,16.129843051306,,,,,,
Qatar,Qatar,QA,2015,EFConsPerCap,15.3507479955907,,,,,,
Qatar,Qatar,QA,2016,EFConsPerCap,14.2649811959002,,,,,,
Qatar,Qatar,QA,2017,EFConsPerCap,13.7725901501088,,,,,,
Qatar,Qatar,QA,2018,EFConsPerCap,13.3430317493858,,,,,,
Qatar,Qatar,QA,2019,EFConsPerCap,13.2644381433769,,,,,,
Qatar,Qatar,QA,2020,EFConsPerCap,12.4777137059767,,,,,,
Qatar,Qatar,QA,2021,EFConsPerCap,11.9817308970986,,,,,,
Qatar,Qatar,QA,2022,EFConsPerCap,13.2142082181938,,,,,,
Qatar,Qatar,QA,2023,EFConsPerCap,12.0554225252542,,,,,,
Qatar,Qatar,QA,2024,EFConsPerCap,11.9936135850103,,,,,,
Qatar,Qatar,QA,2025,EFConsPerCap,11.7320771432717,,,,,,
Zimbabwe,Zimbabwe,ZW,2010,EFConsPerCap,1.27558791529936,,,,,,
Zimbabwe,Zimbabwe,ZW,2011,EFConsPerCap,1.43329338567397,,,,,,
Zimbabwe,Zimbabwe,ZW,2012,EFConsPerCap,1.25059165143917,,,,,,
Zimbabwe,Zimbabwe,ZW,2013,EFConsPerCap,1.25980313691766,,,,,,
Zimbabwe,Zimbabwe,ZW,2014,EFConsPerCap,1.21209981378886,,,,,,
Zimbabwe,Zimbabwe,ZW,2015,EFConsPerCap,1.2022236438355,,,,,,
Zimbabwe,Zimbabwe,ZW,2016,EFConsPerCap,1.19151776695247,,,,,,
Zimbabwe,Zimbabwe,ZW,2017,EFConsPerCap,1.18228365700793,,,,,,
Zimbabwe,Zimbabwe,ZW,2018,EFConsPerCap,1.24753766123684,,,,,,
Zimbabwe,Zimbabwe,ZW,2019,EFConsPerCap,1.12082054853997,,,,,,
Zimbabwe,Zimbabwe,ZW,2020,EFConsPerCap,1.22096353922388,,,,,,
Zimbabwe,Zimbabwe,ZW,2021,EFConsPerCap,1.27413913963337,,,,,,
Zimbabwe,Zimbabwe,ZW,2022,EFConsPerCap,1.24019241592073,,,,,,
Zimbabwe,Zimbabwe,ZW,2023,EFConsPerCap,1.30271196658116,,,,,,
Zimbabwe,Zimbabwe,ZW,2024,EFConsPerCap,1.26701878127291,,,,,,
Zimbabwe,Zimbabwe,ZW,2025,EFConsPerCap,1.24179479557709,,,,,,
Romania,Romania,RO,2010,EFConsPerCap,2.6981665758449,0.728630646010263,0.123227860603328,0.357139315078328,0.0341461211962016,0.0468300932112149,1.40819253974557
Romania,Romania,RO,2011,EFConsPerCap,2.85972644715767,0.86733863609533,0.0830879005623339,0.32261268900023,0.025109176329099,0.0563410206958154,1.50523702447487
Romania,Romania,RO,2012,EFConsPerCap,2.59446890834761,0.477427768914828,0.0903887169388262,0.438642418524325,0.0291066959408352,0.0389542464425592,1.51994906158623
Romania,Romania,RO,2013,EFConsPerCap,2.6147697870929,0.679945457166971,0.116869083048656,0.403355450543442,0.030209545389266,0.0587640081163309,1.32562624282823
Romania,Romania,RO,2014,EFConsPerCap,2.63523101328295,0.721106411706393,0.112381275834735,0.43555409186472,0.0361481645207547,0.0625776001717497,1.2674634691846
Romania,Romania,RO,2015,EFConsPerCap,2.74228451673104,0.601549479619298,0.146700717443617,0.496000558725142,0.0381096151108857,0.0565571068140995,1.403367039018
Romania,Romania,RO,2016,EFConsPerCap,2.94445790603253,0.711323563655497,0.144909611083667,0.551876065443849,0.0398621816115068,0.0644430972346747,1.43204338700334
Romania,Romania,RO,2017,EFConsPerCap,3.38328391205481,1.05662588668443,0.106055570239957,0.522701693407369,0.041626469838979,0.0819671483593682,1.57430714352471
Romania,Romania,RO,2018,EFConsPerCap,3.58784711675927,1.1721936971598,0.0677147947169811,0.573924406599162,0.0411132494428185,0.0877138813983092,1.6451870874422
Romania,Romania,RO,2019,EFConsPerCap,3.4596602230927,1.045885850923,0.113493892503468,0.537536725279287,0.0397905194168029,0.0803406378342742,1.64261259713588
Romania,Romania,RO,2020,EFConsPerCap,2.97327645174228,0.553047873423931,0.168379111963288,0.614657943574021,0.0399296856819415,0.0555272158646045,1.5417346212345
Romania,Romania,RO,2021,EFConsPerCap,3.65455254846466,0.987212950350943,0.135408586060696,0.641731646078139,0.042568475643501,0.0816992230259224,1.76593166730546
Romania,Romania,RO,2022,EFConsPerCap,3.26921276540138,0.618933048445289,0.147869235858869,0.631385354910311,0.0447858584038055,0.0629692030320706,1.76327006475103
Romania,Romania,RO,2023,EFConsPerCap,3.05070246509773,0.502748018131925,0.154452709401969,0.639640076556518,0.0468525985546939,0.0689920499770426,1.63801701247558
Romania,Romania,RO,2024,EFConsPerCap,3.03860652065638,,,,,,
Romania,Romania,RO,2025,EFConsPerCap,3.04991484953071,,,,,,
Rwanda,Rwanda,RW,2010,EFConsPerCap,0.800693019494245,0.23883184353073,0.0590792649324741,0.276014745252596,0.00622062331010898,0.145633158154463,0.0749133843138732
Rwanda,Rwanda,RW,2011,EFConsPerCap,0.816877630796017,0.245426147147377,0.0564370047888656,0.270088520142571,0.00938524311022208,0.153558075378814,0.0819826402281678
Rwanda,Rwanda,RW,2012,EFConsPerCap,0.81298449599397,0.246048599199682,0.0537403303666338,0.262571058191611,0.01051728027642,0.159081523550142,0.0810257044094818
Rwanda,Rwanda,RW,2013,EFConsPerCap,0.79710481721227,0.228215338882567,0.0384149877604353,0.255714295175776,0.0102973945968066,0.166230549527733,0.0982322512689531
Rwanda,Rwanda,RW,2014,EFConsPerCap,0.733775556579378,0.193905453150547,0.0454288792964177,0.249624612244516,0.0117348927421613,0.132269433577174,0.100812285568563
Rwanda,Rwanda,RW,2015,EFConsPerCap,0.761014504264957,0.20574856347731,0.0467253375691253,0.243750429915519,0.0124502083493542,0.134706019170472,0.117633945783177
Rwanda,Rwanda,RW,2016,EFConsPerCap,0.77939231108274,0.220346654728268,0.0446473875794086,0.237957923637578,0.014654281504715,0.139062446423022,0.122723617209749
Rwanda,Rwanda,RW,2017,EFConsPerCap,0.814145373570478,0.241772910443369,0.0450240727581872,0.232036577103319,0.0151682769153342,0.157432865172964,0.122710671177305
Rwanda,Rwanda,RW,2018,EFConsPerCap,0.84007391624459,0.249834857361482,0.0437425350155243,0.227013678278024,0.0143290269286204,0.178842840786182,0.126310977874757
Rwanda,Rwanda,RW,2019,EFConsPerCap,0.821650385835645,0.231001626827844,0.0430426361764164,0.224281722953137,0.0131245350302911,0.182270561737967,0.12792930310999
Rwanda,Rwanda,RW,2020,EFConsPerCap,0.806062488326065,0.232847024457443,0.0416777971743195,0.219949101442408,0.0129527844090772,0.168119384192101,0.130516396650717
Rwanda,Rwanda,RW,2021,EFConsPerCap,0.820952799849775,0.238720816051926,0.0392687939815652,0.214628551852201,0.0220855569024342,0.178002394144376,0.128246686917273
Rwanda,Rwanda,RW,2022,EFConsPerCap,0.858299051001021,0.240895630918021,0.0384088031765614,0.214069721052517,0.0290224182856058,0.173177473140057,0.162725004428259
Rwanda,Rwanda,RW,2023,EFConsPerCap,0.84834719079547,0.224829929170743,0.0388522503110536,0.202724621276499,0.0270337792935139,0.177737412825577,0.177169197918083
Rwanda,Rwanda,RW,2024,EFConsPerCap,0.829599976202551,,,,,,
Rwanda,Rwanda,RW,2025,EFConsPerCap,0.814097726367941,,,,,,
Russian Federation,Russia,RU,2010,EFConsPerCap,4.96296072451788,0.744875644773417,0.135302756999903,0.57052319462747,0.249539201969473,0.0320693602570215,3.2306505658906
Russian Federation,Russia,RU,2011,EFConsPerCap,5.4688187173325,0.91485460530939,0.130908778759066,0.637323381267457,0.261564630987881,0.0470517834919665,3.47711553751674
Russian Federation,Russia,RU,2012,EFConsPerCap,5.15386583930995,0.602349443865917,0.149468172528579,0.657291405371062,0.263501713946353,0.0370266115425888,3.44422849205545
Russian Federation,Russia,RU,2013,EFConsPerCap,5.25473077394454,0.842189631150939,0.143892956621195,0.658760955783596,0.27656336809845,0.0451149131808806,3.28820894910947
Russian Federation,Russia,RU,2014,EFConsPerCap,5.04994193831735,0.788327033234563,0.136692919906654,0.674301986048019,0.270705834433641,0.0492744866413918,3.13063967805309
Russian Federation,Russia,RU,2015,EFConsPerCap,4.6457791034728,0.732992683373146,0.100741850644251,0.663145454408895,0.235843762188744,0.0496695780793832,2.86338577477838
Russian Federation,Russia,RU,2016,EFConsPerCap,4.62663433964638,0.831891781676577,0.0906902821514341,0.675364510290993,0.246501253482731,0.0557974864733854,2.72638902557126
Russian Federation,Russia,RU,2017,EFConsPerCap,4.83156548402328,0.88601820794476,0.0912948332868348,0.651382318104535,0.229195903410555,0.0609643296868293,2.91270989158976
Russian Federation,Russia,RU,2018,EFConsPerCap,4.78766913307448,0.621367653865753,0.089086194661623,0.745654657043925,0.246974066171235,0.0555980922423212,3.02898846908962
Russian Federation,Russia,RU,2019,EFConsPerCap,4.81174548319138,0.739479530263155,0.0862283857391344,0.671941691499874,0.234600762459339,0.0580718999647372,3.02142321326514
Russian Federation,Russia,RU,2020,EFConsPerCap,4.55088773340642,0.767184821701676,0.0782965385520759,0.656490812307729,0.210447969770471,0.0623530003462767,2.7761145907282
Russian Federation,Russia,RU,2021,EFConsPerCap,5.15915331189265,0.817413671076938,0.0692521140835547,0.713152919215413,0.265198254760693,0.0602458304546253,3.23389052230142
Russian Federation,Russia,RU,2022,EFConsPerCap,5.5370853242915,1.18830714825846,0.0645918885140356,0.682528028975001,0.214101851770875,0.0731121752326099,3.31444423154051
Russian Federation,Russia,RU,2023,EFConsPerCap,5.35768911715388,0.91913294100265,0.0595001075161502,0.702339919502673,0.228788704453053,0.068219612873664,3.37970783180569
Russian Federation,Russia,RU,2024,EFConsPerCap,5.36610692007767,,,,,,
Russian Federation,Russia,RU,2025,EFConsPerCap,5.39263837305995,,,,,,
Saint Lucia,St. Lucia,LC,2010,EFConsPerCap,2.73966866835402,,,,,,
Saint Lucia,St. Lucia,LC,2011,EFConsPerCap,2.72950288216744,,,,,,
Saint Lucia,St. Lucia,LC,2012,EFConsPerCap,2.67690875569863,,,,,,
Saint Lucia,St. Lucia,LC,2013,EFConsPerCap,2.45991119182346,,,,,,
Saint Lucia,St. Lucia,LC,2014,EFConsPerCap,2.4917317364078,,,,,,
Saint Lucia,St. Lucia,LC,2015,EFConsPerCap,2.41684571307685,,,,,,
Saint Lucia,St. Lucia,LC,2016,EFConsPerCap,2.53705770436272,,,,,,
Saint Lucia,St. Lucia,LC,2017,EFConsPerCap,2.90061019635413,,,,,,
Saint Lucia,St. Lucia,LC,2018,EFConsPerCap,2.77888231278538,,,,,,
Saint Lucia,St. Lucia,LC,2019,EFConsPerCap,2.62117560755627,,,,,,
Saint Lucia,St. Lucia,LC,2020,EFConsPerCap,2.34759297206397,,,,,,
Saint Lucia,St. Lucia,LC,2021,EFConsPerCap,3.21401811267007,,,,,,
Saint Lucia,St. Lucia,LC,2022,EFConsPerCap,3.04670999924022,,,,,,
Saint Lucia,St. Lucia,LC,2023,EFConsPerCap,2.74287532493304,,,,,,
Saint Lucia,St. Lucia,LC,2024,EFConsPerCap,2.72376388631926,,,,,,
Saint Lucia,St. Lucia,LC,2025,EFConsPerCap,2.71743328682945,,,,,,
Senegal,Senegal,SN,2010,EFConsPerCap,1.48146717392396,,,,,,
Senegal,Senegal,SN,2011,EFConsPerCap,1.26077378269206,,,,,,
Senegal,Senegal,SN,2012,EFConsPerCap,1.43106595060634,,,,,,
Senegal,Senegal,SN,2013,EFConsPerCap,1.31446287963686,,,,,,
Senegal,Senegal,SN,2014,EFConsPerCap,1.28764622890256,,,,,,
Senegal,Senegal,SN,2015,EFConsPerCap,1.31747750730766,,,,,,
Senegal,Senegal,SN,2016,EFConsPerCap,1.29461701038463,,,,,,
Senegal,Senegal,SN,2017,EFConsPerCap,1.45465196891528,,,,,,
Senegal,Senegal,SN,2018,EFConsPerCap,1.46444224607227,,,,,,
Senegal,Senegal,SN,2019,EFConsPerCap,1.31950066327418,,,,,,
Senegal,Senegal,SN,2020,EFConsPerCap,1.35978430537071,,,,,,
Senegal,Senegal,SN,2021,EFConsPerCap,1.42890243150016,,,,,,
Senegal,Senegal,SN,2022,EFConsPerCap,1.4694473086285,,,,,,
Senegal,Senegal,SN,2023,EFConsPerCap,1.58506737511991,,,,,,
Senegal,Senegal,SN,2024,EFConsPerCap,1.52939568811508,,,,,,
Senegal,Senegal,SN,2025,EFConsPerCap,1.49518702124112,,,,,,
Sierra Leone,Sierra Leone,SL,2010,EFConsPerCap,1.06426308971963,,,,,,
Sierra Leone,Sierra Leone,SL,2011,EFConsPerCap,1.05689657798287,,,,,,
Sierra Leone,Sierra Leone,SL,2012,EFConsPerCap,1.06498407509364,,,,,,
Sierra Leone,Sierra Leone,SL,2013,EFConsPerCap,1.10998595698682,,,,,,
Sierra Leone,Sierra Leone,SL,2014,EFConsPerCap,1.04552960133584,,,,,,
Sierra Leone,Sierra Leone,SL,2015,EFConsPerCap,1.05295320945692,,,,,,
Sierra Leone,Sierra Leone,SL,2016,EFConsPerCap,0.980578451529852,,,,,,
Sierra Leone,Sierra Leone,SL,2017,EFConsPerCap,1.0145813373612,,,,,,
Sierra Leone,Sierra Leone,SL,2018,EFConsPerCap,0.911573256701881,,,,,,
Sierra Leone,Sierra Leone,SL,2019,EFConsPerCap,1.05036698731245,,,,,,
Sierra Leone,Sierra Leone,SL,2020,EFConsPerCap,0.998895644451675,,,,,,
Sierra Leone,Sierra Leone,SL,2021,EFConsPerCap,1.06010812036573,,,,,,
Sierra Leone,Sierra Leone,SL,2022,EFConsPerCap,1.05035661797399,,,,,,
Sierra Leone,Sierra Leone,SL,2023,EFConsPerCap,1.01270380616243,,,,,,
Sierra Leone,Sierra Leone,SL,2024,EFConsPerCap,0.990935428127381,,,,,,
Sierra Leone,Sierra Leone,SL,2025,EFConsPerCap,0.971152743462655,,,,,,
Slovenia,Slovenia,SI,2010,EFConsPerCap,5.4540318462455,0.70922840302556,0.270800039997251,0.529273739332042,0.0835019082178177,0.0836445064788941,3.77758324919394
Slovenia,Slovenia,SI,2011,EFConsPerCap,5.51656711310433,0.762761670038572,0.270977918622024,0.573121069514375,0.05705915755677,0.0850397357826253,3.76760756158996
Slovenia,Slovenia,SI,2012,EFConsPerCap,5.10860827516939,0.675216913628684,0.246162841927283,0.570744954397694,0.0481510676310359,0.0829264014127898,3.4854060961719
Slovenia,Slovenia,SI,2013,EFConsPerCap,4.88211353483258,0.605784758239893,0.237779768443064,0.628774254079963,0.048478056407475,0.0673520867422037,3.29394461091998
Slovenia,Slovenia,SI,2014,EFConsPerCap,4.82845875442036,0.699794267859024,0.245266412992185,0.803827266825546,0.0491484110336949,0.0887523341339454,2.94167006157596
Slovenia,Slovenia,SI,2015,EFConsPerCap,5.05715981863575,0.693138091880034,0.273187066455279,0.813634855609823,0.0479825612776019,0.0860312785634489,3.14318596484957
Slovenia,Slovenia,SI,2016,EFConsPerCap,5.00187646355991,0.696572680661621,0.256431203163051,0.912875759099158,0.0442496007809982,0.0865716927044351,3.00517552715064
Slovenia,Slovenia,SI,2017,EFConsPerCap,5.33473126105609,0.67103913131527,0.269767081155635,0.837935237729243,0.0500022887906035,0.0779333526615125,3.42805416940383
Slovenia,Slovenia,SI,2018,EFConsPerCap,5.40005296442471,0.666657095508034,0.239837662258254,0.955853178993786,0.0501460165304062,0.0825073884828507,3.40505162265138
Slovenia,Slovenia,SI,2019,EFConsPerCap,5.40885605160632,0.669301220943238,0.246542309306243,0.990954925758509,0.0569004879953225,0.0856401512184864,3.35951695638452
Slovenia,Slovenia,SI,2020,EFConsPerCap,4.83985857494779,0.668594147847278,0.245494710775393,1.13270456103193,0.0476098089162418,0.0983082442795136,2.64714710209743
Slovenia,Slovenia,SI,2021,EFConsPerCap,4.73960366287953,0.601338309684304,0.224912496178872,0.798747832946737,0.0477817876527634,0.0892147492646009,2.97760848715226
Slovenia,Slovenia,SI,2022,EFConsPerCap,5.01237853835062,0.684909906652645,0.223334903552691,0.742316638727611,0.0471667923198862,0.0775128633579703,3.23713743373981
Slovenia,Slovenia,SI,2023,EFConsPerCap,5.18801856204874,0.759234953507843,0.204987831326303,0.99623772696694,0.0493531416444933,0.0819557584934082,3.09624915010975
Slovenia,Slovenia,SI,2024,EFConsPerCap,5.40294937252877,,,,,,
Slovenia,Slovenia,SI,2025,EFConsPerCap,5.39331321143979,,,,,,
Slovakia,Slovakia,SK,2010,EFConsPerCap,4.35546904404685,0.542923216022071,0.132803710861485,0.820220088424193,0.0375711576239186,0.0619011550328181,2.76004971608236
Slovakia,Slovakia,SK,2011,EFConsPerCap,4.5614676094834,0.772348506075257,0.113081434828213,0.7523565277915,0.0345558064702487,0.0822481924477177,2.80687714187047
Slovakia,Slovakia,SK,2012,EFConsPerCap,4.03641636216561,0.399019150693312,0.0980728649742472,0.739121654132275,0.0343257679974227,0.0667342600385652,2.69914266432979
Slovakia,Slovakia,SK,2013,EFConsPerCap,4.20916140455157,0.580742443025432,0.150061822059477,0.610798955449775,0.038901549424674,0.0794187668593543,2.74923786773285
Slovakia,Slovakia,SK,2014,EFConsPerCap,4.38570939100106,0.941195471490806,0.174295903899809,0.663748828893048,0.0400337400319911,0.10298802818979,2.46344741849561
Slovakia,Slovakia,SK,2015,EFConsPerCap,4.16866764316997,0.70345169690556,0.183061234712039,0.663392856704506,0.0447676286103978,0.0885854346047366,2.48540879163273
Slovakia,Slovakia,SK,2016,EFConsPerCap,4.27033387752974,0.913434289197434,0.191853252157018,0.685772846165919,0.0458342896333403,0.108434875775348,2.32500432460068
Slovakia,Slovakia,SK,2017,EFConsPerCap,4.36341462976374,0.654034290561565,0.199659472648247,0.776361713383486,0.0485759260270938,0.0862971759818137,2.59848605116154
Slovakia,Slovakia,SK,2018,EFConsPerCap,4.6285057491116,0.835164161167808,0.234041065466088,0.883965085404314,0.0474382789463388,0.0954314721362116,2.53246568599084
Slovakia,Slovakia,SK,2019,EFConsPerCap,4.52222542464856,0.770770950575126,0.191838392494845,0.882246976336004,0.0482090834224547,0.0913795018307254,2.5377805199894
Slovakia,Slovakia,SK,2020,EFConsPerCap,4.03735791641106,0.822441629374093,0.186309811498847,0.623574478349092,0.0484972390770831,0.102368389672948,2.254166368439
Slovakia,Slovakia,SK,2021,EFConsPerCap,4.25070348681534,0.794701137541177,0.20322267135786,0.648926105913983,0.0475743208258582,0.103366504919908,2.45291274625655
Slovakia,Slovakia,SK,2022,EFConsPerCap,4.34782577909436,0.644543853745155,0.223062866579928,0.786284808298407,0.0434373464301981,0.0893545482449423,2.56114235579573
Slovakia,Slovakia,SK,2023,EFConsPerCap,4.2650431852531,0.900194181004075,0.209966120213197,0.562789473169928,0.0436702709734428,0.110943572854228,2.43747956703823
Slovakia,Slovakia,SK,2024,EFConsPerCap,4.03131670763653,,,,,,
Slovakia,Slovakia,SK,2025,EFConsPerCap,4.02143473380877,,,,,,
Somalia,Somalia,SO,2010,EFConsPerCap,0.98643653423449,0.0973110105397402,0.427314990289857,0.426115314586161,0.00523946385678349,0.00464460826085542,0.025811146701093
Somalia,Somalia,SO,2011,EFConsPerCap,0.983817753909033,0.121597660896702,0.392751910964249,0.432594511801376,0.00545674665536207,0.00375354205664052,0.0276633815347033
Somalia,Somalia,SO,2012,EFConsPerCap,0.981650456190663,0.128365232525556,0.375253486525981,0.437214529874017,0.00553085786957711,0.00567073330060898,0.0296156160949229
Somalia,Somalia,SO,2013,EFConsPerCap,0.988301197489679,0.129093888706646,0.383977751064015,0.43515270643091,0.00576755366176101,0.0054428647055155,0.0288664329208317
Somalia,Somalia,SO,2014,EFConsPerCap,0.975533676401454,0.115186101132844,0.39754088542601,0.422725570551588,0.0058348284942815,0.00492914767586446,0.0293171431208663
Somalia,Somalia,SO,2015,EFConsPerCap,0.966194929718101,0.129016015811473,0.375138106929911,0.421163891303358,0.00608388042923923,0.00527027118384914,0.0295227640602699
Somalia,Somalia,SO,2016,EFConsPerCap,0.976064278309291,0.148911327900693,0.372966315101378,0.414239222550295,0.00571098924970358,0.00434039465758625,0.0298960288496339
Somalia,Somalia,SO,2017,EFConsPerCap,0.988895768210815,0.178054901670277,0.358468113986117,0.405669867749225,0.00534229078264198,0.00500782685606378,0.0363527671664896
Somalia,Somalia,SO,2018,EFConsPerCap,0.982825380366599,0.168650385635254,0.361102430988903,0.407484388968277,0.00482618072350537,0.00545666274639139,0.0353053313042681
Somalia,Somalia,SO,2019,EFConsPerCap,0.951524377815205,0.175781101226189,0.327215150553457,0.401673444241786,0.00459608191397196,0.00531328986208461,0.0369453100177161
Somalia,Somalia,SO,2020,EFConsPerCap,0.926605769997785,0.168832889635559,0.317099466162052,0.393946668517743,0.00417468294740556,0.00524672885734959,0.0373053338776757
Somalia,Somalia,SO,2021,EFConsPerCap,0.905807409643208,0.154829541903976,0.313038942197814,0.39082709311499,0.00422700013577831,0.00501082685387838,0.0378740054367712
Somalia,Somalia,SO,2022,EFConsPerCap,0.904456406294951,0.162193147211153,0.307426348524819,0.3862758297121,0.00432170830212764,0.00520466512557031,0.0390347074191817
Somalia,Somalia,SO,2023,EFConsPerCap,0.859905272454435,0.145340131736718,0.284779026944533,0.383699068295695,0.00412906993395899,0.00550748764786527,0.0364504878956649
Somalia,Somalia,SO,2024,EFConsPerCap,0.830293566282981,,,,,,
Somalia,Somalia,SO,2025,EFConsPerCap,0.802896592172758,,,,,,
South Africa,South Africa,ZA,2010,EFConsPerCap,3.57160957748796,,,,,,
South Africa,South Africa,ZA,2011,EFConsPerCap,3.39692370734245,,,,,,
South Africa,South Africa,ZA,2012,EFConsPerCap,3.54326020622476,,,,,,
South Africa,South Africa,ZA,2013,EFConsPerCap,3.37227303380846,,,,,,
South Africa,South Africa,ZA,2014,EFConsPerCap,3.42325949915604,,,,,,
South Africa,South Africa,ZA,2015,EFConsPerCap,3.08273536100251,,,,,,
South Africa,South Africa,ZA,2016,EFConsPerCap,3.02163848436206,,,,,,
South Africa,South Africa,ZA,2017,EFConsPerCap,3.19024884382743,,,,,,
South Africa,South Africa,ZA,2018,EFConsPerCap,3.11640411256662,,,,,,
South Africa,South Africa,ZA,2019,EFConsPerCap,3.09539552686094,,,,,,
South Africa,South Africa,ZA,2020,EFConsPerCap,2.9145835340895,,,,,,
South Africa,South Africa,ZA,2021,EFConsPerCap,2.99513903307291,,,,,,
South Africa,South Africa,ZA,2022,EFConsPerCap,2.71868802108717,,,,,,
South Africa,South Africa,ZA,2023,EFConsPerCap,2.70099196042064,,,,,,
South Africa,South Africa,ZA,2024,EFConsPerCap,2.58654416872207,,,,,,
South Africa,South Africa,ZA,2025,EFConsPerCap,2.55952160514557,,,,,,
Spain,Spain,ES,2010,EFConsPerCap,4.47063266196465,1.04953913144559,0.185041657010677,0.271381400933513,0.409886478550454,0.0605825470656522,2.49420144695876
Spain,Spain,ES,2011,EFConsPerCap,4.33234460127409,1.03674408269503,0.179726642475521,0.222739771947582,0.444159632270608,0.0646401277778485,2.38433434410749
Spain,Spain,ES,2012,EFConsPerCap,3.7806852479176,0.77000124265453,0.165762184303364,0.184328446197115,0.380431200643444,0.0464489186275193,2.23371325549163
Spain,Spain,ES,2013,EFConsPerCap,4.04366041507654,1.1514206325806,0.170912786616438,0.191474919133992,0.408020118687821,0.0722810755611478,2.04955088249654
Spain,Spain,ES,2014,EFConsPerCap,3.6546420297277,0.850374631378828,0.169826140032258,0.211546445407581,0.405313986542431,0.0583216068806151,1.95925921948599
Spain,Spain,ES,2015,EFConsPerCap,3.9271988117297,0.965541082152185,0.159674713530801,0.251074537477678,0.415337905533764,0.0576225104396993,2.07794806259557
Spain,Spain,ES,2016,EFConsPerCap,4.08261547943472,1.144089360498,0.172950320500916,0.235067181449207,0.427544938448834,0.0693818194928414,2.03358185904492
Spain,Spain,ES,2017,EFConsPerCap,3.90166677062174,0.914238262343712,0.181032045969073,0.256165482450301,0.422881922769932,0.054203736829731,2.07314532025899
Spain,Spain,ES,2018,EFConsPerCap,4.42635257013971,1.26664427949252,0.162943008992509,0.299673725890941,0.432740871651503,0.0790037811458273,2.18534690296641
Spain,Spain,ES,2019,EFConsPerCap,3.57131174626018,0.874140117841462,0.160908313960908,0.247133571573898,0.45057775249833,0.0592486116956809,1.7793033786899
Spain,Spain,ES,2020,EFConsPerCap,3.47087290734837,1.16193532997031,0.147367493196735,0.215920498115362,0.403531451614205,0.0787803780016575,1.46333775645011
Spain,Spain,ES,2021,EFConsPerCap,3.4431826486212,0.999421322601807,0.150020894036969,0.234254705701386,0.408995923273271,0.0722878352916707,1.5782019677161
Spain,Spain,ES,2022,EFConsPerCap,3.22754686319024,0.690913982149792,0.15715102970338,0.29631835456806,0.404590921870629,0.0527515524398321,1.62582102245855
Spain,Spain,ES,2023,EFConsPerCap,3.2139899123571,0.79522242262673,0.162853182839168,0.245000168223821,0.398044816611285,0.0463762135791344,1.56649310847696
Spain,Spain,ES,2024,EFConsPerCap,3.19336400358732,,,,,,
Spain,Spain,ES,2025,EFConsPerCap,3.17614250660102,,,,,,
Sudan (former),Sudan (former),,2010,EFConsPerCap,1.43967678959784,,,,,,
Sudan (former),Sudan (former),,2011,EFConsPerCap,1.38636557295794,,,,,,
Tajikistan,Tajikistan,TJ,2010,EFConsPerCap,0.872712500111912,,,,,,
Tajikistan,Tajikistan,TJ,2011,EFConsPerCap,0.916659385914094,,,,,,
Tajikistan,Tajikistan,TJ,2012,EFConsPerCap,0.970379654460564,,,,,,
Tajikistan,Tajikistan,TJ,2013,EFConsPerCap,0.959132982588786,,,,,,
Tajikistan,Tajikistan,TJ,2014,EFConsPerCap,1.15405364338599,,,,,,
Tajikistan,Tajikistan,TJ,2015,EFConsPerCap,1.09582574598854,,,,,,
Tajikistan,Tajikistan,TJ,2016,EFConsPerCap,1.09854206920142,,,,,,
Tajikistan,Tajikistan,TJ,2017,EFConsPerCap,1.1249244142247,,,,,,
Tajikistan,Tajikistan,TJ,2018,EFConsPerCap,1.11647678585873,,,,,,
Tajikistan,Tajikistan,TJ,2019,EFConsPerCap,1.11767462223875,,,,,,
Tajikistan,Tajikistan,TJ,2020,EFConsPerCap,1.10368447009692,,,,,,
Tajikistan,Tajikistan,TJ,2021,EFConsPerCap,1.1287189883443,,,,,,
Tajikistan,Tajikistan,TJ,2022,EFConsPerCap,1.09745145532589,,,,,,
Tajikistan,Tajikistan,TJ,2023,EFConsPerCap,1.05179530661125,,,,,,
Tajikistan,Tajikistan,TJ,2024,EFConsPerCap,1.05194521056094,,,,,,
Tajikistan,Tajikistan,TJ,2025,EFConsPerCap,1.03298630366906,,,,,,
Eswatini,Swaziland,SZ,2010,EFConsPerCap,2.48316965863596,,,,,,
Eswatini,Swaziland,SZ,2011,EFConsPerCap,2.50221070498277,,,,,,
Eswatini,Swaziland,SZ,2012,EFConsPerCap,2.69618649160877,,,,,,
Eswatini,Swaziland,SZ,2013,EFConsPerCap,2.71660832143892,,,,,,
Eswatini,Swaziland,SZ,2014,EFConsPerCap,2.68766165350179,,,,,,
Eswatini,Swaziland,SZ,2015,EFConsPerCap,2.66621729450162,,,,,,
Eswatini,Swaziland,SZ,2016,EFConsPerCap,2.67352361038825,,,,,,
Eswatini,Swaziland,SZ,2017,EFConsPerCap,2.65443109757508,,,,,,
Eswatini,Swaziland,SZ,2018,EFConsPerCap,2.58733871803888,,,,,,
Eswatini,Swaziland,SZ,2019,EFConsPerCap,2.5004430556195,,,,,,
Eswatini,Swaziland,SZ,2020,EFConsPerCap,2.31908511743918,,,,,,
Eswatini,Swaziland,SZ,2021,EFConsPerCap,2.36346092364283,,,,,,
Eswatini,Swaziland,SZ,2022,EFConsPerCap,2.28405770202712,,,,,,
Eswatini,Swaziland,SZ,2023,EFConsPerCap,1.99404686696318,,,,,,
Eswatini,Swaziland,SZ,2024,EFConsPerCap,1.84802027883888,,,,,,
Eswatini,Swaziland,SZ,2025,EFConsPerCap,1.82174733906043,,,,,,
Sweden,Sweden,SE,2010,EFConsPerCap,6.59812854789547,0.976574129032044,0.344251209672905,1.75414952479561,0.112744211541916,0.144587474568618,3.26582199828438
Sweden,Sweden,SE,2011,EFConsPerCap,6.5260943220077,0.987906996754873,0.352737164591326,1.59067338542177,0.118348472101235,0.151887653145361,3.32454064999314
Sweden,Sweden,SE,2012,EFConsPerCap,6.17645349022127,1.0383942139019,0.356263998807658,1.46034575956373,0.122804638780064,0.16183554329217,3.03680933587575
Sweden,Sweden,SE,2013,EFConsPerCap,6.0744568749269,1.02477366820672,0.358721703383951,1.32509633839448,0.134011237839247,0.161148347831251,3.07070557927124
Sweden,Sweden,SE,2014,EFConsPerCap,6.27547094586265,1.06530009788702,0.356943048548713,1.69591147029524,0.145087364687728,0.178348148758542,2.83388081568541
Sweden,Sweden,SE,2015,EFConsPerCap,5.94472028325509,1.09539398910249,0.3584424136126,1.4958035940382,0.13678306470732,0.185920922947996,2.67237629884649
Sweden,Sweden,SE,2016,EFConsPerCap,6.10740349752356,1.02379359004161,0.357141619504407,1.74718353326019,0.132468262940953,0.165348358553342,2.68146813322305
Sweden,Sweden,SE,2017,EFConsPerCap,6.17800999423368,1.05517103247881,0.340032710088061,1.75692027007348,0.116972946931365,0.174238591693945,2.73467444296803
Sweden,Sweden,SE,2018,EFConsPerCap,6.04638846429861,0.76183324437972,0.325876325290225,1.73173109275927,0.117303999093023,0.101804669195588,3.00783913358078
Sweden,Sweden,SE,2019,EFConsPerCap,6.16247079747981,1.11567445510062,0.320547578785602,1.62312720777652,0.117050713256547,0.178965374814896,2.80710546774563
Sweden,Sweden,SE,2020,EFConsPerCap,5.3500334624675,0.985777011315601,0.297424836815478,1.34182984677533,0.117427503932196,0.177430339799623,2.43014392382928
Sweden,Sweden,SE,2021,EFConsPerCap,5.70243888134981,0.898496023582686,0.298977949511851,1.59169417915826,0.108508020803605,0.15153178877668,2.65323091951673
Sweden,Sweden,SE,2022,EFConsPerCap,5.81860576455757,0.980204775329078,0.306105579270096,1.68832026055693,0.110312273838551,0.169444081021509,2.56421879454141
Sweden,Sweden,SE,2023,EFConsPerCap,5.15932009729697,0.802174552249076,0.310992237663616,1.48215722276982,0.0997637592057743,0.129010055577447,2.33522226983123
Sweden,Sweden,SE,2024,EFConsPerCap,5.09680022828324,,,,,,
Sweden,Sweden,SE,2025,EFConsPerCap,5.04576613051706,,,,,,
Switzerland,Switzerland,CH,2010,EFConsPerCap,5.54859236498009,0.596906860095383,0.204106029158852,0.433896989634295,0.0851177233901674,0.178272210634203,4.05029255206719
Switzerland,Switzerland,CH,2011,EFConsPerCap,5.37617700945506,0.614418601389314,0.209235070782115,0.378712608034023,0.0810858900973842,0.19346058118717,3.89926425796505
Switzerland,Switzerland,CH,2012,EFConsPerCap,5.2407985728776,0.568287306472801,0.196810294055696,0.416963746266007,0.0679936221058595,0.177397856935887,3.81334574704135
Switzerland,Switzerland,CH,2013,EFConsPerCap,5.18937941566597,0.569718336361067,0.206271439373545,0.395414360262646,0.0724638953749099,0.159904864480288,3.78560651981351
Switzerland,Switzerland,CH,2014,EFConsPerCap,4.94754154523917,0.59446495156546,0.194907626243363,0.399566113523186,0.072505524340319,0.186572397937103,3.49952493162974
Switzerland,Switzerland,CH,2015,EFConsPerCap,4.76950716637971,0.56465353136372,0.191673551224654,0.362563812026436,0.0709235128703491,0.169521131501547,3.41017162739301
Switzerland,Switzerland,CH,2016,EFConsPerCap,4.56612241318763,0.535951997741232,0.178850840410203,0.341039950993039,0.0724273256115388,0.141212248747335,3.29664004968428
Switzerland,Switzerland,CH,2017,EFConsPerCap,4.63638130073787,0.559227251293683,0.186047906243451,0.339564594794078,0.0665685608585729,0.172253537015539,3.31271945053255
Switzerland,Switzerland,CH,2018,EFConsPerCap,4.51727197333335,0.540008119082407,0.165880371321138,0.391119491274797,0.063160595331112,0.170242946307694,3.18686045001621
Switzerland,Switzerland,CH,2019,EFConsPerCap,4.38964812747127,0.532577410641884,0.171834547472286,0.330539800116197,0.0639895896513351,0.165828438671553,3.12487834091801
Switzerland,Switzerland,CH,2020,EFConsPerCap,4.13522505729711,0.544509846112801,0.18435040683082,0.341099102787557,0.0665745193966603,0.176721490511383,2.82196969165789
Switzerland,Switzerland,CH,2021,EFConsPerCap,4.35802987054641,0.528634747336577,0.182964538155661,0.403566161103137,0.066592851767444,0.143427843495666,3.03284372868792
Switzerland,Switzerland,CH,2022,EFConsPerCap,4.3826422356171,0.55042369736439,0.178372487522537,0.408530692502745,0.066690666789236,0.156468635880587,3.02215605555761
Switzerland,Switzerland,CH,2023,EFConsPerCap,4.01647978827116,0.484131907344719,0.17145847653577,0.404369314508666,0.0644497779516722,0.147269205677186,2.74480110625315
Switzerland,Switzerland,CH,2024,EFConsPerCap,3.91128884843981,,,,,,
Switzerland,Switzerland,CH,2025,EFConsPerCap,3.8685196887476,,,,,,
Syrian Arab Republic,Syria,SY,2010,EFConsPerCap,1.79309436866695,0.498713989752876,0.0844204024394397,0.0804069907811122,0.013557478422128,0.028554613685434,1.08744089358596
Syrian Arab Republic,Syria,SY,2011,EFConsPerCap,1.92671383541815,0.561563723647182,0.0835746255050304,0.0656590016051423,0.0122143993424741,0.0327173186296615,1.17098476668866
Syrian Arab Republic,Syria,SY,2012,EFConsPerCap,1.63242435106103,0.502566324496403,0.084090336806507,0.034957303023443,0.00961749852328167,0.0313388587976655,0.969854029413731
Syrian Arab Republic,Syria,SY,2013,EFConsPerCap,1.38570708113929,0.538165725868546,0.0854660933480002,0.0213204471040905,0.00970814852626529,0.0274210519488566,0.703625614343529
Syrian Arab Republic,Syria,SY,2014,EFConsPerCap,1.28447058790162,0.398866320000938,0.0821436415228458,0.0267078471977245,0.00991279610790612,0.019959564740143,0.746880418332062
Syrian Arab Republic,Syria,SY,2015,EFConsPerCap,1.32822750114462,0.594070628364573,0.0685502277735743,0.0191456137069557,0.00635153212325221,0.0309600586222468,0.609149440554017
Syrian Arab Republic,Syria,SY,2016,EFConsPerCap,1.03210670152059,0.40655269529825,0.0567625511225186,0.0208254238074885,0.00643511869060731,0.0230442196429476,0.518486692958783
Syrian Arab Republic,Syria,SY,2017,EFConsPerCap,1.11799485363794,0.417795366626668,0.0638198994139392,0.0270540661021155,0.00624836855132883,0.0253652160041988,0.577711936939686
Syrian Arab Republic,Syria,SY,2018,EFConsPerCap,1.09231821217818,0.326224818969075,0.0443918918425249,0.0318903659763237,0.00732640248779368,0.0188072712652604,0.6636774616372
Syrian Arab Republic,Syria,SY,2019,EFConsPerCap,1.30596123411372,0.554584224622479,0.0607822034875781,0.0544356675317212,0.00783827891391534,0.0366085868872823,0.591712272670748
Syrian Arab Republic,Syria,SY,2020,EFConsPerCap,1.0316650650391,0.429961841759769,0.0552478036514614,0.036641098708768,0.00452442252293255,0.0334448128009697,0.4718450855952
Syrian Arab Republic,Syria,SY,2021,EFConsPerCap,0.827508772714135,0.262278191218823,0.0569434713457566,0.0238767358462242,0.00409784323462231,0.0201860782858716,0.460126452782837
Syrian Arab Republic,Syria,SY,2022,EFConsPerCap,0.844938455788433,0.297569016969744,0.0672245798774457,0.0113974730350484,0.00386650996870488,0.0200086598023858,0.444872216135104
Syrian Arab Republic,Syria,SY,2023,EFConsPerCap,0.874485469899184,0.343621456023743,0.0586024649421908,0.0215318758712296,0.00374257135856591,0.0302864798012375,0.416700621902217
Syrian Arab Republic,Syria,SY,2024,EFConsPerCap,0.829608297148775,,,,,,
Syrian Arab Republic,Syria,SY,2025,EFConsPerCap,0.800080465826946,,,,,,
Turkmenistan,Turkmenistan,TM,2010,EFConsPerCap,4.78817167505059,,,,,,
Turkmenistan,Turkmenistan,TM,2011,EFConsPerCap,5.00682866662757,,,,,,
Turkmenistan,Turkmenistan,TM,2012,EFConsPerCap,4.94179307475763,,,,,,
Turkmenistan,Turkmenistan,TM,2013,EFConsPerCap,4.67550102420318,,,,,,
Turkmenistan,Turkmenistan,TM,2014,EFConsPerCap,4.44911073903264,,,,,,
Turkmenistan,Turkmenistan,TM,2015,EFConsPerCap,4.47012269317907,,,,,,
Turkmenistan,Turkmenistan,TM,2016,EFConsPerCap,4.30189408509492,,,,,,
Turkmenistan,Turkmenistan,TM,2017,EFConsPerCap,4.50085712360577,,,,,,
Turkmenistan,Turkmenistan,TM,2018,EFConsPerCap,4.24557456797235,,,,,,
Turkmenistan,Turkmenistan,TM,2019,EFConsPerCap,4.21048782333526,,,,,,
Turkmenistan,Turkmenistan,TM,2020,EFConsPerCap,3.93429823197668,,,,,,
Turkmenistan,Turkmenistan,TM,2021,EFConsPerCap,4.76349624357257,,,,,,
Turkmenistan,Turkmenistan,TM,2022,EFConsPerCap,4.76522122583165,,,,,,
Turkmenistan,Turkmenistan,TM,2023,EFConsPerCap,4.63423779095827,,,,,,
Turkmenistan,Turkmenistan,TM,2024,EFConsPerCap,4.44857218368268,,,,,,
Turkmenistan,Turkmenistan,TM,2025,EFConsPerCap,4.23406785771962,,,,,,
"Tanzania, United Republic of",Tanzania,TZ,2010,EFConsPerCap,1.11748443325805,0.265312337816437,0.331659353347303,0.240271092968883,0.102688112251693,0.0342574329644582,0.14329610390928
"Tanzania, United Republic of",Tanzania,TZ,2011,EFConsPerCap,1.17856487279404,0.290108662111085,0.352650734805916,0.234620099335594,0.100541257581321,0.0380154410153056,0.162628677944822
"Tanzania, United Republic of",Tanzania,TZ,2012,EFConsPerCap,1.17538815499965,0.28932532452157,0.336037894200604,0.234073347256258,0.106220264955735,0.0384149362660922,0.171316387799393
"Tanzania, United Republic of",Tanzania,TZ,2013,EFConsPerCap,1.19372196560825,0.300801446377227,0.331848821663179,0.231796576638651,0.0988092832973056,0.0426551891891525,0.187810648442736
"Tanzania, United Republic of",Tanzania,TZ,2014,EFConsPerCap,1.1761528825412,0.312302213203848,0.32220585752578,0.227931244388043,0.0826929562614051,0.0465371814348741,0.184483429727247
"Tanzania, United Republic of",Tanzania,TZ,2015,EFConsPerCap,1.14850047706564,0.32224521808724,0.310481781284743,0.219632223133417,0.0808247286472459,0.0485921608778619,0.166724365035131
"Tanzania, United Republic of",Tanzania,TZ,2016,EFConsPerCap,1.1306360318565,0.32515504318106,0.300126019758851,0.215137548558993,0.0801648372472843,0.0503668381765703,0.159685744933739
"Tanzania, United Republic of",Tanzania,TZ,2017,EFConsPerCap,1.12218700304851,0.335686541572255,0.288288824625432,0.209397743898791,0.0814608359714223,0.0521636929508452,0.155189364029766
"Tanzania, United Republic of",Tanzania,TZ,2018,EFConsPerCap,1.09930993827607,0.314574028008851,0.281010508827208,0.20588882548026,0.0840070041211126,0.0539875093407115,0.159842062497928
"Tanzania, United Republic of",Tanzania,TZ,2019,EFConsPerCap,1.08024700868317,0.302760270916859,0.271021124695366,0.200541662630183,0.0808925175909154,0.0567927314396322,0.168238701410213
"Tanzania, United Republic of",Tanzania,TZ,2020,EFConsPerCap,1.01421829486732,0.25551190610029,0.264180216121191,0.192809608919504,0.0940992948915915,0.0528461429097691,0.154771125924977
"Tanzania, United Republic of",Tanzania,TZ,2021,EFConsPerCap,1.03064029159969,0.257300419991058,0.256101286762833,0.187781827262798,0.098908370586542,0.0561122015499953,0.174436185446464
"Tanzania, United Republic of",Tanzania,TZ,2022,EFConsPerCap,1.00562127523784,0.239832162026418,0.248886645033427,0.184825936194812,0.0830025181149185,0.0551025801352961,0.193971433732966
"Tanzania, United Republic of",Tanzania,TZ,2023,EFConsPerCap,1.04026329946864,0.281106276184468,0.242862887245308,0.182398440172871,0.0808411863570247,0.0606673885669392,0.192387120942031
"Tanzania, United Republic of",Tanzania,TZ,2024,EFConsPerCap,0.992866853191406,,,,,,
"Tanzania, United Republic of",Tanzania,TZ,2025,EFConsPerCap,0.967445659014301,,,,,,
Thailand,Thailand,TH,2010,EFConsPerCap,1.99922902865755,0.270545505649349,0.0172201993663132,0.220282660708307,0.142713871391647,0.0736939076035628,1.27477288393838
Thailand,Thailand,TH,2011,EFConsPerCap,2.02334306946474,0.264781476773149,0.0247695319585022,0.196128110537732,0.151117867882627,0.077366643118136,1.3091794391946
Thailand,Thailand,TH,2012,EFConsPerCap,2.32667551832067,0.426872122889549,0.0263934904345009,0.19956863889008,0.150871302475864,0.0790904601106905,1.44387950351998
Thailand,Thailand,TH,2013,EFConsPerCap,2.26905700147728,0.405300299358188,0.0246790305939873,0.189320461095209,0.169478615254811,0.0828612004356886,1.3974173947394
Thailand,Thailand,TH,2014,EFConsPerCap,2.00626613281175,0.247707671792436,0.0283323869737701,0.178218098625139,0.149376895194586,0.0838384951231133,1.31879258510271
Thailand,Thailand,TH,2015,EFConsPerCap,2.02524078946302,0.269782742066737,0.02574607323304,0.160433472109163,0.150514301953913,0.0819945589197505,1.33676964118042
Thailand,Thailand,TH,2016,EFConsPerCap,2.11568630667895,0.288122605107205,0.02221586285372,0.154804927436861,0.184916941832161,0.082158518621399,1.3834674508276
Thailand,Thailand,TH,2017,EFConsPerCap,2.10891409614504,0.233598318230021,0.0273388424647043,0.150818645186114,0.189385655549509,0.0847426580109641,1.42302997670373
Thailand,Thailand,TH,2018,EFConsPerCap,2.14798014821959,0.2846070297009,0.0304481251950428,0.141283206871055,0.199783864017912,0.084551338573789,1.40730658386089
Thailand,Thailand,TH,2019,EFConsPerCap,2.24228726497927,0.385887185157758,0.021865809684609,0.139375422702386,0.191168129109213,0.0866877377674262,1.41730298055788
Thailand,Thailand,TH,2020,EFConsPerCap,2.2955190668035,0.462828221940239,0.0218798905457126,0.147953297972118,0.203854183403965,0.0809967535283215,1.37800671941315
Thailand,Thailand,TH,2021,EFConsPerCap,2.28458895363432,0.460124430363369,0.0259870447346194,0.143035308586056,0.202462336459303,0.0845423453260522,1.36843748816492
Thailand,Thailand,TH,2022,EFConsPerCap,2.26070326013484,0.404716072357138,0.0301204280729861,0.127838182931042,0.192494806393415,0.0866250197583281,1.41890875062193
Thailand,Thailand,TH,2023,EFConsPerCap,2.53172694362429,0.392449347187881,0.0260824122487069,0.101348926949239,0.193029928554801,0.0843253614622634,1.7344909672214
Thailand,Thailand,TH,2024,EFConsPerCap,2.45353799348807,,,,,,
Thailand,Thailand,TH,2025,EFConsPerCap,2.46184999450759,,,,,,
Togo,Togo,TG,2010,EFConsPerCap,1.03888355854931,0.360180722909142,0.0810916898338369,0.265031758389924,0.0682612488963328,0.019426276347594,0.24489186217248
Togo,Togo,TG,2011,EFConsPerCap,0.947459369668167,0.221927038106308,0.0797269923924389,0.258595672200094,0.0847354119456426,0.0233588963440738,0.279115358679609
Togo,Togo,TG,2012,EFConsPerCap,1.01616034699158,0.29642603646519,0.0890515863030466,0.261999328492904,0.0724255875428232,0.0191329429620118,0.277124865225605
Togo,Togo,TG,2013,EFConsPerCap,0.962827823901338,0.259517551614193,0.089284530412403,0.256510065513552,0.0662634923248156,0.0173519909585097,0.273900193077864
Togo,Togo,TG,2014,EFConsPerCap,0.962584099843534,0.297681928805641,0.0720396635906308,0.246694327043391,0.0647917982773834,0.0216077374261499,0.259768644700339
Togo,Togo,TG,2015,EFConsPerCap,0.91692425634207,0.285624145043279,0.0766098199766606,0.231811774683186,0.0707027438986915,0.0208750623006796,0.231300710439573
Togo,Togo,TG,2016,EFConsPerCap,0.923405771811429,0.284446172741088,0.0803753022488093,0.234796308789734,0.0578293560789537,0.021273449022809,0.244685182930034
Togo,Togo,TG,2017,EFConsPerCap,0.91899006170665,0.281194982048431,0.0811201478844771,0.234256496670898,0.0665523135769058,0.023073208979679,0.232792912546258
Togo,Togo,TG,2018,EFConsPerCap,0.880810436867752,0.279939465672608,0.085183471066086,0.227762120784552,0.0426010861901561,0.0239359132107539,0.221388379943596
Togo,Togo,TG,2019,EFConsPerCap,0.8832969766401,0.263746314777513,0.0931625182177954,0.218005633166884,0.0468458078770258,0.0248845381447256,0.236652164456157
Togo,Togo,TG,2020,EFConsPerCap,0.944885463450093,0.285815333392646,0.0965879956094164,0.213014728797034,0.0609699534706737,0.0248458447284648,0.263651607451858
Togo,Togo,TG,2021,EFConsPerCap,0.980025813520446,0.286326662134307,0.0998668403118166,0.209771939615686,0.0754434081351482,0.0267486897562308,0.281868273567257
Togo,Togo,TG,2022,EFConsPerCap,1.00472449099363,0.295701570317112,0.102742766398141,0.214198446542772,0.0732057501167006,0.0279085172872817,0.290967440331626
Togo,Togo,TG,2023,EFConsPerCap,1.14095634917455,0.329432718509109,0.109994918315998,0.304043844473159,0.0760500932947383,0.0280988450429595,0.293335929538583
Togo,Togo,TG,2024,EFConsPerCap,1.08942007926126,,,,,,
Togo,Togo,TG,2025,EFConsPerCap,1.06592102654557,,,,,,
Tonga,Tonga,TO,2010,EFConsPerCap,2.64597235880137,,,,,,
Tonga,Tonga,TO,2011,EFConsPerCap,2.61016088165211,,,,,,
Tonga,Tonga,TO,2012,EFConsPerCap,2.51005089128716,,,,,,
Tonga,Tonga,TO,2013,EFConsPerCap,2.7513537011296,,,,,,
Tonga,Tonga,TO,2014,EFConsPerCap,3.36557463226127,,,,,,
Tonga,Tonga,TO,2015,EFConsPerCap,3.51928133907316,,,,,,
Tonga,Tonga,TO,2016,EFConsPerCap,3.69825644380678,,,,,,
Tonga,Tonga,TO,2017,EFConsPerCap,3.83694059550143,,,,,,
Tonga,Tonga,TO,2018,EFConsPerCap,3.68318987580999,,,,,,
Tonga,Tonga,TO,2019,EFConsPerCap,3.72144856391253,,,,,,
Tonga,Tonga,TO,2020,EFConsPerCap,3.3840514119508,,,,,,
Tonga,Tonga,TO,2021,EFConsPerCap,3.7045694679091,,,,,,
Tonga,Tonga,TO,2022,EFConsPerCap,3.70200618834516,,,,,,
Tonga,Tonga,TO,2023,EFConsPerCap,3.73959869716623,,,,,,
Tonga,Tonga,TO,2024,EFConsPerCap,3.74349997509431,,,,,,
Tonga,Tonga,TO,2025,EFConsPerCap,3.75944649824601,,,,,,
Oman,Oman,OM,2010,EFConsPerCap,6.25900828349434,0.606749413592232,0.44523565441541,0.188816834957191,0.259301964815042,0.179281800283009,4.57962261543146
Oman,Oman,OM,2011,EFConsPerCap,6.03029229687016,0.505855594294647,0.423583596281809,0.149093144608588,0.299733256571695,0.156914144533876,4.49511256057955
Oman,Oman,OM,2012,EFConsPerCap,6.01463254260803,0.517071112451611,0.388110709601639,0.140767928438756,0.375099581916286,0.144349272001557,4.44923393819818
Oman,Oman,OM,2013,EFConsPerCap,5.64201851562857,0.481620566825184,0.406026538588554,0.150215981258021,0.29358131699435,0.127370716329441,4.18320339563302
Oman,Oman,OM,2014,EFConsPerCap,5.98554921307987,0.470139875657396,0.420148190298975,0.181396665004521,0.292545282635415,0.120079460104363,4.5012397393792
Oman,Oman,OM,2015,EFConsPerCap,6.56253642104973,0.4484680310221,0.349029388617496,0.196020307336027,0.33334630315757,0.152723075748079,5.08294931516846
Oman,Oman,OM,2016,EFConsPerCap,5.89893324586392,0.470197006578352,0.341787157849972,0.197362630687926,0.361079588244865,0.177973799661252,4.35053306284155
Oman,Oman,OM,2017,EFConsPerCap,5.86868782933636,0.493516984752805,0.322020526088892,0.176399357297473,0.443841674338979,0.206847725278164,4.22606156158004
Oman,Oman,OM,2018,EFConsPerCap,5.44972706297987,0.483608644876951,0.36639691200956,0.145323927185492,0.348928202620827,0.209906140258553,3.89556323602849
Oman,Oman,OM,2019,EFConsPerCap,4.74429480644089,0.550757619339912,0.427745518954952,0.17224473640703,0.459090723276419,0.208173003951722,2.92628320451086
Oman,Oman,OM,2020,EFConsPerCap,5.13445252846754,0.459392202500591,0.429545285853466,0.174194161756565,0.570083161428875,0.25210178902125,3.24913592790679
Oman,Oman,OM,2021,EFConsPerCap,5.44806768105154,0.870372401699568,0.478770145257409,0.161354701844909,0.764775958928477,0.238209382183602,2.93458509113758
Oman,Oman,OM,2022,EFConsPerCap,5.65004933200519,0.477453817828107,0.252265903193234,0.109059735328733,0.738286721997031,0.27794348155759,3.79503967210049
Oman,Oman,OM,2023,EFConsPerCap,5.26744307143862,0.392920416703668,0.248407090559738,0.0814914969570786,0.678745395193808,0.254832209809988,3.61104646221434
Oman,Oman,OM,2024,EFConsPerCap,5.14322944779736,,,,,,
Oman,Oman,OM,2025,EFConsPerCap,4.94491017989564,,,,,,
Tunisia,Tunisia,TN,2010,EFConsPerCap,1.96826544953491,,,,,,
Tunisia,Tunisia,TN,2011,EFConsPerCap,1.74494916411295,,,,,,
Tunisia,Tunisia,TN,2012,EFConsPerCap,1.94639255205083,,,,,,
Tunisia,Tunisia,TN,2013,EFConsPerCap,1.90246921295368,,,,,,
Tunisia,Tunisia,TN,2014,EFConsPerCap,1.74437225299546,,,,,,
Tunisia,Tunisia,TN,2015,EFConsPerCap,1.97254195490021,,,,,,
Tunisia,Tunisia,TN,2016,EFConsPerCap,1.91064273200891,,,,,,
Tunisia,Tunisia,TN,2017,EFConsPerCap,2.00007758559587,,,,,,
Tunisia,Tunisia,TN,2018,EFConsPerCap,1.83555884356534,,,,,,
Tunisia,Tunisia,TN,2019,EFConsPerCap,1.87902662559853,,,,,,
Tunisia,Tunisia,TN,2020,EFConsPerCap,1.39663819625764,,,,,,
Tunisia,Tunisia,TN,2021,EFConsPerCap,1.70880000071383,,,,,,
Tunisia,Tunisia,TN,2022,EFConsPerCap,1.72569960520829,,,,,,
Tunisia,Tunisia,TN,2023,EFConsPerCap,1.67872293764808,,,,,,
Tunisia,Tunisia,TN,2024,EFConsPerCap,1.63976232476074,,,,,,
Tunisia,Tunisia,TN,2025,EFConsPerCap,1.6286710566258,,,,,,
Türkiye,Turkiye,TR,2010,EFConsPerCap,3.17015881519257,0.91385461959848,0.116210935710735,0.338821422659764,0.0448790281860086,0.0400660872778395,1.71632672175974
Türkiye,Turkiye,TR,2011,EFConsPerCap,3.34809091859259,0.929926640545474,0.144440270467147,0.347899619286573,0.037891659486229,0.0425524741566591,1.8453802546505
Türkiye,Turkiye,TR,2012,EFConsPerCap,3.39872083223165,0.928364297332456,0.133477149563036,0.378840738696174,0.0529951389450279,0.0410959670770629,1.8639475406179
Türkiye,Turkiye,TR,2013,EFConsPerCap,3.27830488223325,0.922131887659891,0.111843872866227,0.367005031664879,0.0367029982929476,0.0431397977292655,1.79748129402004
Türkiye,Turkiye,TR,2014,EFConsPerCap,3.24098069558814,0.863989017260449,0.0997572099862673,0.378775251988834,0.0389464676765667,0.0394379243966531,1.82007482427937
Türkiye,Turkiye,TR,2015,EFConsPerCap,3.26634853433783,0.905584120101742,0.090084417718232,0.368878435419116,0.0338748787121362,0.0428790784762929,1.82504760391031
Türkiye,Turkiye,TR,2016,EFConsPerCap,3.23641158726911,0.833603602697415,0.0944333980219731,0.359191723942402,0.0496601761652246,0.0408171282058065,1.85870555823629
Türkiye,Turkiye,TR,2017,EFConsPerCap,3.4090542475105,0.873938583232382,0.110968424543313,0.319061889943744,0.0277035278929036,0.043178721572512,2.03420310032565
Türkiye,Turkiye,TR,2018,EFConsPerCap,3.24153538994018,0.794473220424377,0.1556105971175,0.333229409622143,0.0383375666509421,0.0421506591100024,1.87773393701522
Türkiye,Turkiye,TR,2019,EFConsPerCap,3.07476360187067,0.843061428751237,0.134009508189137,0.300887977084555,0.0258102649058837,0.0420708359538233,1.72892358698604
Türkiye,Turkiye,TR,2020,EFConsPerCap,3.06693848144998,0.880642918538502,0.12091948174991,0.304184588635014,0.0324680443097373,0.0446485701095841,1.68407487810723
Türkiye,Turkiye,TR,2021,EFConsPerCap,3.11188951041418,0.778985153060449,0.112673848790165,0.345405244707896,0.0210320729733797,0.040729955689536,1.81306323519275
Türkiye,Turkiye,TR,2022,EFConsPerCap,3.29007588324427,0.877377329200545,0.0971432698564937,0.364508626072761,0.0448229329928797,0.0468005327495156,1.85942319237207
Türkiye,Turkiye,TR,2023,EFConsPerCap,3.23893934994372,0.902421558189616,0.123377250687991,0.297174659069802,0.0232976405081645,0.0474154901755395,1.8452527513126
Türkiye,Turkiye,TR,2024,EFConsPerCap,3.1368620422769,,,,,,
Türkiye,Turkiye,TR,2025,EFConsPerCap,3.18168574163781,,,,,,
Uganda,Uganda,UG,2010,EFConsPerCap,1.43181267990983,0.367761998212744,0.190728714208669,0.577203147240065,0.109358547277898,0.080209560764656,0.106550712205794
Uganda,Uganda,UG,2011,EFConsPerCap,1.41578520208791,0.354436578175045,0.184312247865469,0.585140008963726,0.0910333323385777,0.0855929552708303,0.115270079474259
Uganda,Uganda,UG,2012,EFConsPerCap,1.33469596944399,0.305316166917612,0.178265427106471,0.571190415489526,0.0859921360156963,0.0827880795152619,0.111143744399419
Uganda,Uganda,UG,2013,EFConsPerCap,1.31066200859256,0.295789040145981,0.172060093473948,0.557960037785054,0.0814392796166537,0.0918128777345277,0.111600679836393
Uganda,Uganda,UG,2014,EFConsPerCap,1.32894557255751,0.318040164303272,0.168068315045922,0.548283787077842,0.0775491487227694,0.100479197031407,0.116524960376294
Uganda,Uganda,UG,2015,EFConsPerCap,1.28835724947211,0.294329434735938,0.161731025524826,0.54143702989109,0.0631247825751927,0.107180019678852,0.120554957066213
Uganda,Uganda,UG,2016,EFConsPerCap,1.21194380934395,0.253908024888935,0.155742321870846,0.530525173327535,0.059243856589336,0.0969050217599831,0.115619410907311
Uganda,Uganda,UG,2017,EFConsPerCap,1.2077478866606,0.243927305849892,0.146552764897945,0.517496190115035,0.0609449863689191,0.11484986938126,0.123976770047552
Uganda,Uganda,UG,2018,EFConsPerCap,1.16496837934633,0.211499461969451,0.144360251344798,0.502932963508408,0.0642187611723417,0.114803665329213,0.127153276022113
Uganda,Uganda,UG,2019,EFConsPerCap,1.16747828246969,0.21157935810771,0.139946135373671,0.49020948958357,0.0854947044665383,0.115421040475244,0.124827554462953
Uganda,Uganda,UG,2020,EFConsPerCap,1.15965016446655,0.237129774506925,0.134683606829223,0.47428853584678,0.0687339754601527,0.128720916894439,0.116093354929032
Uganda,Uganda,UG,2021,EFConsPerCap,1.15454989099093,0.226808436482898,0.130108025335598,0.461776147873273,0.0746766944184128,0.129825229266354,0.131355357614398
Uganda,Uganda,UG,2022,EFConsPerCap,1.10097715110746,0.215359835837526,0.125636496193796,0.448787172666312,0.0562423224338043,0.127906725039353,0.127044598936672
Uganda,Uganda,UG,2023,EFConsPerCap,1.11427566408618,0.207457014204679,0.122522141983183,0.440771743300523,0.0715893992150325,0.13647399642741,0.135461368955354
Uganda,Uganda,UG,2024,EFConsPerCap,1.08791336625337,,,,,,
Uganda,Uganda,UG,2025,EFConsPerCap,1.06396993047375,,,,,,
United Kingdom,United Kingdom,GB,2010,EFConsPerCap,5.19046890630247,0.72427824528025,0.305457729300586,0.520592790795333,0.0767025294585248,0.198418844548806,3.36501876691897
United Kingdom,United Kingdom,GB,2011,EFConsPerCap,4.86850557591626,0.708206927578224,0.284315951798265,0.487703269851548,0.0791467637487603,0.195158494377166,3.1139741685623
United Kingdom,United Kingdom,GB,2012,EFConsPerCap,4.78125855829332,0.670366977986078,0.283185563646976,0.437188589352711,0.0788053102424079,0.169807128601438,3.14190498846371
United Kingdom,United Kingdom,GB,2013,EFConsPerCap,4.7867620395015,0.71054764099719,0.271826559259592,0.441715010199889,0.0810028814910539,0.171173732201504,3.11049621535227
United Kingdom,United Kingdom,GB,2014,EFConsPerCap,4.64991737651305,0.742711667767677,0.267325213772609,0.457010647717291,0.0735492663026083,0.20244973060214,2.90687085035072
United Kingdom,United Kingdom,GB,2015,EFConsPerCap,4.57886402690492,0.748853915715828,0.273528235506664,0.469089808827275,0.0703274417749967,0.201428417397833,2.81563620768232
United Kingdom,United Kingdom,GB,2016,EFConsPerCap,4.33024627133472,0.667844591326086,0.266091581023337,0.462462831976168,0.0791552453541244,0.177307142244227,2.67738487941078
United Kingdom,United Kingdom,GB,2017,EFConsPerCap,4.39587175025383,0.728598092136164,0.266377627326897,0.460816637631718,0.0730774310433372,0.183489108620415,2.68351285349529
United Kingdom,United Kingdom,GB,2018,EFConsPerCap,4.31456012574898,0.698914804298508,0.27515232545398,0.455307196140913,0.0724658166063104,0.172019674815446,2.64070030843382
United Kingdom,United Kingdom,GB,2019,EFConsPerCap,4.16000483150899,0.736576809427682,0.263208228022224,0.427763106238739,0.0718592616127258,0.193036826763346,2.46756059944427
United Kingdom,United Kingdom,GB,2020,EFConsPerCap,3.63510918862938,0.655536473701576,0.244240900778657,0.389237133357681,0.070949081272324,0.150476539363751,2.12466906015539
United Kingdom,United Kingdom,GB,2021,EFConsPerCap,3.88855936439944,0.687216324175765,0.252487966594522,0.389135552943179,0.0847331906774138,0.174376422398956,2.30060990760961
United Kingdom,United Kingdom,GB,2022,EFConsPerCap,3.83821180905574,0.698211611439328,0.231780502322842,0.37542037445195,0.0907472455346534,0.177563780450146,2.26448829485682
United Kingdom,United Kingdom,GB,2023,EFConsPerCap,3.64625629604907,0.668277226539627,0.224687548553562,0.338480965723867,0.0910764803796537,0.167040282548752,2.15669379230361
United Kingdom,United Kingdom,GB,2024,EFConsPerCap,3.43902121232075,,,,,,
United Kingdom,United Kingdom,GB,2025,EFConsPerCap,3.4087513381708,,,,,,
United States of America,United States,US,2010,EFConsPerCap,8.70944704027439,1.19873021539937,0.303041177458985,0.806307860168522,0.12335883606318,0.129397664235264,6.14861128694907
United States of America,United States,US,2011,EFConsPerCap,8.39556080593206,1.15822570043926,0.285240929376828,0.804772903773689,0.125080164379597,0.121226580084365,5.90101452787832
United States of America,United States,US,2012,EFConsPerCap,8.06160515301826,1.13769536381506,0.289451324929054,0.783559464861697,0.121543934315668,0.12260604196698,5.6067490231298
United States of America,United States,US,2013,EFConsPerCap,8.26788874999778,1.29006218346578,0.281996623220863,0.798914894103058,0.131816497034994,0.131269253910073,5.63382929826302
United States of America,United States,US,2014,EFConsPerCap,8.15031020374708,1.30787415611709,0.300021250646015,0.80685764404509,0.131128187391445,0.135987270488812,5.46844169505862
United States of America,United States,US,2015,EFConsPerCap,7.94262500228059,1.32032597077644,0.315517649130738,0.804322817026875,0.126222833820414,0.134163741172502,5.24207199035362
United States of America,United States,US,2016,EFConsPerCap,7.90688914265099,1.44964282438689,0.307613915926283,0.873373375938323,0.123530756042691,0.146979541013554,5.00574872934325
United States of America,United States,US,2017,EFConsPerCap,7.77981986565409,1.29556934934315,0.302963579416155,0.863627184259461,0.129146007623232,0.135600014150478,5.05291373086162
United States of America,United States,US,2018,EFConsPerCap,7.8869604562841,1.3426302257263,0.292075991324873,0.903706175239273,0.115913381359906,0.136949978821518,5.09568470381222
United States of America,United States,US,2019,EFConsPerCap,7.51680363421107,1.24622845764735,0.300123833814116,0.891109961650643,0.125791919868791,0.125944721520418,4.82760473970975
United States of America,United States,US,2020,EFConsPerCap,6.87855544434042,1.24446125198167,0.298966575644328,0.8410198495001,0.117608897464779,0.134186288329702,4.24231258141984
United States of America,United States,US,2021,EFConsPerCap,7.42702137428725,1.25518015575589,0.291085212754545,0.888468655343698,0.120714334250417,0.138232923311642,4.73334009287105
United States of America,United States,US,2022,EFConsPerCap,7.48771050418985,1.25575857501375,0.289208020004529,0.904615630607035,0.12049744375751,0.132714954307807,4.78491588049922
United States of America,United States,US,2023,EFConsPerCap,7.14197422752035,1.341045184792,0.299401743191698,0.795685060290826,0.115368513868087,0.13909523147432,4.45137849390342
United States of America,United States,US,2024,EFConsPerCap,7.10513269011369,,,,,,
United States of America,United States,US,2025,EFConsPerCap,7.05285847537722,,,,,,
Burkina Faso,Burkina Faso,BF,2010,EFConsPerCap,1.09513493184744,0.387125872684647,0.181094634828264,0.364336011533643,0.0234341227809722,0.0208456777681953,0.118298612251722
Burkina Faso,Burkina Faso,BF,2011,EFConsPerCap,1.10430760053601,0.403142691391276,0.166090246469799,0.35728663257034,0.0265308529163126,0.0201046699862382,0.13115250720204
Burkina Faso,Burkina Faso,BF,2012,EFConsPerCap,1.10463293791809,0.380109413243413,0.172227216298187,0.34846574039072,0.027526844333381,0.0211454565727989,0.155158267079588
Burkina Faso,Burkina Faso,BF,2013,EFConsPerCap,1.13732272653351,0.422607251795225,0.155486879807781,0.340789365912073,0.0289615883598053,0.0234315686240702,0.166046072034555
Burkina Faso,Burkina Faso,BF,2014,EFConsPerCap,1.20090363375321,0.50399365846528,0.153619934653711,0.335983732724304,0.0300382200667196,0.0289725967176416,0.148295491125558
Burkina Faso,Burkina Faso,BF,2015,EFConsPerCap,1.13461381740368,0.445824576858447,0.149307024675951,0.32838545362089,0.0314405199580053,0.0270246427058332,0.152631599584553
Burkina Faso,Burkina Faso,BF,2016,EFConsPerCap,1.08378770250199,0.3897964732337,0.150469888849888,0.321279787829764,0.0349242300275606,0.0254663469617163,0.161850975599358
Burkina Faso,Burkina Faso,BF,2017,EFConsPerCap,1.07131061839357,0.362842521948633,0.145667370015943,0.316028489283626,0.0415171441424098,0.0244204318043947,0.180834661198559
Burkina Faso,Burkina Faso,BF,2018,EFConsPerCap,1.15528650282061,0.435188883919259,0.142272394520272,0.310079374972131,0.0428652146690956,0.0267796982403842,0.198100936499467
Burkina Faso,Burkina Faso,BF,2019,EFConsPerCap,1.16646753741516,0.458095917910407,0.140569549688266,0.305969704848138,0.0482720529698349,0.0281204058496633,0.18543990614885
Burkina Faso,Burkina Faso,BF,2020,EFConsPerCap,1.19304745779365,0.474418444607788,0.139390300894559,0.301579945355463,0.05593042940261,0.029847711261557,0.191880626271674
Burkina Faso,Burkina Faso,BF,2021,EFConsPerCap,1.09608821552022,0.356946640678895,0.140829840704252,0.297604391673584,0.0601572826873771,0.0262029939339243,0.214347065842192
Burkina Faso,Burkina Faso,BF,2022,EFConsPerCap,1.15763281727056,0.420750936933209,0.133566835450276,0.292786972774711,0.0572668712691957,0.0287203705471556,0.224540830296018
Burkina Faso,Burkina Faso,BF,2023,EFConsPerCap,1.20263657255177,0.471326730552654,0.131034447999726,0.288582391930027,0.059582585643368,0.0303879451132897,0.221722471312708
Burkina Faso,Burkina Faso,BF,2024,EFConsPerCap,1.1600311857666,,,,,,
Burkina Faso,Burkina Faso,BF,2025,EFConsPerCap,1.135298917804,,,,,,
Uzbekistan,Uzbekistan,UZ,2010,EFConsPerCap,2.36788118987751,0.478228055225601,0.134032683808553,0.0643651694659763,0.00149056390439493,0.158350507054967,1.53141421041802
Uzbekistan,Uzbekistan,UZ,2011,EFConsPerCap,2.43454647993037,0.489945634282097,0.157884732476261,0.0777745460464891,0.00286113268390447,0.151804902564312,1.55427553187731
Uzbekistan,Uzbekistan,UZ,2012,EFConsPerCap,2.23251743415673,0.49490311066991,0.165702609051156,0.0671869489323048,0.00383681540454806,0.156459710305542,1.34442823979326
Uzbekistan,Uzbekistan,UZ,2013,EFConsPerCap,2.21200425130925,0.495627782508494,0.177346426954639,0.0793754847582651,0.00496328667257356,0.165837185621009,1.28885408479427
Uzbekistan,Uzbekistan,UZ,2014,EFConsPerCap,2.12664536989549,0.519002124091537,0.180767441121757,0.078086488229915,0.00477428661637414,0.172297979002922,1.17171705083299
Uzbekistan,Uzbekistan,UZ,2015,EFConsPerCap,2.03228232748938,0.520197620247906,0.177050345857339,0.0825913366849151,0.00515002734741038,0.17721127592425,1.07008172142756
Uzbekistan,Uzbekistan,UZ,2016,EFConsPerCap,2.02002996361418,0.508231245066689,0.171315246489428,0.0721043477362725,0.00425762528072786,0.171003773157909,1.09311772588315
Uzbekistan,Uzbekistan,UZ,2017,EFConsPerCap,2.01221932243286,0.45046484334544,0.162818395376156,0.0745513101526605,0.00533528116629084,0.156576595066027,1.16247289732629
Uzbekistan,Uzbekistan,UZ,2018,EFConsPerCap,2.01202520658017,0.455541617208966,0.162582131815854,0.100223232020956,0.00606599809455736,0.137496972594361,1.15011525484547
Uzbekistan,Uzbekistan,UZ,2019,EFConsPerCap,2.10508657698829,0.483727797021103,0.1682899926506,0.105495895890864,0.0066746854171805,0.148391050071344,1.1925071559372
Uzbekistan,Uzbekistan,UZ,2020,EFConsPerCap,2.13788281641974,0.504839112496143,0.170469240176252,0.0967470918663481,0.00692609669012078,0.157559359937183,1.20134191525369
Uzbekistan,Uzbekistan,UZ,2021,EFConsPerCap,2.22102480230172,0.513212323450423,0.173090897030249,0.0899877969610454,0.00828867054452752,0.159758114884569,1.27668699943091
Uzbekistan,Uzbekistan,UZ,2022,EFConsPerCap,2.25834083135114,0.514527502464633,0.178080548868707,0.0879361384575918,0.00877000228602005,0.162180127636487,1.3068465116377
Uzbekistan,Uzbekistan,UZ,2023,EFConsPerCap,2.31361644400388,0.551046342745045,0.184379566461386,0.0833221254025105,0.00983002481667777,0.16819131552525,1.31684706905301
Uzbekistan,Uzbekistan,UZ,2024,EFConsPerCap,2.33549822212498,,,,,,
Uzbekistan,Uzbekistan,UZ,2025,EFConsPerCap,2.29507940212549,,,,,,
"Venezuela, Bolivarian Republic of",Venezuela,VE,2010,EFConsPerCap,3.48880210855026,0.459481112640207,0.746869242908368,0.135462279892807,0.0876221371175171,0.0315553708452785,2.02781196514608
"Venezuela, Bolivarian Republic of",Venezuela,VE,2011,EFConsPerCap,3.36583900739501,0.422775355950929,0.707689015353749,0.135223232465604,0.0994656695078876,0.0311531301358242,1.96953260398102
"Venezuela, Bolivarian Republic of",Venezuela,VE,2012,EFConsPerCap,3.60967353710817,0.481138485992125,0.747019617367785,0.11736052621163,0.106455839629584,0.0278469690553576,2.12985209885169
"Venezuela, Bolivarian Republic of",Venezuela,VE,2013,EFConsPerCap,3.54960633322408,0.500735568462152,0.776287299765308,0.123498425820929,0.0940736524853557,0.0292492352615097,2.02576215142882
"Venezuela, Bolivarian Republic of",Venezuela,VE,2014,EFConsPerCap,3.32222719479638,0.506525740758599,0.766342399677211,0.102171736072726,0.0850804196766852,0.0282419996774847,1.83386489893367
"Venezuela, Bolivarian Republic of",Venezuela,VE,2015,EFConsPerCap,2.77078291925356,0.388830739972717,0.65920989763111,0.112195278656335,0.0699267649293998,0.0238952724600023,1.516724965604
"Venezuela, Bolivarian Republic of",Venezuela,VE,2016,EFConsPerCap,2.50605782978509,0.323149751008686,0.582877190567091,0.098317067987664,0.0787469342618372,0.021730540615948,1.40123634534386
"Venezuela, Bolivarian Republic of",Venezuela,VE,2017,EFConsPerCap,2.43735563978383,0.340286035627728,0.565920577190496,0.0811101460588983,0.0662188076260797,0.0228781578327872,1.36094191544785
"Venezuela, Bolivarian Republic of",Venezuela,VE,2018,EFConsPerCap,2.13493853833274,0.328984012144735,0.591861460947839,0.0825297897418929,0.0609683563741343,0.0204228966547415,1.05017202246939
"Venezuela, Bolivarian Republic of",Venezuela,VE,2019,EFConsPerCap,2.18522370616178,0.379969310575074,0.586625047634705,0.0935777708021715,0.061293787318149,0.0225181024878768,1.04123968734381
"Venezuela, Bolivarian Republic of",Venezuela,VE,2020,EFConsPerCap,1.83372851513192,0.372077681479219,0.592726232277841,0.0956958890029445,0.0619313681743079,0.0280504835837374,0.683246860613865
"Venezuela, Bolivarian Republic of",Venezuela,VE,2021,EFConsPerCap,1.93310581634508,0.341462664774156,0.598461837797052,0.0949558404198215,0.0695905837482849,0.0272535156577377,0.801381373948026
"Venezuela, Bolivarian Republic of",Venezuela,VE,2022,EFConsPerCap,1.99408403829293,0.337471293512061,0.595960589098034,0.0945638803823356,0.0749334709983419,0.0263115078776315,0.86484329642453
"Venezuela, Bolivarian Republic of",Venezuela,VE,2023,EFConsPerCap,1.99643654926489,0.324813171888518,0.595632632760897,0.0983091833206174,0.0566595565326324,0.026322298438209,0.894699706324018
"Venezuela, Bolivarian Republic of",Venezuela,VE,2024,EFConsPerCap,1.93340769323498,,,,,,
"Venezuela, Bolivarian Republic of",Venezuela,VE,2025,EFConsPerCap,1.9252421053412,,,,,,
Viet Nam,Viet Nam,VN,2010,EFConsPerCap,1.61985406454824,0.318937121793732,0.0137486192063206,0.283265461508693,0.0472202105687071,0.16040352698645,0.796279124484336
Viet Nam,Viet Nam,VN,2011,EFConsPerCap,1.65570814369102,0.338578706903429,0.0145525044141467,0.289214312702266,0.0500250908704088,0.166782659308754,0.796554869492013
Viet Nam,Viet Nam,VN,2012,EFConsPerCap,1.62661480043808,0.330892981182961,0.017068545174278,0.296908224215035,0.0574999613416878,0.164962836692813,0.759282251831303
Viet Nam,Viet Nam,VN,2013,EFConsPerCap,1.70169747006813,0.382720287044397,0.0181093366486072,0.292600085969641,0.0575645567494644,0.170463362272896,0.780239841383123
Viet Nam,Viet Nam,VN,2014,EFConsPerCap,1.75646249125201,0.368152489776869,0.0268076480337164,0.29870564462023,0.0571936783077028,0.175198740523459,0.830404289990037
Viet Nam,Viet Nam,VN,2015,EFConsPerCap,1.938547800728,0.452981813699351,0.0320548562950571,0.294194962496619,0.0653452230002285,0.18125936126925,0.912711583967498
Viet Nam,Viet Nam,VN,2016,EFConsPerCap,2.09266034182858,0.485037494772628,0.0346293114203701,0.309954515850991,0.0753734085298945,0.178304768901696,1.009360842353
Viet Nam,Viet Nam,VN,2017,EFConsPerCap,2.11391821531424,0.474539487872141,0.0303352127278412,0.313416787583621,0.0789499353238206,0.179452296004745,1.03722449580207
Viet Nam,Viet Nam,VN,2018,EFConsPerCap,2.28211451132451,0.506908166915048,0.0329529081116667,0.306643492913817,0.0820450245397662,0.18246354787661,1.1711013709676
Viet Nam,Viet Nam,VN,2019,EFConsPerCap,2.43330325149052,0.515143755525971,0.055306542132166,0.278552189875775,0.0806494422072726,0.189105123653265,1.31454619809607
Viet Nam,Viet Nam,VN,2020,EFConsPerCap,2.40660669463289,0.524971283413906,0.0579202022232422,0.296467867278144,0.0840524079531374,0.192251705292111,1.25094322847235
Viet Nam,Viet Nam,VN,2021,EFConsPerCap,2.37058346823884,0.588489878112227,0.0473253743215538,0.281232572111636,0.0775284920328308,0.198449271437573,1.17755788022302
Viet Nam,Viet Nam,VN,2022,EFConsPerCap,2.37478244585622,0.57879582366014,0.058854361164381,0.250606503788956,0.0664780731676193,0.199876936555665,1.22017074751946
Viet Nam,Viet Nam,VN,2023,EFConsPerCap,2.31103661180874,0.566014262239486,0.0874688960148948,0.24260352488155,0.0694203805712665,0.2018929524591,1.14363659564245
Viet Nam,Viet Nam,VN,2024,EFConsPerCap,2.30777233066588,,,,,,
Viet Nam,Viet Nam,VN,2025,EFConsPerCap,2.29753312943897,,,,,,
Ethiopia,Ethiopia,ET,2010,EFConsPerCap,0.905979220309904,0.237092451614829,0.115080650260519,0.464878655836267,0.000445481610688543,0.0279586438088926,0.0605233371787072
Ethiopia,Ethiopia,ET,2011,EFConsPerCap,0.896527165124195,0.233657329442524,0.109450036341696,0.455785018185328,0.000412265858243353,0.0324978673847903,0.0647246479116135
Ethiopia,Ethiopia,ET,2012,EFConsPerCap,0.900239576498623,0.231616332777933,0.107395368347754,0.448235718480086,0.000416412024850439,0.0377668704293369,0.0748088744386633
Ethiopia,Ethiopia,ET,2013,EFConsPerCap,0.912784645408715,0.249562341758966,0.101843362164676,0.441283780040638,0.00142476112458198,0.0450076932818872,0.073662707037966
Ethiopia,Ethiopia,ET,2014,EFConsPerCap,0.934579348743274,0.255773710602461,0.100219450688021,0.435428098957721,0.0015648472353218,0.052526931482577,0.0890663097771718
Ethiopia,Ethiopia,ET,2015,EFConsPerCap,0.950608681239239,0.275796414871647,0.0986446488688642,0.427157227199542,0.00203392679884142,0.0595856848013131,0.0873907786990319
Ethiopia,Ethiopia,ET,2016,EFConsPerCap,0.968526297102731,0.281602207872312,0.100928068050112,0.419601473199706,0.00207572951271964,0.0637068493007309,0.10061196916715
Ethiopia,Ethiopia,ET,2017,EFConsPerCap,0.94598661254186,0.269941200544218,0.09862082268834,0.412799644819472,0.00201896422714308,0.0689071803248315,0.0936987999378561
Ethiopia,Ethiopia,ET,2018,EFConsPerCap,0.969328094159631,0.304639058156947,0.0939835689561699,0.404055897904336,0.00113091435761561,0.072860882574634,0.0926577722099291
Ethiopia,Ethiopia,ET,2019,EFConsPerCap,0.962153233803399,0.298516473075518,0.0911833627850663,0.398895275276035,0.00141825855471919,0.0767463358473983,0.0953935282646619
Ethiopia,Ethiopia,ET,2020,EFConsPerCap,0.961411056621648,0.313129679866603,0.0890049678087129,0.390358392871837,0.00114054271547044,0.0801739811859437,0.0876034921730808
Ethiopia,Ethiopia,ET,2021,EFConsPerCap,0.956545417122783,0.321197550665597,0.0865011574624019,0.383030364321453,0.0021121838432647,0.0787550579417164,0.084949102888349
Ethiopia,Ethiopia,ET,2022,EFConsPerCap,0.927254087309911,0.289637541395767,0.0845830237278007,0.380053827324326,0.00404925432095667,0.0844569911570097,0.0844734493840512
Ethiopia,Ethiopia,ET,2023,EFConsPerCap,0.909772744334353,0.27231284749207,0.0830589477344843,0.374483412524293,0.00412069522239359,0.092191107335406,0.0836057340257062
Ethiopia,Ethiopia,ET,2024,EFConsPerCap,0.894324672755485,,,,,,
Ethiopia,Ethiopia,ET,2025,EFConsPerCap,0.876679383642163,,,,,,
Samoa,Samoa,WS,2010,EFConsPerCap,2.39410464984142,0.571923803376414,0.190963030925209,0.238565738694871,0.437635943274602,0.169996200635585,0.785019932934734
Samoa,Samoa,WS,2011,EFConsPerCap,2.35412279578102,0.646966795429928,0.148481617335616,0.249211330381735,0.347608521959751,0.180341553471603,0.781512977202385
Samoa,Samoa,WS,2012,EFConsPerCap,2.56046630325981,0.779547167659246,0.175580223458869,0.25979804805894,0.396118361679876,0.170639604404551,0.77878289799833
Samoa,Samoa,WS,2013,EFConsPerCap,2.3498557928468,0.803169388900351,0.171148343537342,0.24244392483464,0.271041660704841,0.154916745611204,0.707135729258427
Samoa,Samoa,WS,2014,EFConsPerCap,2.4891535383483,0.870901278417026,0.181734160619798,0.225587302478636,0.233777523560431,0.137807651548013,0.839345621724399
Samoa,Samoa,WS,2015,EFConsPerCap,2.0600179398626,0.551226581812681,0.20561298565326,0.258620486713987,0.227507880824988,0.0592544453591674,0.75779555949852
Samoa,Samoa,WS,2016,EFConsPerCap,2.34892129776181,0.642897936303003,0.182428255104353,0.283460808574182,0.238846270881528,0.0607136247775583,0.940574402121181
Samoa,Samoa,WS,2017,EFConsPerCap,2.42314409657653,0.682561701890332,0.170382039443499,0.258390583567701,0.315943867122207,0.0818808085816961,0.913985095971099
Samoa,Samoa,WS,2018,EFConsPerCap,2.4378919846518,0.659307169507253,0.155488152276973,0.27963375331126,0.336642576657246,0.0832805727628407,0.923539760136229
Samoa,Samoa,WS,2019,EFConsPerCap,2.6840886245989,0.658679005441757,0.149001445626994,0.246086593418269,0.485165403147443,0.0897754253969649,1.05538075156747
Samoa,Samoa,WS,2020,EFConsPerCap,2.36913500162701,0.545400099426275,0.117881006053841,0.265093401256849,0.42131946586718,0.0905213128809964,0.928919716141867
Samoa,Samoa,WS,2021,EFConsPerCap,2.51058738159857,0.521255580993517,0.150315926128414,0.397546677459278,0.367860980141113,0.0924015808061617,0.981206636070085
Samoa,Samoa,WS,2022,EFConsPerCap,2.20085414075033,0.424499271940892,0.158036302332776,0.224872964228786,0.339873592233186,0.0923456996710252,0.961226310343661
Samoa,Samoa,WS,2023,EFConsPerCap,2.32126694272978,0.403100357127373,0.166333253339315,0.223071826001738,0.399011804418987,0.0946754980659381,1.03507420377643
Samoa,Samoa,WS,2024,EFConsPerCap,2.29968056973667,,,,,,
Samoa,Samoa,WS,2025,EFConsPerCap,2.28669937025224,,,,,,
Yemen,Yemen,YE,2010,EFConsPerCap,0.847995886299681,0.24906894623438,0.124012723484126,0.0296287589909936,0.0393018890184483,0.0244713148442056,0.381512253727528
Yemen,Yemen,YE,2011,EFConsPerCap,0.768334983358621,0.216032488515346,0.118015909507831,0.0236943819395711,0.029178965671053,0.022837372197507,0.358575865527313
Yemen,Yemen,YE,2012,EFConsPerCap,0.894238191796261,0.270645750792998,0.117355111506226,0.0294143242623919,0.0989830930356516,0.0233632321609078,0.354476680038085
Yemen,Yemen,YE,2013,EFConsPerCap,0.889111742874843,0.234320414060243,0.120783647568875,0.0310578669475232,0.0947166820452073,0.0231457951935558,0.385087337059439
Yemen,Yemen,YE,2014,EFConsPerCap,0.938272409697211,0.258182799702264,0.101443438229929,0.0313564461877345,0.0920375132769798,0.0263458815343529,0.428906330765951
Yemen,Yemen,YE,2015,EFConsPerCap,0.652833755861483,0.208883254798648,0.101396378313461,0.0172256038574876,0.0855982103856694,0.0222110972515455,0.217519211254671
Yemen,Yemen,YE,2016,EFConsPerCap,0.597377693272684,0.204133857184728,0.0992545676524065,0.0221968031746479,0.0701138079030621,0.0208298746549763,0.180848782702863
Yemen,Yemen,YE,2017,EFConsPerCap,0.614348232509182,0.208887639997508,0.0960072747452939,0.0217408449698016,0.0599234030982087,0.0190431874560827,0.208745882242287
Yemen,Yemen,YE,2018,EFConsPerCap,0.595294040366781,0.189268166722047,0.0886707076707387,0.0167558397663799,0.0538459334592686,0.0183548502649448,0.228398542483402
Yemen,Yemen,YE,2019,EFConsPerCap,0.619115154369838,0.166635793602371,0.0883626954465659,0.0187482287217624,0.0581257360897348,0.0227973377119352,0.26444536279747
Yemen,Yemen,YE,2020,EFConsPerCap,0.687348183555701,0.244351852425913,0.0892114976549545,0.0282283164561719,0.0535926073316463,0.0252207975060508,0.246743112180964
Yemen,Yemen,YE,2021,EFConsPerCap,0.665919590716166,0.239682264254253,0.085356134164032,0.0239439867423402,0.051623965835796,0.0280291828753343,0.23728405684441
Yemen,Yemen,YE,2022,EFConsPerCap,0.595908486138427,0.193576909269886,0.0797100230762871,0.0162809908643281,0.0514904203639772,0.022477663514052,0.232372479049897
Yemen,Yemen,YE,2023,EFConsPerCap,0.553974376890708,0.171980119941985,0.0798770312574928,0.0177324684096354,0.0368951835343672,0.0210096422858862,0.226479931461341
Yemen,Yemen,YE,2024,EFConsPerCap,0.528743089067356,,,,,,
Yemen,Yemen,YE,2025,EFConsPerCap,0.513815456937388,,,,,,
"Congo, Democratic Republic of",Congo DR,CD,2010,EFConsPerCap,0.736298981689033,0.158624706550988,0.0140971173259496,0.480971149987657,0.0196571939812058,0.0203525273960318,0.0425962864472013
"Congo, Democratic Republic of",Congo DR,CD,2011,EFConsPerCap,0.744644983929993,0.174976125055662,0.0131852870206089,0.470866168370448,0.0197122649146901,0.0210232717702397,0.0448818667983447
"Congo, Democratic Republic of",Congo DR,CD,2012,EFConsPerCap,0.755951166597294,0.197037550729625,0.0128273391867151,0.460507942473196,0.0198240345940624,0.0205874645193325,0.045166835094362
"Congo, Democratic Republic of",Congo DR,CD,2013,EFConsPerCap,0.762330171717502,0.202195456613553,0.0127413820500706,0.45330345247311,0.0204756062864023,0.0216285070954485,0.0519857671989163
"Congo, Democratic Republic of",Congo DR,CD,2014,EFConsPerCap,0.755396630430885,0.205270464941535,0.0125790839683212,0.443288329811242,0.02079028492447,0.0215798709874746,0.0518885957978432
"Congo, Democratic Republic of",Congo DR,CD,2015,EFConsPerCap,0.751015121076406,0.204952077263655,0.0125095455509077,0.433215280425894,0.029647590431452,0.021930651543736,0.048759975860761
"Congo, Democratic Republic of",Congo DR,CD,2016,EFConsPerCap,0.711196370758351,0.197620414536009,0.0109488042782363,0.422504525905528,0.0197161989952646,0.0220774983290152,0.0383289287142974
"Congo, Democratic Republic of",Congo DR,CD,2017,EFConsPerCap,0.702285689424632,0.199314561777579,0.0101221846093121,0.412883399501377,0.0155059921403297,0.0222423937145445,0.0422171576814892
"Congo, Democratic Republic of",Congo DR,CD,2018,EFConsPerCap,0.686902926777651,0.192611241966206,0.00933228452507707,0.402814479029027,0.0145126489836954,0.0216863368111616,0.0459459354624844
"Congo, Democratic Republic of",Congo DR,CD,2019,EFConsPerCap,0.69734249302806,0.208119137356364,0.00970537000196214,0.394087674061272,0.0140067833239962,0.0235323379422003,0.0478911903422659
"Congo, Democratic Republic of",Congo DR,CD,2020,EFConsPerCap,0.682437796061506,0.205115164076275,0.00924530311799876,0.384431017542933,0.015549453035228,0.0244030067737711,0.0436938515153001
"Congo, Democratic Republic of",Congo DR,CD,2021,EFConsPerCap,0.671325358259292,0.20237992976523,0.0094290746735642,0.37389777179161,0.0132383618599331,0.0247231105137635,0.0476571096551903
"Congo, Democratic Republic of",Congo DR,CD,2022,EFConsPerCap,0.678535085814728,0.202189762869091,0.0110737927433533,0.366077534924517,0.0167095302305726,0.0242122443755373,0.0582722206716562
"Congo, Democratic Republic of",Congo DR,CD,2023,EFConsPerCap,0.69313571240066,0.199584155624823,0.0103451211579071,0.358123910454788,0.0186756710620132,0.0241185178452861,0.0822883362558427
"Congo, Democratic Republic of",Congo DR,CD,2024,EFConsPerCap,0.66750048550003,,,,,,
"Congo, Democratic Republic of",Congo DR,CD,2025,EFConsPerCap,0.646869400137284,,,,,,
Zambia,Zambia,ZM,2010,EFConsPerCap,1.23123044209339,0.22949232574087,0.12654509808726,0.692989713790541,0.0114813385544982,0.0188776727433236,0.151844293176896
Zambia,Zambia,ZM,2011,EFConsPerCap,1.21149299561172,0.243378110740514,0.0840103394853086,0.685697186541729,0.0120221621213879,0.0197035064862991,0.166681690236478
Zambia,Zambia,ZM,2012,EFConsPerCap,1.24740000137601,0.179790237738847,0.166626762218661,0.678346023456011,0.0168025841731796,0.0185095292408916,0.187324864548422
Zambia,Zambia,ZM,2013,EFConsPerCap,1.27914964802815,0.204173019736263,0.174250207141177,0.655195655387749,0.0235875992248551,0.017539422731369,0.204403743806732
Zambia,Zambia,ZM,2014,EFConsPerCap,1.28754833518648,0.233920318861111,0.154634529238695,0.636511798268122,0.033282197530604,0.0190118910331516,0.210187600254798
Zambia,Zambia,ZM,2015,EFConsPerCap,1.26594871609927,0.198872579024557,0.160279978296038,0.604312466093128,0.0411862745920356,0.0167648804562423,0.244532537637268
Zambia,Zambia,ZM,2016,EFConsPerCap,1.22914184242635,0.201509828331436,0.133442341627499,0.584841718827952,0.0605652973336245,0.0191389731245651,0.229643683181277
Zambia,Zambia,ZM,2017,EFConsPerCap,1.24364091712703,0.221816338766087,0.106687589729966,0.622081724441265,0.0558519352088421,0.0233322735545865,0.213871055426282
Zambia,Zambia,ZM,2018,EFConsPerCap,1.24430125384007,0.223114743453036,0.132477095092345,0.607465580919459,0.0468493504939479,0.0198070300464805,0.214587453834805
Zambia,Zambia,ZM,2019,EFConsPerCap,1.30700930641089,0.25996124034285,0.148298920469598,0.59161172878105,0.0445141585252504,0.0185722851176506,0.244050973174495
Zambia,Zambia,ZM,2020,EFConsPerCap,1.21065499155211,0.235469376865479,0.111598132050807,0.57182941423781,0.0370872495540165,0.0223677979511022,0.232303020892892
Zambia,Zambia,ZM,2021,EFConsPerCap,1.19652271442919,0.210848202673133,0.112597173758456,0.555469910337337,0.0398222632136868,0.024053998376847,0.25373116606973
Zambia,Zambia,ZM,2022,EFConsPerCap,1.19561124053134,0.174024477446541,0.135544173197306,0.542246405999845,0.0418568870664015,0.0219825879025543,0.279956708918689
Zambia,Zambia,ZM,2023,EFConsPerCap,1.16734643323586,0.175119606280434,0.112446186555124,0.526381875927775,0.0448139795141482,0.0258895698963454,0.28269521506203
Zambia,Zambia,ZM,2024,EFConsPerCap,1.14267368621414,,,,,,
Zambia,Zambia,ZM,2025,EFConsPerCap,1.1086806387952,,,,,,
Belgium,Belgium,BE,2010,EFConsPerCap,7.27379500460913,1.43320608384421,0.467199729524656,0.765416728605257,0.120940324719591,0.253379195668348,4.23365294224707
Belgium,Belgium,BE,2011,EFConsPerCap,7.08869959696692,1.42229927132738,0.456232056848155,0.783702883892389,0.116769059241441,0.243554123363877,4.06614220229368
Belgium,Belgium,BE,2012,EFConsPerCap,7.14376839877975,1.41457690233032,0.434431126944251,1.13022517325677,0.118840636212348,0.242191908699984,3.80350265133607
Belgium,Belgium,BE,2013,EFConsPerCap,7.00926525821415,1.28383025654012,0.419055794529044,1.05751416196508,0.123067837044788,0.248518533119855,3.87727867501526
Belgium,Belgium,BE,2014,EFConsPerCap,6.68369185319597,1.52537502291973,0.393634361008592,0.752128927063235,0.125623257019573,0.263772643363246,3.62315764182159
Belgium,Belgium,BE,2015,EFConsPerCap,6.32631300028086,1.40624153114573,0.392724159210687,0.529879757430425,0.113266134390948,0.253851009247391,3.63035040885568
Belgium,Belgium,BE,2016,EFConsPerCap,6.2175490740925,1.19648822423859,0.366470345090396,0.64170382599321,0.121606625039369,0.195246172733529,3.6960338809974
Belgium,Belgium,BE,2017,EFConsPerCap,6.31914417302935,1.22678522039546,0.388641366718984,0.610425923224599,0.114884230618832,0.237563842622291,3.74084358944918
Belgium,Belgium,BE,2018,EFConsPerCap,6.26664468054983,1.12881874974055,0.334225491288813,0.634644719598493,0.107596442996452,0.21337317589479,3.84798610103074
Belgium,Belgium,BE,2019,EFConsPerCap,5.93041514767408,1.24935173279611,0.392438547795186,0.546685441789481,0.111404150947705,0.237043655702665,3.39349161864292
Belgium,Belgium,BE,2020,EFConsPerCap,5.15189744622472,1.18866967101352,0.352140614024982,0.476048991230707,0.10197837121157,0.220695329383528,2.81236446936041
Belgium,Belgium,BE,2021,EFConsPerCap,5.63440732897193,1.32203260937648,0.376380199732473,0.468793488792197,0.116463874145965,0.215294383376137,3.13544277354867
Belgium,Belgium,BE,2022,EFConsPerCap,5.75591006161305,1.2090936489191,0.404017260759001,0.621544796011942,0.109310066806608,0.227842071797541,3.18410221731885
Belgium,Belgium,BE,2023,EFConsPerCap,5.13061868853071,1.171682539952,0.388252009397628,0.541911680766492,0.113637764393676,0.231316357912112,2.6838183361088
Belgium,Belgium,BE,2024,EFConsPerCap,4.84398584487801,,,,,,
Belgium,Belgium,BE,2025,EFConsPerCap,4.81599941828355,,,,,,
Luxembourg,Luxembourg,LU,2010,EFConsPerCap,17.413634296825,1.20889579398706,0.746947430163901,2.57641478192184,0.136114323616747,0.145955191507466,12.599306775628
Luxembourg,Luxembourg,LU,2011,EFConsPerCap,17.6431440510467,1.1250615301459,0.77479263174365,2.94054980351748,0.134095365290419,0.130611687573378,12.5380330327758
Luxembourg,Luxembourg,LU,2012,EFConsPerCap,16.4010756284621,1.13146141802706,0.747832957339786,1.86601153091279,0.145342259312187,0.131506029201263,12.378921433669
Luxembourg,Luxembourg,LU,2013,EFConsPerCap,15.1757643954831,1.16934377848932,0.727984953098179,1.31803402887048,0.140301241106587,0.142459926549411,11.6776404673692
Luxembourg,Luxembourg,LU,2014,EFConsPerCap,14.1413272634333,1.20242174786424,0.700470189628017,1.23212391829521,0.150019071830096,0.138299620491094,10.7179927153246
Luxembourg,Luxembourg,LU,2015,EFConsPerCap,13.8590639089424,1.15019214094621,0.670134397000233,1.2081242606733,0.144256886177202,0.137694945033659,10.5486612791118
Luxembourg,Luxembourg,LU,2016,EFConsPerCap,13.6096234388286,0.981900356435857,0.656602323979568,1.2037451678549,0.146835774536023,0.110940607856874,10.5095992081653
Luxembourg,Luxembourg,LU,2017,EFConsPerCap,13.9336714944478,0.97977584512463,0.566581819866141,1.24395767317387,0.133059969104934,0.116060070305849,10.8942361168723
Luxembourg,Luxembourg,LU,2018,EFConsPerCap,14.2640935747353,1.02750338998663,0.586612000845282,1.73209733218587,0.133535155525156,0.128536133854815,10.6558095623375
Luxembourg,Luxembourg,LU,2019,EFConsPerCap,13.2138134006603,0.996159905107833,0.596560790323765,1.29423014246722,0.135694856623973,0.123204069124923,10.0679636370126
Luxembourg,Luxembourg,LU,2020,EFConsPerCap,10.7890638181048,0.901846525520433,0.517629579043439,0.840480219018684,0.129871521716616,0.114540554077345,8.28469541872826
Luxembourg,Luxembourg,LU,2021,EFConsPerCap,11.7539612293493,0.904583602408527,0.535788575752144,0.928051858901069,0.128799116372962,0.11061748510204,9.14612059081259
Luxembourg,Luxembourg,LU,2022,EFConsPerCap,12.0018526645908,0.926805098276884,0.576445250310476,1.20142136441553,0.126370914632502,0.122976127760606,9.04783390919481
Luxembourg,Luxembourg,LU,2023,EFConsPerCap,10.636922697512,0.824830093024802,0.538550819131037,1.16059473957113,0.124946757625882,0.109671825842298,7.8783284623169
Luxembourg,Luxembourg,LU,2024,EFConsPerCap,10.3273802326424,,,,,,
Luxembourg,Luxembourg,LU,2025,EFConsPerCap,10.1192970796956,,,,,,
Serbia,Serbia,RS,2010,EFConsPerCap,3.53145697020372,0.770518275121921,0.0506244418631191,0.613833666254603,0.0287152908330336,0.0831683313342604,1.98459696479678
Serbia,Serbia,RS,2011,EFConsPerCap,3.77722593013122,0.776012478714696,0.0450083806989431,0.611358702108725,0.0363605249383435,0.0821993547985171,2.22628648887199
Serbia,Serbia,RS,2012,EFConsPerCap,3.47410508120258,0.515618738374863,0.0578562106952858,0.60142443947822,0.03751054501576,0.0684778749619631,2.19321727267649
Serbia,Serbia,RS,2013,EFConsPerCap,3.72725367481119,0.872951628871991,0.0559711484896463,0.589092960851025,0.0326818094056878,0.0890838045161649,2.08747232267667
Serbia,Serbia,RS,2014,EFConsPerCap,3.58780475044423,0.976692029908877,0.0558054771909142,0.600287828109135,0.0357923154944579,0.0951943647327955,1.82403273500805
Serbia,Serbia,RS,2015,EFConsPerCap,3.50375997333633,0.751996389798867,0.0503375824047502,0.585140983441968,0.0297208330407296,0.0818713142765233,2.00469287037349
Serbia,Serbia,RS,2016,EFConsPerCap,3.71390092809232,0.964154696313427,0.061780558961059,0.620458545658977,0.0271912343324953,0.10058630278382,1.93972959004254
Serbia,Serbia,RS,2017,EFConsPerCap,3.48717169209495,0.569953259899043,0.0553992307579364,0.60948841412472,0.0370434997383844,0.0738463502006939,2.14144093737418
Serbia,Serbia,RS,2018,EFConsPerCap,3.92504525968134,1.03816599746113,0.0766721472964301,0.637942171422249,0.0384691849739169,0.104414701987989,2.02938105653963
Serbia,Serbia,RS,2019,EFConsPerCap,3.93256078485428,0.936006405615512,0.0729239689508005,0.655207609721704,0.0404741012889285,0.10105763218247,2.12689106709487
Serbia,Serbia,RS,2020,EFConsPerCap,4.0927431447006,1.02799628720384,0.0735825631437648,0.668714965401702,0.0390361592641943,0.108995643443784,2.17441752624331
Serbia,Serbia,RS,2021,EFConsPerCap,3.99272992746686,0.967823233507207,0.075867921242753,0.662085523171018,0.0425198471747611,0.101770522748446,2.14266287962267
Serbia,Serbia,RS,2022,EFConsPerCap,4.15794804543346,0.863953115369348,0.0808553920298997,0.702328751775103,0.0502810734964633,0.0873190888486032,2.37321062391404
Serbia,Serbia,RS,2023,EFConsPerCap,4.24773896347037,1.16638637907495,0.0754705028918869,0.608004318559629,0.0507551288195506,0.105675867231996,2.24144676689235
Serbia,Serbia,RS,2024,EFConsPerCap,4.27189101729357,,,,,,
Serbia,Serbia,RS,2025,EFConsPerCap,4.24786034375915,,,,,,
Montenegro,Montenegro,ME,2010,EFConsPerCap,3.98777227681394,0.737828968584912,0.402713362632615,0.649491641444674,0.0634553808523019,0.0231053661604997,2.11117755713894
Montenegro,Montenegro,ME,2011,EFConsPerCap,3.8570957639818,0.714996781950904,0.330396033105863,0.476130118059528,0.0626412804851615,0.0243343858974315,2.24859716448291
Montenegro,Montenegro,ME,2012,EFConsPerCap,3.84235883555876,0.660117713494651,0.353018101153276,0.564149963411972,0.0604475980736657,0.0208321517861975,2.183793307639
Montenegro,Montenegro,ME,2013,EFConsPerCap,3.45004946927007,0.484059699088302,0.357521632125391,0.478338534102639,0.0657730438962489,0.0957550457848142,1.96860151427268
Montenegro,Montenegro,ME,2014,EFConsPerCap,3.66091516154449,0.527419864567326,0.503290500299673,0.455032592499429,0.0725359931848839,0.0915832741094676,2.01105293688371
Montenegro,Montenegro,ME,2015,EFConsPerCap,3.72389862404899,0.545327937425029,0.449306458844672,0.397163815968012,0.070709027637532,0.0940116252696111,2.16737975890414
Montenegro,Montenegro,ME,2016,EFConsPerCap,3.67009523856958,0.532598487088213,0.411894341947689,0.35993668158126,0.0758662405402587,0.100812686555129,2.18898680085703
Montenegro,Montenegro,ME,2017,EFConsPerCap,4.33341175677592,0.549806796590627,0.479622510158863,0.504820473139515,0.0797057542212299,0.0945247683044859,2.6249314543612
Montenegro,Montenegro,ME,2018,EFConsPerCap,5.03652924111165,0.567065829000577,0.413693597424366,1.16725013680828,0.0814173142424006,0.0956727569861203,2.71142960664991
Montenegro,Montenegro,ME,2019,EFConsPerCap,4.91469769241564,0.548815856139862,0.435053983489372,1.03698346571965,0.0867693914451045,0.0903481530492294,2.71672684257242
Montenegro,Montenegro,ME,2020,EFConsPerCap,4.15463823036047,0.485533000267916,0.356053620158427,1.04667603109417,0.057865477504357,0.0925511171387785,2.11595898419682
Montenegro,Montenegro,ME,2021,EFConsPerCap,4.24661416781444,0.523562710758481,0.380822947289509,0.834632600751397,0.0730243420401337,0.0971621845319757,2.33740938244294
Montenegro,Montenegro,ME,2022,EFConsPerCap,4.32161498014449,0.533547011769212,0.428712937710374,0.889192142019971,0.072068182888476,0.0907481798614232,2.30734652589503
Montenegro,Montenegro,ME,2023,EFConsPerCap,4.67998008300711,0.523395862854764,0.43133482983119,1.01745083948168,0.0832501243137268,0.0887269543949368,2.53582147213082
Montenegro,Montenegro,ME,2024,EFConsPerCap,4.86669376468812,,,,,,
Montenegro,Montenegro,ME,2025,EFConsPerCap,4.92698470196162,,,,,,
Sudan,Sudan,SD,2012,EFConsPerCap,1.76531334970599,0.308755744337349,1.08751369967265,0.181344164625548,0.00122868619644622,0.00646790339848542,0.180003151475515
Sudan,Sudan,SD,2013,EFConsPerCap,1.82522633437792,0.398219095575616,1.05892617247115,0.180088727991732,0.00114201212945681,0.0115448652560769,0.175305460953894
Sudan,Sudan,SD,2014,EFConsPerCap,1.88169987493347,0.463992124406753,1.02185186559963,0.181317357667891,0.00101915333149708,0.0145884477933252,0.198930926134371
Sudan,Sudan,SD,2015,EFConsPerCap,1.69077157871536,0.298181281508002,0.974835213520874,0.176877063657679,0.00117279132732376,0.00873463212530727,0.230970596576171
Sudan,Sudan,SD,2016,EFConsPerCap,1.7170603270332,0.336152353789825,0.954173762180735,0.173224145434775,0.0011071880797335,0.0142372806163616,0.238165596931766
Sudan,Sudan,SD,2017,EFConsPerCap,1.60048187420304,0.264999319703217,0.924136436466318,0.168423013825363,0.000893912449278677,0.0132970261657928,0.228732165593068
Sudan,Sudan,SD,2018,EFConsPerCap,1.71612167068956,0.419994101082497,0.893225955639389,0.162286678299123,0.00100401292434162,0.0184289043750064,0.221182018369198
Sudan,Sudan,SD,2019,EFConsPerCap,1.60592615721612,0.332775476668914,0.870997645570336,0.159396250964527,0.000867529553964058,0.0170822036922051,0.22480705076617
Sudan,Sudan,SD,2020,EFConsPerCap,1.59419671476821,0.363124962458432,0.852190594701903,0.155658929452371,0.000802266986096488,0.0189993772415348,0.203420583927878
Sudan,Sudan,SD,2021,EFConsPerCap,1.52348807900532,0.343118183190662,0.798971066121138,0.147477505997849,0.000685820624432336,0.0189709027515779,0.214264600319658
Sudan,Sudan,SD,2022,EFConsPerCap,1.44458343700294,0.308592439073283,0.783198558972404,0.14244005687739,0.000802873488552789,0.0192017753705774,0.190347733220731
Sudan,Sudan,SD,2023,EFConsPerCap,1.31298118572293,0.239973876038056,0.771894910064668,0.138951784965421,0.000653748311460055,0.0152148815851245,0.146291984758196
Sudan,Sudan,SD,2024,EFConsPerCap,1.29938759037276,,,,,,
Sudan,Sudan,SD,2025,EFConsPerCap,1.26876168997076,,,,,,
State of Palestine,Palestine,PS,2010,EFConsPerCap,1.15858382996696,0.276344381659246,0.0528488107021209,0.0754483055199154,0.0128192088827653,0.0688021354987392,0.672320987704175
State of Palestine,Palestine,PS,2011,EFConsPerCap,1.16693653858512,0.256939563712851,0.053224393730496,0.0733950449162246,0.0119860065434556,0.0574053144707749,0.713986215211321
State of Palestine,Palestine,PS,2012,EFConsPerCap,1.11278024291363,0.226995046131958,0.0372852160760669,0.0715176238412663,0.0105323135533069,0.0701532553100569,0.696296788000979
State of Palestine,Palestine,PS,2013,EFConsPerCap,1.10976097220175,0.218796567768674,0.0395035710861582,0.0696298301855109,0.0140241748624189,0.0534082535630185,0.714398574735973
State of Palestine,Palestine,PS,2014,EFConsPerCap,1.24419606013952,0.288049297132103,0.0572040687846879,0.0679167427519467,0.0163833711977712,0.0536858449232665,0.760956735349743
State of Palestine,Palestine,PS,2015,EFConsPerCap,1.18739202340255,0.260608908561972,0.0740294044582902,0.050526497888794,0.0152494004532953,0.0453871079789255,0.741590704061273
State of Palestine,Palestine,PS,2016,EFConsPerCap,1.18563752334071,0.258058507863023,0.0700204574036808,0.0521645856548113,0.0146663427140792,0.0496114726604813,0.741116157044629
State of Palestine,Palestine,PS,2017,EFConsPerCap,1.25711800338205,0.265659070096952,0.0592801100972004,0.0539545670625,0.0160501080075519,0.0490738947021282,0.813100253415712
State of Palestine,Palestine,PS,2018,EFConsPerCap,1.2730377856189,0.306942240428995,0.0730275999256796,0.0534598914800237,0.01409902821026,0.0508565852568224,0.774652440317114
State of Palestine,Palestine,PS,2019,EFConsPerCap,1.26708734247117,0.264201848497988,0.0719162063960273,0.0607348260866451,0.0175000078064478,0.0657919794307429,0.786942474253322
State of Palestine,Palestine,PS,2020,EFConsPerCap,1.14204242296083,0.240958322228771,0.0728823647815485,0.051993504615514,0.0168870257782186,0.0554534840687285,0.703867721488044
State of Palestine,Palestine,PS,2021,EFConsPerCap,1.28212980427889,0.275765301157324,0.075822299982345,0.0650954166098613,0.0171394638389494,0.0890236395027389,0.75928368318767
State of Palestine,Palestine,PS,2022,EFConsPerCap,1.27850607452646,0.217526836600789,0.0900921498404342,0.0579561640041366,0.0198026146696514,0.0811201746539696,0.812008134757482
State of Palestine,Palestine,PS,2023,EFConsPerCap,1.13676375041547,0.209512068993034,0.105112969309267,0.021107694077695,0.0176016024766878,0.0757554674643002,0.707673948094487
State of Palestine,Palestine,PS,2024,EFConsPerCap,1.1208462495699,,,,,,
State of Palestine,Palestine,PS,2025,EFConsPerCap,1.1116420727778,,,,,,
China,China,CN,2010,EFConsPerCap,2.98216507726443,0.331281237836066,0.128101734681911,0.194191731911433,0.0721239340649559,0.12927809558332,2.12718834318675
China,China,CN,2011,EFConsPerCap,3.16137122516709,0.330613565921152,0.121822428641793,0.203801549995403,0.0717501370489695,0.1317948705124,2.30158867304737
China,China,CN,2012,EFConsPerCap,3.251331972018,0.352888256015525,0.116917290583878,0.20148899416636,0.0738329418963192,0.134166017553884,2.37203847180203
China,China,CN,2013,EFConsPerCap,3.33424784406419,0.35866975392521,0.124533387555838,0.209065773297938,0.0742091121150718,0.136287078629822,2.43148273854031
China,China,CN,2014,EFConsPerCap,3.27434612543941,0.360586188677956,0.128629045956875,0.208255847091561,0.0761248810929888,0.136534496026393,2.36421566659363
China,China,CN,2015,EFConsPerCap,3.17518207445795,0.373636023982464,0.113963870775236,0.204756009542505,0.0743445456345446,0.137978540325028,2.27050308419817
China,China,CN,2016,EFConsPerCap,3.17584720899084,0.365409391629529,0.114910341879189,0.216164420248494,0.068730525271217,0.138758325103542,2.27187420485887
China,China,CN,2017,EFConsPerCap,3.25447316827171,0.374760384807068,0.111444465837781,0.223933754676127,0.0697266535515517,0.14124693414491,2.33336097525428
China,China,CN,2018,EFConsPerCap,3.3354248321016,0.370878611483708,0.116063723607374,0.23517085310693,0.0683864465402416,0.143046476276055,2.40187872108729
China,China,CN,2019,EFConsPerCap,3.35818469884929,0.379498639402753,0.106929675172142,0.227033486640083,0.0727579156509362,0.146234420194477,2.4257305617889
China,China,CN,2020,EFConsPerCap,3.37836997652985,0.403795080881771,0.11980370981321,0.250878955806365,0.0697808146188296,0.146617368701388,2.38749404670829
China,China,CN,2021,EFConsPerCap,3.54491949490213,0.41783186390557,0.127532678288308,0.244705749169139,0.071671234822059,0.148921705937286,2.53425626277976
China,China,CN,2022,EFConsPerCap,3.53072231399008,0.405412797913467,0.129195902533744,0.224462777673744,0.0762048000357506,0.148237279901293,2.54720875593209
China,China,CN,2023,EFConsPerCap,3.5678154959845,0.418319484881905,0.130072740449525,0.236211225040214,0.0791365684882804,0.148975103064848,2.55510037405972
China,China,CN,2024,EFConsPerCap,3.74913821256241,,,,,,
China,China,CN,2025,EFConsPerCap,3.75708326286175,,,,,,
World,º World,,2010,EFConsPerCap,2.6660050043485333,0.436731881390208,0.14890397417208057,0.281315129405696,0.0903810663645222,0.0807918111169953,1.62788167960862
World,º World,,2011,EFConsPerCap,2.7110331885004784,0.44258443506124,0.1456411040951321,0.284807762525481,0.0890466270529007,0.0836949267570808,1.66525941531252
World,º World,,2012,EFConsPerCap,2.690165380208576,0.433430772905328,0.14634850715168946,0.281141609453378,0.0884340387909466,0.0827954806286937,1.6580156777766
World,º World,,2013,EFConsPerCap,2.7089736707996583,0.450706225647153,0.1437087695793729,0.281435656767882,0.0907401407764944,0.0883455917021167,1.65403834173206
World,º World,,2014,EFConsPerCap,2.6623911320852387,0.451206480162731,0.14204444610026992,0.280133575908023,0.092331924609327,0.0906365227554347,1.60603664608997
World,º World,,2015,EFConsPerCap,2.6007435513708033,0.451580364150586,0.1369376256116372,0.275200685252657,0.0895779638517117,0.0913046169005461,1.55614279031136
World,º World,,2016,EFConsPerCap,2.558119196835718,0.452155601345127,0.1349750355290858,0.27943703127696,0.0885692861282265,0.0933240657090921,1.50965945918003
World,º World,,2017,EFConsPerCap,2.62773026153172,0.458717131249489,0.1319993009135159,0.279240158878935,0.0885090079047207,0.0969287957536636,1.5723350507658
World,º World,,2018,EFConsPerCap,2.6310789504235785,0.451251989664073,0.13110620546364513,0.285918298704631,0.0872682759767187,0.0965665474961772,1.57896827995018
World,º World,,2019,EFConsPerCap,2.5962150337791807,0.452273865162494,0.12669917673039635,0.275788868840841,0.086741745550448,0.0978155842686009,1.55689674166738
World,º World,,2020,EFConsPerCap,2.432338578594891,0.448383678098997,0.12708624714887215,0.271879068341922,0.0826833823713749,0.098634203513365,1.40367229140543
World,º World,,2021,EFConsPerCap,2.5650449442362198,0.448811971754154,0.12706274741799536,0.275250449829085,0.0833306581483858,0.0996819837677275,1.53090652033314
World,º World,,2022,EFConsPerCap,2.5858590715460634,0.444756482868442,0.12639704380159356,0.271190563224671,0.0823552593348603,0.0999069703313801,1.56125167884247
World,º World,,2023,EFConsPerCap,2.564617722183637,0.443769587868959,0.12783245485030564,0.260646956555493,0.0848795165277065,0.100916963703464,1.5465735978309
World,º World,,2024,EFConsPerCap,2.5314216406884147,,,,,,
World,º World,,2025,EFConsPerCap,2.510928497726704,,,,,,
Africa,Africa,,2010,EFConsPerCap,1.3479165109725058,0.35488893973547847,0.19100964624067818,0.2910095925649423,0.06018310481355275,0.03908129570689935,0.4117439319109554
Asia,Asia,,2010,EFConsPerCap,2.040960464967985,0.3214616146602167,0.07282345431046898,0.16927382368084934,0.07660768233278843,0.09352975456740129,1.3072641354162629
Europe,Europe,,2010,EFConsPerCap,4.938544713192597,0.8905051841435515,0.2206192866577067,0.5479121963817603,0.17458048480853494,0.10784965693799183,2.9970779042630533
Latin America and the Caribbean,Latin America and the Caribbean,,2010,EFConsPerCap,2.6663495265243125,0.5133150704273732,0.5662765327460809,0.35936791638187,0.09313094778814243,0.04959547090148151,1.084663588279365
North America,North America,,2010,EFConsPerCap,8.64918292971239,1.1931354527233455,0.30401484321670025,0.8500747526162217,0.12417983718734621,0.12590544397808168,6.051872599990707
Oceania,Oceania,,2010,EFConsPerCap,5.4775446369113565,0.28694918585548,0.483678016752732,0.6587557408928133,0.33711904976934937,0.08639590955343882,3.6246467340875275
Africa,Africa,,2011,EFConsPerCap,1.3369443365174005,0.3484042130456091,0.19274829984629038,0.28498240480428055,0.06115796151409437,0.040138335724785375,0.40951312158234143
Asia,Asia,,2011,EFConsPerCap,2.1154254324072124,0.3275073718391607,0.07103289249373954,0.174698823970512,0.07452732389379847,0.09527358391131184,1.372385436298689
Europe,Europe,,2011,EFConsPerCap,4.982177761704356,0.9403933935964333,0.21299391310148846,0.5461443318271243,0.17315079325648006,0.10995469519411326,2.999540634728714
Latin America and the Caribbean,Latin America and the Caribbean,,2011,EFConsPerCap,2.7094237259568406,0.5160517983822805,0.5567817405110799,0.37551431155344855,0.09715645173243077,0.05028724242666807,1.1136321813509336
North America,North America,,2011,EFConsPerCap,8.385992094472616,1.164592213877935,0.2921174031599089,0.847656432797201,0.12712491318027025,0.11879039268061295,5.83571073877669
Oceania,Oceania,,2011,EFConsPerCap,6.005520176766606,0.6348207074841382,0.7865746084715989,0.6147486895434108,0.3359169690034862,0.08367951801391557,3.5497796842500726
Africa,Africa,,2012,EFConsPerCap,1.3603436694679234,0.35564831551702614,0.2054160194100402,0.28114135153693653,0.05970248862191325,0.04156407738987981,0.41687141699212715
Asia,Asia,,2012,EFConsPerCap,2.162162294481087,0.33013023130034264,0.06884124745062352,0.1724133931685994,0.0766207202137666,0.09636955796499799,1.4177871443827579
Europe,Europe,,2012,EFConsPerCap,4.7197275938495595,0.8038885546338181,0.21181171121498013,0.5462741340399905,0.16372604138399088,0.10497815767559546,2.88904899490118
Latin America and the Caribbean,Latin America and the Caribbean,,2012,EFConsPerCap,2.709798060708048,0.4910069074228302,0.5466593207642635,0.38705022942912004,0.08253246507655203,0.050545471258660254,1.1520036667566218
North America,North America,,2012,EFConsPerCap,8.060600661964285,1.1292854650869895,0.29831934386552905,0.8377858859539121,0.12267900883610812,0.12045483559137375,5.552076122630368
Oceania,Oceania,,2012,EFConsPerCap,5.679949790805107,0.5080238748966025,0.6010913524790567,0.5770529252858176,0.3765889491781802,0.08695190628357179,3.530240782681875
Africa,Africa,,2013,EFConsPerCap,1.3705786167077705,0.3543033658213672,0.2006820019365996,0.2787534207999713,0.05680026158314888,0.04360843337394095,0.436431133192743
Asia,Asia,,2013,EFConsPerCap,2.1830663115241795,0.33521063885084684,0.0711429585041337,0.1744096688928026,0.07714391812380716,0.09963216864378159,1.425526958508808
Europe,Europe,,2013,EFConsPerCap,4.757112180267613,0.9073811768420924,0.21021427804708,0.5468516509746234,0.17124056354493283,0.11166489647772744,2.8097596143811545
Latin America and the Caribbean,Latin America and the Caribbean,,2013,EFConsPerCap,2.720987458508099,0.5067966105836925,0.5302801168444586,0.3765272247296458,0.08931818902482155,0.05225730403239203,1.1658080132930893
North America,North America,,2013,EFConsPerCap,8.322740782092204,1.3435852636931191,0.28947016022661576,0.8474843092340679,0.13310062742834575,0.13048257381025147,5.578617847699797
Oceania,Oceania,,2013,EFConsPerCap,5.063062997720842,0.2480701896526892,0.4806414923944215,0.5146192453338324,0.34490372298580424,0.08008773894415376,3.3947406084099305
Africa,Africa,,2014,EFConsPerCap,1.368272265809621,0.35991289311960767,0.19628849238191085,0.27456676905351407,0.06016230655986488,0.04487833795110882,0.4324634667436143
Asia,Asia,,2014,EFConsPerCap,2.167157758968116,0.33382657384553094,0.07413245236028233,0.1739906842737269,0.07855178879415303,0.10034099085700614,1.4063152688374159
Europe,Europe,,2014,EFConsPerCap,4.621955466886461,0.9280352703352016,0.2039575786494808,0.5550567954032211,0.17700552615794202,0.12121208425522688,2.6366882120853874
Latin America and the Caribbean,Latin America and the Caribbean,,2014,EFConsPerCap,2.635681255707699,0.515895037949697,0.5121958636884367,0.3568872525295606,0.09201594574590954,0.05255493072128753,1.1061322250728096
North America,North America,,2014,EFConsPerCap,8.114092559793132,1.276728305400873,0.3015662090958102,0.8528269228714443,0.13222922298744413,0.13267553374949087,5.418066365688074
Oceania,Oceania,,2014,EFConsPerCap,5.045031379883847,0.5133774162692636,0.32075745431418845,0.5012864284052908,0.3943157035142275,0.08171754197371327,3.2335768354071783
Africa,Africa,,2015,EFConsPerCap,1.325988527521076,0.3481340808208997,0.1930882622800259,0.2682756741552949,0.05733833455957612,0.0461820027517391,0.4129701729535401
Asia,Asia,,2015,EFConsPerCap,2.1231183880200146,0.3420671872581644,0.0688831422382743,0.16981634386451142,0.07612031514285668,0.10047072580536315,1.3657606737108448
Europe,Europe,,2015,EFConsPerCap,4.472716808909682,0.8801296353429432,0.19902825731683474,0.5575657793337352,0.16949449543590545,0.11748198643461495,2.549016655045648
Latin America and the Caribbean,Latin America and the Caribbean,,2015,EFConsPerCap,2.571061189171569,0.5206138505934371,0.5046581727983164,0.3400163756618696,0.09470028940776563,0.053298785439580894,1.0577737152705995
North America,North America,,2015,EFConsPerCap,7.923508465145627,1.2979378547172022,0.3160526290294618,0.8565176772015853,0.12748100912250943,0.1312639570425378,5.1942553380323115
Oceania,Oceania,,2015,EFConsPerCap,4.6314123012886705,0.30272684775354336,0.22530333399007793,0.49251531518149766,0.33653051946530643,0.08246131402928113,3.191874970868958
Africa,Africa,,2016,EFConsPerCap,1.2929030978192084,0.3443225871572977,0.18761206776097006,0.2627698914085284,0.05261155882374795,0.0461264993232564,0.39946049334540895
Asia,Asia,,2016,EFConsPerCap,2.1222831216952733,0.346147120560001,0.06940320646648161,0.17375454828739217,0.07529668638353271,0.10211620004377917,1.3555653599540864
Europe,Europe,,2016,EFConsPerCap,4.419165990354805,0.8831083631736183,0.19709620406709702,0.5685603378086805,0.1722890823749067,0.11281884323081247,2.4852931596996886
Latin America and the Caribbean,Latin America and the Caribbean,,2016,EFConsPerCap,2.4765835539241534,0.49117069996055923,0.5004360064466639,0.3392005085293921,0.08930980738685111,0.05274327721716913,1.0037232543835186
North America,North America,,2016,EFConsPerCap,7.921129141093917,1.4534524378934186,0.30684375330282476,0.9168789974949445,0.1262186808209439,0.14353302101366827,4.974202250568114
Oceania,Oceania,,2016,EFConsPerCap,4.7018715885285065,0.40384849242676835,0.27410457078940603,0.5048745884613507,0.30894780350101275,0.08308497192145073,3.127011161428512
Africa,Africa,,2017,EFConsPerCap,1.2963417508262427,0.3527237926263907,0.18117193982975385,0.2583475261738152,0.05062578904434714,0.04926104009679261,0.4042116630551434
Asia,Asia,,2017,EFConsPerCap,2.189261596097808,0.3534878433449668,0.06878382217577471,0.1741212826086362,0.07524661293254849,0.10466858925337504,1.4129534457825077
Europe,Europe,,2017,EFConsPerCap,4.531873821910982,0.8999281302876955,0.200268559568494,0.5675994101668689,0.1719060026882961,0.1160597028173944,2.5761120163822344
Latin America and the Caribbean,Latin America and the Caribbean,,2017,EFConsPerCap,2.534165914293769,0.5318021613589539,0.48575640631530553,0.34482245061363587,0.08967266926984992,0.05625563042554916,1.025856596310477
North America,North America,,2017,EFConsPerCap,7.805197676869783,1.2874737446632727,0.30199353795499223,0.910607653866086,0.13132564210361436,0.1331394490229594,5.040657649258837
Oceania,Oceania,,2017,EFConsPerCap,5.30640115219144,0.7643390400163776,0.36350009842369607,0.5367096187224707,0.32872234445427473,0.09799644766632976,3.2151336029083133
Africa,Africa,,2018,EFConsPerCap,1.2957811690638987,0.3588969099811821,0.17722375255588665,0.25565319578674567,0.05008612518634463,0.05047494913829001,0.40344623641545074
Asia,Asia,,2018,EFConsPerCap,2.209188965822753,0.3515450100417635,0.0718661978671315,0.17623847970904902,0.07283167963447272,0.1061887918910549,1.4305188066792842
Europe,Europe,,2018,EFConsPerCap,4.551196435308666,0.8491159799019986,0.19238798702628407,0.6208117910564346,0.174132453116967,0.10833735853328574,2.606410865673698
Latin America and the Caribbean,Latin America and the Caribbean,,2018,EFConsPerCap,2.4675271035046373,0.503048245851377,0.47784606979977157,0.34157037636260157,0.09278355923186542,0.0552297710158466,0.9970490812431763
North America,North America,,2018,EFConsPerCap,7.90483092020398,1.3354047343141104,0.29154580128136776,0.9457160270701238,0.11847730673074121,0.134470569520578,5.079216481287074
Oceania,Oceania,,2018,EFConsPerCap,4.864688366682403,0.4926999190061899,0.3194873321617095,0.48922199916858894,0.3307101130617388,0.0798416148010814,3.1527273884830747
Africa,Africa,,2019,EFConsPerCap,1.2775956782298215,0.343869030942794,0.17531226910352943,0.25371179676045813,0.05132082524554793,0.049873373657329585,0.4035083825201628
Asia,Asia,,2019,EFConsPerCap,2.207510926818602,0.35719538780971893,0.07029290819762461,0.17159900367945347,0.07437838940399469,0.10916190900193669,1.4248833287258724
Europe,Europe,,2019,EFConsPerCap,4.447670309382196,0.8743154655024554,0.19173359774525153,0.5800342660266252,0.16642044447895396,0.11545266554174706,2.5197138700871617
Latin America and the Caribbean,Latin America and the Caribbean,,2019,EFConsPerCap,2.442233792113694,0.5272965593672818,0.45950728117410317,0.32063595223839897,0.08618119479450109,0.05670261125466724,0.9919101932847421
North America,North America,,2019,EFConsPerCap,7.556877302994726,1.2541647598633656,0.2963096786738265,0.91475760769083,0.12807775093340856,0.12438062783449959,4.839186877998797
Oceania,Oceania,,2019,EFConsPerCap,4.5574675541026375,0.36037091494396567,0.2086958032981699,0.520227108593631,0.34079246307113115,0.07008624032233025,3.057295023873399
Africa,Africa,,2020,EFConsPerCap,1.2324575820912946,0.34480600782485543,0.16928092625651925,0.24949273206282646,0.04879694093467814,0.05178949774985874,0.36829147726255757
Asia,Asia,,2020,EFConsPerCap,2.138028561967452,0.3637896937550663,0.07206452902204527,0.17327636673428107,0.07174601991500532,0.10965517771522364,1.3474967748258302
Europe,Europe,,2020,EFConsPerCap,4.067777833314954,0.8381477717719638,0.18286718060156962,0.55625414822637,0.1570095778188994,0.11349979246030015,2.2199993624358516
Latin America and the Caribbean,Latin America and the Caribbean,,2020,EFConsPerCap,2.265724565193714,0.5157815661101324,0.45129037872358985,0.3210883068935359,0.08585876700739466,0.05550237454352654,0.8362031719155341
North America,North America,,2020,EFConsPerCap,6.900282221605712,1.2448246444088604,0.2966832304253937,0.886126691142601,0.11952549601798264,0.13231249453168178,4.2208096650791935
Oceania,Oceania,,2020,EFConsPerCap,4.3625221349644105,0.240534716116687,0.29534310906855354,0.5169955983026354,0.32113605280633095,0.06696825797978015,2.9215444006904248
Africa,Africa,,2021,EFConsPerCap,1.2356102753582354,0.3385687181704684,0.16206997820469735,0.2442204272239095,0.04770180286684809,0.052365032777866735,0.39068431611444426
Asia,Asia,,2021,EFConsPerCap,2.228308095797721,0.36670523100112545,0.07548589220082193,0.16804974799733688,0.07218651644913823,0.11178800093677735,1.4340927072125236
Europe,Europe,,2021,EFConsPerCap,4.453316659018585,0.9066314669341782,0.18439958821585634,0.5938298614057046,0.164549530416859,0.11657312386772357,2.487333088178263
Latin America and the Caribbean,Latin America and the Caribbean,,2021,EFConsPerCap,2.447607101996423,0.5271804586848537,0.4568413691854459,0.3375224345526358,0.08750847004980379,0.05519787442128413,0.9833564951024006
North America,North America,,2021,EFConsPerCap,7.304510801909069,1.1352846828734728,0.28670848080229117,0.9368466677504873,0.1216492477013043,0.13265284136972683,4.691368881411775
Oceania,Oceania,,2021,EFConsPerCap,4.659042734832755,0.5651890686841672,0.33585201021242445,0.5254037351693526,0.2791483262852368,0.09274329362148288,2.8607063008600826
Africa,Africa,,2022,EFConsPerCap,1.204462515530907,0.32436268196090146,0.1598130936147204,0.2406301575845924,0.04723343138905534,0.052454440521368474,0.3799687104602695
Asia,Asia,,2022,EFConsPerCap,2.2551606319359334,0.3597560082919879,0.07531050772300246,0.1608345938297406,0.07367869853803008,0.11135734628443236,1.4742234772687406
Europe,Europe,,2022,EFConsPerCap,4.442395432148967,0.8952593689195321,0.18539616175731288,0.5953703740897601,0.1601992000711103,0.11414084843496261,2.4920294788762885
Latin America and the Caribbean,Latin America and the Caribbean,,2022,EFConsPerCap,2.3687440640047543,0.4837428832184066,0.4400069321522506,0.33805175652785485,0.0868882199681342,0.05535633447705091,0.9646979376610567
North America,North America,,2022,EFConsPerCap,7.521989962977342,1.2729612688621375,0.2843984088647784,0.9562231810547999,0.12092762750509484,0.13009380089231873,4.757385675798202
Oceania,Oceania,,2022,EFConsPerCap,5.025160998341347,0.7051220555993533,0.36921117807385734,0.5176022249273197,0.3289572811788881,0.09874886607887948,3.005519392483056
Africa,Africa,,2023,EFConsPerCap,1.1884107169539293,0.32005131696819067,0.15707388973193032,0.23804442834609696,0.047938715712785,0.054062565257565476,0.3712398009373602
Asia,Asia,,2023,EFConsPerCap,2.2676898104972083,0.3621671957225884,0.0762717538451768,0.1605655648303906,0.07551559274087144,0.11289098678309828,1.4802787165750815
Europe,Europe,,2023,EFConsPerCap,4.261278951077911,0.8646115121323122,0.1814877150681844,0.5567152099425662,0.16598940342486304,0.11318576825261811,2.3792893422573673
Latin America and the Caribbean,Latin America and the Caribbean,,2023,EFConsPerCap,2.3911146346965286,0.4717107173174162,0.44872820791916546,0.3389182186764187,0.0902846273531751,0.05565357680694393,0.9858192866234088
North America,North America,,2023,EFConsPerCap,7.113522435981015,1.2852242510876544,0.2940298461465941,0.8397277228529998,0.1153961555430427,0.13494666661815602,4.444197793732571
Oceania,Oceania,,2023,EFConsPerCap,5.210074531479583,0.933095434759788,0.42146080386919604,0.5080291813933935,0.3040745765605997,0.1082063573197183,2.9352081775768757
Africa,Africa,,2024,EFConsPerCap,1.157726451236942,0.3116293221433209,0.15302143536572999,0.23253200042587435,0.04682864784865235,0.054569162208863556,0.35914588324450025
Asia,Asia,,2024,EFConsPerCap,2.3022239152705537,0.359449708556607,0.07471310864193213,0.15952325050745889,0.0750271439422701,0.11305208425004439,1.5204586193722427
Europe,Europe,,2024,EFConsPerCap,4.173858224020066,0.8646824729053236,0.1810295076416096,0.5568238550286214,0.16605929684624046,0.11334435205388492,2.291918739544385
Latin America and the Caribbean,Latin America and the Caribbean,,2024,EFConsPerCap,2.381704891629103,0.46844185442556996,0.445564126111232,0.33641889480614745,0.08962196733764104,0.05566441965029706,0.9859936292982167
North America,North America,,2024,EFConsPerCap,7.062463021532102,1.2766608232584873,0.29206930157577377,0.8341091397947673,0.1146241617037283,0.1344470653655356,4.41055252983381
Oceania,Oceania,,2024,EFConsPerCap,5.09917204590969,0.9219246400121118,0.416448534348337,0.5019889094813678,0.3004565222510536,0.10769895874670234,2.850654481070099
Africa,Africa,,2025,EFConsPerCap,1.133137447735391,0.30449958729765586,0.14952031844439298,0.22721168880092102,0.045757337612644874,0.055038920849048927,0.3511095947307273
Asia,Asia,,2025,EFConsPerCap,2.2889528897162,0.35716505140921373,0.0742380658135114,0.1585089656316532,0.07455200100723607,0.11322152112104278,1.511267284733543
Europe,Europe,,2025,EFConsPerCap,4.165032701120652,0.8650548345508364,0.18110660061094636,0.557060983245679,0.1661303614725573,0.11352917401554405,2.2821507472250873
Latin America and the Caribbean,Latin America and the Caribbean,,2025,EFConsPerCap,2.3624741871628374,0.4651172855300355,0.44240091956904326,0.33403054622374784,0.08898606548180546,0.05568750732299021,0.9762518630352154
North America,North America,,2025,EFConsPerCap,7.00907778978321,1.2686940165931246,0.2902462386197149,0.8289027265706974,0.11390880794693095,0.13400866602426717,4.3733173340284655
Oceania,Oceania,,2025,EFConsPerCap,5.033755319635334,0.911183292959631,0.41159578312350903,0.49613938164199656,0.2969557730332071,0.1072140291901467,2.8106670596868444
Caribbean,Caribbean,,2010,EFConsPerCap,1.8894044564613275,0.4195211559034491,0.10498497440838325,0.11729635955484205,0.07005376749835791,0.04264478196051343,1.134903417135783
Central America,Central America,,2010,EFConsPerCap,2.7187540260873675,0.537615609233807,0.25864385218203584,0.3335543487247505,0.09213247420334164,0.03903855435718695,1.457769187386247
Central Asia,Central Asia,,2010,EFConsPerCap,2.8207612436354275,0.36277747262527515,0.19612994283511334,0.05259803285550721,0.010838340033218754,0.10029355009128046,2.0981239051950356
Eastern Africa,Eastern Africa,,2010,EFConsPerCap,1.0317805550860843,0.24491934599775445,0.19283592042865702,0.37700213126541043,0.044690185403040185,0.04701521682427644,0.12531775516694618
Eastern Asia,Eastern Asia,,2010,EFConsPerCap,3.1833358374459437,0.344970513011584,0.12996017069884538,0.20675157706726002,0.10752097932003098,0.12404690076855795,2.2700856965796685
Eastern Europe,Eastern Europe,,2010,EFConsPerCap,4.3559778750078015,0.7860050939800689,0.11811291985445461,0.5130124795762656,0.15175707992586412,0.05015257879813155,2.736937722873018
Melanesia,Melanesia,,2010,EFConsPerCap,1.7261550852451883,0.28903207202083037,0.07242426583000351,0.42142554253921616,0.592415031072257,0.05520495196259739,0.29565322182028553
Micronesia,Micronesia,,2010,EFConsPerCap,2.92146326066512,0.2819626095052972,0.03419331026686177,0.02276883514424064,2.120015634880809,0.051886408560976045,0.41063646230693546
Middle Africa,Middle Africa,,2010,EFConsPerCap,1.0033578577835367,0.2794486587661918,0.17989610699141956,0.3459218155336887,0.05046531904841717,0.02052106860152156,0.1271048888422979
Northern Africa,Northern Africa,,2010,EFConsPerCap,1.7599281890625302,0.4545343063914078,0.24541591355855033,0.16641673981244148,0.04044386009689477,0.04964651863714605,0.8034708505660885
Northern Europe,Northern Europe,,2010,EFConsPerCap,5.652550518860903,0.8204563476296245,0.30084640653275224,0.7459991441466706,0.26979192973370525,0.17598868031478485,3.33946801050336
Polynesia,Polynesia,,2010,EFConsPerCap,3.5839240749679337,0.6381122222429438,0.381320647581552,0.21650272560664444,0.8621202866759864,0.07640537160461155,1.4094628212561922
South America,South America,,2010,EFConsPerCap,2.72765850423162,0.5135027786462618,0.7386266391262446,0.39538240562972987,0.09597738218095808,0.05456892054232393,0.9296003781061025
South-Eastern Asia,South-Eastern Asia,,2010,EFConsPerCap,1.599998498924139,0.36232042010221993,0.0331436056178722,0.21134264445108847,0.1633615120317038,0.09963323502993694,0.7301970816913169
Southern Africa,Southern Africa,,2010,EFConsPerCap,3.41041498725302,0.5464174972244665,0.1896581585959648,0.2529249854329569,0.057291146374737645,0.03210960171349579,2.332013597911399
Southern Asia,Southern Asia,,2010,EFConsPerCap,0.9756318672902391,0.23625416173452166,0.019411146638374583,0.1218649907993874,0.02404096612794885,0.07093011988490065,0.5031304821051087
Southern Europe,Southern Europe,,2010,EFConsPerCap,4.618807994602138,0.9080418586872532,0.3056406785380764,0.4194340683542449,0.22310441571729855,0.08285420109456022,2.6797327722107074
Western Africa,Western Africa,,2010,EFConsPerCap,1.1582608098158018,0.3978981441665987,0.15666963223428898,0.2704161896066067,0.09462570940673577,0.03267972077467714,0.20597141362689542
Western Asia,Western Asia,,2010,EFConsPerCap,3.178777978277832,0.680755345955647,0.15302576624200595,0.1928373019900594,0.054289719803622905,0.038228525958946505,2.059641318327552
Western Europe,Western Europe,,2010,EFConsPerCap,5.731124301542567,1.0768750680929782,0.2699538327264519,0.6016304105193585,0.12079020937583151,0.18231879790023656,3.4795559829277045
Caribbean,Caribbean,,2011,EFConsPerCap,1.8984751848222836,0.43820583515923744,0.09700879526980165,0.1169243145135794,0.06943703772749152,0.046028867816630965,1.130870334335544
Central America,Central America,,2011,EFConsPerCap,2.6383305504277277,0.527397432066927,0.2371271302419986,0.33268203346380326,0.08157521367448986,0.03623563486285224,1.423313106117656
Central Asia,Central Asia,,2011,EFConsPerCap,3.4072072860247236,0.7934968163020366,0.18691457486187804,0.07861961121889144,0.010762718155466837,0.09935364771817792,2.238059917768266
Eastern Africa,Eastern Africa,,2011,EFConsPerCap,1.0472973787035846,0.2486220923234458,0.1888720114090446,0.371620398335072,0.047214757007301704,0.04968355100104786,0.14128456862767297
Eastern Asia,Eastern Asia,,2011,EFConsPerCap,3.3374688287478746,0.344801038140306,0.1258817612273208,0.21795487589744014,0.10621954930589733,0.12631004340712465,2.416301560769783
Eastern Europe,Eastern Europe,,2011,EFConsPerCap,4.669454444125474,0.9482861536887474,0.10763480205274926,0.5471941384294008,0.154116238828247,0.06040111765121335,2.8518219934751183
Melanesia,Melanesia,,2011,EFConsPerCap,1.412519001512989,0.2865950855204335,0.06970736872170386,0.35078364650413413,0.5145256857726391,0.06088578341668232,0.13002143157739676
Micronesia,Micronesia,,2011,EFConsPerCap,4.177246948730226,0.28854191505957805,0.05692884600957029,0.032449456330015225,3.378753626106661,0.05653481787022294,0.36403828735417787
Middle Africa,Middle Africa,,2011,EFConsPerCap,1.013996759197794,0.2919564171559761,0.1753279147820267,0.338508713227982,0.05508454838943689,0.0207947680739196,0.1323243975684528
Northern Africa,Northern Africa,,2011,EFConsPerCap,1.738940185596944,0.4574470384574098,0.24153105629713348,0.15652214471902437,0.03524341837917529,0.05340880148543571,0.794787726258765
Northern Europe,Northern Europe,,2011,EFConsPerCap,5.365261246166702,0.827519221946076,0.2889140481710222,0.7080868403404349,0.23887253209024328,0.17439167709732126,3.1274769265215965
Polynesia,Polynesia,,2011,EFConsPerCap,3.51662486214723,0.6608766984795971,0.3642241508253812,0.22563824656380746,0.827213838131375,0.0803196236873051,1.3583523044597672
South America,South America,,2011,EFConsPerCap,2.8237194345222068,0.5196943724113778,0.7342601019000784,0.4200929397946192,0.10636789632079019,0.056404689510349104,0.986899434584993
South-Eastern Asia,South-Eastern Asia,,2011,EFConsPerCap,1.6204697435600595,0.37278880043794227,0.03126221915487674,0.21775703526403054,0.1584728682044813,0.10077521384849698,0.7394136066502317
Southern Africa,Southern Africa,,2011,EFConsPerCap,3.285289714153702,0.5316771958093036,0.208093845292925,0.2417356006678318,0.053924160071692595,0.03353360125471634,2.216325311057233
Southern Asia,Southern Asia,,2011,EFConsPerCap,0.9851764793613457,0.2302899962078734,0.019104404985078993,0.12109347902312866,0.02281508440628362,0.07299516277468131,0.5188783519643013
Southern Europe,Southern Europe,,2011,EFConsPerCap,4.504119317133012,0.8846368490872818,0.30037520643028226,0.3820356944120967,0.2284978985680129,0.0872105811603963,2.621363087474942
Western Africa,Western Africa,,2011,EFConsPerCap,1.1468718252863541,0.36897443847148786,0.16817871358577136,0.2669955508312401,0.0973108063474368,0.03056407926494596,0.21484823678547288
Western Asia,Western Asia,,2011,EFConsPerCap,3.258453049229107,0.6891461381729724,0.16015577717678492,0.1998479502479348,0.04978599731439148,0.038733601804425206,2.1207835845125977
Western Europe,Western Europe,,2011,EFConsPerCap,5.651808191609293,1.0328206636783592,0.26653004498836014,0.5909785304427102,0.12339257640686434,0.17136591925707897,3.466720456835914
Caribbean,Caribbean,,2012,EFConsPerCap,1.8755515833608591,0.4438068677655199,0.10140120513756899,0.11334267940708731,0.06321725082925189,0.05073683648188061,1.103046743739551
Central America,Central America,,2012,EFConsPerCap,2.6902815541190868,0.5318741231178781,0.2250955837837493,0.32922481135079845,0.07804808193243049,0.04119833014015621,1.4848406237940708
Central Asia,Central Asia,,2012,EFConsPerCap,2.8935083434125533,0.3433353681195366,0.2150079593464134,0.073459720502057,0.011415773763670594,0.09611369226195263,2.1541758294189224
Eastern Africa,Eastern Africa,,2012,EFConsPerCap,1.0290437976061628,0.24314669680976184,0.18669759922319468,0.35949229539351246,0.04581708511286671,0.05235039732691052,0.14153972373991697
Eastern Asia,Eastern Asia,,2012,EFConsPerCap,3.4298485960497973,0.3650685764048544,0.12171328187095545,0.2150780009820998,0.10635813794919685,0.12849473538136633,2.4931358634613274
Eastern Europe,Eastern Europe,,2012,EFConsPerCap,4.327592797678921,0.6370116328925103,0.12216084437865975,0.573263464890335,0.15862216564857864,0.0522793419732604,2.784255347895574
Melanesia,Melanesia,,2012,EFConsPerCap,1.7192467685278683,0.2790497704597233,0.06940631698172764,0.32265203967711925,0.6617110834921061,0.05807529011158751,0.32835226780560794
Micronesia,Micronesia,,2012,EFConsPerCap,3.732844425864779,0.2824343160762663,0.0466935404070644,0.04253081376904168,2.891436194251162,0.05723493070138863,0.4125146306598549
Middle Africa,Middle Africa,,2012,EFConsPerCap,1.0506369840818668,0.30880028399753306,0.17857223742578524,0.3325195484052212,0.05746567891339211,0.020374414585501478,0.15290482075443418
Northern Africa,Northern Africa,,2012,EFConsPerCap,1.8718056508818728,0.45432448778097223,0.32485371902995996,0.16080152102811018,0.041404626922208275,0.053005642575395306,0.8374156535452294
Northern Europe,Northern Europe,,2012,EFConsPerCap,5.276361520093435,0.839877151055383,0.2860220510629877,0.6653687213316494,0.2204002081290109,0.16051969674066296,3.104173691773736
Polynesia,Polynesia,,2012,EFConsPerCap,3.925023501211788,0.6955348048405844,0.3812089821182249,0.20653193693765384,1.2722614813752327,0.07474024378426473,1.294746052155829
South America,South America,,2012,EFConsPerCap,2.8055317265598854,0.4794141312828824,0.7238492903905228,0.4392986591706067,0.0863831814737051,0.05431331716073751,1.022273147081433
South-Eastern Asia,South-Eastern Asia,,2012,EFConsPerCap,1.6772195572075368,0.3909843395129847,0.030328346602359363,0.21740580013881372,0.1638690809324641,0.10195708739867966,0.7726749026222351
Southern Africa,Southern Africa,,2012,EFConsPerCap,3.4185644505103134,0.5611376040041942,0.17791186532923203,0.2773503972554514,0.08148055042735279,0.034409402412765154,2.286274631081304
Southern Asia,Southern Asia,,2012,EFConsPerCap,1.008116948752818,0.2275592651036119,0.017489721607044498,0.11832378169536953,0.023937121523409828,0.07378958100923479,0.547017477814147
Southern Europe,Southern Europe,,2012,EFConsPerCap,4.060065420954296,0.7797277475929071,0.27420030757448044,0.3512105056844438,0.20378757225362687,0.07807375841635474,2.373065529432478
Western Africa,Western Africa,,2012,EFConsPerCap,1.1215055522630664,0.3894527755477154,0.16071935135026358,0.2592725351201931,0.08360370564966874,0.03292662669941439,0.1955305578958109
Western Asia,Western Asia,,2012,EFConsPerCap,3.3569972928846727,0.6953467442517354,0.15714537915447307,0.20306297109034796,0.06597507546668648,0.038069000805508076,2.1973981221159207
Western Europe,Western Europe,,2012,EFConsPerCap,5.562488497253147,1.0632317906349829,0.26149294533788275,0.5977381654969331,0.10939422183676993,0.1788940515308133,3.3517373224157634
Caribbean,Caribbean,,2013,EFConsPerCap,1.8356632673326856,0.45960445342751755,0.10048505039630364,0.11363857758910582,0.06768144041990105,0.048379904275398365,1.0458738412244601
Central America,Central America,,2013,EFConsPerCap,2.6420518887336444,0.4918062011041882,0.23275124075402412,0.32999347756781866,0.08834107512219057,0.04178480014395694,1.4573750940414634
Central Asia,Central Asia,,2013,EFConsPerCap,3.0556058167910187,0.4567368414642518,0.20062598716114827,0.07676917301936038,0.011849754673956462,0.10417127437905903,2.2054527860932436
Eastern Africa,Eastern Africa,,2013,EFConsPerCap,1.0376458046906671,0.24853538063556452,0.18541983231586404,0.3530415099006667,0.04428941711801978,0.057116709246010054,0.14924295547454253
Eastern Asia,Eastern Asia,,2013,EFConsPerCap,3.4975203549086173,0.3695660463732835,0.1297262432527813,0.22210721961067242,0.10474616878463894,0.13086615306294386,2.540508523824299
Eastern Europe,Eastern Europe,,2013,EFConsPerCap,4.455349596320592,0.8636097021203875,0.12028806438774543,0.5672964737446388,0.16805526175113658,0.061356135306566494,2.6747439590101174
Melanesia,Melanesia,,2013,EFConsPerCap,1.5917603007996228,0.2971962912756342,0.06385335234086038,0.32620557576715054,0.5623340773365691,0.06458755902231773,0.27758344505708693
Micronesia,Micronesia,,2013,EFConsPerCap,3.794559548906466,0.31458174846650044,0.10321773715047254,0.03626161577580349,2.831466096713842,0.058371809848417666,0.4506605409514289
Middle Africa,Middle Africa,,2013,EFConsPerCap,1.1134571505405233,0.3225195846776913,0.1654138292076946,0.3317497153113366,0.05606594174139235,0.022162892095228082,0.21554518750718024
Northern Africa,Northern Africa,,2013,EFConsPerCap,1.9052260356922444,0.47253446650363784,0.320128134509044,0.16502377541673335,0.03881230870708642,0.05558890578619365,0.8531384447695487
Northern Europe,Northern Europe,,2013,EFConsPerCap,5.310421399940728,0.8532068314719675,0.27803972279712486,0.6832958793720638,0.22796187718503544,0.1617752334956135,3.106141855618916
Polynesia,Polynesia,,2013,EFConsPerCap,3.387856456592309,0.7087761145531871,0.379368710737088,0.1938533972466236,0.7635048418037752,0.07032224893313316,1.272031143318508
South America,South America,,2013,EFConsPerCap,2.846022623782258,0.5178502730994995,0.6964804094087889,0.42305491858537625,0.0919864872039868,0.056926602160494146,1.0597239333241142
South-Eastern Asia,South-Eastern Asia,,2013,EFConsPerCap,1.6921170642437524,0.38873723862021176,0.03288959148226344,0.22103883122947637,0.17284700240070672,0.10503787300374086,0.7715665275073519
Southern Africa,Southern Africa,,2013,EFConsPerCap,3.235451767978374,0.4700817485318733,0.14290445608372088,0.2584718351463359,0.07191935838536985,0.03328507806126201,2.258789291769807
Southern Asia,Southern Asia,,2013,EFConsPerCap,1.011492638945224,0.23358176018783244,0.017104808001483198,0.11634418912594674,0.024748874443781207,0.07836801105529162,0.5413449961308884
Southern Europe,Southern Europe,,2013,EFConsPerCap,4.0321778999959275,0.885231537789414,0.27483816103195424,0.35387678645532517,0.2137252576578561,0.08895259437957616,2.2155535626817997
Western Africa,Western Africa,,2013,EFConsPerCap,1.136651916383273,0.3784131840401085,0.1619082816460999,0.25830864043713714,0.07957613141759445,0.032524090845547464,0.22592158799678616
Western Asia,Western Asia,,2013,EFConsPerCap,3.227828018855051,0.6848537439112421,0.14746637964118453,0.19902918947796155,0.0588037733518556,0.03876602795281762,2.098908904519993
Western Europe,Western Europe,,2013,EFConsPerCap,5.508028022152792,1.0215825651761168,0.2616205606689408,0.596660136625816,0.1120750496404485,0.18093627931231596,3.335153430729151
Caribbean,Caribbean,,2014,EFConsPerCap,1.8049927995290633,0.4576137781947912,0.09726059959234899,0.11240984359729322,0.07784691875275905,0.04599202366236232,1.0138696357295083
Central America,Central America,,2014,EFConsPerCap,2.5043061493104313,0.5038213217911264,0.2240423859142611,0.326032866054151,0.0975958392395517,0.04481342935343949,1.308000306957905
Central Asia,Central Asia,,2014,EFConsPerCap,2.711139032090534,0.43368213453542,0.20993322720934807,0.10007175866090992,0.010333281226597052,0.10501015495582693,1.852108475502433
Eastern Africa,Eastern Africa,,2014,EFConsPerCap,1.0415824896280907,0.25486243071443926,0.182675081839793,0.34754224742735373,0.044074111446022,0.060795188826470364,0.1516334293740122
Eastern Asia,Eastern Asia,,2014,EFConsPerCap,3.428439071681054,0.36905117993085074,0.13410972257113848,0.22115740970248526,0.10861026397514915,0.13144205880917637,2.464068436692253
Eastern Europe,Eastern Europe,,2014,EFConsPerCap,4.3282983851107915,0.8723474116461759,0.11419555795853005,0.5832035671748095,0.16774897282849546,0.06757641049530673,2.523226465007475
Melanesia,Melanesia,,2014,EFConsPerCap,1.763497405057064,0.322298105254022,0.060154637981111064,0.2972652874169546,0.6948906660691819,0.07240678012053516,0.3164819282152565
Micronesia,Micronesia,,2014,EFConsPerCap,4.18930493688966,0.27555616436061403,0.055371763895931944,0.03941846860529573,3.2869258286438794,0.05810830027626102,0.47392441110768047
Middle Africa,Middle Africa,,2014,EFConsPerCap,1.1152661545530085,0.320061998681758,0.170157608742456,0.32538711205086956,0.060023390849650485,0.022107628382811686,0.21752841584546248
Northern Africa,Northern Africa,,2014,EFConsPerCap,1.8998007833955062,0.47667434908823453,0.3138975506489981,0.16960170137160344,0.04682873133979148,0.05479066901236302,0.8380077819345156
Northern Europe,Northern Europe,,2014,EFConsPerCap,5.254944109993634,0.8917781245282711,0.2730248970141972,0.7403775894417486,0.2590845763297595,0.18662669040917448,2.904052232270482
Polynesia,Polynesia,,2014,EFConsPerCap,3.3670574692494424,0.7450905299510348,0.4012929430713617,0.20368113796463697,0.6022920280852138,0.059668161182057734,1.355032668995147
South America,South America,,2014,EFConsPerCap,2.776211226498055,0.5269214369047984,0.6732910919100338,0.3950558787123063,0.09121833474335864,0.056403472364736695,1.0333210118628227
South-Eastern Asia,South-Eastern Asia,,2014,EFConsPerCap,1.70895304505955,0.3703764944734373,0.03953929203466847,0.2161518681764197,0.1727849570353611,0.1061464593292509,0.8039539740104146
Southern Africa,Southern Africa,,2014,EFConsPerCap,3.2713042033183504,0.5145852403094496,0.12647275599399582,0.22706989323475563,0.07451127564116655,0.037121039620784516,2.2915439985181947
Southern Asia,Southern Asia,,2014,EFConsPerCap,1.0511791299152777,0.2422624440568508,0.01743828939337224,0.11651543811112706,0.0249330328827968,0.07962747233709246,0.5704024531340366
Southern Europe,Southern Europe,,2014,EFConsPerCap,3.8994089333920376,0.8350602457822389,0.27345522357132945,0.36579327045754867,0.21738059398493775,0.08674911017700386,2.120970489418976
Western Africa,Western Africa,,2014,EFConsPerCap,1.1280447685697015,0.3817236178347315,0.1557245662224392,0.2547006687559799,0.08339773313161555,0.032862960994105954,0.2196352216308295
Western Asia,Western Asia,,2014,EFConsPerCap,3.199509056537145,0.6510382954357081,0.1515148975019473,0.20448777378885713,0.05962367991486348,0.037421951455373074,2.0954224584403973
Western Europe,Western Europe,,2014,EFConsPerCap,5.308927837410084,1.1067195001686045,0.25021497280439836,0.5629146722980504,0.11551301854645443,0.19618843823107981,3.077377235361496
Caribbean,Caribbean,,2015,EFConsPerCap,1.9162117402225067,0.4827710360073565,0.10093069833525442,0.11450229416381508,0.08543919224171555,0.04842525849831405,1.08414326097605
Central America,Central America,,2015,EFConsPerCap,2.4891787133334238,0.4966639838640737,0.22133109968818462,0.3258801941421426,0.10814513803954517,0.042481730672601976,1.2946765669268776
Central Asia,Central Asia,,2015,EFConsPerCap,2.586220203331077,0.5183780222055716,0.20160406896867877,0.0936346165326262,0.010338319264453805,0.10904755050715316,1.6532176258525921
Eastern Africa,Eastern Africa,,2015,EFConsPerCap,1.0396130418747354,0.2609662850920976,0.17907437719678637,0.33923877082494386,0.04268396613042327,0.06466178190931848,0.15298786072116619
Eastern Asia,Eastern Asia,,2015,EFConsPerCap,3.3129810483952125,0.37969904433492724,0.12164000508554056,0.2169901459040889,0.10363817313776524,0.13279010807034933,2.3582235718625437
Eastern Europe,Eastern Europe,,2015,EFConsPerCap,4.009517787916583,0.771639440168147,0.09879890532809053,0.5907932804544376,0.14586463534414246,0.06436067028496287,2.338060856336803
Melanesia,Melanesia,,2015,EFConsPerCap,1.5631958768298475,0.3342222517372845,0.05512464523890532,0.3224966299761167,0.44156688628278645,0.07391401801191548,0.33587144558284215
Micronesia,Micronesia,,2015,EFConsPerCap,5.587334411118082,0.28535513522107814,0.030220379378086262,0.03968342644820098,4.702000164618031,0.06037984565956246,0.4696954597931276
Middle Africa,Middle Africa,,2015,EFConsPerCap,1.0341011982167017,0.3122948003223944,0.16049757224792446,0.31943160764131795,0.05658224522819438,0.022803072371958253,0.1624919004049117
Northern Africa,Northern Africa,,2015,EFConsPerCap,1.864709543364254,0.4583696139983851,0.3142832753690424,0.16435024288001512,0.04245310651016907,0.05593906530984784,0.8293142392967953
Northern Europe,Northern Europe,,2015,EFConsPerCap,5.212459139522129,0.9181524719661738,0.2812483083886009,0.7375142928387355,0.27606350046597805,0.18934493459903015,2.8101356312636074
Polynesia,Polynesia,,2015,EFConsPerCap,3.297095065485568,0.6310776430361161,0.40029990083595424,0.1659951058417674,0.7313092055126397,0.03572480544803957,1.3326884048110468
South America,South America,,2015,EFConsPerCap,2.672815377597279,0.5343642707576504,0.6627467256698203,0.369299268822852,0.09015914002680829,0.05823632562544242,0.9580096466947057
South-Eastern Asia,South-Eastern Asia,,2015,EFConsPerCap,1.725123451727212,0.383542653693027,0.03741646478898892,0.20647205492662557,0.16967138380502847,0.10824504179204002,0.8197758527215014
Southern Africa,Southern Africa,,2015,EFConsPerCap,2.98483919497218,0.3864425421736312,0.12572796839007186,0.22380263524171695,0.07449370644282254,0.03139826831973579,2.142974074404191
Southern Asia,Southern Asia,,2015,EFConsPerCap,1.0468535876837721,0.2414887570274423,0.01750186349815335,0.11532334460460775,0.025354678761315513,0.07828957209377246,0.5688953716984783
Southern Europe,Southern Europe,,2015,EFConsPerCap,4.013709552229906,0.8495985444378851,0.2672784724442976,0.3817751042444868,0.2209575748741155,0.0870179022257819,2.207081954003338
Western Africa,Western Africa,,2015,EFConsPerCap,1.10446344408138,0.3751681575353404,0.15353020743036055,0.24841968386003369,0.07982986850892054,0.03317893341897222,0.21433659332775384
Western Asia,Western Asia,,2015,EFConsPerCap,3.2300458943561483,0.6736278514821382,0.14783072364516492,0.19496779662615615,0.05550664521181173,0.036686961623361,2.1214259157675195
Western Europe,Western Europe,,2015,EFConsPerCap,5.146680842694045,1.0496740060438337,0.2548218975148331,0.5488145624298223,0.10838222218410018,0.18428277100491805,3.0007053835165376
Caribbean,Caribbean,,2016,EFConsPerCap,1.8279359109145465,0.49635122709816903,0.10110530084261889,0.11508069473573333,0.07884067148433145,0.04986588972165387,0.9866921270320388
Central America,Central America,,2016,EFConsPerCap,2.507871858190661,0.5158422976582995,0.22476169900239268,0.32903030974387776,0.11215257165923813,0.04631054278015098,1.2797744373467037
Central Asia,Central Asia,,2016,EFConsPerCap,2.5686790793378225,0.5169014816227983,0.18564935514950628,0.08921235822611526,0.008832904170226991,0.10757474903588592,1.6605082311332902
Eastern Africa,Eastern Africa,,2016,EFConsPerCap,1.0104470524145226,0.25494219976367805,0.17520760547160275,0.3335171891946734,0.03451084206144715,0.06439756002996129,0.14787165589316112
Eastern Asia,Eastern Asia,,2016,EFConsPerCap,3.3119662102587957,0.37293703729926553,0.12379131003577148,0.2278189647175886,0.09670026643596527,0.13337805492060115,2.357340576849601
Eastern Europe,Eastern Europe,,2016,EFConsPerCap,4.096124759965586,0.8735100323299752,0.0949554470696861,0.609901268629482,0.14923701972559186,0.0703340044549727,2.2981869877558756
Melanesia,Melanesia,,2016,EFConsPerCap,1.503396374017139,0.33085633125754155,0.056255319253765375,0.35337259165802654,0.29465955063077026,0.07604886510681494,0.3922037161102194
Micronesia,Micronesia,,2016,EFConsPerCap,7.177447521673047,0.36973002109469105,0.03796458578928859,0.03908031907177881,6.197648270593485,0.07218796098937205,0.46083636413443824
Middle Africa,Middle Africa,,2016,EFConsPerCap,1.0081531330081348,0.30379480880664284,0.15191441623623983,0.310125299100826,0.05035428744204401,0.022602472057424442,0.16936184936495777
Northern Africa,Northern Africa,,2016,EFConsPerCap,1.799176549108605,0.44218731876849166,0.3015230934289118,0.15984605179676387,0.03947650537977261,0.054661429033284366,0.8014821507013811
Northern Europe,Northern Europe,,2016,EFConsPerCap,5.02393702952565,0.8178627140844543,0.28024015255535883,0.771798281046239,0.2619071973934275,0.1685469022518533,2.7235817821943176
Polynesia,Polynesia,,2016,EFConsPerCap,3.4185350651691366,0.6355753253316224,0.3753135121321106,0.19732182448423277,0.7856060434309431,0.033852971880427296,1.3908653879097994
South America,South America,,2016,EFConsPerCap,2.5310599536006033,0.48050969203862004,0.6549936219265762,0.3666321125066125,0.08102329373335651,0.05568139973625347,0.892219833659185
South-Eastern Asia,South-Eastern Asia,,2016,EFConsPerCap,1.7668465913681088,0.4058847234473629,0.040038112940319136,0.20980378449233741,0.17372862209964435,0.10761063209239037,0.8297807162960574
Southern Africa,Southern Africa,,2016,EFConsPerCap,2.928236180688728,0.44962339927930783,0.1253138131592255,0.21059878695036935,0.08071224891230376,0.02756179114276309,2.034426141244764
Southern Asia,Southern Asia,,2016,EFConsPerCap,1.0562004213077196,0.25245883561448634,0.016779158592319238,0.11533124053212483,0.027619567650956734,0.08238619525211395,0.5616254236657184
Southern Europe,Southern Europe,,2016,EFConsPerCap,4.045313708215804,0.9152595196158101,0.27104077766766776,0.3849810096671397,0.2318786088279928,0.09204778096826223,2.1501060114689357
Western Africa,Western Africa,,2016,EFConsPerCap,1.098298883475798,0.3731779716450793,0.15221842816781012,0.24456101906332156,0.07631324310957961,0.0349234759755177,0.2171047455144905
Western Asia,Western Asia,,2016,EFConsPerCap,3.0991298263697153,0.6512482101142697,0.14761349310684607,0.190187064121802,0.06031013358162737,0.03582381291773307,2.0139471125274406
Western Europe,Western Europe,,2016,EFConsPerCap,4.87843186296219,0.9074853426352784,0.2503542545608786,0.5402120525188391,0.11307486237019009,0.16381369030603202,2.903491660570972
Caribbean,Caribbean,,2017,EFConsPerCap,1.8423016297940114,0.5048520529687018,0.10256248102568803,0.11522629389375201,0.08721207109394812,0.05092847461397824,0.9815202561979451
Central America,Central America,,2017,EFConsPerCap,2.5355400587234276,0.5055480384761326,0.21837329113777645,0.34490703332922096,0.11457901098999818,0.04886226563629549,1.3032704191540039
Central Asia,Central Asia,,2017,EFConsPerCap,2.6365247371168508,0.5019971919107726,0.18147655938993973,0.08940612219230261,0.009691725101365886,0.10240214443013866,1.7515509940923328
Eastern Africa,Eastern Africa,,2017,EFConsPerCap,1.0222637055251185,0.26514917205973726,0.1684647958458724,0.32913237304535525,0.0353439202786056,0.07020543102038873,0.15396801327515836
Eastern Asia,Eastern Asia,,2017,EFConsPerCap,3.4048588797201074,0.38132681570187643,0.1217633603452902,0.23522245186745822,0.09663644571118295,0.13560984291717051,2.43429996317713
Eastern Europe,Eastern Europe,,2017,EFConsPerCap,4.240836784075584,0.8712991909862038,0.09755409851529302,0.6100945903451438,0.14211986476693358,0.07360190088738458,2.4461671385746286
Melanesia,Melanesia,,2017,EFConsPerCap,1.5194704724100785,0.2943767094764602,0.05297203217833667,0.31483582511929825,0.37013827969863383,0.07249710339523127,0.41465052254212076
Micronesia,Micronesia,,2017,EFConsPerCap,7.509923005751598,0.38157301299264257,0.03854524509727376,0.034195955009546614,6.465061078354011,0.08272999380062065,0.5078177204974876
Middle Africa,Middle Africa,,2017,EFConsPerCap,0.9570956850651338,0.3025056424364182,0.14691378881704276,0.30383221995033993,0.04790246009943814,0.022715917921006967,0.13322565584088691
Northern Africa,Northern Africa,,2017,EFConsPerCap,1.8120750943169996,0.43601147673852786,0.30062920539728216,0.15442748430068443,0.037102653968840084,0.05672879382501275,0.8271754800866518
Northern Europe,Northern Europe,,2017,EFConsPerCap,5.140041096177325,0.8933289958563634,0.27702750942421683,0.7651562415116311,0.28027915872298476,0.17438714473972752,2.74986204592241
Polynesia,Polynesia,,2017,EFConsPerCap,3.552953725663055,0.6685170248989459,0.3818654569394098,0.1571094630981019,0.864155903985807,0.040569747779652006,1.440736128961138
South America,South America,,2017,EFConsPerCap,2.605035605418013,0.5453792817466682,0.6352571147510838,0.36849337462923965,0.07968633918779146,0.05984548137015773,0.9163740137330737
South-Eastern Asia,South-Eastern Asia,,2017,EFConsPerCap,1.7932901607501328,0.39660238775020173,0.04099839409773682,0.20204269282900555,0.18056929983794687,0.11037211960795124,0.8627052666272899
Southern Africa,Southern Africa,,2017,EFConsPerCap,3.055384177692904,0.5326692191498436,0.08999102232683685,0.19039355450188447,0.06906929907151242,0.040341750297461634,2.132919332345378
Southern Asia,Southern Asia,,2017,EFConsPerCap,1.1108609741788011,0.2636910421189898,0.016592852443657345,0.1139283104733403,0.026232726309664098,0.08594312103394958,0.6044729217992019
Southern Europe,Southern Europe,,2017,EFConsPerCap,4.028531999513716,0.8168088424666423,0.27307925467582617,0.3942163269371471,0.23064808560576386,0.0831051777676089,2.2306743120607258
Western Africa,Western Africa,,2017,EFConsPerCap,1.099226926108484,0.3819598260135783,0.147318396160782,0.24323581142560557,0.07352865787494894,0.03568199152538192,0.21750224310818714
Western Asia,Western Asia,,2017,EFConsPerCap,3.2342130603877823,0.6702848431528456,0.15113799687493634,0.18241728530321005,0.05431142923914207,0.03638687313376875,2.139674632683878
Western Europe,Western Europe,,2017,EFConsPerCap,5.0367864374785745,1.0111688206358862,0.2582309751169094,0.531895285733371,0.11349083332910298,0.17462842421748415,2.9473720984458214
Caribbean,Caribbean,,2018,EFConsPerCap,1.85807407881158,0.5072599991354902,0.10730759741373896,0.11374315717300748,0.07538993547160311,0.0485986977692777,1.0057746918484631
Central America,Central America,,2018,EFConsPerCap,2.5022401251661655,0.5075451432800797,0.21271779808744887,0.3409878916877591,0.11464091676092097,0.04939819245818797,1.2769501828917642
Central Asia,Central Asia,,2018,EFConsPerCap,2.573564886609742,0.3971273437828434,0.1844919112044271,0.0922713016316091,0.008991734003556021,0.09286613644511305,1.7978164595421928
Eastern Africa,Eastern Africa,,2018,EFConsPerCap,1.015749790948852,0.2665465530050715,0.1625165616493,0.3236373109057581,0.03482278785643907,0.07258199320456261,0.15564458432771988
Eastern Asia,Eastern Asia,,2018,EFConsPerCap,3.470624675954798,0.37969098850317895,0.12662500384374686,0.24349890895353352,0.0933308591755129,0.13680717914113583,2.4906717363376942
Eastern Europe,Eastern Europe,,2018,EFConsPerCap,4.314147066203267,0.780346488119444,0.08638546760263302,0.680342656073467,0.15082992446587837,0.06985777887558292,2.5463847510662636
Melanesia,Melanesia,,2018,EFConsPerCap,1.3588091561239735,0.2705197132195379,0.05293259952089838,0.24534286676251807,0.29023216813957536,0.07082333606372232,0.42895847241772134
Micronesia,Micronesia,,2018,EFConsPerCap,9.600612399087236,0.26133582795704213,0.02842275584265763,0.03503237720842063,8.704769536632291,0.07354082211435418,0.4975110793324812
Middle Africa,Middle Africa,,2018,EFConsPerCap,0.9275243668964558,0.2933662903057523,0.13838546124937365,0.2950579901059397,0.04417243381797613,0.022512562985536746,0.1340296284318771
Northern Africa,Northern Africa,,2018,EFConsPerCap,1.8544195790556421,0.49478826649257596,0.2950468535970303,0.15174926567330835,0.037271570167207134,0.0603107599369994,0.8152528631885229
Northern Europe,Northern Europe,,2018,EFConsPerCap,5.034680279737251,0.7645515578546701,0.27567230952152305,0.8104518123575476,0.27660704064077124,0.14868489691158585,2.7587126624511544
Polynesia,Polynesia,,2018,EFConsPerCap,3.512800525263075,0.6640584547873413,0.3863895627622123,0.1937858379155513,0.7587973878149155,0.03930821362563289,1.4704610683574253
South America,South America,,2018,EFConsPerCap,2.5159280465340523,0.5007611971173883,0.6252620769373213,0.36525292137361537,0.08556341123608437,0.05831592962667672,0.8807725102429689
South-Eastern Asia,South-Eastern Asia,,2018,EFConsPerCap,1.8717993496404086,0.41609927925306434,0.04441227371981725,0.20992906899996905,0.17491726952449307,0.11008819386829659,0.9163532642747697
Southern Africa,Southern Africa,,2018,EFConsPerCap,2.9954943891334715,0.4681242301715308,0.09890062417702257,0.21918997387494515,0.0810708156339325,0.03674396248075529,2.0914647827952906
Southern Asia,Southern Asia,,2018,EFConsPerCap,1.1147970772967055,0.2626494522896401,0.016648018794513227,0.10964891492338484,0.025396665355190574,0.08940805619880567,0.6110459697351727
Southern Europe,Southern Europe,,2018,EFConsPerCap,4.237630151572781,0.9423271847793908,0.2676966958784237,0.4342142236274552,0.23393191705528377,0.09125019944260344,2.2682099307896326
Western Africa,Western Africa,,2018,EFConsPerCap,1.1062289390998288,0.3787732509959538,0.14688944376660004,0.24005786980769242,0.071837609347197,0.035630858402568286,0.23303990677981856
Western Asia,Western Asia,,2018,EFConsPerCap,3.0242105414263767,0.6367357688598676,0.16572950170985945,0.18143460579662113,0.05500510566336995,0.035104436237213266,1.950201123159445
Western Europe,Western Europe,,2018,EFConsPerCap,4.890881828264312,0.9261547917222349,0.24933036824921295,0.5733760839282768,0.10817677148687513,0.15784559411455823,2.8759982187631574
Caribbean,Caribbean,,2019,EFConsPerCap,1.898642309195557,0.5340599058217085,0.1001160611024411,0.11907533477836883,0.07298912371602294,0.05541934161796112,1.0169825421590568
Central America,Central America,,2019,EFConsPerCap,2.483420427800733,0.4979666634803324,0.20639013999207537,0.3390995226879353,0.10203214759745433,0.04837219716265705,1.2895597568802792
Central Asia,Central Asia,,2019,EFConsPerCap,2.5052434200319107,0.3480610338413134,0.19741990554962005,0.09156208767872116,0.010095908989440953,0.0978920872721074,1.7602123967007086
Eastern Africa,Eastern Africa,,2019,EFConsPerCap,1.0091170731467174,0.2603111517897637,0.15835525059501307,0.31868605317661913,0.03645801722472293,0.07499727515535111,0.16030932520524785
Eastern Asia,Eastern Asia,,2019,EFConsPerCap,3.4810767974135195,0.38820181723798913,0.11969234952133782,0.23623622971051952,0.0980450788791644,0.140103458349685,2.4987978637148225
Eastern Europe,Eastern Europe,,2019,EFConsPerCap,4.225143849798751,0.8032476019669655,0.08839359050982452,0.6283243049960522,0.14535140541153957,0.07149485221949829,2.488332094694871
Melanesia,Melanesia,,2019,EFConsPerCap,1.34584956025411,0.3075362939014316,0.04883027479066623,0.2870464745464475,0.251900216866078,0.07465125017316383,0.3758850499763242
Micronesia,Micronesia,,2019,EFConsPerCap,12.112706920562545,0.23381960001778762,0.027690311362815703,0.06607879353030531,11.184013108589534,0.07639302550939092,0.5247120815527196
Middle Africa,Middle Africa,,2019,EFConsPerCap,0.923696585889275,0.3014122292102549,0.1345008110138294,0.2906739612117419,0.041004893119251574,0.023631817604720128,0.13247287372947708
Northern Africa,Northern Africa,,2019,EFConsPerCap,1.7733146893657128,0.44029771967521514,0.29346898329980964,0.15329636669066535,0.04370373731590811,0.054006940116720394,0.7885409422673949
Northern Europe,Northern Europe,,2019,EFConsPerCap,4.91617929266532,0.8895304159275611,0.2572967808687154,0.7594449163956858,0.23821135636129925,0.18094794273618237,2.5907478803758686
Polynesia,Polynesia,,2019,EFConsPerCap,3.6267300594353005,0.6478841012098682,0.3488332228617267,0.18671009477310863,0.8737167478187218,0.041857558068778715,1.5277283347030963
South America,South America,,2019,EFConsPerCap,2.4810459366306916,0.5387296414282539,0.6010909127537064,0.3337074679254592,0.08098205743093385,0.06027905660798797,0.8662568004843517
South-Eastern Asia,South-Eastern Asia,,2019,EFConsPerCap,1.8804564903464234,0.42504576860009524,0.04606879878835708,0.20089990230076896,0.17744667908246536,0.11292101486285318,0.918074326711884
Southern Africa,Southern Africa,,2019,EFConsPerCap,2.97655769155942,0.4386061081103995,0.10112030039438948,0.23498503289401734,0.07737027298194414,0.03204181059202675,2.092434166586653
Southern Asia,Southern Asia,,2019,EFConsPerCap,1.1240453508855819,0.2669698182005233,0.018236296316497806,0.10959464589189773,0.024476620644171138,0.09203563094433541,0.6127323388881547
Southern Europe,Southern Europe,,2019,EFConsPerCap,3.9836505387212227,0.8304952487514815,0.27456168838663525,0.44417104661575524,0.23966880412303487,0.08569600144766655,2.109057749396649
Western Africa,Western Africa,,2019,EFConsPerCap,1.1160933274823788,0.37306281409930964,0.1477953944528701,0.2364360525091332,0.07216373620546754,0.035463200225760355,0.251172129989837
Western Asia,Western Asia,,2019,EFConsPerCap,2.927264821537045,0.6420292901323212,0.16431208213997603,0.17348044694151113,0.054550968234086186,0.04023347641959462,1.8526585576695547
Western Europe,Western Europe,,2019,EFConsPerCap,4.886323701895654,1.0063654625177487,0.2477435568796868,0.5157263361853289,0.10312355879976151,0.16904193845894427,2.844322849054183
Caribbean,Caribbean,,2020,EFConsPerCap,1.6795421187656456,0.4613830341229173,0.08941272161686172,0.11101239432034236,0.07351660971770277,0.052863376680607026,0.8913539823072173
Central America,Central America,,2020,EFConsPerCap,2.2139050045495257,0.48551106297604874,0.2001713511692881,0.3238871786158396,0.09772698172518354,0.045377541713477645,1.0612308883496888
Central Asia,Central Asia,,2020,EFConsPerCap,2.5676685436435935,0.4794246889993677,0.19780958325371972,0.08598328909308504,0.010341274593613328,0.10288217146129704,1.6912275362425113
Eastern Africa,Eastern Africa,,2020,EFConsPerCap,0.9863640218829656,0.2672351293255523,0.1518669189631855,0.3092992866308759,0.034899188489210975,0.07764545436519978,0.1454180441089421
Eastern Asia,Eastern Asia,,2020,EFConsPerCap,3.448884166064542,0.4075327533669445,0.13070775418698602,0.2518650222924014,0.09349545786132984,0.1400572429970905,2.4252259353597907
Eastern Europe,Eastern Europe,,2020,EFConsPerCap,3.9296976550785683,0.7510133783764064,0.08829733304489583,0.6086839750616403,0.1329670074101983,0.07371315413450753,2.2750228070509193
Melanesia,Melanesia,,2020,EFConsPerCap,1.2787250552356122,0.24727403323691677,0.04760933664447231,0.3584025893405661,0.2319734395841021,0.07282316715122544,0.32064248927833056
Micronesia,Micronesia,,2020,EFConsPerCap,11.51194534294678,0.2764953965033532,0.030908114289214503,0.056499601782903607,10.648214067844973,0.07749725181406805,0.42233091071228135
Middle Africa,Middle Africa,,2020,EFConsPerCap,0.8824102521951265,0.2875014021015608,0.12939247805883541,0.2888371055733962,0.03959630066114843,0.024086213898771212,0.11299675190141469
Northern Africa,Northern Africa,,2020,EFConsPerCap,1.6453203460076318,0.4134443699649936,0.2808643762380778,0.150362489270462,0.03925121743011788,0.05726716431193718,0.7041307287920453
Northern Europe,Northern Europe,,2020,EFConsPerCap,4.45711814192108,0.8231826680768963,0.2436883753238757,0.7422296885000524,0.23782146595697803,0.15292133063489574,2.2572746134283843
Polynesia,Polynesia,,2020,EFConsPerCap,3.408660549336148,0.6222075106813324,0.34958519080624273,0.18706985693095993,0.8474218591227397,0.042339224907868137,1.3600369068870082
South America,South America,,2020,EFConsPerCap,2.3473506924844263,0.5339180898762441,0.5925768328817266,0.3414771627624532,0.08220188329487847,0.059972884757975985,0.7372038389111474
South-Eastern Asia,South-Eastern Asia,,2020,EFConsPerCap,1.7966533264123938,0.429586528640859,0.04481562708184939,0.19722707111760862,0.17552605728520332,0.11260610074247544,0.8368919415443971
Southern Africa,Southern Africa,,2020,EFConsPerCap,2.8203671216012896,0.4975938288219208,0.09326001611835463,0.2277387341200368,0.06231681711407481,0.0392869563165937,1.9001707691103122
Southern Asia,Southern Asia,,2020,EFConsPerCap,1.0488125196900264,0.26025519981546347,0.014963454451501953,0.1041007098617095,0.022860354723339357,0.09304117400211898,0.5535916268358941
Southern Europe,Southern Europe,,2020,EFConsPerCap,3.6534224550098706,0.9257763881853167,0.2449153719854938,0.3920970839297691,0.21901990615476646,0.0945477618230999,1.7770659429314246
Western Africa,Western Africa,,2020,EFConsPerCap,1.1230855680572362,0.3834635602032495,0.1469122983327784,0.23550753598065466,0.07152077240682371,0.035504757977311896,0.2501766431564177
Western Asia,Western Asia,,2020,EFConsPerCap,2.745678108306623,0.6393204099389866,0.15678704900401438,0.16223697823707675,0.055698540140425475,0.043061505695232004,1.6885736252908876
Western Europe,Western Europe,,2020,EFConsPerCap,4.381758238284917,0.9089773127757985,0.24361945870669513,0.5038276911551075,0.10187232978791956,0.16614415999303644,2.4573172858663614
Caribbean,Caribbean,,2021,EFConsPerCap,1.79926738726429,0.44547505887710026,0.09289594216933812,0.12477773516133255,0.07873734106832662,0.05352294484946358,1.0038583651387267
Central America,Central America,,2021,EFConsPerCap,2.4298311005783426,0.5216283377086034,0.2036635888720302,0.3391087802161515,0.09951857748705865,0.04763625437188805,1.2182755619226122
Central Asia,Central Asia,,2021,EFConsPerCap,2.743839421988987,0.4061066433525046,0.2143338086444516,0.08280251032145343,0.011286491664153981,0.10168515489636058,1.9276248131100624
Eastern Africa,Eastern Africa,,2021,EFConsPerCap,0.9828047115976741,0.2624150185112021,0.1466125822858036,0.3029674151130956,0.03639890378010046,0.07693848223756965,0.15747230966990206
Eastern Asia,Eastern Asia,,2021,EFConsPerCap,3.624166084914536,0.41930766714231277,0.13855829426155095,0.2485929430156348,0.09404953653855688,0.1426378817844438,2.58101976217204
Eastern Europe,Eastern Europe,,2021,EFConsPerCap,4.565096906881367,0.9560642494034514,0.08054572067054103,0.6731752192218551,0.16189523866873437,0.077473844227778,2.615942634689008
Melanesia,Melanesia,,2021,EFConsPerCap,1.3230126998739193,0.2213614149320918,0.0469051716653843,0.37417491273874953,0.23964428092281065,0.07437404047806404,0.36655287913681844
Micronesia,Micronesia,,2021,EFConsPerCap,8.035073544414571,0.2660805183885613,0.055075593280501725,0.07040596770918717,7.114062896692748,0.07176740172694195,0.45768116661664326
Middle Africa,Middle Africa,,2021,EFConsPerCap,0.8737883154927308,0.27982832890874976,0.1260056253798475,0.2807623171493299,0.04111015165177705,0.024325818964706255,0.12175607343831954
Northern Africa,Northern Africa,,2021,EFConsPerCap,1.6811558389293837,0.4209413365342138,0.2596715129654407,0.14352531198825053,0.035822572845266534,0.05915566051403341,0.7620394440821774
Northern Europe,Northern Europe,,2021,EFConsPerCap,4.59851296683067,0.7909525434162914,0.2534993703739976,0.7782907699936621,0.19575412107465764,0.16312462669745728,2.416891535274604
Polynesia,Polynesia,,2021,EFConsPerCap,4.109539010975209,0.6143329743659698,0.33864097810496796,0.2553734785456219,1.3410181752945585,0.042846563026811134,1.5173268416372765
South America,South America,,2021,EFConsPerCap,2.5214469553674927,0.537864114251464,0.599491815009079,0.3586647336967012,0.08340968393249554,0.05851607734223586,0.8835005311355184
South-Eastern Asia,South-Eastern Asia,,2021,EFConsPerCap,1.8357680857855503,0.4544156826906894,0.04736131290581435,0.1693007537046402,0.17892096575868863,0.1150981938947499,0.8706711768309673
Southern Africa,Southern Africa,,2021,EFConsPerCap,2.9189888448464942,0.4787101115974498,0.07873004826591631,0.2277677087633647,0.060985121429670386,0.04051606559238539,2.0322797891977036
Southern Asia,Southern Asia,,2021,EFConsPerCap,1.1084998874552845,0.25791630686649486,0.01563692076782382,0.10222214142181675,0.022746639543517834,0.09609221442336259,0.6138856644322713
Southern Europe,Southern Europe,,2021,EFConsPerCap,3.8133835755133063,0.8502316148932386,0.2547091323923648,0.3973998922844112,0.22359763587702397,0.09074468832510506,1.9967006117411616
Western Africa,Western Africa,,2021,EFConsPerCap,1.108114316497946,0.37070845259901664,0.14658231346082823,0.23192996873025695,0.06806428904202987,0.036661229198162275,0.2541680634676519
Western Asia,Western Asia,,2021,EFConsPerCap,2.7268895270677724,0.598348217818165,0.15485916091456645,0.18014433327833898,0.05437265699589647,0.038504436927408424,1.700660721133397
Western Europe,Western Europe,,2021,EFConsPerCap,4.697437629178196,0.9388177921862735,0.24725870800505204,0.5267106868347053,0.10664622613777656,0.16903603965424427,2.7089681763601394
Caribbean,Caribbean,,2022,EFConsPerCap,1.7874362896420648,0.4514213362246086,0.09317909430726262,0.1257644218246373,0.068657772138551,0.05607983354731811,0.992333831599684
Central America,Central America,,2022,EFConsPerCap,2.4293698461596556,0.5023569636124531,0.20296679437250958,0.33055792189238303,0.10345004990983403,0.04796902316031061,1.2420690932121656
Central Asia,Central Asia,,2022,EFConsPerCap,2.842071500107662,0.506739571645904,0.19221845695386824,0.07580598090323565,0.011550290021066547,0.10422102876462896,1.9515361718189577
Eastern Africa,Eastern Africa,,2022,EFConsPerCap,0.9560586092386617,0.24274560377180096,0.14230546518595724,0.2984942306327359,0.03304684599254724,0.07788571892615419,0.16158074472946615
Eastern Asia,Eastern Asia,,2022,EFConsPerCap,3.611482031502924,0.4087623304680928,0.13987439203648416,0.2313421197517715,0.09630712199180035,0.1420005421375035,2.5931955251172707
Eastern Europe,Eastern Europe,,2022,EFConsPerCap,4.600784323266456,1.019584842645482,0.08392472803891814,0.6705362991739753,0.13540342507618158,0.07719988323902076,2.6141351450928787
Melanesia,Melanesia,,2022,EFConsPerCap,1.5091233348822322,0.2781317126544407,0.05290353821829889,0.37512340547715356,0.2749845101041907,0.07628215183544022,0.4516980165927079
Micronesia,Micronesia,,2022,EFConsPerCap,10.025703687351983,0.2847154741516588,0.03501083487886071,0.08145756895581041,9.044068838858545,0.07592397282359481,0.5045269976835141
Middle Africa,Middle Africa,,2022,EFConsPerCap,0.875121357583085,0.2811221039049195,0.12265986768560273,0.27343586595831754,0.04265947515208403,0.02423009912575163,0.1310139457564094
Northern Africa,Northern Africa,,2022,EFConsPerCap,1.639188572394148,0.37597660588529175,0.2575785668248189,0.1398408134838481,0.03595717896947798,0.0574082329081513,0.77242717432256
Northern Europe,Northern Europe,,2022,EFConsPerCap,4.64544495569858,0.8301130956690406,0.2375346046964476,0.7517335921082541,0.23892061845796275,0.16892996239735195,2.418213082369517
Polynesia,Polynesia,,2022,EFConsPerCap,4.352076071650921,0.609103313306735,0.3923650173211397,0.18068704637749686,1.593684197545198,0.04329483483032958,1.5329416622700245
South America,South America,,2022,EFConsPerCap,2.402906037118773,0.479275096786281,0.5745123796474654,0.3629056489975779,0.08183571901942037,0.05836805370807212,0.8460091389599572
South-Eastern Asia,South-Eastern Asia,,2022,EFConsPerCap,1.8997022694450802,0.4416772181404977,0.05209373414757393,0.16228413994862798,0.1805875031841857,0.11592660964861877,0.9471330643755761
Southern Africa,Southern Africa,,2022,EFConsPerCap,2.666843051116516,0.44381221706672264,0.08335154460727691,0.2273507370516285,0.07407824545503303,0.040423417377300125,1.7978268895585519
Southern Asia,Southern Asia,,2022,EFConsPerCap,1.1415565712904225,0.2469346734301762,0.014971764310689258,0.1025702854232106,0.022853825558517407,0.09552113181337497,0.6587048907544549
Southern Europe,Southern Europe,,2022,EFConsPerCap,3.8287293282965966,0.7116438240057825,0.26436092181769744,0.45486733920597083,0.2245622759071113,0.07991940612152017,2.0933755612385165
Western Africa,Western Africa,,2022,EFConsPerCap,1.1065797124988588,0.3790021574196196,0.146259501004221,0.22976460552445904,0.06717021198015348,0.037138469305628294,0.24724476726477937
Western Asia,Western Asia,,2022,EFConsPerCap,2.904122120355918,0.6247876113282159,0.14676612248570248,0.18205909501658094,0.06313788751974427,0.03912469393898419,1.8482467100666915
Western Europe,Western Europe,,2022,EFConsPerCap,4.566547004693548,0.888415853258173,0.24520718591680069,0.5077696342638892,0.105043002504457,0.1642294944486764,2.6558818343015536
Caribbean,Caribbean,,2023,EFConsPerCap,1.8223096792621372,0.48307381748333333,0.0937927049557326,0.1203347554277435,0.07154758794150727,0.05447273112514571,0.9990880823286735
Central America,Central America,,2023,EFConsPerCap,2.489259670959207,0.5048082290780479,0.2066022404427501,0.3196731942650338,0.11166781999977607,0.04822176480105938,1.298286422372538
Central Asia,Central Asia,,2023,EFConsPerCap,2.785802704169664,0.3629601004169826,0.22264961215217283,0.08053469693312605,0.012511013656561478,0.10376112414342191,2.0033861568674003
Eastern Africa,Eastern Africa,,2023,EFConsPerCap,0.9469049986360495,0.24076728566471878,0.1390998767839153,0.29378509054852925,0.03445563265174408,0.0825205921180625,0.15627652086907784
Eastern Asia,Eastern Asia,,2023,EFConsPerCap,3.6239977705244897,0.4177310514439269,0.13825931101978778,0.2396008171952273,0.09959473619120716,0.14257154293583726,2.5862403117385004
Eastern Europe,Eastern Europe,,2023,EFConsPerCap,4.49497353234795,0.9171633154272836,0.07988564215384723,0.6560474237557187,0.14540096790600907,0.07926481953400547,2.6172113635710827
Melanesia,Melanesia,,2023,EFConsPerCap,1.4689037402822338,0.2734563027178243,0.052238580499225265,0.4108103276677465,0.24217227175633352,0.07852965242265737,0.41169660521844276
Micronesia,Micronesia,,2023,EFConsPerCap,9.507157348728002,0.28008358755327206,0.027521803029689783,0.07888643160151325,8.537813164647087,0.07719894797573638,0.5056534139206978
Middle Africa,Middle Africa,,2023,EFConsPerCap,0.8771707530079971,0.26959119834743656,0.11936363031808878,0.2764444125473457,0.04402979145177338,0.024243455886969006,0.1434982644563828
Northern Africa,Northern Africa,,2023,EFConsPerCap,1.6212296099262475,0.37016025759563975,0.2550367260051398,0.13576740536283793,0.03595009548966925,0.05735445965931671,0.766960665813644
Northern Europe,Northern Europe,,2023,EFConsPerCap,4.350789423048444,0.7349943653459622,0.2242906591244921,0.6879540862253795,0.2600331617065955,0.14977704210037796,2.2937401085456446
Polynesia,Polynesia,,2023,EFConsPerCap,3.9340498622508036,0.5711284320821377,0.3167265545066431,0.1471149971767712,1.6339958912066634,0.045091492975885446,1.2199924943027003
South America,South America,,2023,EFConsPerCap,2.4080750347036486,0.4566678674346325,0.5865498365464611,0.36932621361427287,0.08323080308120658,0.058891279497836437,0.8534090345292398
South-Eastern Asia,South-Eastern Asia,,2023,EFConsPerCap,1.9449941225825165,0.4474154695530817,0.05568974283968518,0.15185217265729767,0.1894289579470713,0.11544927039692629,0.9851585091884538
Southern Africa,Southern Africa,,2023,EFConsPerCap,2.626445646849388,0.45087969460861627,0.08722967350197788,0.20514064448680253,0.06692952431391162,0.04093796107079879,1.7753281488672854
Southern Asia,Southern Asia,,2023,EFConsPerCap,1.1568993990922558,0.2519102335705079,0.014932141028519664,0.10313104274438588,0.023392844375763167,0.09904708669440358,0.6644860506786747
Southern Europe,Southern Europe,,2023,EFConsPerCap,3.78215510101496,0.7884603979724568,0.2707716040225358,0.4086080168395044,0.22507337078433115,0.08188883219235622,2.007352879203773
Western Africa,Western Africa,,2023,EFConsPerCap,1.0862304848584416,0.3754754475420775,0.14362961251288775,0.2301700814178602,0.06858198171452388,0.0375117323697905,0.23086162930130152
Western Asia,Western Asia,,2023,EFConsPerCap,2.921561224336734,0.6060473456451799,0.15784649189181404,0.15603606511267068,0.052476465458139276,0.04046795819585629,1.9086868980330765
Western Europe,Western Europe,,2023,EFConsPerCap,4.237985007929108,0.9167692974788997,0.23681717487449983,0.45455174628130596,0.10011958480358757,0.16551465557574513,2.364212548915072
Caribbean,Caribbean,,2024,EFConsPerCap,1.7387019820299785,0.48066806033465614,0.09324810176849004,0.11974720886594864,0.0711981439529147,0.05489753473119315,0.9189429323767784
Central America,Central America,,2024,EFConsPerCap,2.5128422517368656,0.4998103056516785,0.2046912464169966,0.3163975512723969,0.1105250354506314,0.04844789783002734,1.3329702151151313
Central Asia,Central Asia,,2024,EFConsPerCap,2.754474792581983,0.3565666850725148,0.21895154479096166,0.0791098474803131,0.012289703600749534,0.10330011650108098,1.984256895136362
Eastern Africa,Eastern Africa,,2024,EFConsPerCap,0.9239214829352441,0.23169446576746008,0.13528427966968196,0.2862014848450818,0.03356593508117727,0.08383894598510476,0.15333637158673846
Eastern Asia,Eastern Asia,,2024,EFConsPerCap,3.7744985403858733,0.4184706516802569,0.1385291678638354,0.24005123937533243,0.09978512639681261,0.14300779451642992,2.734654560553209
Eastern Europe,Eastern Europe,,2024,EFConsPerCap,4.457176060177469,0.9197898100651585,0.07898895962307197,0.6581331881880241,0.14586369737060992,0.07958264783250327,2.574817757098099
Melanesia,Melanesia,,2024,EFConsPerCap,1.442826720526526,0.2686482669938315,0.051321416368770294,0.40360599743154024,0.23792534653055808,0.0790600675294697,0.4022656256723549
Micronesia,Micronesia,,2024,EFConsPerCap,9.472971263206116,0.27512418495120117,0.027430103035985882,0.07859619743884691,8.50611714162611,0.07699856361469441,0.5087050725392779
Middle Africa,Middle Africa,,2024,EFConsPerCap,0.8472840803609218,0.2606482209869031,0.1150219073662979,0.2675056281213392,0.04260609552307242,0.024181758503482604,0.137320469859827
Northern Africa,Northern Africa,,2024,EFConsPerCap,1.6038258535116938,0.36488258228591985,0.25123899090497837,0.1337683768059998,0.03542119946461766,0.05733605612337652,0.7611786479268019
Northern Europe,Northern Europe,,2024,EFConsPerCap,4.220163870209378,0.7301605853657501,0.22245186967101424,0.6834105683511837,0.25857022733197,0.1490605873562394,2.1765100321332222
Polynesia,Polynesia,,2024,EFConsPerCap,3.9232791342258246,0.5688417028457073,0.31640001270136253,0.14699663194527832,1.6325689968166155,0.04544428320461456,1.2130275067122471
South America,South America,,2024,EFConsPerCap,2.3920955806029762,0.4539870559808943,0.5829276108844401,0.36695541887495403,0.08270069781743755,0.05878110863500434,0.8467436884102465
South-Eastern Asia,South-Eastern Asia,,2024,EFConsPerCap,1.920289921157284,0.4413170634979603,0.04785096070775773,0.15067984523163105,0.18796919722542896,0.1155528395341799,0.9769200149603261
Southern Africa,Southern Africa,,2024,EFConsPerCap,2.5110911293431135,0.4449183374062442,0.0861032521240002,0.2024038646734853,0.06603662961392322,0.04055370614062253,1.671075339384826
Southern Asia,Southern Asia,,2024,EFConsPerCap,1.148382951446984,0.24916792311830968,0.014775843365014401,0.10203362391443677,0.023144494525324463,0.09949333755142789,0.659767728972471
Southern Europe,Southern Europe,,2024,EFConsPerCap,3.7340241163449783,0.7905538448565927,0.27145804322703576,0.40964431577007426,0.22564446098845065,0.08189633216510196,1.954827119337728
Western Africa,Western Africa,,2024,EFConsPerCap,1.058920379730171,0.3665952359821106,0.1394573823858121,0.22491249390708754,0.0670156336489479,0.0379219672710656,0.22301766653514757
Western Asia,Western Asia,,2024,EFConsPerCap,2.85711468622495,0.5961056462238202,0.15501183638360755,0.1532456096526498,0.05153862159782214,0.04012336987031902,1.8610896024967296
Western Europe,Western Europe,,2024,EFConsPerCap,4.073795344350522,0.9148020778390853,0.2363173118064388,0.45359229884845353,0.0999083581370492,0.1655803639527965,2.203594933766697
Caribbean,Caribbean,,2025,EFConsPerCap,1.7321790329385254,0.4785262734816729,0.0928321992096687,0.11921311573553064,0.07088062127007837,0.05534041435130141,0.9153864088902717
Central America,Central America,,2025,EFConsPerCap,2.486417011655688,0.49484772773166635,0.20265801081841872,0.3132547165112112,0.10942733051718635,0.04867975575858567,1.317549470318617
Central Asia,Central Asia,,2025,EFConsPerCap,2.698307519402341,0.3505466624157223,0.2152545968571061,0.07777409537374912,0.012082369158072433,0.10290747667736132,1.9397423189203291
Eastern Africa,Eastern Africa,,2025,EFConsPerCap,0.9040897730531429,0.2257915639219997,0.1318375957055466,0.2789098315152501,0.03271084722682758,0.08506358869108423,0.14977634599243445
Eastern Asia,Eastern Asia,,2025,EFConsPerCap,3.779181202730035,0.4192643840784505,0.13879144194643336,0.24050572285743604,0.09997767051465604,0.14344709974990735,2.7371948835831517
Eastern Europe,Eastern Europe,,2025,EFConsPerCap,4.4588695804467555,0.9211288587655735,0.07910379363387535,0.6590899810613972,0.14607587642596181,0.0797642631595153,2.5737068074004283
Melanesia,Melanesia,,2025,EFConsPerCap,1.4202251071629373,0.26402830296274316,0.05043866092431743,0.3966637612881268,0.23383293497294924,0.07957496123655428,0.39568648577825044
Micronesia,Micronesia,,2025,EFConsPerCap,9.44520090219874,0.2740781796184564,0.027325704596067805,0.07829706183642716,8.473743032453331,0.07678883155286101,0.5149680921415891
Middle Africa,Middle Africa,,2025,EFConsPerCap,0.8221004869992256,0.25267933826022204,0.11150510713785339,0.25932663095785674,0.041303422555158266,0.02414252923068987,0.1331434588574452
Northern Africa,Northern Africa,,2025,EFConsPerCap,1.5795886926309541,0.3591253577567367,0.24727446972955786,0.1316575278468529,0.03486267258092642,0.057244343599142954,0.7494243211177366
Northern Europe,Northern Europe,,2025,EFConsPerCap,4.185397190569859,0.7262417228523818,0.22125639359915492,0.6797378593605701,0.2571820826768699,0.14853078828630056,2.1524483437945783
Polynesia,Polynesia,,2025,EFConsPerCap,3.9213531800340817,0.5684329395839629,0.31616627042852224,0.14688803736414266,1.6313630670832378,0.04579949333232031,1.212703372241901
South America,South America,,2025,EFConsPerCap,2.3742887022699857,0.45118625351963915,0.5793306931414536,0.3646911438047912,0.08219086691603576,0.05868461752841141,0.838205127359655
South-Eastern Asia,South-Eastern Asia,,2025,EFConsPerCap,1.9092128667097803,0.43802907799601065,0.0474943458748837,0.14955688621409058,0.18657116210250735,0.11567911358395006,0.9718822809383385
Southern Africa,Southern Africa,,2025,EFConsPerCap,2.482704813296985,0.4394002421188694,0.08503519323641348,0.1998931668634291,0.06521749650559036,0.040210551742090477,1.6529481628305902
Southern Asia,Southern Asia,,2025,EFConsPerCap,1.138010179312154,0.24652140848705628,0.014618901734922049,0.10094987371041926,0.022899208879384115,0.09992084675028058,0.6530999397500905
Southern Europe,Southern Europe,,2025,EFConsPerCap,3.7306860778987327,0.792654353256889,0.27217757007101756,0.41073011922676095,0.22624285995010968,0.08191269208822594,1.9469684833057275
Western Africa,Western Africa,,2025,EFConsPerCap,1.0359682930248417,0.3583428990864703,0.13631798200117465,0.21984936739630723,0.06550707174682434,0.038306846193690354,0.21764412660037544
Western Asia,Western Asia,,2025,EFConsPerCap,2.828034861593925,0.586443708878118,0.15249874379373068,0.15076115159425885,0.05070324594120192,0.0398458493114771,1.8477821620751367
Western Europe,Western Europe,,2025,EFConsPerCap,4.059623262164426,0.9152436271323269,0.23642978965660866,0.45380819114275117,0.09995601198842698,0.16607444060986917,2.1881112016344435
