country_code,year,BANK,ATM,DEP,LOAN
ABW,2010,,,83.44098507720962,60.47889998497247
ABW,2011,20.77630035197497,109.9921783339851,74.53969591911508,58.0430008238436
ABW,2012,21.54295425712713,117.2894176221366,81.43947517954722,60.68061317348896
ABW,2013,18.78397257540004,120.9218234541378,77.90900805881812,61.76849585795181
ABW,2014,18.53289008837872,114.6722574218433,78.1499193293325,62.62455911378367
ABW,2015,18.31355088305653,115.6042899492944,77.51542348593408,59.06970736857983
ABW,2016,19.28990457170738,122.5476290437881,81.92935021748045,58.66667540458104
ABW,2017,18.13236627379873,122.3934723481414,79.65231372336486,58.35431627058324
ABW,2018,16.94436599830556,124.2586839875741,77.59945637902047,56.61099724097006
ABW,2019,14.61314508604894,124.7737772731871,81.41481761443833,59.20901592738024
ABW,2020,11.26570157156537,120.5430068157495,109.7878892088045,79.7370473512561
ABW,2021,12.44048359552595,117.6191176304272,104.4509069484337,66.48665573602425
ABW,2022,10.171445362386,113.0160595820666,97.17856491823788,60.93573766213986
ABW,2023,10.12270973692202,110.2250615798176,89.08489025740253,60.32334445962726
ABW,2024,10.02193690633943,111.3548545148826,89.76824579897011,61.28681665203342
ABW,2025,11.01139679568353,117.8219457138138,,
AFG,2010,2.592805746921618,0.5745829910075607,21.4077232657082,11.41249513218844
AFG,2011,2.395722077842021,0.6658597179102466,20.65847474778573,4.819159547017637
AFG,2012,2.301049134589802,0.6863924975338898,18.5998849112221,4.079384746944028
AFG,2013,2.442700203395504,0.7641267302929524,18.60857062294167,4.204970190750462
AFG,2014,2.502789892225556,0.8143048453174058,18.49872111133021,3.654432291873274
AFG,2015,2.358476592091062,1.000914456155719,19.32237631998929,3.702095557988512
AFG,2016,2.312414156488292,1.16176576612032,20.84781988824001,3.373754765421542
AFG,2017,2.229770806361236,1.329286442253814,21.02775553703417,3.251829813341828
AFG,2018,2.144286064088525,1.761931440612499,20.58724654524245,3.120830317376616
AFG,2019,2.041675883256375,1.787711322168387,17.53665419959783,2.797800704516914
AGO,2010,7.17555347618397,10.08646502813646,30.30834713101192,30.04950237696935
AGO,2011,8.069935627960309,12.26298986748819,30.49966776406546,29.94433528215708
AGO,2012,8.677069251052313,14.58732677096774,28.83912523386523,26.32076307220245
AGO,2013,9.942166709080071,16.27280301472152,31.28288578212976,19.77800557334968
AGO,2014,9.907864256344544,17.40261910425782,33.10096029918949,19.78325911718959
AGO,2015,9.987312414229333,18.01480133976649,38.64825510132668,22.73192366104102
AGO,2016,9.844555594403555,18.22996268149412,37.3990692697245,19.27274420901248
AGO,2017,9.798636213487995,18.28031638841842,31.59125167972607,15.59274612107911
AGO,2018,9.590883797901364,18.07983626583108,32.54493717866727,14.37964802956466
AGO,2019,9.026404371210768,17.5857317082504,34.00181851861609,14.25507950150044
AGO,2020,8.493015066021503,17.11652460168738,36.57325217426086,11.95919026470571
AGO,2021,7.989834407528022,17.06775810608124,27.35813079406799,8.918334697000912
AGO,2022,7.538525216570044,16.22510076935628,20.49948443182603,7.035984962649922
AGO,2023,7.113527779577842,17.41807906276203,23.44966231879362,8.189008694528875
AGO,2024,6.815882476541649,19.57491091209978,17.79741918810019,7.762365483456474
ALB,2010,23.89292462549485,33.80081630505785,63.27562460005039,37.31655294090979
ALB,2011,23.94175276266062,35.04201995262145,67.56086832293175,39.92760161681693
ALB,2012,24.29599716868307,36.09315102856709,70.07823006762241,39.88256425096331
ALB,2013,24.12231296244576,36.38264450482645,71.31806141905751,38.93516613436412
ALB,2014,23.0318913431394,36.26963860055545,72.04259733985982,38.56194174643698
ALB,2015,23.32180199790104,37.3329621129191,71.60661851493118,36.47407831021394
ALB,2016,23.25200006029988,36.54538319889962,71.94348753427072,35.58218354700824
ALB,2017,22.54989395080611,34.51797291240198,69.13748085666457,34.00116562688324
ALB,2018,21.56015048143208,33.81342472467548,65.96267094533054,30.97920457694381
ALB,2019,20.87907041265281,33.47279542345927,67.47689512847867,31.88668134695493
ALB,2020,20.95481049562682,35.38821543655056,75.04576303806886,35.2690310076374
ALB,2021,18.76196318183453,39.95423247530566,70.31007796522061,35.03924181230155
ALB,2022,19.75949589140457,42.13059597793244,64.54392475601844,32.24442921627865
ALB,2023,19.44354474314528,46.23465009616807,61.39097612493982,29.97808091151545
ALB,2024,20.53823323642592,51.14323596558278,66.23730473420034,32.00188847627533
ALB,2025,21.38405351831475,55.68019663122051,,
AND,2022,47.40153408601224,96.23947829584304,209.8360009136189,120.4344364525544
AND,2023,46.50966132510253,91.6099389736868,172.2328264207646,103.9603207459907
AND,2024,44.32194351722323,90.02894776935969,169.9521002628364,99.27141647724228
ARE,2010,15.19974531670981,65.80719228133118,95.2091897638338,98.69707667691056
ARE,2011,15.29715139627964,70.5970305589366,80.72622283531473,86.2271517811461
ARE,2012,15.36672069139511,73.04477179444108,82.67700592078761,83.85698639486124
ARE,2013,15.36316057878637,72.89296128124072,87.00839500259559,86.78333082732856
ARE,2014,15.08495470484966,72.32124179466497,93.45273086174268,90.61357099740796
ARE,2015,14.37718582350103,72.36658233087687,108.2201763887878,109.2065446079199
ARE,2016,13.33240952695508,70.5366530270691,115.2540760568989,116.1267320015633
ARE,2017,11.90558997408645,69.06284249738115,113.4644844101792,110.189007881197
ARE,2018,11.3424036595758,68.11864847874347,111.9432724685161,105.6046556261114
ARE,2019,10.0849498254694,64.47255077340388,121.8307534252901,114.5641662593584
ARE,2020,8.568820764496927,56.38590092351996,146.8354980092324,138.6196072116757
ARE,2021,8.080604909580408,54.98814114940476,130.9686640833081,117.6861075011666
ARE,2022,7.510340978987207,52.59615375474269,120.3621525772994,101.795660113449
ARE,2023,7.091699667203181,53.06233159351062,133.5651296410559,105.4657899673334
ARG,2010,12.82363966113524,23.52575723347784,15.3246441510652,11.59895042300574
ARG,2011,12.93903466503435,33.11144963373816,14.81538665134329,12.92279314232925
ARG,2012,13.03022338560201,42.26962545999579,16.04888500242043,13.99011671180729
ARG,2013,13.06441225863545,52.36118544293158,16.18930782797723,14.81013591497122
ARG,2014,13.05556512991217,55.64113239483699,15.59953755780008,13.15459515049446
ARG,2015,13.09684660270188,57.45525667675831,17.72922898537309,13.72563943916871
ARG,2016,13.29759701252365,60.3764784911898,18.35315783709615,12.9086587510326
ARG,2017,13.40595420755962,63.48219271355553,18.31808073103799,15.06089874870154
ARG,2018,13.36649155003213,69.63367640464237,21.5151643003631,15.04032747927945
ARG,2019,13.34658226720819,72.73828746593048,18.41423412245993,12.5289911167871
ARG,2020,13.14023481318304,74.7813054276623,23.83857672093443,13.12904193015577
ARG,2021,13.0698750133545,75.79722500045713,21.26372463551771,11.03248958192778
ARG,2022,13.00272301708331,75.31658394832802,23.29050794883467,10.51784473172434
ARG,2023,12.61248935036282,75.87249131688387,27.33360804345099,11.70345218848107
ARG,2024,12.30739581534027,74.12072603418693,19.16507034900127,12.77078471262968
ARM,2010,17.50093914923458,32.11218834592112,16.34479329780304,26.00197601140534
ARM,2011,18.96125883101177,41.32162021704294,19.52770667211301,32.37590880080433
ARM,2012,20.28286799753485,48.03837157310886,21.61397070128764,36.36648017996838
ARM,2013,20.83909050960637,51.68588654062449,24.41870101196974,38.08122492374636
ARM,2014,21.95064170423126,57.44441517692217,26.18974387012741,43.41737599948727
ARM,2015,22.78931177111698,58.99390396325713,28.3605211570088,40.00509059750202
ARM,2016,22.69077341144664,60.06134477854267,32.8454122068919,41.79435724329605
ARM,2017,22.87435228021841,63.00997777558319,35.85479120132915,44.0483420501315
ARM,2018,23.41441438771306,65.03533544218313,35.07352900232394,47.40947418824889
ARM,2019,24.05663473938999,67.89222797049673,35.85458469968342,50.76462274603933
ARM,2020,24.36352408224381,67.84564692347062,39.6230678713288,62.15167350190927
ARM,2021,24.06695172633934,70.34305539663391,41.09071916810314,52.62940871268792
ARM,2022,24.16533967431846,69.63820493973164,40.07262429677662,45.71320971078496
ARM,2023,22.89386888773534,69.18476861678263,42.66573161870038,49.41797035388132
ARM,2024,22.69440554331264,71.471050550972,45.83847138032091,58.54914496632539
ARM,2025,22.43451700404421,71.58250523572039,,
ATG,2010,38.43079382647728,73.78712414683638,69.0630830057566,60.19058404696566
ATG,2011,36.1969111969112,75.41023166023166,71.05167914795433,59.27013956218155
ATG,2012,35.554502088827,77.03475452579183,69.15454695951172,55.08164688705129
ATG,2013,34.99103354765341,81.64574494452464,70.86533625420527,53.82126610857149
ATG,2014,31.63419368754044,79.0854842188511,69.52975277433775,50.06866334811726
ATG,2015,29.79103715367919,76.60552410946077,75.05605210746133,51.45895223396827
ATG,2016,26.61176239898035,70.03095368152724,75.14795135668696,50.23804491873305
ATG,2017,26.3197994154234,67.87737743977614,77.58686424829457,48.16404487332624
ATG,2018,24.68052432402786,68.5570120111885,77.77500874918917,45.99429798066485
ATG,2019,24.44556109353143,67.90433637092065,73.16224060960096,45.75836495824225
ATG,2020,21.53489999730814,63.25876874209265,87.34319492472622,58.26311453474033
ATG,2021,20.01414332795175,56.03960131826491,87.10172132398156,50.0448478179456
ATG,2022,19.842319699455,62.17260172495899,78.23006391215402,41.63211124405474
ATG,2023,17.03443576707375,56.34467215262854,75.8229159357562,42.21450175603163
ATG,2024,16.86537538433596,58.38014556116293,71.67195957133887,42.18419101281329
ATG,2025,16.72004218595259,61.73554037890188,,
AUS,2010,30.76742229122739,168.7665460422192,60.98336381471282,112.5417088412584
AUS,2011,30.39340704512656,170.3986669112431,61.55285173388557,112.0040540812601
AUS,2012,30.92294293506812,164.6166423393157,64.28304692131098,114.4383957652584
AUS,2013,30.13996549824654,161.1909462551773,66.88149473433992,117.5146531089456
AUS,2014,29.17271169942892,165.2962724492764,69.9001662576297,123.1172845158301
AUS,2015,28.75630086070083,163.9274831744057,74.8566770789696,131.443256877703
AUS,2016,27.71914124174006,167.5634574162845,77.59528567309661,136.246218838489
AUS,2017,28.94929974559888,159.9426264760736,78.05604539736942,134.4751539365994
AUS,2018,27.48068807343069,145.5150018027884,78.23389174005224,133.5421875154906
AUS,2019,24.61293347539473,135.6720019923277,77.17637875697417,130.6836571811545
AUS,2020,23.30432994258843,128.7147738632652,89.59927401444979,134.946668335366
AUS,2021,21.08978090108678,122.4772679937972,88.86598125367469,129.7820949665504
AUS,2022,19.31780549729551,117.6510300729667,84.3490795613729,123.8662369433688
AUS,2023,16.86256814715804,111.437590692375,84.30430806246503,123.3956892285657
AUS,2024,15.46241755614343,105.2213935432237,86.6866147575462,126.0780694068657
AUT,2010,11.30003776037463,113.0565268596985,29.10829802761838,33.33091889627159
AUT,2011,15.14810518844243,113.9668042887148,28.30383678205753,32.13792452211803
AUT,2012,15.99506358766086,115.7942721302733,28.40544155931942,30.65734512905359
AUT,2013,15.56271471037375,117.4365206507584,28.76533484520304,28.82059903789544
AUT,2014,14.85500261327895,186.6432773194148,29.97541541785338,27.18006297229982
AUT,2015,13.82577764936127,183.6641146135364,29.62375648050841,26.33168714655925
AUT,2016,12.68453899052188,163.2950609559598,29.23619426894412,25.67269489298518
AUT,2017,12.08600935510249,165.3923895594411,28.02019298764562,24.78268949753999
AUT,2018,11.96324520938125,169.666577085534,27.94994023140158,24.50110128616392
AUT,2019,11.88285635442652,172.0316512972513,27.61793368596395,24.58635385242558
AUT,2020,7.414737721338436,167.9189189260001,30.75272372548334,25.23127314632574
AUT,2021,12.33427448454532,168.5075723448877,31.12167161279722,25.80863903193027
AUT,2022,11.45300401190854,176.3271959262943,28.23332380286605,23.1216518835534
AUT,2023,11.00224159491357,171.9467629514018,26.57411688152986,21.70375742936981
AUT,2024,10.88649614628199,170.0681568336327,27.29247364187604,21.08434284541098
AUT,2025,10.43582404618782,173.968349220874,,
AZE,2010,9.795019666096453,26.89720930080477,12.83174378900271,21.12751677852349
AZE,2011,9.943935809793516,29.8598185161687,13.30114050919704,18.43016781229599
AZE,2012,9.661439892279098,31.28202601225037,14.46011139181312,21.77894442648195
AZE,2013,10.20141128218422,33.2541293747647,15.83693410333093,25.7636382386305
AZE,2014,10.86697015100998,35.55967146026854,18.9027893333966,30.5307392640064
AZE,2015,10.73611139128496,36.4729938059542,31.45328105628908,38.91956660752464
AZE,2016,8.079126507963586,33.21717404522133,27.41070552262963,26.43133657973825
AZE,2017,7.189120553148808,32.82453744211357,26.53489670844126,16.11872487648178
AZE,2018,7.099599730373566,33.82207083447481,25.37426392257654,15.76718763690506
AZE,2019,7.032984698234721,35.38674304566338,28.10798883359667,18.19490518440416
AZE,2020,6.220623396993202,35.93994266163016,30.01150401787867,19.50585572328292
AZE,2021,6.481558490097205,38.11926478334396,29.11383209579714,17.8739628410076
AZE,2022,6.539220828848794,39.18423731036739,25.20513399696356,14.62563713918582
AZE,2023,6.315698963350303,39.46677745772318,28.10018652078643,18.82828065162058
AZE,2024,6.355420697511809,41.41678497944579,29.44055466268789,21.74950669682674
BDI,2010,2.156198935964388,0.4856303909829703,20.91388926317658,16.09786221530423
BDI,2011,2.355381906333057,0.6595069337732559,19.51710814623977,19.10457189024853
BDI,2012,2.560941255666083,0.9146218770236008,18.83887682311242,18.24270829310032
BDI,2013,3.036799078802095,1.438483774169413,18.83357639344262,17.13636983606557
BDI,2014,2.971649598974159,1.399439636726203,19.54963907996155,17.03539714107459
BDI,2015,3.059636067400193,1.350342174997851,16.64460972012542,13.9311175699461
BDI,2016,3.131177268197585,1.378398688717415,17.2046727237196,14.04640010487838
BDI,2017,3.072126347206711,1.619544867820929,11.98366182515878,12.74821023185127
BDI,2018,2.970036048812542,1.501159524671557,16.87709911468958,23.25639465249234
BDI,2019,2.913486046493968,1.59621841908978,101.6745885644311,13.88452697343369
BDI,2020,3.003367806317741,1.449386453795129,12.23820731523012,16.94182061258595
BDI,2021,3.086218563114323,1.413315042921513,,
BDI,2022,3.238417584079328,1.640056973911419,,
BEL,2010,45.08365504241344,,92.40120911128118,76.55502392344498
BEL,2011,43.52790090435243,,90.74210488795951,76.94952039224073
BEL,2012,42.55602966558704,,95.23117215210756,77.38621834529407
BEL,2013,41.47421511775082,,98.98965325872936,77.22221799871774
BEL,2014,39.88734378128795,136.2898192257427,98.42132166466236,74.81004249812943
BEL,2015,38.54315219512174,170.4361734161885,99.44505676977796,75.95406436956428
BEL,2016,36.53640804693924,123.0990995587886,101.4400175509432,78.26662604798037
BEL,2017,34.76092414717413,109.6933214025964,100.43391188251,79.87255353579548
BEL,2018,32.34795355466077,102.6072872036764,102.2257188373247,81.9043639497532
BEL,2019,29.57561712394718,92.28765513322328,103.8811461561886,82.84499192818377
BEL,2020,26.16646496683255,71.38486640832144,115.2422641509434,88.80409703504043
BEL,2021,22.79014102642859,58.6742539880416,111.1164907523966,84.56453560411286
BEL,2022,21.14978303009926,60.46458339594332,102.1357693454282,80.78712576125378
BEL,2023,18.39434309594935,55.56814501106904,92.83924738395493,
BEL,2024,,49.63411379101693,95.1431886340818,
BEN,2010,2.874561242800179,,25.42898310968024,17.9578410987627
BEN,2011,3.082950210706434,,25.37995758228084,18.85979200659602
BEN,2012,3.072415816660072,,24.53564530166234,17.82572181839137
BEN,2013,3.143960980465743,,25.63299370219999,19.22275176560029
BEN,2014,3.240366366729586,3.288490619700818,27.69754269461196,20.3746027649569
BEN,2015,3.421257047595128,3.452359384391448,30.18930866053926,19.04445897361787
BEN,2016,3.39301009759805,3.634290815649467,29.75892297611927,20.54576366514733
BEN,2017,3.15898929892375,3.59773781266316,27.93915347068843,20.49972949487107
BEN,2018,3.063652051958971,4.567110929309207,28.35891754800481,19.94133080123417
BEN,2019,3.70018539441913,4.484239548626901,29.78336437575699,21.63981386798793
BEN,2020,3.215337131433643,4.109227537267892,31.51665850439673,20.20940529306919
BEN,2021,3.261595067536374,3.999336809002934,35.27951040696579,20.52057902199963
BEN,2022,2.800131392712526,3.82977612007767,35.5595387094686,24.28208613631932
BEN,2023,2.631737980267813,3.971974914663459,35.64630088647589,25.80562038902639
BEN,2024,2.519785044590731,3.974872183016365,23.60822673336297,23.18048239973096
BFA,2010,1.851775693842176,,23.36762312314237,16.70636987915639
BFA,2011,2.020052386691895,,24.2934485911301,18.5894594317445
BFA,2012,2.067207818115703,,25.36873747890393,19.58910424372782
BFA,2013,2.244617594060908,,28.48219219702229,24.1775507711954
BFA,2014,2.671134550792783,,29.75687415523041,28.17309127621558
BFA,2015,2.8035705180041,4.298156891713603,34.43651039960911,29.53807200280302
BFA,2016,2.781329596639094,4.635549327731824,36.12532127289418,29.32334482651529
BFA,2017,2.757029830696385,5.175155662270624,40.27036706761246,31.74308895460382
BFA,2018,2.732725757306625,4.036981232384788,39.82314972080251,32.59183608863633
BFA,2019,2.974219789512918,4.977090341410346,41.11315542046473,34.16684526166903
BFA,2020,2.729233115449556,4.360116318584047,44.41458630209367,32.17407993551011
BFA,2021,2.8735514222027,4.354597533365997,51.82445873522348,34.95311899773954
BFA,2022,2.913389071503682,4.393453038310365,44.28167330530647,33.75899956483411
BFA,2023,2.774728466806444,4.350593275400321,45.48603385901155,36.87202864387674
BFA,2024,2.685168450175495,4.137202476221483,40.20272176732787,
BGD,2010,7.659157451236432,2.113042787990696,39.14565335964321,32.64298170774916
BGD,2011,7.89712376871136,3.722117545903306,41.64647753922922,34.59322482081817
BGD,2012,8.116055296324506,4.060434830300207,42.75603418902409,34.64396111176905
BGD,2013,8.300353137484327,4.984938735074585,43.32067495121417,32.37564270684361
BGD,2014,8.509858513738868,5.810320108813306,44.27151515324379,33.62370855910878
BGD,2015,8.674026685587483,7.146909311364335,43.97216366219936,33.83795072222283
BGD,2016,8.78037666418767,8.092562580334535,43.53228801550428,33.70267526838412
BGD,2017,8.916593660880357,8.44748489628499,42.69152076896598,36.28766070209417
BGD,2018,9.08134117159938,9.057839186395396,41.11601047434345,36.4770486262773
BGD,2019,9.13733827848454,9.611100712985808,41.39970792150805,35.48483264946252
BGD,2020,9.120908324823883,10.79803340635954,43.70044424128585,36.18729876784428
BGD,2021,9.24962880387726,11.79939464925919,43.39622152391314,36.29745153811579
BGD,2022,9.282841483082452,13.19738258349303,39.52305966981328,35.74670266451628
BGD,2023,9.235783487509996,14.22286234555198,39.13708729966233,35.88579821488074
BGD,2024,9.13956167484712,15.86521653248214,37.88746198880506,34.23329702794419
BGR,2010,91.8539068221095,90.51023681246475,53.04349522542444,68.71898777259503
BGR,2011,59.91968119204919,93.7031779145622,55.40372374360004,65.65440491590915
BGR,2012,61.18492589640904,92.8541421988982,59.35905291140327,66.46432767281391
BGR,2013,61.47637786358586,94.81922385749388,65.02460693945831,66.85800784242134
BGR,2014,61.47193801109414,92.09309816763437,65.2305503628335,60.15257365122141
BGR,2015,61.73389763082863,93.39912960526227,68.07531146163129,55.5635032821754
BGR,2016,49.9895313856818,97.02659297976916,68.00564395559789,52.59600950562488
BGR,2017,52.88273407845243,98.24748879795388,68.07360757310413,50.37544347545002
BGR,2018,55.0853152947473,97.44258425245071,68.082413843027,50.61319261959744
BGR,2019,60.81439745995297,99.10363638321508,68.52506539491787,49.69706018162203
BGR,2020,63.52897856249318,96.337119976822,74.6074688417958,51.43101512115779
BGR,2021,65.03342150013181,94.34248766943686,70.42450963763648,48.15261699108163
BGR,2022,79.54575482677124,90.07945887891708,66.64527085237623,44.70182065122308
BGR,2023,92.38794150409385,93.07767466267056,66.66594505105894,45.1535220559696
BGR,2024,93.83880735448044,92.29659957699964,66.96884954714493,47.3115938653726
BHR,2010,17.78879183433114,7.360879379723231,89.93854474366671,56.32038941607036
BHR,2011,18.28674242702907,8.61789010928956,83.67395819745269,57.29421823387414
BHR,2012,18.16851087375053,8.568104559780078,82.77621716747774,56.9859832544591
BHR,2013,18.99425896036763,25.15993464383776,83.92427339776152,56.38228284470602
BHR,2014,18.61921789736514,26.16238822501564,85.21478417483921,54.42943152369771
BHR,2015,18.63606068562343,25.79671454512405,92.9718868964442,64.1577198688012
BHR,2016,18.28211411554999,29.26896154076032,90.1165690194268,63.28323036856971
BHR,2017,17.10673606797519,28.1513763448718,85.6661552387097,62.18560497118572
BHR,2018,17.18087561046058,29.21578847769142,81.25041858915709,63.9882559519555
BHR,2019,17.03902273612965,32.22231032277982,86.35293379285626,64.02160279015143
BHR,2020,16.78940741023391,32.22209502974184,100.5822449413875,77.2825645294914
BHR,2021,15.23692177940891,29.89731138338072,91.96897504790986,71.02344463284714
BHR,2022,12.9680976692276,32.90654783566502,86.57626273856712,64.67777409808699
BHR,2023,13.38503662490431,30.91865185284913,88.84931761686305,67.82059682752927
BHR,2024,13.39712325818038,31.3632076275321,88.83505537624674,69.80973653319992
BHS,2010,35.83987736374637,65.29244985078546,60.08343226945306,69.93600927217074
BHS,2011,35.20525359982432,75.63901020952353,61.37831670761724,70.41511495932802
BHS,2012,34.99778690465162,74.45607606185688,57.3951105031548,66.17230632940365
BHS,2013,34.15831873431592,104.8423644320588,59.58162898532856,68.33514567513305
BHS,2014,33.70430313850466,111.4577945372332,57.31652571457254,63.2030878149881
BHS,2015,29.99706622099597,113.7251411675122,53.00143829323195,59.2621307016332
BHS,2016,29.98236906340945,131.009916994463,55.41110423578116,58.56076762138434
BHS,2017,26.43805274069106,116.7143303918313,54.30285296615326,53.91078581628084
BHS,2018,26.80828248270227,121.9138560522889,51.58445356396631,52.75920998153134
BHS,2019,23.39306996108531,121.707188311052,54.84063078909911,51.94312525420879
BHS,2020,23.84523189488018,119.5399125256493,76.56889128286139,67.70858016986757
BHS,2021,24.02391159200534,121.0555545155594,70.08982586082429,57.40228546466119
BHS,2022,24.14898063437515,119.1968915927491,66.31416359529454,49.61054832035299
BHS,2023,22.68338288937253,120.1606228734329,63.04402944859102,45.64915037887862
BHS,2024,22.46495163963789,120.8250101699443,62.75801379856854,46.35518243192344
BHS,2025,22.26856491136208,117.3613556139353,,
BIH,2010,30.57968073445929,34.12244862442714,39.35322181302746,53.60834013569548
BIH,2011,31.62602306709235,37.97650322342158,39.93492519944491,54.06574357399004
BIH,2012,31.49240281897133,41.2194140872163,41.6924952484886,55.74790386459178
BIH,2013,32.3334550847689,44.45443874971241,44.44416850197084,56.1533237583084
BIH,2014,33.26280568813659,46.77787072118618,46.29682017925805,55.88555427085569
BIH,2015,30.50268423621279,50.03103316570119,47.21586878555595,53.92207092068619
BIH,2016,29.268076809089,50.6911021023397,48.46785369966355,53.3666867985232
BIH,2017,29.49200529364546,52.17034039875903,50.26561457519622,54.50820363066474
BIH,2018,29.63388279919259,54.19745963967939,51.12283905926611,53.87461013357193
BIH,2019,29.2617587251985,56.79205243707164,52.54785633201119,54.51217481616603
BIH,2020,29.41953057088967,57.05074641101013,57.65922213854864,54.76607702791117
BIH,2021,29.74250471071407,57.98897924436228,56.29023450532809,50.38410347732433
BIH,2022,29.21351876293175,59.5437071703159,49.83619165077352,45.50867031308152
BIH,2023,28.90728648133924,62.11991350245242,50.16444328568378,44.41237705770371
BIH,2024,29.25461069017986,64.2147789932271,53.31800331903317,46.5435677851712
BLR,2010,,37.92876499953874,24.25718460829093,52.51880799550408
BLR,2011,,41.24642544450578,30.86534299988608,49.20936754056209
BLR,2012,,46.23725445906535,25.12786874468949,37.97468409929792
BLR,2013,,51.27949747095991,25.74616758748659,38.67531318935691
BLR,2014,,54.87736757721329,26.53084076090538,38.96642799072268
BLR,2015,,55.65277910864774,32.83364006664011,42.0166799373728
BLR,2016,,55.44901629829396,31.53903674604261,37.75816490958304
BLR,2017,,55.90223658451043,32.90406172398206,36.65547782373601
BLR,2018,,54.15124957608709,30.64903363889872,32.75106135806415
BLR,2019,,54.90415299923206,31.39772778721626,35.91490075490548
BLR,2020,,55.84135964521652,29.59174677132369,39.13016761866087
BLR,2021,,57.38657369359018,27.2632747975349,34.84311301026316
BLR,2022,,55.42212949386429,27.33902478050593,32.02197779509758
BLR,2023,,54.46017026354407,29.91832959047257,33.70906935344375
BLR,2024,,55.13284858283073,32.93716969205569,36.93664575912312
BLZ,2010,25.19062521194036,37.30150271768091,56.19764789165404,50.46703500000778
BLZ,2011,24.34479723592918,38.85804174196388,56.50436091222513,48.05569842422725
BLZ,2012,23.55403158958006,38.04882026009086,60.01951970747049,46.71676403059657
BLZ,2013,24.12111430776788,40.34804575117536,56.72082641268236,45.23399816692232
BLZ,2014,23.36666978222264,40.78545998351588,47.9831285875313,45.20048126690936
BLZ,2015,20.99733210368565,40.34781463061164,54.28559034766175,43.13663878109031
BLZ,2016,20.29640713796781,39.79687674111336,59.50307872114763,44.97325717296042
BLZ,2017,19.63970763792081,38.50923066258982,58.06798108543325,44.52172713921136
BLZ,2018,19.1320070975995,44.64134989439882,59.04242646409248,46.22228364249485
BLZ,2019,18.72721063705564,40.02482273409931,60.16783634152767,46.85303330979086
BLZ,2020,18.3527176416398,46.4215799170889,58.02479313951425,53.88233990647047
BLZ,2021,18.34868859805433,46.57744028736869,55.61548172034909,46.04192409266643
BLZ,2022,14.74951549556657,45.27758245150668,44.46848674213295,41.16069198115794
BLZ,2023,14.65992310203973,45.3124895881228,44.79615061796608,40.55754007381987
BLZ,2024,14.36870756741046,45.39205345159215,44.47242748973714,37.51266767589048
BOL,2010,19.99728276622188,19.51794714935364,31.76780400350236,20.56136376757618
BOL,2011,23.57996303998335,23.87306388572584,31.12159999883528,20.92434609780324
BOL,2012,25.08612328603258,27.19456246444698,33.41177934754013,21.7034714409961
BOL,2013,28.43815144432105,30.72724709144417,34.51895944123134,22.962680643007
BOL,2014,31.77032066155985,33.91584881013272,38.37824906403352,25.1412828093199
BOL,2015,34.1432634627063,37.39051148737568,45.6828788976368,29.48237761701488
BOL,2016,38.09060915918018,39.34532756074818,43.82483850910697,33.52637493264746
BOL,2017,40.38729838895093,39.36401533162985,46.08593045567602,36.21788441064261
BOL,2018,40.38542795146886,40.15668732745173,44.81275791023156,38.00251268331601
BOL,2019,44.67125659047569,41.8777441738742,43.46347817950938,39.97180617288826
BOL,2020,68.64309711765243,42.29003677650544,61.1337530004132,53.82948301022573
BOL,2021,72.45323431794769,43.48888588446142,58.53307748125598,50.30582558548578
BOL,2022,74.65033715361338,44.94984393242631,56.57958271672852,49.46296935462222
BOL,2023,63.05039027408272,40.40462614263488,52.25021033227479,46.41205387572965
BOL,2024,63.45935520659858,42.03852422292121,51.32309344906213,45.25954977378278
BRA,2010,18.83401188595648,119.1017437965096,44.92712064958064,31.75626800801164
BRA,2011,19.38375722917942,117.5000894949463,44.72062375015229,33.82765673534783
BRA,2012,20.63694567235455,116.6666890933023,39.55980146087842,36.49978980056846
BRA,2013,20.77703360994787,119.8596220558961,37.91792306379019,38.93347862001748
BRA,2014,21.50454070471683,119.4311076095932,34.76709182723047,40.45732630732003
BRA,2015,21.13603453946391,116.5386131522916,32.48252481283942,41.60836600766505
BRA,2016,20.6236731524135,113.6750311592,33.15722724305177,39.02131759916176
BRA,2017,19.80034198912728,109.4871050436484,33.84390110423251,36.549566098381
BRA,2018,19.29325001582529,108.3109261776059,34.24249832847854,35.56607647010676
BRA,2019,19.03878180129628,117.6851835851127,34.19457126849247,35.56402007041112
BRA,2020,18.30725499503029,101.741914961975,45.31341147238152,41.38771080781282
BRA,2021,17.56153320135451,93.05986473269104,39.82514758269721,42.13530449041571
BRA,2022,16.92296315602775,73.02318189724413,39.20985429500293,42.47050150086332
BRA,2023,16.40364305450291,69.61462394302242,40.64468044803252,41.78125207875902
BRA,2024,15.83888011208443,66.36652238401034,40.95825537904004,41.14704724443083
BRA,2025,14.8727579164429,68.68981640727213,,
BRB,2010,19.11210615409818,37.76916216167022,83.73336550560926,55.48053599284809
BRB,2011,20.3801578782897,33.51403739985417,76.94561885136872,54.55034227945171
BRB,2012,21.1805211309497,37.40389901848564,83.38516973013071,75.85192927248566
BRB,2013,19.72758005362315,38.1100978308629,82.00883286752403,69.07238396501268
BRB,2014,21.40754616002141,44.15306395504415,79.74109217760623,66.9597537602033
BRB,2015,16.4103109975695,37.69936310252453,87.03467509523136,67.53781333075739
BRB,2016,16.76009685571762,24.25803492274919,89.82465695960548,66.62270761648078
BRB,2017,17.55194278066654,27.20551131003313,87.10366688974824,65.16535014112243
BRB,2018,17.47113986084237,27.08026678430568,86.56712149638741,54.57869629843725
BRB,2019,16.09290389926712,30.01109105539004,85.55456747903743,52.79226404602812
BRB,2020,15.1633964275038,29.02707316122156,101.4421964969573,57.90165936507125
BRB,2021,14.24612116973606,31.08244618851504,104.7677899687883,55.54958355945808
BRB,2022,12.91566928998261,30.13656167662608,93.66425344113712,49.75432160932488
BRB,2023,13.30677701275734,33.91081883896224,87.72502676151952,47.61868895922573
BRB,2024,13.26112437223548,37.21670388337055,89.44314297606616,51.00807306032147
BRB,2025,11.09229213684475,37.54314261701302,,
BRN,2010,22.87493555755095,80.57439987435856,49.05279296288136,29.62549278071461
BRN,2011,22.75914465779283,79.32231299848384,50.20414618875319,21.09060869654459
BRN,2012,22.31893761856936,90.916848828584,49.22339638749323,21.33626604748991
BRN,2013,22.53920211224523,81.14112760408283,52.2085082964727,24.27151810929629
BRN,2014,19.90018320803588,79.9166087560806,56.33863191112691,25.60518794886404
BRN,2015,20.45458771609032,77.78941692028289,66.28446258526803,33.81995218847861
BRN,2016,19.16985403525427,74.24514896193719,75.75971602405517,33.90044688628511
BRN,2017,17.94038410362366,67.57544679031578,70.78430280283833,30.30631423098486
BRN,2018,16.76125503572794,72.3380480489311,67.55696582928655,28.91117159998727
BRN,2019,17.07536603507107,71.77441994402753,70.89243376072184,29.07517101368662
BRN,2020,16.82028240969076,72.6978307537482,76.26159355217163,31.66799587014376
BRN,2021,15.76008645533141,70.92038904899135,69.33647663082522,28.34085869423528
BTN,2010,14.5396093287749,8.48143877511869,74.20514050979205,43.59555859642887
BTN,2011,16.63580460851397,14.25926109301197,59.97325447504396,49.08026271649357
BTN,2012,12.83305171914283,7.972047280073576,56.11717549658412,47.95218914911313
BTN,2013,16.62561223339302,20.44759205716153,53.20765217078859,46.07116665057007
BTN,2014,16.16182876730349,23.1151737020736,62.42460157118346,45.83257242152327
BTN,2015,16.08171730559145,28.09679345344713,58.40127746421216,46.29555253683733
BTN,2016,16.18311283084465,34.18455294605387,62.36895432371137,48.1651432404189
BTN,2017,18.04957377986668,38.7797773290205,66.98220413029107,51.59202594320428
BTN,2018,18.0764863522528,43.17296740440961,67.2625830614768,69.61763278374382
BTN,2019,18.96499406912913,47.24007613583074,75.13134323705339,83.56770709763057
BTN,2020,18.64315143831913,49.15012651920499,88.29578657245021,89.11924148590317
BTN,2021,20.51206793330076,44.35943146551221,95.89313157222176,91.117954437076
BTN,2022,12.97615508312131,44.18462933366622,98.15689467260422,72.3468235926909
BTN,2023,12.62922694558908,39.18298616451997,93.94479083754412,75.38922202123085
BTN,2024,24.59981374426736,39.93476257186261,94.58849010054357,74.9257110948368
BWA,2010,8.878450285154933,29.17205093693764,38.052092881301,25.76756387492605
BWA,2011,8.479519766783968,26.82744615870445,32.21108120724874,27.06626579744501
BWA,2012,8.572220961601493,26.36498211719451,34.04714245890138,32.51900303286548
BWA,2013,8.823939632867184,27.75271336143711,30.92095165408242,33.17292717601145
BWA,2014,9.055160669436097,28.92035810703621,30.49310783749396,32.49045124323926
BWA,2015,8.43448376465578,32.42436791494722,33.13761959200635,35.24706063486256
BWA,2016,8.702693551644026,32.36314164517623,27.81228594648981,31.21053299282948
BWA,2017,8.08038176798753,34.1913674810712,27.84656840921769,31.22340026708494
BWA,2018,9.043576275684904,43.31741969730233,29.67549855034322,32.08033522149419
BWA,2019,9.18902663146991,44.14588318755125,30.41178411035589,33.41221443935362
BWA,2020,8.878399923431672,46.34398825280646,34.53737554954411,36.46151757276488
BWA,2021,7.412344394816053,36.01163985148133,29.47733499288045,31.27709017673017
BWA,2022,8.309073265405143,38.14895681707909,23.71628608252064,28.75328790625967
BWA,2023,8.811674277651093,38.46176745515275,23.18931101355646,28.60090034250979
BWA,2024,7.948075689057253,37.92868472204527,24.77589151379963,30.8643489190126
BWA,2025,7.973141411980247,37.74336006534534,,
CAF,2010,0.9058780366987664,0.699996664721774,6.980954062509687,8.365203074337188
CAF,2011,0.9385004721065416,0.9793048404590002,7.382652758421233,8.890883308155646
CAF,2012,0.9806200869401424,0.9806200869401424,6.843685162079683,10.30423054384458
CAF,2013,1.068583321551517,1.232980755636366,10.30482060369846,12.80154797642237
CAF,2014,1.007106817106045,0.7133673287834486,12.19140001404358,14.79556685554944
CAF,2015,0.7201412493518728,0.8895862491993723,13.21544354937778,11.3973563095304
CAF,2016,0.7071547420965058,1.206322795341098,12.82477061235926,12.18104483332763
CAF,2017,0.7366521696248026,1.432379218714894,11.86737736469978,9.460793601723228
CAN,2010,24.07878895533582,218.4113920303156,70.18351211969883,65.8211528119238
CAN,2011,24.18811959843958,207.6652157976086,70.72866070708876,84.45308875727638
CAN,2012,24.31696626720693,203.4734116369715,72.48835787633654,87.34342855547912
CAN,2013,23.35493267412958,221.293093851082,73.07500024970469,89.02482169770803
CAN,2014,23.19466088826252,222.350677126412,71.77344405578631,88.48713067034004
CAN,2015,22.90972192037768,222.1193164530722,77.53653587320599,94.45454550021827
CAN,2016,22.33826573347058,224.7445048461278,82.794076626669,97.92296849968032
CAN,2017,20.82581335409908,229.2406301303559,83.17849653444927,99.31515840348756
CAN,2018,20.1771202064553,220.4825317955991,85.6273384995583,99.92650989074887
CAN,2019,19.74956463631946,214.3280212214482,87.19593976909209,101.7081013138609
CAN,2020,20.1837411259683,210.3554063918285,106.9526288128899,111.0890793041472
CAN,2021,20.69229138123078,212.4536867598634,101.5159999652972,123.9196188369986
CAN,2022,19.76144427266633,205.9685035787738,95.84238882614156,120.6197955761959
CAN,2023,19.00504075420674,188.3714129311098,96.82068709289284,122.7898534669934
CAN,2024,18.03742746226577,173.8149507163387,98.59348821569446,120.5033296601394
CHE,2010,51.82980603964099,96.09827449372553,130.042122194379,147.544745626958
CHE,2011,50.31262727896782,99.09251258522528,131.4465444697737,150.0509975190226
CHE,2012,48.94430026857596,99.40340309955076,140.1649650247977,155.3762024473322
CHE,2013,47.5069389913565,99.08175043457229,160.0847253617534,159.580739785482
CHE,2014,46.08135597402745,97.7435486460302,163.8923069273601,161.1011275686425
CHE,2015,44.38604457379896,98.78376565529824,163.966352533462,162.2217242277768
CHE,2016,42.48211731546129,98.53101383965809,167.5808729904166,164.4447264769133
CHE,2017,40.86170635036535,98.09312964231682,174.2416310898034,166.2870947257817
CHE,2018,39.55373768314845,99.5129488409774,172.2078845860548,166.696168652667
CHE,2019,38.40078701026816,97.81358435388891,173.9458457276415,170.1588647348625
CHE,2020,37.06752790523905,95.0809346304606,190.2391162487716,182.0685216834587
CHE,2021,36.49898193814464,93.57429876432413,183.972038234027,175.158354676299
CHE,2022,35.05338632078155,89.49144284191875,171.2329174926811,169.8984172222625
CHE,2023,33.96919896498525,85.04214113447593,164.2724498259292,170.2745939243231
CHE,2024,32.21217187998435,80.27663683060341,169.4887008030445,169.799630946933
CHL,2010,17.12157789138421,60.83056269902536,54.33599359832041,72.0893633021477
CHL,2011,17.01435366833631,63.72343197346404,59.36064272369648,76.74258412107208
CHL,2012,16.93537461048638,66.57403857518008,60.40612134817984,80.80915775731762
CHL,2013,16.77943966909807,62.96555835149684,61.76092841481064,83.79460422431151
CHL,2014,16.57579906680286,55.85826828986506,62.63620377676049,86.84089954983901
CHL,2015,15.89030265213027,55.20080747098912,62.76441813090566,90.50028040402212
CHL,2016,15.54238635660571,52.63697264567257,62.48506519102068,90.55292058817967
CHL,2017,14.60222432089303,50.91406851502593,60.12895171072779,89.3227400889307
CHL,2018,13.71722749149355,48.80431391447064,60.72972933752475,92.90692932468446
CHL,2019,12.75693024560519,48.50324558474699,64.54284282322232,98.16610268486257
CHL,2020,12.02231316012386,48.32337137045575,68.3025545178398,97.97344792867474
CHL,2021,10.88143242322974,47.64235003296434,61.4383658774304,92.11464667562092
CHL,2022,9.968350642175078,46.8755003996979,59.24738377456663,91.69439937306552
CHL,2023,9.37734202657476,47.0898961387024,55.73791516845533,88.0645781816681
CHL,2024,8.902322330119803,47.16220043472093,53.03686754686742,80.36483053518208
CHL,2025,8.70053156506996,46.6099905271605,,
CHN,2010,,24.85693881936792,136.1130410718227,87.0301094801683
CHN,2011,,30.39063593479826,130.1941100009448,83.26583093309863
CHN,2012,7.73321647720568,37.55943914264758,132.9056932783158,85.47535018119473
CHN,2013,7.803942887550815,46.69112534235633,134.1917864311802,86.86222305627685
CHN,2014,8.033171456427185,54.87931076733047,132.9044049647112,89.36983095970932
CHN,2015,8.50593559748119,76.89775683350913,151.1375775989548,95.77454660160632
CHN,2016,8.789525451287606,81.5143546890095,153.712124390817,99.03667971382453
CHN,2017,8.794474175394226,84.26261382376319,147.6578278854711,99.2477032835588
CHN,2018,8.861389430948265,96.95758887222676,142.0716246137321,101.961363193543
CHN,2019,8.840359497266038,95.32197106321944,143.4274292720538,106.6938430858455
CHN,2020,8.763631255750518,87.57584989360782,153.7370065472693,116.4111017669197
CHN,2021,8.768591785636135,81.42325163540637,148.8456782612888,115.9224608217714
CHN,2022,8.78471403878217,76.55598676018892,157.6690914824688,122.5285776403334
CHN,2023,8.753961795326386,71.85479193395005,165.6379941561675,129.6802242132065
CHN,2024,8.716451249240444,67.82832702650727,168.7597068517211,133.8406980121771
CIV,2010,3.946675882459257,,16.48131864479439,12.94843018572334
CIV,2011,3.935632387078421,,20.20167108491091,13.30823700717159
CIV,2012,4.118516635201646,,19.11973501878638,13.20109349985098
CIV,2013,4.05096474700281,,19.0162073658648,14.35816654319449
CIV,2014,4.219557946450856,6.772390504053624,20.24772316977923,15.08485312693227
CIV,2015,4.497325188421472,6.355214100101683,22.79174242894959,18.05678849437431
CIV,2016,4.625113525513808,6.54723862702604,23.28485827462061,19.17585811771869
CIV,2017,4.767296192242323,6.501448894325021,24.55607596401729,20.35897896889597
CIV,2018,4.651116350076889,8.25952319232404,26.22793591298945,21.94403444578269
CIV,2019,4.622580160734243,7.567016193967889,27.06523297398178,21.97989135490856
CIV,2020,4.52187321588625,6.92636135449243,31.86036421572884,24.00501130852212
CIV,2021,4.40774348654138,6.867473690772255,34.84704866435112,24.05472518929452
CIV,2022,3.902630056838536,7.021350319023088,35.37531985496894,25.08179471414234
CIV,2023,3.781092657096204,7.021248647931535,33.36245258237588,24.90203497996798
CIV,2024,4.199705586339274,7.043642408362212,34.76396578750654,25.21183700152989
CMR,2010,1.743013203821733,1.860418238276046,13.76359839049274,11.44633784009869
CMR,2011,1.789549504597432,2.421155212102407,14.50621208072386,13.01771636338137
CMR,2012,1.891784151859479,2.667245223117193,12.91425898309908,12.99983394639732
CMR,2013,2.019059925698595,3.260285289857567,13.66167251398303,13.59761533089096
CMR,2014,2.03288031849312,3.681594277585966,14.30075357257612,13.82196357863888
CMR,2015,2.102199186309799,4.026638882600754,18.10349013545562,15.29986037152927
CMR,2016,2.073599455743773,4.371776469871348,18.34476464524707,15.77183139564478
CMR,2017,1.94073757913412,4.46296956400131,19.18426165345514,15.46341867800542
CMR,2018,2.244948759397546,4.913472756417271,18.52256217327474,15.16188111060013
CMR,2019,2.198052019194951,4.704242171921905,19.19809110113544,14.80939742937219
CMR,2020,2.197933835949671,5.146219706528687,21.51079323542448,15.69104254492054
COD,2010,0.5651458492714379,0.3812706447237929,7.115487531064349,3.208149976761899
COD,2011,0.5722672097996396,0.4572911493832736,7.463897240724771,3.896180188374133
COD,2012,0.646600889844062,0.6112399036807149,8.787865887225164,4.630045522057171
COD,2013,0.6054746037095476,0.6738346396122384,8.780504518809408,5.090110103624632
COD,2014,0.741228248255753,1.033942588331273,8.791982189374226,5.293290611796268
COD,2015,0.9618991077963088,1.226935441535909,9.14520342073676,5.74724736353009
COD,2016,0.7840166317236033,1.116563012033334,10.49742330007412,6.889163540134617
COD,2017,0.8096738303159347,1.252662915488789,10.30497832965176,5.513477760466016
COD,2018,0.8246991571328435,1.300644939358763,9.779436195675808,5.469836159141277
COD,2019,0.6293274226476936,,12.2342306981334,6.440205465226546
COD,2020,,,17.2292696800034,7.286560629159238
COD,2021,,,20.17804613901237,7.281081074483744
COG,2010,0.2257119802276305,0.8276105941679786,,
COG,2011,0.5116306436057682,1.24253156304258,9.69908695624187,2.644915886267764
COG,2012,0.7145455026148793,1.71490920627571,10.00950584541213,3.642334903575798
COG,2013,2.386422100514695,4.562277545101623,13.79130232396607,8.529609832365795
COG,2014,3.168973817387195,5.924603223810843,21.28879459501951,10.99582524725772
COG,2015,3.309303736001308,6.990059932166027,22.86818577545174,15.511676863413
COG,2016,3.634805176094745,8.657445055789303,22.07779595235308,19.0880460068775
COG,2017,3.840099545706543,10.10042989753065,19.35943365423448,17.32060947365107
COG,2018,4.09140320652711,12.62040527551824,14.16195843083804,12.89005912952483
COG,2019,4.231942332732479,13.7384794569866,15.5672208154824,13.5872849355204
COG,2020,4.059617876527319,13.43255915027422,25.0887271126951,19.67677075651455
COG,2021,3.948488483768809,13.44228064694822,23.38818707729556,19.37608450595176
COG,2022,3.920754499841477,13.48288238074983,25.49071927486916,15.6672685378032
COL,2010,13.96786240230116,35.39222970616137,28.95825011395802,29.24036739146418
COL,2011,14.93545626263106,32.89485907034579,30.61582246585507,32.27599268201666
COL,2012,15.20356686061474,36.43219602247992,33.5531931361439,34.65977939649637
COL,2013,15.80310923113764,39.86918686328509,36.15647604350828,36.82470865180214
COL,2014,15.78755798861181,41.33594779955286,37.27402538592718,39.84463768264117
COL,2015,16.37849324798096,41.77657676972524,39.32423078022399,43.68474000238601
COL,2016,16.17236813064325,42.18890689143478,40.78980654841152,45.66247577398001
COL,2017,15.56867841966888,42.55583248557134,40.79173190790367,45.47710825218828
COL,2018,14.97739645202706,42.66856311760325,40.2426757279627,44.92217348811641
COL,2019,14.51618210825753,42.52711344689626,40.18130395691597,45.15798004467638
COL,2020,13.47666181296728,41.08049596233413,49.0529092432329,49.96017175561433
COL,2021,12.70171890969458,39.78068150220154,44.97219172520656,46.13353926267405
COL,2022,12.77595231765189,39.16899142133313,40.74908102284106,43.67357547963094
COL,2023,12.05465360418497,38.53252693606089,41.09128106063379,41.34103720775836
COL,2024,11.81543633870412,39.90970748850118,38.40590468785092,39.74097614099915
COL,2025,11.23424906578165,38.05888459019907,,
COM,2010,1.307709207318987,2.092334731710379,5.76944435782217,5.370029037481137
COM,2011,2.284414707569535,7.360891835501835,7.136410272317406,6.570704080329521
COM,2012,2.465610892082677,5.917466140998424,7.69154383352445,6.787465216457446
COM,2013,2.640029568331165,6.240069888782754,7.166190790876261,6.825053869758566
COM,2014,3.043519994755781,5.384689221490997,7.781085822009445,6.665006612705892
COM,2015,2.971177294720218,5.256698290658847,8.47617290021151,7.818206794658991
COM,2016,3.347504435443377,5.356007096709403,10.53561075086803,9.201415499856717
COM,2017,3.264645198359842,5.441075330599737,8.776962471521705,8.426804655415298
COM,2018,3.393921910099251,5.30300298453008,10.26605127118817,6.681630607913508
COM,2019,3.931728636228189,5.587193325166374,9.802223843778515,7.147087740077
COM,2020,3.836887839690787,6.058243957406506,11.10481110653144,6.696936146549862
COM,2021,5.125829250741767,5.125829250741767,13.21415066547864,8.084610188151412
COM,2022,5.004388463729732,6.544200298723496,11.80674630652084,9.439112075588309
COM,2023,5.072041778595984,7.514135968290346,12.77789563469487,8.650318189280574
COM,2024,5.138331216830237,4.587795729312711,12.52600090033788,8.966602132603136
CPV,2010,30.08449693803461,40.78763527175847,66.95697688971408,52.04919851585495
CPV,2011,29.58529383317308,42.95557085393399,64.6642395499591,56.29171892499462
CPV,2012,33.41917474296723,45.49501099462766,69.3687186615354,55.62188871512785
CPV,2013,33.62942046225167,45.30244244088448,75.833494128444,55.33801302931457
CPV,2014,33.63012376988174,47.13730462827687,80.54402820751902,54.29177492315963
CPV,2015,33.97492978971162,46.30454140694568,83.34989721143333,54.17142552877862
CPV,2016,34.11814157118136,46.6736176693761,85.55511193700124,52.8943017337197
CPV,2017,32.40881955640769,48.74940084535274,86.41084877831842,53.54377981958363
CPV,2018,34.26371092305349,51.9394348119303,83.37948974637611,52.34619851254577
CPV,2019,34.21820897549053,55.67248285694888,84.07850841422935,50.63337118375586
CPV,2020,33.64691900046943,53.997878073334,106.9471396872735,66.83027126371209
CPV,2021,34.94351246811404,55.90961994898247,101.8355552210816,65.81114196478639
CPV,2022,35.13833407308773,56.00997611650075,84.82121994257305,55.18789467581819
CPV,2023,34.58246227131372,56.68403590335632,82.91707139158044,53.43280765978162
CPV,2024,34.80174520516396,59.36768299704441,84.34466228359791,53.59406287616725
CRI,2010,20.29925482749868,43.78213379341083,42.81551222927499,38.72430605814689
CRI,2011,23.13823907965432,52.38359702419881,41.29042948318615,40.56218583955189
CRI,2012,23.07011060132145,54.33729346758128,43.32295845411194,41.95826547754754
CRI,2013,22.59472756462618,72.24221104915405,44.70159205413695,43.85519738545974
CRI,2014,22.35603773677386,79.73018086878668,46.13212825869835,46.4193312034248
CRI,2015,22.34400389010715,61.271866782584,44.97135445598177,47.94797774014956
CRI,2016,21.79196430550118,63.898471607656,47.03984713539573,50.49788952171949
CRI,2017,20.73289887027813,64.8781051223007,48.74744464542446,50.31435289452001
CRI,2018,19.87405906344395,75.0797786841216,48.53041634877131,50.43102280290752
CRI,2019,19.14697318054302,71.23688432337133,48.38487423379546,46.34574057433025
CRI,2020,17.36672790547488,67.53727518795787,55.28745823982456,49.8127088739777
CRI,2021,16.53874964573106,65.60949259760775,54.47739208662932,47.40241170408454
CRI,2022,16.07929769555433,64.53812769711807,50.80404382690012,43.99206697791305
CRI,2023,15.68502907679036,64.00268830715075,48.90185329843107,41.72744631947208
CRI,2024,15.10014106268503,,50.08310380115397,43.17527336040375
CRI,2025,14.79979418071143,,,
CYP,2010,56.60959778346722,70.06772857727265,128.7375514577285,177.0023932878923
CYP,2011,53.87463216179546,67.78788668124943,120.4961877021467,182.3063573668176
CYP,2012,50.18926175598781,61.47927973790736,114.1119930641902,185.2286496223173
CYP,2013,37.50366719326386,50.50897113931503,92.41186945051108,188.2959670729585
CYP,2014,35.88934185688679,50.56233245031012,93.97628511768777,184.1121397210385
CYP,2015,34.06137488886134,48.21294898308741,94.5226463778979,175.9285188332033
CYP,2016,32.11905977703218,46.83228177070261,99.9215709691433,156.8884847460515
CYP,2017,46.94443864883473,45.14253090271785,155.3553197656604,145.4655941378665
CYP,2018,39.12483912483912,39.03123903123903,146.1763856217242,135.4921840250551
CYP,2019,33.00284268182764,37.62508955603319,139.175196504737,106.9848425928696
CYP,2020,28.41352922527909,37.45835042560909,149.0818587251274,106.7670063466524
CYP,2021,25.93346935603672,36.05384764131934,137.1918333651349,87.69046849506039
CYP,2022,20.57414384725756,30.50340457354272,126.4651890127822,71.78746260538482
CYP,2023,19.66246108471244,29.67083091612012,119.9936183790683,63.03337292967454
CYP,2024,18.50914535995024,29.12339459480323,119.1765202323556,58.93285210224365
CZE,2010,22.65270162744771,41.73629221561267,58.52673178356698,45.30810185690283
CZE,2011,23.34762822454952,43.89532587845312,60.31242712780699,47.10590412796937
CZE,2012,23.89656148459146,45.82871623341081,62.27580416211594,47.95310590119527
CZE,2013,24.36024180474623,49.1788452037993,64.16737686707951,49.27957733860621
CZE,2014,24.27153231252647,49.70684487424739,64.5372957596304,48.31871513669169
CZE,2015,23.72613061727334,50.95522297190826,64.98341614334024,48.44352083800445
CZE,2016,22.41897744615052,52.78477166053213,65.63727666357632,49.74245462035131
CZE,2017,21.34173520611161,55.79275430193119,66.08448869200424,49.47682563660572
CZE,2018,21.31162555875999,57.23310763264476,66.62924120484907,50.04133662954984
CZE,2019,20.61550085080729,58.11342537132974,65.75894284624093,48.89989911475361
CZE,2020,18.35097412067507,57.34540305872568,74.24304919532531,51.40721559805076
CZE,2021,17.71455478628671,60.29980012720003,73.45719673639829,51.44855816372069
CZE,2022,16.57718295134279,57.96997400604069,68.52318737134517,48.04623403091574
CZE,2023,15.35816283625862,55.53826049103332,68.15308679051911,47.36748358738066
CZE,2024,14.63080038733062,54.6781359686877,69.75175069145115,47.57763375294465
DEU,2010,15.73604210514861,116.8612952193717,24.75688630994702,22.42031910583091
DEU,2011,15.86895875414158,121.2291006577178,24.90910943624195,21.81264352338772
DEU,2012,14.18826418223456,118.5968333597488,26.67977203093866,21.64138438354795
DEU,2013,14.89121807991662,118.2737139646813,26.98051812170419,21.23866521581429
DEU,2014,14.55275647298985,123.4068628705932,27.35884388493788,20.86340141432481
DEU,2015,14.06149764753077,122.2951117500464,27.79696336266265,20.79228039473045
DEU,2016,13.54825982620119,82.53510218218052,28.53540710426112,21.01163602003686
DEU,2017,12.95470931852218,81.23149337225496,29.19906577687317,21.40805917547004
DEU,2018,11.16218573542156,,29.86357264224905,22.16001725379103
DEU,2019,10.95618440646697,81.35454792608628,30.21415154121215,22.63358303535056
DEU,2020,9.356285337755487,79.42524130013268,33.04642250450774,23.74374568793084
DEU,2021,7.604616641368177,76.98802260320902,31.83347568040996,23.15700429217236
DEU,2022,7.022498388124531,72.98629789410438,31.14015453292361,22.99692704579081
DEU,2023,6.662374982167209,70.92134166386806,31.5506922626656,21.88214213185842
DEU,2024,,,32.97134203276922,21.32816601087971
DJI,2010,4.054252657647081,2.702835105098054,66.35885314229084,22.76907255293727
DJI,2011,4.608006740855575,2.96229004769287,57.37182307699352,20.32748616449226
DJI,2012,4.812473932432866,3.849979145946293,57.18847131118669,19.36022264167962
DJI,2013,4.535310520200117,4.848090556075987,57.31546210161281,21.07227390323113
DJI,2014,5.030480136463207,6.554868056603572,58.80290076877467,23.33765779644955
DJI,2015,5.645831073762783,7.874448602879671,61.82395748519466,21.12075238596162
DJI,2016,5.502381952187197,8.977570553568585,61.47462440425272,20.10539903346254
DJI,2017,6.77390128732349,11.28983547887248,61.10368938329687,20.84511627518251
DJI,2018,7.291778451006128,12.24468456867067,65.01709127477937,21.89369163366941
DJI,2019,8.725464664552867,11.41022302287683,67.62172357845458,22.97115116151068
DJI,2020,7.869007259159197,14.95111379240247,74.96791723122737,26.72612826132774
DJI,2021,8.212582703274254,15.27027096390057,73.44893927921326,38.19750832013566
DJI,2022,9.174288866937625,15.206697984924,68.65949245221867,38.42861414890201
DJI,2023,9.48316737790422,18.22738664843928,67.57915811665109,30.51856330763671
DJI,2024,8.214494959561733,17.6370038837649,64.40927055732863,38.02407806856662
DMA,2010,22.77947569240115,32.27092389756829,69.79329948324872,53.07005767514419
DMA,2011,22.59078672414767,48.94670456898661,71.79261810950864,55.79388957472445
DMA,2012,22.43913384943341,48.61812334043906,80.85780260480571,58.82684672189241
DMA,2013,22.19837951829516,51.79621887602205,82.42262524156385,57.35045339675933
DMA,2014,20.10527854949554,49.34932007603451,82.20195564917874,53.70783398331863
DMA,2015,19.94741137002448,43.52162480732614,84.36030383769751,52.81570421715217
DMA,2016,18.12875038523595,41.69612588604268,80.68703320435526,48.43792983764189
DMA,2017,16.39672794184627,38.25903186430797,98.06070203594685,52.51805509199753
DMA,2018,16.40449847802709,38.27716311539653,95.057280957086,48.50875904611851
DMA,2019,16.40718999526015,36.46042221168921,80.65203040305242,41.59918844441753
DMA,2020,14.58842408548817,36.47106021372041,99.60679604518944,54.13991684907961
DMA,2021,14.61107153945903,36.52767884864756,92.9986259521618,51.19915689491869
DMA,2022,14.65147796784001,34.79726017362001,84.74980632331501,48.2916801376172
DMA,2023,11.01624896722666,27.54062241806665,77.96537507503766,43.40512408114261
DMA,2024,11.03509159126021,34.94445670565732,74.76971226539422,40.48606003913326
DMA,2025,11.05583195135434,42.3806891468583,,
DNK,2010,40.88330804869246,63.17130501717319,56.88484060861737,58.74396545637477
DNK,2011,38.71288077764636,61.02791978202006,55.18384317934447,53.89011388496385
DNK,2012,34.08084123057219,58.7032185677456,56.37120708655011,49.04529361236343
DNK,2013,30.03085810699603,56.16244410684264,55.68410317242177,46.37762999365557
DNK,2014,27.81165460105453,54.04140110028122,56.4458642341266,44.97531134769036
DNK,2015,24.71367502724434,51.86271648819313,56.71793896776977,42.25827329837465
DNK,2016,24.1024814857701,49.75725507767334,57.32900123291654,41.27662773771949
DNK,2017,20.75368560060583,49.27178918418657,57.49275320619532,38.41803187721531
DNK,2018,20.87008177597157,46.8697773085744,58.73635096511677,37.74377053784017
DNK,2019,20.00332977238392,44.82227597145286,60.65474689463574,36.16663036583251
DNK,2020,18.6660858529305,42.57752623752973,65.02302321225486,34.41769491761376
DNK,2021,17.4968005704894,40.98202881004035,58.94383043477152,32.85103952571769
DNK,2022,17.53285493590218,39.12106527124779,56.80428043887726,32.13029933466167
DNK,2023,17.02858403726142,34.33698048828066,60.25151120991941,32.22970898344023
DNK,2024,16.63087786426187,33.77774955247459,59.92563738258164,32.6417089639017
DOM,2010,10.22294866371036,28.4740054278849,19.84681208556433,18.50763263190464
DOM,2011,10.64631985218974,29.9861699097681,20.12470773311885,18.41321535978695
DOM,2012,10.47625897767064,31.1871264545582,20.02611647374106,19.4116413533673
DOM,2013,11.64656248143086,33.01024492035807,21.02592102908164,21.26575373626749
DOM,2014,11.55544868294022,33.90973928981863,19.46728291207132,21.24712096019453
DOM,2015,12.54581862887601,36.22994225404647,20.05350097970583,22.4983599778157
DOM,2016,12.57232583366573,37.93006776936441,20.20175125767075,22.47585351122301
DOM,2017,12.62817002473705,38.94669259965632,20.50211204470709,22.64103947788053
DOM,2018,12.41585705201301,36.47238757318702,20.08499377184878,22.50723130369184
DOM,2019,12.19137322124744,40.28121434230344,21.80748868398258,22.90746196773634
DOM,2020,11.58157890836208,39.94514200497983,28.32822512319439,24.14754324546655
DOM,2021,11.11304656800131,37.47710799130878,27.47441450469346,21.8891788117342
DOM,2022,10.84766225540631,38.53549466379401,30.60773337119538,21.57552281715872
DOM,2023,10.86750721602479,40.11317663514929,31.13903555284314,24.0112631639123
DOM,2024,10.84590037480333,46.93533590766539,30.92086366847054,24.82976777899153
DOM,2025,10.98536100672012,47.55226397234418,,
DZA,2010,5.039695506397213,5.904405166225004,40.79481933676307,24.70140757654077
DZA,2011,5.152014332918829,6.064272313493716,39.45626502778394,23.38979080885193
DZA,2012,5.192504478305437,6.170003552069942,37.98610624688218,24.33384966056203
DZA,2013,5.190305031403517,6.478832640315408,39.65309307788971,28.27307369338301
DZA,2014,5.194557788545011,7.582983328432717,44.24325528020104,33.77449447939143
DZA,2015,5.243422638669161,8.328203183648466,44.1498178988764,38.53789019201103
DZA,2016,5.243109443069276,8.552171230648758,41.15335462639187,39.9720742948479
DZA,2017,5.207979514869689,9.10112396484131,43.69614329315171,42.13178594031717
DZA,2018,5.275500696352582,9.504007016348378,44.58273404612181,43.9696858763278
DZA,2019,5.288144605846077,9.287553718957623,42.63494963908617,47.01425630433027
DZA,2020,5.246495665928371,9.9479861500394,47.4444837582095,53.48829504564847
DZA,2021,5.251863732504729,9.873115748360185,46.43340330425592,38.92997339358253
DZA,2022,4.947280934972507,11.57333072191512,43.07684052285273,31.56191930441767
DZA,2023,4.93444619461131,12.01756263092679,44.34537304143906,31.7938437348494
DZA,2024,4.908634702348792,12.08609493857523,45.71751762211575,31.6758637695317
ECU,2010,12.26726842608918,44.66444819073729,22.4130618602179,15.05191552673779
ECU,2011,12.63908424261374,26.18500861025806,22.66356202116036,15.48337029120884
ECU,2012,12.88347277797987,28.63199330429099,23.89815010665635,15.98053014127193
ECU,2013,11.92257382859355,31.5703965567462,24.83076858812246,15.77811433371098
ECU,2014,11.53731386894922,35.55936492532622,26.14320512311426,17.17702649988739
ECU,2015,11.47193802796692,38.41019733986206,24.43037738088471,17.23777278365981
ECU,2016,10.91448929808055,39.46333591705056,28.68180988843288,18.66413337512037
ECU,2017,9.639748359503647,40.80329911277876,28.67681597605402,21.08403760280974
ECU,2018,9.42822615398014,47.56124024719888,28.36052966899699,19.28394727252762
ECU,2019,9.643107259895697,54.5233742454446,31.21710027905357,20.76488774923712
ECU,2020,9.585767102560972,57.51460261536583,38.54499303377982,22.88470585661528
ECU,2021,9.198461778825124,60.10323821762231,37.8736909929889,23.76371715538163
ECU,2022,8.993795411040178,64.71163850606882,37.46220624421176,25.20853812560501
ECU,2023,8.906707907962634,69.01400815278957,38.04834198559194,25.88698314018474
ECU,2024,8.036324478607867,69.81602510252883,43.45661080343445,27.98015858933914
ECU,2025,7.831135993208609,53.064927014531,,
EGY,2010,4.635394073402574,8.692039995283473,63.38420217318072,31.32571200562168
EGY,2011,4.649148444518931,9.287698526322394,58.4079907997069,30.05000242735881
EGY,2012,4.59469262180525,10.37003801287046,53.23538686471262,26.30285637562032
EGY,2013,4.575642560614154,10.97477594575402,56.82496808782231,25.28276742404902
EGY,2014,4.5665675609426,12.07481955722581,69.37256913470117,25.30250178412132
EGY,2015,4.623648209034827,13.73108048852657,74.0744362944852,30.7175456979858
EGY,2016,4.744948402718768,15.70256906614976,96.16833916655747,45.40112896152519
EGY,2017,4.880638606954775,17.72483686771084,90.65185043354576,40.02790010667688
EGY,2018,4.996794517879899,18.75719788250301,81.49223222361366,38.88764697310081
EGY,2019,6.65390317462651,20.10042674392613,75.45524773200822,33.78426183006773
EGY,2020,6.760889699945797,22.06979267916661,84.1565644117934,40.52547666027371
EGY,2021,6.792708534155424,27.60935443959625,96.54831273555268,46.51034601247257
EGY,2022,6.64966544645472,31.31056314245607,109.1834711762831,52.19828
EGY,2023,6.58215086390207,32.46441223931356,99.82125994910936,53.78586376367683
EGY,2024,6.564351114438116,37.05836131119086,96.9739062986758,60.24337208651809
ESP,2010,96.0761502918472,149.6685332438318,79.27114617809116,149.554899758157
ESP,2011,88.4886964336795,147.3452333857274,77.79471829997475,143.7064770887722
ESP,2012,83.97134709663675,136.280706389293,80.36669227888228,132.8862779015487
ESP,2013,73.75452577699453,130.9779518637015,84.61680960013727,120.9415084258598
ESP,2014,69.83412912113081,118.9197028626469,82.51954619524155,110.4135044164824
ESP,2015,67.61960735975426,116.9576179165528,78.67542626702677,100.3313366056119
ESP,2016,61.95958972839482,113.3113414864675,78.44567115507401,93.92137079718282
ESP,2017,58.68042797235854,112.0116047995437,77.344139949266,88.13622626544414
ESP,2018,55.1237205139697,108.5315567894558,77.5565960226879,82.0368463947154
ESP,2019,49.54299188567608,106.051920440271,78.96283829593766,78.14965183335859
ESP,2020,45.4169375768741,103.1435756012976,95.66999700676756,89.87702950902133
ESP,2021,37.19410347129297,95.95745731002216,92.29908990395587,82.14381767645455
ESP,2022,33.4857995602912,89.81295422351212,85.35659919818232,73.21614278673499
ESP,2023,32.36949881857887,86.95770776544634,78.05917318283629,64.40706843112704
ESP,2024,31.32676103502451,84.18272918064497,76.874481269795,61.00556223285983
EST,2010,19.49298739778365,88.78169714808735,50.73808815500999,92.311790568561
EST,2011,17.37074606018117,87.9226992892247,47.61986701883781,77.24929231214453
EST,2012,16.03267441131423,83.6565245819413,47.93146440765961,71.78141688729089
EST,2013,13.95691006617376,79.59940966772649,47.53334718051195,68.29584593114052
EST,2014,12.39013925793014,76.692248837407,48.25564700258991,65.94023490482422
EST,2015,11.13371043120046,72.50489475928103,52.02540206530994,66.94623597572497
EST,2016,10.42353071270665,69.97361487138723,53.5200467569458,67.50412295745272
EST,2017,10.06370962843152,67.81670992852953,53.35141735136307,62.07402246985848
EST,2018,9.677565233120788,67.92384570162348,53.45995685077206,60.2417385568308
EST,2019,8.928386225754696,65.65520376110524,53.17390590838879,57.65536448830889
EST,2020,7.921005967757905,64.62820778238836,64.6079750431813,61.85253119524266
EST,2021,7.457959124992699,62.44917580566176,66.62053148402352,58.79868326780314
EST,2022,6.814876964919315,59.20977518871456,58.62057748800861,56.55047405923804
EST,2023,6.513385006187716,58.01254912177859,57.16858889401269,57.37002570809301
EST,2024,6.220624827204866,57.19518938346696,58.79006066300043,60.4326794580016
ETH,2010,1.348834692272418,0.2949940126387642,24.755196891351,12.21708259934574
ETH,2011,1.874030380206103,0.3133175139320549,26.70699491107902,12.3909258095244
ETH,2012,2.886943740401195,0.4541471549847832,24.05462463449275,13.26702204663429
ETH,2022,11.87045704354878,9.129696290904135,28.19558575426844,26.82573483130416
ETH,2023,14.2622087274824,10.07030606348788,,
FIN,2010,15.50721208257613,36.84638721061676,33.14231824464913,49.95179417711683
FIN,2011,17.0225059306544,36.46727445457424,32.65219391330348,48.10871372992841
FIN,2012,15.49590088105581,35.72236208814007,31.90216895805428,50.5303859403727
FIN,2013,14.1010213891156,36.34147790143364,31.85620762039244,50.74246411070433
FIN,2014,9.418014866445978,35.85416357295829,31.98408695208278,50.19833487402298
FIN,2015,8.487438155158223,33.73156654980621,33.73470075848272,51.18605149621774
FIN,2016,7.303984214698877,31.67233631195317,30.01684344245933,36.95243043197337
FIN,2017,6.455889807926446,32.45276151769737,29.58441353673689,34.40614778013938
FIN,2018,4.795619137112584,34.69263213604869,29.84615717299325,35.11053276970311
FIN,2019,4.477942901922286,37.69652894839386,30.79394122412145,35.01448961387401
FIN,2020,4.009779573625342,37.24592042453059,35.95380071333449,36.90420582949147
FIN,2021,6.14768664472711,36.67265852653186,37.08353011344889,36.15906713132125
FIN,2022,5.965505367468762,36.00532776949117,35.16326562160558,35.310105683886
FIN,2023,5.873742329660946,35.30561249763945,32.03143902456907,33.75112727379373
FIN,2024,3.781967495859577,33.45586630952703,31.43946526077951,32.71005025853454
FJI,2010,10.78574125006741,32.03999606637672,43.80890420589668,46.32956343705093
FJI,2011,10.5529593175543,35.28153562883825,42.48448901516986,43.25780218600778
FJI,2012,10.17768675272292,35.54361373643236,41.15434968205464,43.55003015187166
FJI,2013,10.75422999713221,40.36732709068465,42.96469097114718,46.94154626405218
FJI,2014,11.95318078797852,43.6213480704151,45.38000739521231,54.73963392047484
FJI,2015,12.06699969523091,45.17389629496698,49.14481839246196,58.16537984321078
FJI,2016,11.72052711528526,50.27489262609205,50.2799322798079,60.45220801615883
FJI,2017,11.53363515575021,49.97908567491757,50.47485114451987,60.4896068657403
FJI,2018,11.35401195546772,51.86021676956879,49.78654099129193,60.44899621371655
FJI,2019,10.87232824018351,51.91153906228466,52.59283154783743,61.61336085146749
FJI,2020,10.36616970029574,51.37351748528919,67.49485514681791,73.73697861108141
FJI,2021,10.30370160480152,49.09410764640727,80.98206731271586,80.66352549010833
FJI,2022,10.22985583425227,48.74225426908432,70.3915604221546,72.29483939348697
FJI,2023,10.13314656553389,47.23834501873887,69.68580389080049,70.42466982744982
FJI,2024,10.18982612316989,45.48502095559894,66.61780136187879,71.96948760995863
FJI,2025,9.812493501053744,44.66881369882675,,
FRA,2010,41.61308906730051,106.1667030352544,30.75220119484488,40.01903736082061
FRA,2011,41.4226375362333,109.2917324571457,29.71411751184812,37.37435994919843
FRA,2012,39.02729364199302,109.4372052995307,30.88813941761836,36.70400668107401
FRA,2013,38.62136084523781,108.9156560607669,32.45291347851677,35.96412293807821
FRA,2014,38.01914247017087,108.112434715891,33.14900222079524,36.09969295172614
FRA,2015,37.55429216224719,107.0881814922185,34.22150974697034,37.14319329227465
FRA,2016,37.11423316754447,104.5331177295091,36.03867517930441,38.32963156958517
FRA,2017,35.90385095112976,101.9685390639652,37.55788872884141,39.31393592738256
FRA,2018,34.68389659565295,97.79632285826052,38.33192590696211,40.21741022509057
FRA,2019,34.02560553851034,95.82662787105224,40.82358121656586,42.15998062664897
FRA,2020,33.37093095024931,92.99067470163432,49.88193812988617,48.47559134460263
FRA,2021,33.00312045047113,89.03486329309193,48.42458560297787,46.29612352288703
FRA,2022,32.03855747337912,84.28869373419808,47.21189002794214,46.22016264916792
FRA,2023,31.11274668114278,77.6463643558859,43.79183018977408,42.8850641897486
FRA,2024,30.05352264413105,,41.97594995619799,41.36087385019711
FSM,2010,14.45608962775569,8.673653776653415,53.75097219504736,19.56629078385083
FSM,2011,14.3775250528374,8.626515031702443,55.88777315603363,18.24195438921656
FSM,2012,14.28775539362766,14.28775539362766,59.99568570365764,17.60038129237512
FSM,2013,14.17474627204173,14.17474627204173,70.11266532954393,18.1655541990182
FSM,2014,14.05619667430387,14.05619667430387,77.1568433611359,19.28921084028398
FSM,2015,13.93728222996516,13.93728222996516,74.91684701385518,24.97228233795172
FSM,2016,13.83317194632729,13.83317194632729,86.8227887000942,22.92855335389812
FSM,2017,13.74041605979829,13.74041605979829,82.62388106155984,19.96281690077956
FSM,2018,13.64033173286774,13.64033173286774,82.64372248653387,18.75961798774082
FSM,2019,13.5475655024792,13.5475655024792,84.400483878297,20.27639252331459
FSM,2020,13.40985892828407,13.40985892828407,89.8357692090157,20.91698506956186
FSM,2021,13.26999124180578,11.9429921176252,111.8482692429778,20.17354627898459
FSM,2022,13.17870321560358,13.17870321560358,104.818553006753,20.67521917105678
FSM,2023,13.0816425310362,13.0816425310362,95.51339731005442,18.9224655048221
FSM,2024,12.96663684340193,12.96663684340193,96.09161677885638,17.60619027073969
FSM,2025,12.84026707755521,12.84026707755521,,
GAB,2010,4.453884204578036,8.44382213784586,15.12325874175446,8.243449800357848
GAB,2011,4.999415246966649,9.641729404864252,16.0249231361075,9.403288958636384
GAB,2012,8.503605872469963,11.16635114566763,18.20480192422181,15.47567064113395
GAB,2013,8.84905253111848,12.23981097762182,20.1908115436892,19.86523829479045
GBR,2010,24.77796040349155,122.3112002824643,149.0105082020922,158.0032488826915
GBR,2011,24.1131939087078,123.7062388387353,140.7683193090299,146.0844826445486
GBR,2012,22.13670720316771,126.2277111721239,139.1488082907601,142.332709931348
GBR,2013,25.21813401400102,128.9131283936481,134.5684002288138,133.5049436919299
GBR,2014,,129.9572694847618,126.6291689619514,121.6889107947645
GBR,2015,,131.8638916177597,123.9953434760398,119.912692784736
GBR,2016,,130.0772047779687,129.70198002154,122.3579001277838
GBR,2017,,128.7241780750419,131.4410880862356,123.1155899546791
GBR,2018,,116.2717639304701,132.7320861737004,125.1073268460218
GBR,2019,,111.0614855915472,127.0741445198823,123.4281337612207
GBR,2020,,99.67986059504643,150.5942516375198,135.6980269894832
GBR,2021,,97.02973762121744,147.0697908462414,127.7711997899711
GBR,2022,,90.28530965572668,137.7289596220435,118.5789976995188
GBR,2023,,84.30069638407419,127.6343001307546,112.1806516338797
GBR,2024,,77.68013638267854,124.0352733735556,106.3789442891572
GBR,2025,,73.49040588236599,,
GEO,2010,21.36716803316029,48.63543558382463,21.78916975613481,27.99349275288757
GEO,2011,23.75653672888196,51.30888373400401,21.68168155518579,29.50228958712119
GEO,2012,28.13902724735327,63.76640054998108,22.77571718318316,31.13114852810795
GEO,2013,33.01052330453549,68.37184616235284,27.23957574732051,35.60379284584415
GEO,2014,32.52992171906695,71.30027740056715,29.15055143865611,40.29895559893216
GEO,2015,32.34779711834763,70.52552677604731,32.8873803328151,45.16817694912627
GEO,2016,32.96642979924281,74.96934289370954,37.37556944686084,51.15772818192871
GEO,2017,33.52403138414236,76.6984108196878,37.95718747728259,53.13257091569142
GEO,2018,31.81466169565392,78.35458082156804,37.44191182321368,55.88523578260501
GEO,2019,33.90750954603309,85.90581247348324,39.68774837994973,61.67152662322706
GEO,2020,31.96264586782494,91.56958012984316,43.25366174555156,74.91785513337126
GEO,2021,31.60732482649323,96.49812049300584,40.52952121007889,69.44619470117749
GEO,2022,31.31028768548611,99.19481971973876,38.35638483218906,59.7312099596296
GEO,2023,31.4277290057146,97.01010493521012,39.39447012331255,62.20102019142225
GEO,2024,31.61801044356632,104.9580477115778,37.59406618461685,65.02994342420745
GHA,2010,5.419348356804436,3.972368694786123,16.27127877308695,10.90753524789713
GHA,2011,5.440210095859428,4.110085378045387,17.48628651613726,11.40868635128107
GHA,2012,5.736525468844282,5.522621129328055,19.24450974707244,12.56431298741505
GHA,2013,5.901370160410488,8.188624976329756,18.74370167805292,13.66751929664454
GHA,2014,6.129088332913845,8.241929838631885,20.4357470642876,15.18979253080655
GHA,2015,7.217664711972545,10.32810591064291,22.47770608319066,16.40230180672539
GHA,2016,7.212814169827903,11.27843124041216,23.52715276240855,16.12471344923782
GHA,2017,8.684419314080174,11.64760700654847,22.14983164126757,14.39489755140163
GHA,2018,8.817350501183315,11.88425502333403,22.12977556392956,11.82708105882841
GHA,2019,8.576095472867852,11.50888159854516,23.40797028913939,12.6688385721045
GHA,2020,6.345294760356988,11.82868698243215,26.48560309333195,12.18782113501054
GHA,2021,11.86892130435783,11.75028367289315,26.22004974744582,11.64563710314818
GHA,2022,6.107924354590538,11.35983292988974,25.7046576716967,11.39444838108189
GHA,2023,5.846573519457288,11.24568010008311,24.16099817006649,8.674720685615661
GHA,2024,5.893520369749958,10.96569437990151,23.4796355758234,8.122658470544627
GIN,2010,1.403330536489799,0.7276528707724884,7.928176640717571,1.753775784524826
GIN,2011,1.54851419221673,0.9594055321342784,10.41228307065699,3.006379493536391
GIN,2012,1.700458371634523,1.160889849865876,9.402437851783926,3.401473999724602
GIN,2013,1.763748018564163,1.414176339209104,14.71899741595561,6.295345133474527
GIN,2014,2.36198263896447,1.759908632953919,16.21705674913797,9.322425508911394
GIN,2015,2.62286629826636,2.158244268287748,17.13636607431442,9.54206923689129
GIN,2016,2.604202280466475,2.327778574718637,16.78947862779328,9.108599048735888
GIN,2017,2.628098241703369,2.331377472478795,16.40159486110388,8.157884914677476
GIN,2018,2.662385623776366,2.387912879057153,16.21688962090401,8.384012873075326
GIN,2019,2.624216348388298,2.437723816015526,17.22451590969159,9.683146914281846
GIN,2020,2.637043192052883,2.456069639657096,18.96696987273538,9.585347461031722
GIN,2021,2.597250076788263,2.496873262226398,17.63887382637947,8.800299994979165
GIN,2022,2.70321148830788,2.654504975005035,23.14316757969151,11.7495798911416
GIN,2023,2.764575159228896,2.634616497897623,20.22588198657327,10.64826823170894
GIN,2024,2.775258956316851,2.649110821938812,22.2017483486058,10.17999610382383
GMB,2010,6.826883331369435,2.992606391833177,25.97175228242753,12.23310334056212
GMB,2011,6.602660057976782,3.617895922179059,29.80146782666795,13.12809225579755
GMB,2012,6.5649076798916,4.639201427123398,29.05680850045133,12.04314542517243
GMB,2013,6.611245219561149,4.916054137622393,30.71349649044297,12.23526071354403
GMB,2014,6.570167333949287,5.174006775485063,32.85383448151105,10.56927949179773
GMB,2015,6.689357391660283,5.255923664875936,28.23096671171964,8.388376491800114
GMB,2016,6.567398506650843,7.03097957770855,28.78244677724395,6.92810095900746
GMB,2017,6.524394862376515,8.174241839069426,31.99215844465417,5.946492552257244
GMB,2018,6.261727086265484,6.989834886994029,33.78175121647542,6.886624291259708
GMB,2019,6.07972355638378,7.56430721550075,38.58304610668968,8.095269586485376
GMB,2020,5.898426354717644,8.024603296534469,45.2331365463212,7.931013755824084
GMB,2021,5.85195096065095,8.511928670037745,48.35380838819742,8.874076113512185
GMB,2022,5.803995212348838,8.512526311444963,44.61604509326712,11.9734213968438
GMB,2023,5.691092502141977,8.317750580053659,40.03356541365062,11.52813993317996
GMB,2024,5.639275553194741,8.428594644022247,38.31253347563105,10.81940686158207
GNB,2010,1.910041537785678,1.460619999483165,14.7707588275789,9.30449456855741
GNB,2011,2.29165825482585,1.418645586320764,19.10980992286085,12.70362210697359
GNB,2012,2.436967310732404,2.013146908865899,16.77076259450205,14.45564892000199
GNB,2013,2.674201056720833,3.908447698284294,17.23897811531538,13.1261967845082
GNB,2014,2.595906255834549,4.19338702865581,19.25470347073362,12.74096555612762
GNB,2015,3.198331440179572,3.973684516586741,17.18002122403688,15.55592739207078
GNB,2016,3.104771940388379,4.798283907872949,16.39912826392785,14.64752425329137
GNB,2017,3.013847258220953,5.023078763701589,16.11862415104862,11.44955263469287
GNB,2018,2.925166269109978,5.141201321466022,18.20436542413564,15.36181215377451
GNB,2019,3.613403662786846,5.936306017435533,18.50144931465507,15.77220787731815
GNB,2020,3.508619508592776,6.098314860173159,22.77509085309578,16.01889191690349
GNB,2021,3.408036962595171,6.491498976371755,22.46539205203733,15.37649996158136
GNB,2022,3.308300526019784,7.404291653472849,24.22070398987227,20.85315991001015
GNB,2023,3.286662722671399,7.031929546180669,21.33779692317571,18.010406461859
GNB,2024,4.007311116503666,7.19831811668251,25.72097094164967,30.70397387390073
GNQ,2010,2.591192944317991,2.318435792284518,10.1931260423773,6.951568779775462
GNQ,2011,2.609079073359476,4.304980471043136,8.08983429973852,6.980005899875594
GNQ,2012,3.131599846676872,4.88529576081592,11.75236172731035,5.305668311766639
GNQ,2013,3.129965811142678,4.213415514999759,13.17029873379702,7.50261910843584
GNQ,2014,3.590061320563524,4.400720328432707,11.8146411618956,9.041745433918695
GNQ,2015,4.014487840562385,6.021731760843578,14.89584989467324,14.21550165397109
GNQ,2016,,7.523201014557394,18.55441983604867,16.76324093838397
GNQ,2017,4.561395870070712,8.604451300360662,17.46533262625409,14.66982415097205
GNQ,2018,5.402117630111004,8.803450952773487,16.58358457991948,14.38775145793394
GNQ,2019,5.310130957484195,8.97894870992782,15.92425534714122,12.14136310517993
GNQ,2020,5.440849522987589,10.50646804438983,17.742910916772,15.53097576676871
GNQ,2021,5.396293752280849,11.61575095829945,15.32550771846623,12.95102994813022
GNQ,2022,5.249096310241165,11.65477316341682,12.7685346563209,10.59722598408246
GRC,2010,41.121011003873,78.21839849251047,89.81097318535448,110.9382934750806
GRC,2011,39.47961603699563,74.43310826857407,81.74962427816685,117.4926745202113
GRC,2012,37.61415684392502,72.7666819846651,82.8827440535247,117.7848158071686
GRC,2013,32.48666390387538,77.39092762890313,87.49943395917332,118.0322942022436
GRC,2014,28.15067479392448,74.52028573741063,86.76643221685698,116.1828967388702
GRC,2015,26.81135214911737,57.1997125857631,70.62787168779712,112.4546332742672
GRC,2016,24.64157463132538,57.59100408993741,73.20321287386743,110.0220543676346
GRC,2017,22.9143164281307,60.11612745227461,73.7826811028394,101.8694790808931
GRC,2018,20.94502881981563,60.94187346482459,77.17161243457795,92.50692047375836
GRC,2019,19.32775121179341,62.11869589916486,80.12343585633963,81.52152704729853
GRC,2020,18.3608608303378,62.50969226935884,96.55469725049916,83.46035302698886
GRC,2021,17.0461066923411,63.08930256113076,96.67548243366096,57.79298397504315
GRC,2022,16.33754865814675,66.4734706124868,89.9787884969368,54.07541247663025
GRC,2023,15.64759002646856,67.2724037456349,85.80448887173847,51.28609985306192
GRC,2024,15.22938470401863,68.08300314149041,84.98438672006209,50.48175048216677
GRD,2010,29.48147973443083,45.9911083857121,85.4892061448596,81.17685205645277
GRD,2011,30.36780078722684,44.38370884286999,84.59138971731903,82.21897192216403
GRD,2012,31.22686898593634,34.69652109548483,77.66460771966217,79.93512927841162
GRD,2013,30.91579453591957,42.36608880848238,76.1890842919119,73.08139969319625
GRD,2014,30.61606322784021,40.82141763712028,74.67408087637747,64.17689269577089
GRD,2015,30.3275374039628,41.55995866468976,76.31760973580197,58.46849089125977
GRD,2016,22.29058000089162,40.12304400160492,75.21212797800749,54.61162491321958
GRD,2017,22.15428242279233,38.76999423988657,73.03222728543932,52.1640482339974
GRD,2018,22.01988395521156,40.73678531714138,76.90626398991616,52.72781536644452
GRD,2019,21.88590875764639,41.58322663952814,77.18179348738406,51.12452348759771
GRD,2020,19.55968965292417,39.11937930584835,94.5899666691514,61.11251912353002
GRD,2021,20.49887795615398,37.76109097186259,89.20541217462484,58.54398025474128
GRD,2022,20.37031080805807,39.66849999463939,88.19332607425407,54.4901516374574
GRD,2023,17.0493899515158,37.29554051894081,82.7629201856733,53.30474206915041
GRD,2024,15.88629648065579,43.42254371379248,84.46330138758383,55.38918834689857
GTM,2010,33.63043053084289,,32.04627562010622,24.68328640346379
GTM,2011,34.45024898986358,26.52393570227577,31.76754368939023,25.51640155194863
GTM,2012,35.01103366678551,30.20517792958383,33.11573414175776,28.65157673038425
GTM,2013,35.31469647715105,32.44459747017411,34.37153646955658,30.25817926338146
GTM,2014,35.1323048824701,34.45473884127105,34.76883310543409,30.80161744584199
GTM,2015,35.09227278787233,35.2596601721018,35.61580841593538,32.96818457708774
GTM,2016,34.11233062000647,36.66260604016435,35.89216105539235,33.26067989558259
GTM,2017,33.35890974266944,36.99178093245064,36.79387825513014,32.83352162089402
GTM,2018,27.04958476882357,35.98105143777475,38.49948865995003,33.45328054946242
GTM,2019,24.99877766931417,36.12220955708525,38.8822276312002,32.638329876941
GTM,2020,23.76903633485811,35.29236262828622,45.38787275228312,34.4311004724617
GTM,2021,23.49239332652545,36.08581475817864,44.96667739548118,34.89504449798961
GTM,2022,22.75770982995669,35.66457050922229,45.10091941327692,36.60002446708406
GTM,2023,22.26843208693258,35.39859558470407,42.80507897949348,38.14421824697287
GTM,2024,21.93873986037973,33.58699587745431,43.4094506526353,40.1108027634984
GTM,2025,21.62177091225564,32.70031015255024,,
GUY,2010,6.69387530097829,14.56902271389393,35.5696328366811,12.36209296492165
GUY,2011,7.441918761664718,15.27551745815389,34.45968286740344,13.28666507010223
GUY,2012,7.776578888532462,16.33081566591817,32.16142657513016,13.11429040028064
GUY,2013,8.279197649478025,16.17331633851521,33.3984657426282,14.35398899723211
GUY,2014,8.5823976930515,16.59263553989957,33.58484732201846,15.59574853342064
GUY,2015,8.694337340288802,17.19966734709307,33.60392847412333,15.39775405826145
GUY,2016,8.62199846678375,19.49321392490239,33.62122857108905,14.85607215043692
GUY,2017,8.556213391961997,20.8325195630379,30.05664692808264,14.35871036947802
GUY,2018,8.24403785805559,20.78931285944453,31.28402609809324,14.62093368413257
GUY,2019,8.050571590582932,20.65146625410404,33.73349939844785,14.78975854788381
GUY,2020,8.076650928902646,20.71836542631548,35.32684427971952,14.23450857632256
GUY,2021,7.994466438882304,20.50754434321982,27.44191357170745,11.16162893492469
GUY,2022,7.930337160008344,21.20503197132666,17.68437222341171,7.13809449979365
GUY,2023,8.047394014108622,21.74508595301692,18.63835251209517,6.959208575231625
GUY,2024,7.983191136279867,23.27015288660302,15.5855129108798,5.652160254478725
HKG,2010,23.92471387258719,47.03842049525618,385.2760021212251,234.7587360921269
HKG,2011,23.88398510627411,49.72488504328391,391.211385524418,259.5332870664744
HKG,2012,23.35576595274028,49.08669454474228,406.2740530833913,270.1861963742827
HKG,2013,22.95457909957195,50.44962439466363,427.9859751532172,298.5688911544424
HKG,2014,22.70762176394872,50.07883504109986,444.1856393238068,318.3451039710089
HKG,2015,22.26422518868388,49.61387228676074,446.9664770168621,311.0611660856947
HKG,2016,21.53000070072606,50.82189006609156,469.3420353264557,319.3612660092074
HKG,2017,21.05813375386391,50.46611575000065,477.8739249837664,347.8425047121553
HKG,2018,21.10897863045979,51.59635323045526,470.4991499698987,340.3271813189468
HKG,2019,20.78013533420507,52.66507868915114,482.9351841918973,362.3831335223418
HKG,2020,19.91756958644376,51.2252167881307,541.1862235606416,390.0229635850008
HKG,2021,19.40367161766241,50.06420354830801,528.4375249348582,377.571388259234
HKG,2022,18.74840993772686,48.89560863954845,548.7616701359111,374.0162494851314
HKG,2023,17.92026551711482,46.0637007488026,542.7069706940395,339.1352262089542
HKG,2024,17.5540704726129,46.03859430211506,545.8662619968001,309.5205301994685
HKG,2025,17.23250696102584,46.09212388195004,,
HND,2010,19.12734527116438,16.30939127561443,42.12580898273758,46.88069449483972
HND,2011,19.38985951522731,21.41119622144792,41.81646202708999,47.77141435034287
HND,2012,21.26435570999704,21.88176655042394,41.57621189068226,51.69605488850569
HND,2013,21.57722840853661,22.9698763205255,43.3586361218972,55.97692776379895
HND,2014,21.41769015604611,22.73596524958372,44.63761694159227,56.48089577474058
HND,2015,19.39333135519136,23.35183295256318,43.05116055687859,55.80655861630168
HND,2016,19.59429463287696,23.91085953962461,45.55233793789607,49.32773240511258
HND,2017,19.50294541660336,23.79673904461362,55.35798205126766,49.40530179935886
HND,2018,18.93126282091439,24.3533235317588,56.33541500662194,53.03019780487546
HND,2019,18.42312391685767,25.44003497109033,58.85341252519157,54.87967318294041
HND,2020,16.12974434136659,24.91586524276139,74.71320032792038,59.48470558538768
HND,2021,15.54078366004116,25.14159776349463,70.56382980139887,57.72795485498926
HND,2022,15.53002224902022,25.43302298359723,68.55617689003437,59.7776385812016
HND,2023,15.80590296700351,25.73053971372664,70.25059260030365,65.09253537836643
HND,2024,15.99043077235245,27.53389744981255,70.72661840406408,68.92772497658537
HND,2025,16.02566608140413,27.86902418546621,,
HRV,2010,36.11374345060497,104.2736245445931,58.79669336713252,68.71431397397915
HRV,2011,35.78841886765443,109.4299730760972,59.73078262971054,70.42459214860185
HRV,2012,35.52130201717939,112.6911236489071,61.61953412742186,66.03172203525205
HRV,2013,34.71130562750111,114.3088762797021,64.35000157693229,64.54619892860958
HRV,2014,34.1244742515077,117.8033771789579,66.09728197236606,63.40769139992534
HRV,2015,33.93862384663692,124.6391023727697,68.71482466746824,59.95162839080266
HRV,2016,33.32235890375425,129.7263091283025,68.35532899601021,55.38780478398663
HRV,2017,32.96122103655799,143.1119447641767,66.93459340275052,52.89863804110604
HRV,2018,30.8121646426009,151.0676415048661,67.52196753817474,51.82846083964628
HRV,2019,29.18219346994353,161.3464219668147,67.36048146289573,51.21860321010436
HRV,2020,27.9823946837631,146.2132383902926,79.41858865795918,57.32111335689669
HRV,2021,26.94823710353723,141.2750038992142,77.28104341557047,51.02818892980205
HRV,2022,26.29947077232981,126.6248397139562,77.1767142857385,49.29370972156824
HRV,2023,24.71347158795672,129.0592405148851,69.67091509643942,46.29824009276224
HRV,2024,24.15874821626407,119.5016687264704,65.99277412720598,46.26359032308796
HTI,2010,2.511993971214469,,24.94595442447251,6.463983237983692
HTI,2011,2.67286099581996,,25.86200955835871,7.646205802012264
HTI,2012,2.770038768231472,,25.76139169561122,9.098365364104644
HTI,2013,2.757566090797459,,22.66235692129585,9.67287183227956
HTI,2014,2.745738827389424,1.107152752979606,23.32086509366782,10.0919363098205
HTI,2015,2.734248018863707,1.316489786860304,24.92561971914138,9.395800890672476
HTI,2016,2.667055186620803,2.057037245000087,26.16000565766711,9.412475939574596
HTI,2017,2.700936069260911,2.297187893959022,24.67931212653079,8.831600657254935
HTI,2018,2.733957377331092,2.146156541204907,24.85409484461645,9.496656924395683
HTI,2019,2.765855062750001,3.866826495495147,26.08477382699788,10.0281376067544
HTI,2020,2.665525856788421,,20.24989067572219,7.42263020071308
HUN,2010,16.75279683195116,56.58904850092949,36.70065290504023,54.58923232431948
HUN,2011,16.4097411416156,57.59842616731597,37.76959604793881,52.47754757999498
HUN,2012,16.05328653914244,56.39866085888147,36.84396733836824,44.7465923702156
HUN,2013,15.42597291066562,57.18146520223711,34.80134184287665,41.14744243086721
HUN,2014,15.55134327105385,58.02030211218867,33.23529945529213,38.37356036247246
HUN,2015,15.20658939475268,57.54393051185452,34.11875712381701,31.37934132511886
HUN,2016,14.8139873764692,59.86720626655637,35.20655350223929,29.42760297304337
HUN,2017,14.76016535715811,61.43452687775588,36.2107192848848,28.61613718046184
HUN,2018,14.3219876990039,61.08544753438784,37.60210530850037,28.84239597190696
HUN,2019,23.63517145276877,61.50214430636204,39.17616734235123,30.87432407110765
HUN,2020,23.45499593834023,60.56181613800542,47.64675828501616,34.55339806872169
HUN,2021,22.62960095214471,59.78249574844245,49.27347882969088,33.94444648245715
HUN,2022,17.520605291832,57.72783579464535,42.50877748491586,31.3582012112388
HUN,2023,16.23852788235699,59.26087390100398,37.16468875377459,28.46273429979457
HUN,2024,15.69904934620484,62.79619738481937,37.3959326780982,28.13086221080228
IDN,2010,7.862876392608971,12.64233811560396,34.0731150886337,25.72567985314854
IDN,2011,14.29013525718952,15.9822567610972,35.55936155069776,28.09207350972187
IDN,2012,16.41869880580493,34.77116153881277,37.43394138243263,31.42937408992579
IDN,2013,17.19632942850186,40.95660328990576,38.38169026456658,34.49431911617834
IDN,2014,17.42307650478832,48.08234619578779,38.92653468777412,34.76263429974722
IDN,2015,17.29415341926077,51.92691554676036,38.28673449526956,35.20551199097271
IDN,2016,16.95040944739426,53.3701027412795,39.000679937321,35.29503784592341
IDN,2017,16.49819090621001,54.32316244388923,38.92035729265667,34.86410943763341
IDN,2018,15.95291662904392,53.75686359101702,37.94420316989355,35.68278822817897
IDN,2019,15.51057909680811,52.95603771474495,37.88781676201345,35.47725139668419
IDN,2020,15.13212545524064,51.34678222530166,43.16025227111422,35.49462182783031
IDN,2021,15.76537104135492,47.99230818067497,44.05708945877578,33.97932453227424
IDN,2022,12.23035001070318,47.31503574167769,41.62445618711515,32.79259117936137
IDN,2023,11.55079726866023,45.47596403024595,40.48338116967688,33.93703391705001
IDN,2024,11.2296186853482,45.63705057461623,39.91042857372807,35.54537965994276
IDN,2025,10.96923600098266,45.78184502457133,,
IND,2010,9.996895747646548,7.242560514179934,59.74257545055518,43.81665393930423
IND,2011,10.44451380917268,8.803005285276608,61.69125136069723,46.65170615120995
IND,2012,11.10232531676153,10.91542088890101,61.12467002748388,48.30311815856983
IND,2013,11.75619437515474,12.76076195005389,62.42585049031826,49.18598112791004
IND,2014,12.7611941613764,17.62767712611363,63.80932578465122,50.38580830785469
IND,2015,13.43791455311242,19.50516035578758,64.78503795708208,49.94581362298657
IND,2016,14.10110353462896,20.99403896467033,62.36835314166689,48.87477902008034
IND,2017,14.3494268669433,21.76842642104085,62.78528012865973,46.33030993022837
IND,2018,14.28004310377412,21.38678122525114,60.50079676311809,46.38690824707521
IND,2019,14.40204117513965,20.67220448539766,64.15148258843321,49.23297342613926
IND,2020,14.54690227247736,21.20303229293632,70.65942035347862,52.98055124382369
IND,2021,14.39315725718604,21.16854094645052,66.52905023434785,46.94606058294558
IND,2022,14.26709129239177,24.56163942322872,64.23608663738491,45.58770447634422
IND,2023,14.4058133124175,24.84765260437983,63.19313075474655,47.13350082462016
IND,2024,14.62037401589779,24.4668640479183,65.3543265457211,51.14072515765235
IRL,2010,28.0950474072662,90.7322747623384,69.10048612687075,129.5265339273557
IRL,2011,27.0964263533846,88.61864028688898,63.56788556926981,111.6022609297497
IRL,2012,24.47977026677134,84.76535835586775,63.12933169016473,108.0285368638846
IRL,2013,22.78469155258249,84.63672605747693,61.94832771994563,100.2178030819955
IRL,2014,21.72527069823927,98.40591167843976,59.41818254248851,76.50371727774763
IRL,2015,21.705078528866,91.41541168695493,45.82929728777739,49.71894446401315
IRL,2016,21.41000885958949,89.82084562611361,46.85633186824327,45.75135949255266
IRL,2017,20.49047166864759,88.46014367436605,44.11617896824882,41.06941437294992
IRL,2018,20.13300138768386,77.59701557861783,42.33902516230373,38.0734383305561
IRL,2019,19.54234060178795,72.10972191047335,43.12889255516601,34.50938337801609
IRL,2020,18.8243708550064,58.83236748748043,47.3315437224952,30.92154492603465
IRL,2021,15.66473370684695,43.82221454438805,44.885879207599,25.23746875118261
IRL,2022,13.14712056624077,33.20124287923846,40.62149669057235,24.32755655205246
IRL,2023,,30.5007710110994,42.50654963604418,24.62898468875502
IRL,2024,,30.14657488354431,42.82267679456513,23.59629126956157
IRN,2010,24.88095541789005,28.90658501218622,35.22840470447298,28.39293495734319
IRN,2011,28.00428393994417,34.31564751595179,34.54669953596288,27.93209976798144
IRN,2012,28.09780150057697,43.72484294297851,36.4465351533004,29.58808076422608
IRN,2013,27.79672616048089,48.9215246407017,35.63040767563777,25.61187076745376
IRN,2014,30.57169698150351,54.10563968748718,44.67499059749042,30.42195623281732
IRN,2015,29.65693005247829,63.94726040425681,55.44790145977863,36.28226049641892
IRN,2016,29.94545991581152,68.74637439722495,61.08380852601296,36.05412546641338
IRN,2017,26.99772001395536,73.21064613286327,65.4339536691782,39.41345155217801
IRN,2018,29.33304045088585,83.63306748712846,61.39481393481346,36.40483725234915
IRQ,2010,5.016071163083821,2.110587319986089,23.60897330144633,5.304874000973396
IRQ,2011,4.85499501940837,2.068650051747914,21.53881518049414,5.553177026272793
IRQ,2012,5.243571441798974,2.063209492454491,18.96537710173844,7.799159299646107
IRQ,2013,5.113761073591044,1.019879315238663,20.58925060097366,8.280667275385445
IRQ,2014,5.008430474000256,1.534321387159232,21.50819823558826,9.088893816398574
IRQ,2015,4.68409716416095,1.795049628210393,24.64760957121245,12.12624743458975
IRQ,2016,3.917208858114964,2.303474976366607,24.94786986354791,12.46994523228506
IRQ,2017,3.846444860074181,2.766741039702481,23.92572057554047,11.47606390309722
IRQ,2018,4.249082005890914,3.540901671575762,20.56920687428134,8.093657835065715
IRQ,2019,3.814997422492366,4.029591027507562,33.60249576252327,15.03176485517039
IRQ,2020,3.729160420837684,5.172955449195131,44.39162206003015,22.91383351911572
IRQ,2021,3.666031571054214,5.870148711933435,35.75442862523876,17.33403885393272
IRQ,2022,3.439283128331215,8.081951790993964,34.56685317901846,14.50275911468853
IRQ,2023,3.219838890970401,14.18069242123985,41.70036851179309,19.43239363072837
IRQ,2024,3.32543084021685,,38.5378202551505,20.28300173417004
ISL,2010,57.65957785235967,81.51871351540505,59.10272951831059,154.4062409049196
ISL,2011,52.26625698368263,76.0236465217202,55.02911424907363,128.9545394664497
ISL,2012,47.18576248260025,73.92436122274039,50.98551879088719,112.0673451612271
ISL,2013,43.17403023737938,76.23522456330052,48.6091528764015,101.1314109017205
ISL,2014,40.31437533835279,78.70901851773641,48.25266462283594,93.8006165949788
ISL,2015,36.36170809123759,73.48095176770929,45.5922313526463,86.96557474364388
ISL,2016,35.35186267103789,88.56571911270547,45.36161025765349,84.1862741706395
ISL,2017,34.38901578636819,88.32547212498778,46.85408980843382,87.48801566966029
ISL,2018,31.21996393918772,85.59181124900903,47.47140123977868,91.11015599732563
ISL,2019,30.0839273199665,77.26099516264124,47.63441017031823,88.047759237203
ISL,2020,27.86796627640322,72.5238640446156,55.35180241112999,100.8854006840172
ISL,2021,26.39018549001626,69.9339915485431,56.05863410077838,99.99594754550508
ISL,2022,25.33699811095039,68.31367845104347,52.17235971241498,93.87131744755092
ISL,2023,23.26836804973846,57.0850629486917,52.23249687441514,88.47987740777465
ISL,2024,20.43656100764267,64.6155973035761,55.4529652515865,89.84038432878496
ISR,2010,21.76227834117898,122.1055031611758,94.71615068503851,79.26980016604288
ISR,2011,22.07151457131677,123.5861610708605,97.19353588010983,78.98869050577622
ISR,2012,22.02436260403961,123.8078786000246,96.27100333928252,76.3299573193649
ISR,2013,21.63282563579687,123.93950342298,92.63158617454908,72.98200024402985
ISR,2014,20.97626273879788,123.8396497828948,93.97913075263972,72.48474642737685
ISR,2015,20.17192533627082,102.0569709717181,95.4867063815032,73.16595811990159
ISR,2016,18.95101407496056,111.5533014395269,97.44665685190591,71.94702381682205
ISR,2017,17.96257673883101,121.8991961946849,97.13485090674608,71.72408321882268
ISR,2018,17.42042542529123,128.8735162650482,95.27671166557744,73.02092192307322
ISR,2019,16.81108474369473,133.5974138589415,94.07999282904402,72.14723461651035
ISR,2020,16.1949497994254,133.7063499734683,110.8786841805636,76.32188291836364
ISR,2021,15.23837392777899,131.7697290664504,115.2817242233575,78.00777533551916
ISR,2022,14.43441233464011,128.2575794794829,110.8686066519611,80.13083112107603
ISR,2023,13.9846662412822,132.9034229048635,108.2562409063589,79.83265304601376
ISR,2024,13.70396758095774,129.3131172036304,109.7625767972802,81.71075554568522
ISR,2025,13.60359872828731,126.2300033541076,,
ITA,2010,57.88446458445426,99.05854805709588,51.763410847347,81.65826505738147
ITA,2011,57.34132460765198,100.4495091804238,50.09328076787087,78.79214076345421
ITA,2012,55.8364059160133,98.20278342735767,54.60166244207388,81.3786400751057
ITA,2013,53.21702081760328,92.30588470961678,55.36625172242364,78.52845499370244
ITA,2014,51.19677955096123,93.15536071759524,56.72987462328914,77.25222664392648
ITA,2015,50.22894517137179,97.04272227106712,58.97576953461778,76.64671810725567
ITA,2016,48.00575322406539,94.83960186186968,60.92074638561849,74.10303274880694
ITA,2017,44.96728556851095,93.11160761740584,62.21970382242645,69.99725995044982
ITA,2018,41.01841063975157,91.33976845930016,62.59180174423314,65.91117731236893
ITA,2019,39.09333792851854,90.8757931757034,65.16051501384648,62.55390595033003
ITA,2020,37.63371548602303,90.3151273640728,78.98782823846281,70.08167002292797
ITA,2021,34.3656364381177,88.19378023394178,76.55363046110544,64.16594346724327
ITA,2022,33.07415317982645,90.32531891800558,70.45581940991114,59.04281727585392
ITA,2023,31.40323693360241,88.40987483236236,56.89735013425505,53.54001213292165
ITA,2024,30.32639754645763,85.71858919466665,56.06453116781872,51.09477730169179
JAM,2010,6.27530354290689,25.54945013897805,32.88519925744721,21.80303266885269
JAM,2011,6.133536410634865,26.79128704165309,32.24961977201635,21.44292389072969
JAM,2012,6.044808959857633,27.3225364985565,33.84723675449444,23.39800247312851
JAM,2013,5.723918250999539,27.95180079238108,34.03905883404465,25.28573503452283
JAM,2014,5.181696176426391,30.52490111203911,33.96173429846106,24.6995433564887
JAM,2015,5.264099401103877,31.16533185255304,35.39550165484007,24.93075459863576
JAM,2016,5.211542505894116,32.5144908553571,37.90491063189426,28.13123411746334
JAM,2017,7.949688522979854,34.03745948057466,47.12433202728196,32.44827704119998
JAM,2018,8.105738681852927,34.77769445621814,48.20442441513162,35.35995286227507
JAM,2019,8.128343398707369,36.46527535773693,50.88833092545463,39.92801311389653
JAM,2020,7.738364990213637,40.07049917346257,63.8202623075171,47.20565806170841
JAM,2021,7.537080452383503,39.97737994334407,64.39978712516724,45.52668296671054
JAM,2022,7.095168102927239,41.16949393056546,58.43755048594208,43.68419051903075
JAM,2023,7.010918743887219,38.58182613095699,56.7887679546442,42.79080480422512
JAM,2024,6.931865395304788,38.99174284858943,58.04497347408328,43.01991535897722
JOR,2010,16.25109678844926,23.95912688573745,116.8180638463535,74.39916947832857
JOR,2011,16.50170832069619,24.81475484908711,116.3239457784626,75.06386510925645
JOR,2012,16.72549005279896,25.65657697419647,111.1727500763561,78.86720443943022
JOR,2013,16.25260310605304,25.74289380864193,112.7964468281237,76.9581382229644
JOR,2014,15.21113581026573,24.89730734921656,115.6685140145013,73.24028938342616
JOR,2015,14.36771680105196,22.99798964463686,118.9847423731028,76.61481509330108
JOR,2016,13.96714701352358,25.11341826558225,116.1535688650957,80.47074341602848
JOR,2017,13.62767126082799,25.98006534164379,112.3756008394828,83.3525150632997
JOR,2018,13.72665981198802,27.78495111103037,109.919943676096,83.91755094936174
JOR,2019,13.56738143077728,24.6347691817633,111.7347962505467,83.83037198936358
JOR,2020,13.22475240591137,28.69702750049576,118.5701936909048,91.0163256806029
JOR,2021,12.92466098828079,29.33777752769012,120.2364205433243,90.14537161882603
JOR,2022,12.54106972195979,29.27987795792276,121.8932657015376,93.1973247961797
JOR,2023,12.08819731802179,30.20142673777052,120.5971854407791,91.00477988753012
JOR,2024,11.81054684330051,30.36284347030322,123.2797044993522,90.82864573818668
JOR,2025,11.53959741975596,,,
JPN,2010,33.82460842249425,130.9521693519466,121.0484192252655,86.88528449118608
JPN,2011,33.89428724554092,128.5547073553526,126.5598081411361,88.98090055462971
JPN,2012,33.93179186308193,127.8426653794393,128.8611050390969,89.846517685413
JPN,2013,33.88245407556971,128.2114445701099,131.8593687524646,91.85141515461156
JPN,2014,33.85473293409545,127.3560885407976,132.7909522367582,94.23256364407008
JPN,2015,34.08340283033746,127.4364425937419,132.9518445357566,94.2685236056416
JPN,2016,33.99941089808252,127.4040192879484,135.776114023579,95.0063982852669
JPN,2017,33.86786816355777,127.172353473842,141.7304406470755,97.4906748295433
JPN,2018,33.8584695786116,126.801874479418,145.4657410729316,99.76224785544296
JPN,2019,33.74158482270281,123.4635262830717,147.226358187302,100.7785293314757
JPN,2020,33.71891905109001,120.9806411936088,156.3372551010746,109.2591422415542
JPN,2021,33.79707796175946,116.6084679759863,168.3353936575284,108.9853097709632
JPN,2022,33.75481255656178,113.0691467430428,171.3807462848214,110.5131941499218
JPN,2023,33.74288382478083,109.829582665584,167.3619158237071,110.3904546702426
JPN,2024,33.70662017911495,107.0389430454934,166.5861983753413,112.5603553206704
JPN,2025,33.78376866624222,106.2452676217572,,
KAZ,2010,3.215282844213736,60.52531195605313,28.61611131196203,41.50002476677495
KAZ,2011,3.281998977215511,63.98320121446585,25.58194770940663,37.00002473882692
KAZ,2012,3.24820912142518,67.71928992426663,25.09331415283745,37.54933738751922
KAZ,2013,3.230866204549246,69.62672000909613,25.12513254675647,36.18601444514122
KAZ,2014,3.336984492732502,70.94752711338434,24.89119702414314,34.74386436952691
KAZ,2015,2.91293044472573,69.92562164688066,33.8921682993212,33.40904381880756
KAZ,2016,2.894743343113322,72.45194006153527,33.15012925593689,29.21247953477826
KAZ,2017,2.738165442656702,72.75268072023204,27.99747274942773,25.30832666438122
KAZ,2018,14.74975388017576,81.73945598485732,25.17492427474706,22.3078891242406
KAZ,2019,14.23421673967356,82.97793014394966,23.77799656843111,20.68119853288443
KAZ,2020,13.56653661112266,92.29015392109524,27.55751542275179,21.44196179868449
KAZ,2021,12.63398379316294,89.3716090610156,28.415337535616,22.44934192824822
KAZ,2022,12.18521815299612,87.88535397775027,26.78190073380687,22.32097686787281
KAZ,2023,,,25.61864413006005,23.67822171161973
KAZ,2024,,,27.91946042536834,25.35766666084819
KEN,2010,4.716247361289451,8.916521909996602,26.38042285036215,21.9052544445456
KEN,2011,4.985893971615959,9.1160001719844,27.83966500628807,24.86333880000326
KEN,2012,5.272370245965895,9.54639814117475,28.43351369983101,24.35794830842711
KEN,2013,5.385984959374507,9.671440140046498,28.8099657083437,29.45842951932585
KEN,2014,5.606353968438415,9.85827921906432,38.17889720162762,32.70126500541033
KEN,2015,5.73377573965524,9.951725709056795,36.10989835912842,33.80821771594775
KEN,2016,5.527463143792265,9.435052769866488,33.97701310101447,32.46697835096346
KEN,2017,5.375604884770808,9.734669102229187,35.674685403581,30.29752306127616
KEN,2018,5.177802666314166,9.475914052757126,34.89697301657538,33.49913889268189
KEN,2019,4.97258291221738,7.98666321433216,35.1495934741557,26.2842446518906
KEN,2020,4.860556592712609,7.60782771033278,37.43963672506361,27.19800068862598
KEN,2021,4.590864767527863,7.02420697408135,37.92619879075418,27.06618293729904
KEN,2022,4.506237776011528,6.848648033423069,37.05551183889569,26.91139018113523
KEN,2023,4.477680582257939,6.592301347556527,37.03090350295738,25.16230105557653
KEN,2024,4.519533474172956,6.421609014513902,34.73648011224543,22.14818902871388
KGZ,2010,6.110486512740102,7.343073920889393,15.45816068753678,11.97174542915007
KGZ,2011,7.150794450672602,11.917990751121,13.52334127419542,10.91547625416493
KGZ,2012,7.6913052477188,15.58703056846667,16.3143355682828,12.91757834541872
KGZ,2013,7.81693394213257,20.56029570631654,18.95163763674841,15.18783850981917
KGZ,2014,7.832798174488552,24.65972422126049,20.59792642265669,19.65497961037602
KGZ,2015,8.205558464725446,30.00612503668831,23.89784403006206,21.82481525639656
KGZ,2016,8.317486812970227,30.98204256980314,22.48002149927403,19.62898943004363
KGZ,2017,8.04267668696897,33.03576208920684,22.92224383137974,20.42034368387637
KGZ,2018,7.934487732502276,36.3014279784714,23.37924202870603,22.45965895519662
KGZ,2019,7.813203638656219,38.54814014230388,23.08104284894296,22.39069842719252
KGZ,2020,7.41933412029952,41.10532575306241,28.2837039459512,25.41082948797274
KGZ,2021,7.298769122502759,41.61387768352319,31.0334912639555,23.2205732790891
KGZ,2022,7.288143707660373,43.62199796872382,33.20690485284713,19.98847979357128
KGZ,2023,7.175517552508366,47.27892031681897,32.34098342929603,19.32788122704071
KGZ,2024,6.648853195571823,51.73830686646505,38.89204520364411,22.36886992218867
KHM,2010,4.061649850437237,5.177828435290218,28.1335693382999,21.77945902183051
KHM,2011,4.213257089209202,5.940995607805781,30.4410594127691,25.61173936305399
KHM,2012,4.436240480278485,7.090062910445079,34.39119538811222,32.12255916039598
KHM,2013,4.735359062247219,8.410853365182431,35.29789983255548,32.50464362724331
KHM,2014,5.6680060556862,10.86766085213357,41.14972144959302,40.00804940292241
KHM,2015,6.112007904612808,13.3147741429719,43.34680586447575,46.04085962140837
KHM,2016,7.245015697534011,14.49928428867918,51.67142012171061,50.82375241463481
KHM,2017,7.533615456756182,16.76161117343576,58.59563068115285,54.50193643724204
KHM,2018,7.861097635371063,19.50916239645741,66.02746940506847,59.39677948854492
KHM,2019,8.331302780746793,23.35945339585845,69.50154344236996,66.92361961937137
KHM,2020,11.62431195350553,26.3975979660577,85.08644929063311,86.96026330963683
KHM,2021,12.37510421812321,31.59311338216875,94.78123712301915,103.0329405814467
KHM,2022,12.50518367448271,37.81647790331537,94.49551885804637,111.9845286081442
KHM,2023,14.19837136714878,46.18371345797845,105.824489924493,118.7878685575381
KHM,2024,14.08308877021446,47.61117625526632,113.6036450951664,112.6552048349692
KIR,2011,5.681011219997159,9.941769634995028,16.47228672837127,11.7461431740001
KIR,2012,5.571185826903256,9.7495751970807,18.53469966571833,9.034009193429734
KIR,2013,5.468141242088283,13.67035310522071,22.28018223455376,13.24646012957124
KNA,2010,66.7631022588183,77.89028596862134,85.08622709587121,82.5637529248217
KNA,2011,55.16176186667402,85.50073089334472,87.8990221134468,61.99660390323603
KNA,2012,57.42254792048344,87.50102540264145,89.00630454780014,62.76794328150591
KNA,2013,56.98778833107191,111.2618724559023,93.30712928038336,56.33414189134843
KNA,2014,51.17155938594129,105.0363587395637,93.25133278415892,44.52917359610811
KNA,2015,50.83884087442806,107.0291386830064,131.7435438991637,55.1704147461871
KNA,2016,47.91949524798339,103.8255730372973,124.3996132111198,52.65351143269984
KNA,2017,42.4358158285593,103.4373010821133,114.5539582443886,50.43988269794721
KNA,2018,42.31908590774439,105.797714769361,108.3342452930832,52.44649549354229
KNA,2019,42.23641835172377,113.5103743202576,107.8937491218797,52.93021202004456
KNA,2020,42.17852058839036,118.6270891548479,127.6980801622351,66.40832795622335
KNA,2021,36.87704140764935,118.5333473817301,138.6298403550924,73.99629896431391
KNA,2022,36.81207436039021,118.3245247298257,127.4061648539923,68.16839380193672
KNA,2023,34.04478198245384,117.8473222469556,115.3514663241834,66.13267447242389
KNA,2024,33.92218772016805,125.251154659082,111.5963679024657,68.8975375634522
KNA,2025,39.14609321989665,125.2674983036693,,
KOR,2010,18.24157580955621,266.2864592575201,63.35018581906169,71.56046256354477
KOR,2011,18.25902068867376,281.8210165085518,65.42988398880362,73.39571552939898
KOR,2012,18.32745044800434,288.6825938310032,65.81312857049909,73.09103014400262
KOR,2013,18.02701123864947,288.6831358913193,64.27276797220718,73.50768945001715
KOR,2014,17.19992639561475,280.8601681123424,65.94771584087933,76.29630131448275
KOR,2015,16.7479911048346,275.8235929187093,66.8510710166041,77.36870223394624
KOR,2016,16.21092938425419,271.1150622653821,67.7007997429388,77.69386858291465
KOR,2017,15.3995066248767,271.9355899519652,67.49744175200321,77.7741151160674
KOR,2018,15.2351489722182,266.2797560670538,69.50697333189967,79.73596178048292
KOR,2019,15.02406364486254,263.3225200656824,74.26853539677143,83.24108814770285
KOR,2020,14.285571292025,258.1917258884229,82.47974973215499,91.99645017315316
KOR,2021,13.5740244244837,256.8552327448044,84.11777148790254,92.29441476781494
KOR,2022,12.89363376941866,252.6339539754512,84.25979809203233,93.2041631280738
KOR,2023,12.70001381427875,244.4692927697455,83.0028651634061,94.38942217552685
KOR,2024,12.39360106450143,,82.38204648371494,93.71844573699472
KOS,2010,24.15138179296442,32.22772811601361,48.05259240883156,36.1944926817167
KOS,2011,23.99919128127129,35.49719610734661,46.18187405342523,37.27035272942777
KOS,2012,23.53791578589304,36.67359136963336,47.50588872907677,36.74983845079524
KOS,2013,22.33717287847454,37.17865016014554,48.29136513320056,35.61217044939167
KOS,2014,20.72374499768448,37.25785201749772,47.64229779722447,35.22938536365514
KOS,2015,20.76248920350561,40.76997879961102,47.59974622867616,35.47511631185676
KOS,2016,20.47941404782395,39.30240490060331,48.00159011478641,36.93704139267553
KOS,2017,17.57792449025865,37.8146947017329,48.69031699834815,41.78400062927712
KOS,2018,16.91724114798065,36.97000543976806,50.43843213670089,41.29506108071648
KOS,2019,16.51143253043159,36.15058135517401,55.3839176894079,42.96930359116805
KOS,2020,16.74389064507282,37.02420646949292,62.96886998641385,47.38909563470967
KOS,2021,15.0996143127087,37.10190945408423,61.59619817371863,46.94358480383865
KOS,2022,14.67218861351431,38.5958065005746,62.42629361007116,48.88266898934856
KOS,2023,17.14040635599491,44.02139605966976,63.31573551243861,50.76177845323457
KOS,2024,19.6531305042184,52.43587340411213,67.18406971338577,56.41209566879226
KWT,2010,15.92781039816879,50.82780492712034,57.7453739672482,67.60655519648358
KWT,2011,16.0167463523816,50.97360407261803,48.98204015384073,54.648059936723
KWT,2012,14.76337652261738,54.90130644348337,46.59477609795945,51.18816473804549
KWT,2013,14.61735599072236,53.90150021578872,51.35223780272999,55.37109098197691
KWT,2014,14.64142145488905,57.02816184815972,56.19315112887545,63.38554607324187
KWT,2015,14.14105906526933,56.96445491386794,76.27932341841367,92.86897395955712
KWT,2016,13.76300675820978,63.43089457313812,79.3083210813231,99.29876148815032
KWT,2017,13.1951809117472,64.38391057402406,73.25747187972883,93.08779424538248
KWT,2018,12.71883204782281,69.68982168138857,67.11795743949017,85.50081093798892
KWT,2019,12.04781619124203,76.00921771597272,69.28465869764484,87.09804141646558
KWT,2020,11.65204197025437,61.6098140540231,97.68400096454134,114.0549082803522
KWT,2021,12.19570986492319,63.9055196921975,76.77237353651157,92.17522112827338
KWT,2022,11.38171298556356,62.54547965289551,74.19428137265518,83.22969127507247
KWT,2023,10.75800661478186,58.80199850856059,87.68744643322323,94.85619743993064
KWT,2024,10.23710125242195,58.95072209016639,93.7677932355147,101.6186174405364
KWT,2025,10.12314403805701,58.85956768662354,,
LAO,2010,2.502835514393411,8.57407017802099,27.88495545381883,20.59568789409845
LAO,2011,2.511578618931217,10.67420913045767,31.11541474791336,26.55201883832956
LAO,2012,2.66318676928813,12.70316520925931,36.36676973902152,31.32709685873566
LAO,2013,2.693787504371649,17.59020216529863,37.5954108024193,37.73859123681682
LAO,2014,2.835972100336693,19.46917354596222,43.06808578255909,37.72612456771321
LAO,2015,2.862679467982031,22.63718840835022,46.14844260992617,41.18555870144018
LAO,2016,2.953510451977645,23.60652514536877,47.17926625942354,46.2142070874836
LAO,2017,3.040970103251494,25.36253537503503,48.353332022492,47.57666785884786
LAO,2018,3.125476065890831,25.35568331600178,48.33725587100052,45.30593719121349
LAO,2019,3.125428731701021,26.48496425240151,53.69137860264845,45.76164683903325
LAO,2020,3.144585243138137,26.98770626389439,61.14476412316528,46.6621020595014
LAO,2021,3.06488159113035,27.64249893656417,70.89857108574756,48.29771381635775
LAO,2022,2.968213686873755,27.46076404501267,82.9575126819355,59.147774193562
LAO,2023,2.818092151613358,28.66939082241323,86.96800263941206,59.26685120590629
LAO,2024,3.023901544715852,28.30298092157825,84.17912992929062,58.20424340275592
LAO,2025,2.896580315383285,29.29166843931347,,
LBN,2010,26.03846576831264,34.63708955722748,230.7751596093453,78.85923663595266
LBN,2011,26.62070123496674,35.22859265226138,236.5599601262668,85.71925735171955
LBN,2012,26.19349932002604,36.94417768267452,229.2579669957049,85.98060432522041
LBN,2013,24.40421252810528,35.53966012738483,229.2671704126104,88.05645404686439
LBN,2014,22.75573423334555,33.93250416377016,236.6619778560887,93.0805156738342
LBN,2015,22.73662328663303,35.54158969806097,239.083663146357,94.90938155258544
LBN,2016,23.76270638748423,38.52308549074071,250.7081651765682,98.5555615414543
LBN,2017,24.75450486434909,42.26487275762295,251.2494289218568,100.7879225773364
LBN,2018,26.00933018487589,46.02891205436848,246.7304005920663,94.35078962313167
LBN,2019,26.45172070238535,47.94823218721977,234.7982397568298,82.46606081746042
LBN,2020,25.28734848886797,45.60971228887254,171.4883297958847,49.41544383216725
LBN,2021,22.68147718011508,41.6430954829802,63.4828209242096,15.15386631822846
LBN,2022,19.79521988472871,36.21951464415941,22.83568921328944,4.066253160879039
LBN,2023,17.51335836727285,33.60863103679082,52.96803572324019,5.21927668664574
LBN,2024,15.89047194701683,32.94764521172946,236.8754642362813,17.51229515569444
LBN,2025,15.254934304993,32.89919566980419,,
LBR,2010,3.506590658788815,1.428611009136184,,
LBR,2011,3.5542271746291,1.363831357706515,,
LBR,2012,3.453149689276065,1.270124023641771,,
LBR,2013,3.616667470370549,1.555555901234645,,
LBR,2014,3.580770955223983,1.714198861543396,,
LBR,2015,2.943511773488199,1.937501420523878,,
LBR,2016,2.877354058052621,1.893954569857422,,
LBR,2017,2.922423901150794,2.672948690076945,,
LBR,2018,3.135794537167179,3.344847506311658,,
LBR,2019,3.061615001913509,3.639920057830506,,
LBR,2020,2.881957027701901,3.643853713186312,,
LBR,2021,3.091473811835514,3.799936560381153,,
LBR,2022,3.001909965215368,3.814927247461197,,
LBR,2023,3.00364442189857,3.822820173325453,,
LBY,2010,10.82558597601331,3.359664613245511,57.92446665465863,13.66046856477428
LBY,2011,11.28192717152078,3.525602241100243,99.17495527121332,21.68434619656924
LBY,2012,12.11893279685598,4.063267916294791,58.53813541175967,13.6178322127532
LBY,2013,12.26037150080108,3.97134444093745,87.20508185909048,19.02702059626479
LBY,2014,12.02084396266669,3.886438273644119,108.095401824914,27.34220356791099
LBY,2015,11.83056325023084,3.817742737410327,105.8972491789148,30.0387879148152
LBY,2016,11.73350804192396,3.751233054295391,120.1904427043556,27.04802280240128
LBY,2017,11.54842081761109,3.678385890053901,102.4925965651481,18.63849444261644
LBY,2018,11.41155012193608,8.501081375240455,89.47589659323232,15.71354873225443
LBY,2019,11.51039577500767,8.678961520192948,91.61497257726232,17.46535626840101
LBY,2020,11.48979591426077,8.77329425327092,157.0636995268348,26.12282516084759
LBY,2021,11.5096789885381,10.77921908703568,57.93734157709024,12.35129474366151
LBY,2022,11.6182633678286,16.11065853672233,46.77014873746109,11.03568546062493
LCA,2010,22.41182107638567,45.59646356919843,65.05359414268379,74.70200410532992
LCA,2011,22.06480967199519,47.17304136771386,62.69760901679323,72.1185172495935
LCA,2012,21.75054376359409,48.00120003000075,62.70460528350076,76.82602519289863
LCA,2013,21.46907712580879,47.38003227764699,61.57998644865266,75.82810362680623
LCA,2014,21.20735675893086,46.07115433836703,58.44932402113101,69.56041384183713
LCA,2015,20.23296817643148,45.52417839697084,65.01397685913588,72.11133628985449
LCA,2016,16.43608506745941,38.58906928881775,62.04367051928615,64.86515457715504
LCA,2017,16.27546579675481,44.58062370415449,59.81126483652772,59.51986182583564
LCA,2018,16.13129471174078,44.18572029737691,61.0421353494854,56.4917120172969
LCA,2019,17.38912692671526,44.51616493239107,60.52158582636511,54.34131846001275
LCA,2020,16.5680636765914,44.8718391241017,81.32776539280898,78.91499998751426
LCA,2021,14.42505838714109,44.6489902459129,75.64143916144774,63.55388330546529
LCA,2022,15.72370040197982,44.43654461429079,62.16349106908963,51.55837559820659
LCA,2023,14.94098311668908,45.50208494628037,67.23149336153075,51.13849798056901
LCA,2024,14.84260096341974,45.87713025057009,74.36296439191084,51.91836879688598
LKA,2010,13.85203343933532,,32.48165248722145,26.61052590798301
LKA,2011,15.46118102774154,,34.15668466922862,31.09158808856604
LKA,2012,16.24438115189645,,34.05489162060543,31.48945127155938
LKA,2013,17.4170005087086,,35.74461746822171,30.98531452057124
LKA,2014,17.68091936680784,,36.90505725495466,32.05359462242949
LKA,2015,17.8192583883019,,40.10531003449732,36.81450940088374
LKA,2016,17.89305472278002,,42.5304312410218,39.08164971067607
LKA,2017,17.71747819996573,,44.65343657146964,40.25220897837047
LKA,2018,17.61595613620854,,48.25330144723134,45.47233629091162
LKA,2019,17.62025932119528,,49.55531932170597,46.27235088899638
LKA,2020,17.49023308249915,,61.27544781488577,52.98083709626068
LKA,2021,17.24261556114102,,62.89986719561308,55.52598969928522
LKA,2022,17.19727661384982,,55.75279390131688,42.87305778434272
LKA,2023,17.25967351220504,,52.95873913248979,36.66742324999843
LKA,2024,17.3281096583173,,53.37482941070918,31.84725164903399
LKA,2025,17.34687246456087,,,
LSO,2010,3.394409013655786,7.26245649433331,32.74330594974803,10.23007072375911
LSO,2011,3.441546505852584,8.056347502336733,31.17385819071028,13.58498615654863
LSO,2012,3.406991456194607,9.214363256526324,30.38098309298144,17.35783683227946
LSO,2013,3.677648021501982,10.95632639739132,32.93400418919934,18.3846090111509
LSO,2014,3.638866735602975,11.44726827241769,29.52279172118411,17.84581215688293
LSO,2015,3.823799327011318,13.34580941584343,30.80784206718391,17.35741230239436
LSO,2016,3.924731063357748,15.10651201745246,28.35497163903747,18.16485331999296
LSO,2017,3.868918133692291,14.818686436595,35.12099157028765,19.38859005086637
LSO,2018,3.809838728807772,14.66428491842992,36.42636748236604,19.13440476922832
LSO,2019,3.823184783724561,14.23074336164142,37.17641794608332,20.56137622245573
LSO,2020,3.83437454031078,14.0826119480505,43.02734759018865,20.43466425702601
LSO,2021,3.70752056815693,13.93753102473809,42.55338298907258,20.60856456688652
LSO,2022,3.650651573701247,14.06176902462703,41.32772647180781,20.47647652134781
LSO,2023,3.589895640404142,14.2931030127202,61.03532638161789,23.56579606375983
LSO,2024,3.528118121394704,13.78579488174597,63.22114808042894,22.69878332408177
LSO,2025,3.852619331673282,14.3189018493857,,
LTU,2010,29.10706580663573,59.6182534318445,39.16669559431861,58.03758063582979
LTU,2011,19.03888158397291,50.60232274355324,35.70389794472006,48.36372656401005
LTU,2012,19.30414823388624,51.90932543380384,35.85356990295351,44.54111089050533
LTU,2013,18.08134389093903,49.89184824173768,35.74976703377365,41.45169068966605
LTU,2014,16.22253329804501,51.13884575280526,39.07639790955503,39.39422134220189
LTU,2015,14.52310702765505,48.91993946157492,40.08801331082813,40.16124156055038
LTU,2016,13.41135016016169,48.14226303693298,41.44355474486405,41.46573454318736
LTU,2017,13.56024137229643,46.55131641831029,40.88810467657549,39.7314966366122
LTU,2018,11.39874263100516,46.72231869631787,42.18330424640185,38.61018144152221
LTU,2019,10.01537926439344,44.92253795577309,43.11113367517896,37.18941970858506
LTU,2020,10.35392394854226,43.84698157965668,53.60529326899159,35.4788318989105
LTU,2021,11.07367221846342,42.53296829364359,52.10338797312774,35.52792488190005
LTU,2022,10.51753768230052,47.14184874201104,46.89404250398086,33.98924798140191
LTU,2023,10.18784921001208,46.52041988668166,44.4897599707331,32.62311407995556
LTU,2024,9.660941543997064,45.90976842966672,45.19536963943433,34.26859611109907
LTU,2025,9.515129257969733,46.07751955561512,,
LUX,2010,88.63528019528508,105.6436718003263,87.35609769838949,79.76815489669431
LUX,2011,85.90764461314714,105.9838876477413,82.274057205269,80.93249419885659
LUX,2012,82.89162317695204,100.605449499698,82.18095393504026,79.52307125220585
LUX,2013,81.73535907074206,97.9052268543848,86.96921845108383,80.17804700589804
LUX,2014,79.67129652620191,105.3647498774703,96.5104177728692,79.69292139799542
LUX,2015,77.00934422124827,108.5705508693008,86.10811489701231,88.23583734743934
LUX,2016,76.82116484712795,110.7128552208608,86.85596356390549,92.40499573014516
LUX,2017,71.82384551671154,115.6383919461261,90.11875782206268,97.53338559502689
LUX,2018,68.61345921615984,116.838919122375,93.53184900670172,102.2786551349483
LUX,2019,64.91498633520332,114.2734226906686,93.0930064888248,105.6941440358888
LUX,2020,59.84372669728702,107.9830021162403,94.02287160150824,107.3594711252233
LUX,2021,56.68428525762543,99.42981184534295,91.38069126979237,99.8500811204896
LUX,2022,52.42101354573551,88.8244951747185,89.0330152102206,99.23212884879938
LUX,2023,48.30650925755926,76.29219912263972,85.9616825880119,91.26715140649868
LUX,2024,46.07632903054002,72.18040897559882,84.46994332435195,81.84404905695438
LVA,2010,34.2188383593178,75.60363475167456,39.96477890893529,96.1913779193782
LVA,2011,32.77871817662011,68.33145568079529,37.21772422474855,82.30372048448938
LVA,2012,24.62514106359945,72.89960175004965,35.18323760726642,66.58281959141149
LVA,2013,21.57794698920754,68.45618222721636,38.52646027099637,59.62406578624481
LVA,2014,20.37957848434837,62.84685041271591,38.13317947929495,52.58884014445409
LVA,2015,18.0509609009038,63.02942783219874,39.19013981207381,49.06389317516221
LVA,2016,17.13260515739676,61.41194383883769,41.59493711138144,47.60354824268207
LVA,2017,16.48497577624393,62.03235329134752,41.08062898113024,42.72954270052628
LVA,2018,14.67279965031883,61.21886576792686,40.55276622200315,37.41993449669819
LVA,2019,9.69693955885141,57.99515774620747,41.26898128998399,35.13714527304079
LVA,2020,7.015706412731503,57.12789507509938,47.53571788970578,34.2146302317282
LVA,2021,6.570239971697428,57.30007359932276,48.46396618496449,31.97580997874143
LVA,2022,5.189633643508876,56.83281721793866,47.45749184020879,30.62077485417161
LVA,2023,4.675155654253286,56.48093452570862,44.45752627646647,28.27360503368514
LVA,2024,4.443378033716353,55.85960956671986,46.82107614876368,29.20286179426236
MAC,2010,36.06949246595808,139.36910402527,104.9731931256029,57.65476818378924
MAC,2011,36.50308720711976,152.856677679814,98.5127972704933,56.68186692300923
MAC,2012,35.92617271858768,173.8104222027761,106.2681534716587,57.46007331633244
MAC,2013,35.9271027495823,208.8021401736477,104.9495159543205,62.42866288756442
MAC,2014,35.78919793455742,209.2007755556088,108.5612014156838,77.27468917895813
MAC,2015,35.60775640715949,232.4345506175888,127.9467190054155,108.107278403594
MAC,2016,35.34611802422269,266.332999312518,143.8386145977582,117.243638422281
MAC,2017,37.43355543909561,301.4292487976699,142.4094369157723,113.2974978980167
MAC,2018,37.83765709227285,311.1487336704111,142.4678320281375,113.323239444523
MAC,2019,38.29001306365152,307.8794263081844,150.6567600215954,116.5007358167994
MAC,2020,37.82644477424258,304.4858414935652,332.3032853925481,263.7604799676005
MAC,2021,38.17440739796049,304.3681450832904,268.9990343892936,227.2094040157144
MAC,2022,45.29710942438225,268.1657770865519,345.5132059001498,283.7030329031554
MAC,2023,45.44472378182417,266.4947198375651,190.7831740350041,145.6960612247108
MAC,2024,44.29888559559175,224.7069425822192,188.7210036819855,128.0046261606933
MAR,2010,20.90921225260695,19.77369323514328,76.50136021575024,72.57098441934686
MAR,2011,21.95428375475405,21.49226843021909,76.54597531487396,77.22361064475638
MAR,2012,22.99923100266044,23.0413078980184,76.18593529993854,78.6863621799762
MAR,2013,23.72270026430317,24.39753449520743,74.32543962195805,76.94032039302532
MAR,2014,24.19076312359091,25.41375418140643,76.86523794402937,76.01824077790891
MAR,2015,24.73665981822452,26.22696524085545,75.98530403415577,72.38794919670278
MAR,2016,24.93647766673707,26.99011649711418,78.05179625478296,74.09062379769138
MAR,2017,25.00252403091831,27.37647743516359,78.45904107860162,72.82643096192427
MAR,2018,25.09629024000005,28.02617734937343,77.62544164881108,74.53747666780731
MAR,2019,24.90693202081177,28.89173753991162,76.7311967066612,75.1038735768279
MAR,2020,24.465690145891,28.95892984210606,86.9905663275134,84.07889382704052
MAR,2021,22.48729997511588,29.32323235382166,82.70385903398422,78.24755135469225
MAR,2022,21.61427395295077,29.54945704783671,84.84312596669969,79.68032960607505
MAR,2023,20.91849209040804,28.23189806546072,79.54922828180116,75.93049684356119
MAR,2024,20.21549541558468,28.45706158151912,82.35007354611722,75.16640439871492
MDA,2010,49.7539824357856,32.43536216664832,29.84781978356822,28.204123562094
MDA,2011,53.42370667466401,35.99649594627005,33.03752923261521,30.18390473799861
MDA,2012,54.0052711174566,39.07664096517612,37.70471243101765,33.16452315158934
MDA,2013,55.01901311392366,42.56667296342824,43.41060522082119,35.2850898478813
MDA,2014,57.52004373565456,46.03305275294248,35.41818209719294,30.05468791688936
MDA,2015,35.5768144390981,41.95907933241509,32.11594502031492,24.8055264723011
MDA,2016,35.76902078026498,45.90723403209469,32.57642806594988,20.97665402057258
MDA,2017,36.13660624745809,49.33432331174714,34.03091087765323,19.01812664349369
MDA,2018,36.93636483768188,52.21563128606457,33.5172975968434,17.9424111389865
MDA,2019,33.96878988759419,53.19905523718263,32.05133343178395,18.74900805370663
MDA,2020,31.87394613208241,53.12324355347068,38.58508077944054,21.95924301143772
MDA,2021,31.21300390669097,55.57554945982689,36.79085371679864,22.26710920786386
MDA,2022,29.21894298740416,57.74455512425975,34.48300912201151,21.30717617888418
MDA,2023,28.88500817221974,63.21138232054426,37.50938849049374,19.97368112319922
MDA,2024,28.33337159816913,68.40709054364592,39.14734665791814,23.7561899605448
MDG,2010,1.409102690653406,1.344686567652107,16.03749540137481,8.283106685589201
MDG,2011,1.469954137430912,1.50106427790564,16.09111279968082,7.411081488599437
MDG,2012,1.547283016090241,1.644927089921179,16.158901521939,7.636254591560991
MDG,2013,1.610389244863094,1.726453334582957,14.74683464637448,8.560207470320433
MDG,2014,1.822277865554722,1.962453085982008,14.79006502265571,9.155209026096832
MDG,2015,1.979025716151459,2.18912776135932,16.41090508018752,10.28378155470218
MDG,2016,2.112093526125055,2.446617656039272,16.95088151992242,10.28081854505954
MDG,2017,2.223548727863302,2.68096446616661,18.1399617931664,11.08085547281335
MDG,2018,2.284395265156716,2.820089033535785,17.8250410244214,11.40217464576846
MDG,2019,2.358488453706305,2.937661567654435,18.49352201500624,12.69105814256625
MDG,2020,2.41606603960193,3.012840145306963,21.69931645240406,14.97881203617782
MDG,2021,2.846759498781294,3.038043733877271,21.8115616093053,16.391916250613
MDG,2022,2.841048784085756,3.070518108954221,21.70501244520074,16.9139267103658
MDG,2023,2.742554838895857,2.986573257830498,22.8923016771361,15.58406891985825
MDG,2024,2.714183592116404,3.01804854834955,22.34452218269984,15.14672733832787
MDV,2010,11.93152794401131,16.7787111712659,43.26925324440058,50.11501290298994
MDV,2011,11.75360176660196,16.73997827364522,42.77082499935049,43.69597673462271
MDV,2012,11.60726478219309,19.8006281578588,40.46351010877106,36.13046869996031
MDV,2013,11.16042120742628,21.00785168456711,41.3877929048438,31.89194012681619
MDV,2014,11.06551416701971,24.66028871507249,43.15604729971714,28.7053172833451
MDV,2015,10.9496044455394,25.24492136054918,43.41783774856604,27.80228809762297
MDV,2016,13.15693297273591,28.06812367516994,40.91540392575288,28.65315021201764
MDV,2017,14.91520844707352,32.92602619448306,38.89184673467588,29.73896378670998
MDV,2018,14.91808614516654,35.53216881848758,35.48475196259833,29.15294637220108
MDV,2019,15.70524398096524,39.00135588606369,37.06572580357115,29.46927072361186
MDV,2020,15.42538664616692,41.72440650192691,65.04475693259973,50.3714225684541
MDV,2021,14.91584772142087,42.54684432011854,59.25713414048788,38.02088813886062
MDV,2022,14.61844656238841,43.61569302220806,53.31971487190278,34.15401967489084
MDV,2023,14.50526350832388,44.70474655024409,52.98572772865892,36.3456629162828
MDV,2024,14.3735037418236,50.66070990970612,48.90760529515712,35.55955638955259
MEX,2010,14.20125722983349,45.52748622508125,19.66486609470913,15.22932079294161
MEX,2011,14.53117510837594,45.22516484012937,19.41709526817503,16.12727272346094
MEX,2012,15.01334980938629,49.16814778124181,19.47629529550386,16.64247905696636
MEX,2013,14.96103413056557,49.1331403600454,20.20170483842309,17.87426283816553
MEX,2014,14.86625519916984,50.93090486141924,21.04366184594539,18.45292184540025
MEX,2015,14.08043750962955,53.49602939804524,22.3149356962191,19.98569928530408
MEX,2016,14.1967874665804,55.28377456852395,23.24693813863804,20.90245226826842
MEX,2017,14.2327241548633,56.41575033398558,23.40068093848099,21.05912801851246
MEX,2018,14.07307564525824,59.73988831378352,23.66817109383554,21.44692710402269
MEX,2019,13.96222635337243,62.56174261021668,23.99060833291331,21.51765472419526
MEX,2020,13.0323300879198,63.30765204592878,27.69877878564905,22.01456409136939
MEX,2021,12.25181938095138,63.68817342919288,26.08375909565849,20.79074238546659
MEX,2022,12.38191712093923,66.46093432276795,25.80196870802229,21.13737509256054
MEX,2023,12.20290364432475,68.81649245371494,25.76945444591578,21.32624028756004
MEX,2024,12.03996799680543,69.97434233623441,26.75829713259579,22.58498202836826
MEX,2025,11.51962711631964,70.36177859208792,,
MHL,2010,19.10645479731236,3.184409132885393,63.3941050491405,41.60044111941639
MHL,2011,19.17852005753556,6.39284001917852,56.9916413425003,37.95573669856944
MHL,2012,19.25236643670785,6.417455478902615,47.03712375878182,34.75213378884116
MHL,2013,19.35046924887929,6.450156416293095,48.69626252309281,39.38385761579231
MHL,2014,19.48494787776443,6.494982625921476,63.90692687741017,42.6816663404846
MHL,2015,19.65988400668436,6.553294668894787,83.27270959967377,48.94722067257824
MHL,2016,19.90379830817714,6.634599436059048,90.83864308865412,50.1148278111052
MHL,2017,20.22449185964203,10.11224592982101,106.3192627519647,55.98878650919539
MHL,2018,20.59449440516235,10.29724720258118,99.84529100866696,54.79311734984638
MHL,2019,21.00399075824407,10.50199537912203,89.69508027942847,58.24100950008076
MHL,2020,21.46613716861651,10.73306858430825,105.2227986533789,53.85805536608161
MHL,2021,22.11900022119,11.059500110595,109.7332325707418,47.24665451810237
MHL,2022,22.89814143418693,11.44907071709346,122.4788053527016,48.9321614129616
MHL,2023,31.55569580309246,11.83338592615967,111.2879142357089,39.58947839652319
MHL,2024,32.51635979352112,12.19363492257042,91.28412704000756,35.75386928659713
MHL,2025,25.01667778519013,12.50833889259506,,
MKD,2010,27.77317722599467,55.35525460869122,48.7700578782841,42.6586507568083
MKD,2011,26.33216528183705,55.85224403605148,50.44555996949499,43.60436053650907
MKD,2012,26.98902063671119,54.36086426117716,52.57579681296242,46.33028585631547
MKD,2013,27.21293547084766,59.40852109832941,51.66440521946,45.85298401445732
MKD,2014,27.39496839361397,61.23956804073613,54.3900945926225,47.94392293098775
MKD,2015,27.24397522138122,66.92957847126208,54.77906482465462,49.6522488433753
MKD,2016,27.62711183110328,66.29230760396376,54.2703524245369,47.23690689549659
MKD,2017,28.42502373010408,65.85662801289283,54.89044597528579,48.14315198364035
MKD,2018,26.90138337161443,66.61294930114049,56.18798551016301,48.43341257147699
MKD,2019,27.04867989561786,67.04208516985283,58.55299105074038,49.04100764707666
MKD,2020,26.22582977419105,64.49081217425145,64.37824375185834,52.81837499757201
MKD,2021,25.51412943554592,64.50866230997563,64.27419308404758,52.59166118303804
MKD,2022,25.18659176622623,66.79062162090884,60.52743908715279,51.77436477127355
MKD,2023,24.80461418599634,67.4870221071124,60.10988767874986,49.07687060052824
MKD,2024,26.16227729114331,68.60184045360249,63.33270334389709,51.63050487256467
MKD,2025,25.26453747145403,74.47775108772387,,
MLI,2010,3.428240229722938,2.550420932146822,25.29531899469615,17.7500817087289
MLI,2011,3.989346369810103,3.032364437167795,23.79572003529107,18.36598693420515
MLI,2012,4.527118792948506,3.175740048784773,24.10330963610375,18.49218243298554
MLI,2013,4.757829238761606,3.768903992829633,26.03486552903958,20.55600744688658
MLI,2014,5.299263935438119,3.774526022424736,28.35813401388657,22.11425838843873
MLI,2015,5.687648021039748,4.074424218708474,30.69792056745144,24.36601431563939
MLI,2016,5.708135805964241,4.376237451239251,30.42047060556749,26.49864790502592
MLI,2017,4.833070678380067,4.44565018311914,30.77013199052109,26.35809091656488
MLI,2018,4.711060718267236,4.91711108765467,30.6051904015976,26.47900163850984
MLI,2019,4.654167721173701,4.98014055767614,30.91409479604493,26.76498403609992
MLI,2020,4.379756920868283,4.650759844115622,36.34338041706142,28.06699035374754
MLI,2021,4.283788147112368,4.494604492934827,41.77924528996342,28.83908712627505
MLI,2022,3.988226105397909,4.321934820339367,38.41968993627595,32.02176129533293
MLI,2023,3.866118212222073,4.227584549137144,35.01960567051122,32.3079235076396
MLI,2024,3.640883572659483,4.240112327326356,33.1822337402938,27.64622702437346
MLT,2010,39.54390796226544,52.34589255436576,126.3644180183331,113.3380259111908
MLT,2011,41.49846145159924,55.33128193546566,130.8156068706632,115.2612899556364
MLT,2012,37.94642857142857,60.26785714285714,129.4070459255298,107.0883748913697
MLT,2013,37.98618183820089,58.90610806793471,129.6159618176003,98.49435382685068
MLT,2014,37.16571059222752,55.47924914491934,131.3963234061575,92.75297535899873
MLT,2015,37.2697542820848,55.37970530647811,129.2875731308823,81.70113683057114
MLT,2016,34.34409191914273,55.10432658668423,128.3745846488039,77.72244875417653
MLT,2017,32.12383364336568,54.78483257008101,116.8582528299178,69.7208771747888
MLT,2018,29.48671539566138,52.26100777442423,111.8316201950492,68.34032722647055
MLT,2019,27.31820195726882,48.43815641162791,110.6878074851653,68.57518740321498
MLT,2020,23.50249909907087,45.43816492487034,123.8610973835692,75.29808100564492
MLT,2021,22.90828456982467,44.70451649062873,117.0590422278457,68.85861287343639
MLT,2022,22.12845350312944,42.52134202562128,110.6767761357417,67.20165845648604
MLT,2023,21.6643648279037,42.07886245419757,100.9415214001582,64.84757623821648
MLT,2024,20.81973144567768,41.23519626134221,100.3492697893164,63.13735148392136
MLT,2025,20.99313366090544,40.20383144494155,,
MMR,2010,1.540755659349044,,8.72545703866592,2.747861277405875
MMR,2011,1.688876609777148,,11.24615171881358,4.000722645338506
MMR,2012,1.873724787746006,0.0913337045725527,14.06644182304143,5.668950866431427
MMR,2013,2.76361923575114,0.6117101865694222,20.99156897978121,8.133048824266902
MMR,2014,3.426542847422059,1.701139682709142,24.84364014224644,10.19249315506961
MMR,2015,3.400880447201131,1.978742499820235,27.04251546742955,13.06093079885946
MMR,2016,3.447290040563288,2.699938611922087,32.33063199875247,16.28238159738336
MMR,2017,4.77766857887845,4.447367049473135,32.46285696516105,18.78206018991865
MMR,2018,5.180443009673796,5.730897232151548,35.89866573845928,20.10848072381104
MMR,2019,5.717396862589927,6.995283427603348,41.91109457761696,23.58469577461357
MMR,2020,5.820821506902335,7.5998258289253,47.15684680649724,26.23153729522475
MNE,2010,39.77271591688102,64.1559889915518,39.94458539978049,66.62645669244726
MNE,2011,40.20292526037365,66.07609498239628,40.57355942634437,55.24101426343758
MNE,2012,40.44224787529514,69.38620958996715,45.32823908140779,54.3010561632223
MNE,2013,42.28430066904038,71.33005860525037,45.42330636536593,54.05407495239378
MNE,2014,41.77998502226952,70.75006897639037,48.40520761775425,51.99365399219531
MNE,2015,42.87827291037261,75.9220795568983,51.20535895763921,50.40240674486771
MNE,2016,44.17559504526526,77.74904727966685,52.29406153134936,49.12033583201912
MNE,2017,43.51013080478063,80.7485310431064,54.70478345050151,48.64145644393198
MNE,2018,43.44839329015894,86.70107309702887,52.04579327619003,48.93785933482446
MNE,2019,40.67878816325493,80.77086303569368,47.76906052194056,49.13062087774357
MNE,2020,37.96039204866757,81.39960356827685,54.2059555810188,59.81001793550339
MNE,2021,33.56225012315972,76.93802367414392,53.32387778611036,52.24842364941608
MNE,2022,45.23952360814705,81.2344489137597,58.54156756444697,47.54642879207997
MNE,2023,35.34824898521069,82.87200595421616,52.52911023943742,43.08777840245332
MNE,2024,36.41703377386197,88.69309838472834,52.44166563897547,47.4235781063571
MNG,2010,54.21880581813391,18.59654367780855,27.51101873165082,32.94290376474328
MNG,2011,65.31105511754494,31.60855644620114,28.52388516129343,42.35900089587939
MNG,2012,67.7188735734691,44.83557837896109,26.25590450277002,41.5343322605297
MNG,2013,70.14641074556233,49.75333050819267,26.58364753149596,55.78600619041873
MNG,2014,70.56804426316467,58.36347671563215,26.14173247281625,55.81913517955863
MNG,2015,69.48051826278076,72.4341435330609,27.67302045988324,50.68993950675964
MNG,2016,69.2081969965869,87.99460435826096,33.61422114312421,51.42304589108845
MNG,2017,69.44731701712053,93.34712168217855,48.59054016167137,48.0550525444451
MNG,2018,68.90803102137471,107.4637150452391,54.11494562908154,52.17284392272814
MNG,2019,63.87742767000189,56.91555657220975,50.06274178220096,47.15561264368456
MNG,2020,62.67269075497347,48.45734434977977,59.99046264424793,45.25636166974705
MNG,2021,61.37137036586677,46.21576993093628,59.0593242846076,47.1604083843184
MNG,2022,60.44516803149224,41.04890808168819,51.6200994547746,40.58699846309533
MNG,2023,59.57389102796732,30.66115078676342,49.79567349662474,38.29178649472051
MNG,2024,58.99477917124469,25.22968215621315,49.60835026229155,45.26401292252287
MNG,2025,57.68441100286129,18.87332396899862,,
MOZ,2010,3.46288227074016,5.875677556603095,27.67915921773479,22.16992089098927
MOZ,2011,3.708367138027455,6.659446671026145,27.5857255698633,20.79731379282249
MOZ,2012,3.946118184570116,7.209254375656943,33.39992526793948,22.9364616662216
MOZ,2013,3.965299355778893,7.945339601356221,35.17367842458178,27.18534761119341
MOZ,2014,4.219759948584728,9.433666732513991,39.78674616295625,32.0479025104828
MOZ,2015,4.383605426681564,10.93126922856035,44.21479672932423,33.16039933816024
MOZ,2016,4.470847920174994,11.28132753391525,41.3111295754786,31.87504333807831
MOZ,2017,4.375638113891609,11.36233409038818,39.26089796605369,23.97051960334364
MOZ,2018,4.365334875751656,11.14043553551651,39.73712727711603,21.08131337799865
MOZ,2019,4.660322715727837,10.73342042795584,41.64590006186961,20.09448913191487
MOZ,2020,4.148331043454597,10.13378012043909,50.33583051056931,22.58023534792716
MOZ,2021,3.904876967376074,9.400417052345048,48.66808473010699,22.12276338538937
MOZ,2022,3.738280532253267,8.750469162551173,48.3689843991562,19.88191036307072
MOZ,2023,3.600299002410424,7.927115740733266,45.28264032970856,17.62043045018802
MOZ,2024,3.489725748122309,7.286297724469978,50.37007414511504,25.92698617168943
MOZ,2025,3.357850838736348,6.951957649659236,,
MRT,2010,4.622999633312075,,151.979924812058,121.2808666853446
MRT,2011,4.581281089082502,4.581281089082502,148.8682902048752,107.6646429808059
MRT,2012,5.136842521201824,5.087449804651806,158.2530583114788,104.5190971869779
MRT,2013,7.339210137895604,7.051397975625188,161.8667050649302,127.9256589557283
MRT,2014,7.640690028852923,8.61907106913287,198.8696228841033,157.9737724517293
MRT,2015,8.051023588142199,10.26731659836112,201.8883171861437,189.4290597470989
MRT,2016,9.392123344034797,10.97210671032102,194.2288484839883,182.2008114489882
MRT,2017,9.406228625835125,11.15127556546969,215.6964970857321,194.0154285495956
MRT,2018,11.88036472719712,11.38534953023058,216.5137249960246,209.5559666003594
MRT,2019,12.34694680783476,11.30804513468361,220.267240203753,208.7014459831978
MRT,2020,12.14913096956643,11.95567347005104,232.9396959816309,205.648092178781
MRT,2021,12.24811764785201,11.8361014578631,276.1224657309366,222.4534337314441
MRT,2022,11.36884104803335,11.4412540483393,279.3037857253129,239.4129569277966
MRT,2023,12.16366845055486,10.73059256988604,284.860720750946,228.9797268856754
MRT,2024,12.32490197482073,11.14306205942696,319.4937745557062,232.8050748613827
MUS,2010,21.08180042629833,40.44056908698574,166.5449720273924,68.16521324946542
MUS,2011,21.41030589597607,43.02164752806459,151.6754853355475,69.51554837940375
MUS,2012,21.72756031391341,43.95345916713677,151.2100004195517,74.36664193829682
MUS,2013,22.07018318252041,44.53624409028783,147.4567513930437,76.51817249629714
MUS,2014,22.31124880089324,44.72078504143798,155.9445740175626,73.42724773232838
MUS,2015,21.56775103983886,45.28251802029516,164.8612052698085,74.53300391222609
MUS,2016,20.26664701416047,44.21813893998648,159.8266155019255,69.38206514454225
MUS,2017,18.49140919947608,43.24293088835812,161.6071050477836,66.07864002317805
MUS,2018,17.02702418315721,42.95019021481791,118.4296580456277,58.13828537150088
MUS,2019,16.34384407212576,42.57001246693222,123.9802286592188,59.22425541741312
MUS,2020,15.39243145646397,41.83341800744503,166.3088175237385,72.34905340272837
MUS,2021,14.92659214635946,42.2450721123381,176.8560683377327,68.45932508367923
MUS,2022,14.43108267792166,41.79391476852637,113.3890675688619,59.44021097423746
MUS,2023,14.24798475937418,41.80037912849512,109.664175172616,56.24804993441805
MUS,2024,14.32248970099918,40.61179645480689,115.5449137644845,57.6448299268153
MUS,2025,14.48815875258835,41.30066034017068,,
MWI,2010,2.884772527533586,2.985112441534754,12.42970083497418,9.43658761119862
MWI,2011,1.071482362974148,3.847595757952621,16.88531014817023,11.24804815201271
MWI,2012,3.295652255058915,4.358765885723081,16.41607242728428,11.89307210299606
MWI,2013,3.285561422883924,4.705107124757117,16.79934761439257,9.481301763331698
MWI,2014,3.269829548773498,4.976791414912883,,
MWI,2015,3.324832130834504,5.137401905386217,15.67994698431166,9.16807426992178
MWI,2016,2.954849893625404,4.883278245254615,14.57195463001971,7.903772517637161
MWI,2017,2.182941950867184,4.896599146669967,15.24249646075342,6.869540750108867
MWI,2018,2.25274220604373,4.776200213672115,15.03783417195358,7.089208591996319
MWI,2019,2.230006614442213,4.627963517838233,14.3090108425056,7.716772755116872
MWI,2020,2.033974026151686,4.445943225305013,16.15279826936337,8.253203541092976
MWI,2021,1.961841147986105,4.32299509600478,18.17284351994321,8.735791862248574
MWI,2022,1.89223392867534,4.253339981270233,,
MWI,2023,1.695608140760022,4.045236564384623,,7.586690974686004
MWI,2024,1.705556734994333,3.878389287795332,,8.819991345592415
MWI,2025,1.668975415992122,3.849168526972823,,
MYS,2010,10.74622274386952,50.49126558250726,104.7508839232557,99.61710182642264
MYS,2011,11.06744961039318,55.21443384374131,109.046563856881,101.5706841789366
MYS,2012,10.96853452438569,56.03831674727185,110.5521012660284,105.5810604345571
MYS,2013,10.77233392068954,56.2715675144859,108.6439105282837,110.5868611972877
MYS,2014,10.59931912833353,54.97790050787154,105.5917985355921,111.3149457296642
MYS,2015,10.46202124437715,53.11288507974637,104.2358860509575,114.2258122539702
MYS,2016,10.18042792252808,49.36937506022329,99.1167546175593,113.2803893263727
MYS,2017,9.94599165379652,49.45723892990882,94.61841138685864,107.4589029446699
MYS,2018,9.925540247277,48.697434628042,95.84912844711832,109.6960088688733
MYS,2019,9.728263122553903,54.14093200561745,94.27670329739848,109.3034444166802
MYS,2020,8.626553696454975,53.42409569909836,103.6599970145718,120.5010459009228
MYS,2021,8.331232121453828,51.9826238217951,101.8938831690659,115.3567700446514
MYS,2022,8.045347372626352,50.66626606763067,92.83788704988564,103.1926149723886
MYS,2023,7.898201994098182,50.5470274186302,97.32518797629592,106.4272833286802
MYS,2024,7.72357955982716,54.64037010760406,94.8068273922489,106.2192656499096
MYS,2025,7.57649049966372,55.76579580824747,,
NAM,2010,12.75402070502726,49.3655624935761,42.17716983868641,46.38181163355862
NAM,2011,12.87690706993706,50.99255199695075,44.81199866866681,47.42221241513662
NAM,2012,12.72875807592956,49.18909900528711,39.73850759435163,46.65760817252325
NAM,2013,12.74554431177562,52.80296929164186,42.05133342018303,48.03567300347167
NAM,2014,13.22342891691256,55.41570984252532,41.70697093496611,48.90163849738353
NAM,2015,13.20082972853389,56.5181252699039,41.71974756131282,50.37233271790962
NAM,2016,14.85952259584231,65.12347294177845,191.7687261804789,52.50663916367509
NAM,2017,10.01464405498606,67.2681751617932,107.4058832424567,72.45490373509423
NAM,2018,10.80992105072433,68.72898668045751,104.7438944368161,54.21700872022079
NAM,2019,10.53604524752523,68.18497464165473,92.92045107087496,134.2408146997511
NAM,2020,10.08561697741638,68.0924891885684,61.09868651283111,62.97051463178186
NAM,2021,8.689853999093529,67.87173548311613,53.36492908073143,62.47910768633805
NAM,2022,8.467906633857679,68.46274840576439,52.94559326052484,57.67975297378047
NAM,2023,7.157895643263398,67.27345529382893,25.69746932393988,
NAM,2024,7.907431729014933,67.2393532453985,30.46468534350682,
NER,2010,1.193771425958775,,11.00880020472519,9.270658236917956
NER,2011,1.232436200406105,,10.84188946407571,10.31310311196211
NER,2012,1.519446699584315,,11.81669036669762,10.61165822831429
NER,2013,1.622020204822736,,12.03968114571689,11.27181893275223
NER,2014,1.63282575387257,1.30420673422526,13.8139106386794,11.54578569522245
NER,2015,1.678051091720298,1.490504204998618,13.59458978391311,12.5851001410861
NER,2016,1.640289453251703,1.602363685546461,13.5160804474598,13.90073279532853
NER,2017,1.649702529467925,1.722617558394684,13.34230772738395,13.29907248101015
NER,2018,1.60421971147714,1.805842953903229,13.31986671838915,12.34512505023677
NER,2019,1.610607409805985,1.796122399417146,14.3520234391901,13.38477498535092
NER,2020,1.57357765208263,1.849359302447627,15.81947599465778,13.94142113962854
NER,2021,1.591354762433356,1.879982832090386,16.29264350448139,13.89950287381044
NER,2022,1.597580438175062,2.025101963883882,15.44024310377424,12.18761696126311
NER,2023,1.528071428978159,1.974960243113281,14.11092580790185,12.61092306776839
NER,2024,1.461721632364817,1.399373316292384,10.31442432723837,9.615685143542652
NGA,2010,6.286865290582736,10.75126301968451,19.53717478795006,13.893132564456
NGA,2011,6.12396051547571,11.41283550611382,19.35271328318538,11.47753929652237
NGA,2012,5.547943583024041,10.96201709616852,19.81618474066349,11.22599369685502
NGA,2013,5.625058722799045,12.68298108702525,20.67619698141014,12.39690198953832
NGA,2014,5.340874311092293,15.42069797920922,19.96499326001974,14.29981381749144
NGA,2015,4.747332058253947,15.45331939438775,18.16680557853026,13.88500091437876
NGA,2016,4.514944672966637,15.93649978094412,17.88391726241992,15.71261967398794
NGA,2017,4.219547787450931,15.52654773159665,16.65723172431162,13.6994752356771
NGA,2018,4.090300695039806,16.09745188967568,16.59217601809019,11.6781378275595
NGA,2019,4.552192599216127,16.36149164908508,16.30831224877397,11.80161162349295
NGA,2020,4.233729943378684,15.37383402219171,20.50434157361482,12.92814476431789
NGA,2021,4.077548797864658,15.37521078953252,21.33504434408991,13.54374821144199
NGA,2022,3.508740399715706,14.00099359499319,21.89803070774211,14.21808932883297
NGA,2023,3.429105479284543,13.03315089972168,29.37300580317359,18.6907688945997
NGA,2024,3.280905966626592,12.82853905271917,34.63814009146688,21.05321783263014
NGA,2025,3.338000541356305,12.31860929214697,,
NIC,2010,6.941496957663757,8.610635539086722,29.27217047250206,24.05263675449093
NIC,2011,7.317633290560642,9.80874249585788,27.91253634375249,23.92053329666809
NIC,2012,7.220548868496771,11.74610414523066,28.89903168159365,26.61437644692328
NIC,2013,7.576726191321807,14.75467731994247,31.70848660537056,29.22385404553804
NIC,2014,7.772788201787448,16.3766292301811,32.20167283494224,31.17096558554906
NIC,2015,8.296580202393397,18.67929473313426,34.23231048931511,34.14489163022806
NIC,2016,11.34270840344084,18.33188764788468,34.62554669196315,36.43179626104426
NIC,2017,11.43754982266021,17.99969961990365,35.97296870937064,37.71108348919783
NIC,2018,9.666525299407006,22.69137394226997,28.38579412676609,34.67987345435585
NIC,2019,9.00266915770225,22.5958082324507,36.13394401129086,29.45152254745402
NIC,2020,8.165583139756473,21.97921038154289,31.01572642775678,27.59052099242318
NIC,2021,8.154571078167695,22.13998321750543,30.26423766417352,25.68494336752015
NIC,2022,8.024968633987728,21.79412534282983,30.44196916476066,26.41635207377995
NIC,2023,7.948905100423238,23.37060900619228,29.64586247996261,26.72407481275631
NIC,2024,9.376643957057404,24.07077864300884,29.20147347312068,28.72118603229572
NIC,2025,8.639408602621444,25.04234106474142,,
NLD,2010,2.219867669598985,57.82609235379725,79.8216857277045,112.4728236358943
NLD,2011,2.18401795161174,56.58855815488359,80.12966206462372,113.0495889563164
NLD,2012,1.976935939771853,54.61105156252976,81.97915020843715,115.1792984844249
NLD,2013,1.923373102660613,52.98605827217653,82.33310846240875,112.3951457929855
NLD,2014,1.661816847955669,53.59894254243285,90.82411987734056,115.1460227783451
NLD,2015,1.607487407248154,49.59842202804435,87.55018414560017,110.0757321128473
NLD,2016,0.8149200623132841,47.41991741909196,88.19120352692055,107.2425452147048
NLD,2017,0.7872526380801068,44.51112482029914,87.24517587143293,108.9224237242312
NLD,2018,0.8152252574471,41.03070172862989,85.34612516877881,103.0439250425202
NLD,2019,0.8284580403461804,41.01209637746794,84.28462447892,98.3063920353545
NLD,2020,0.8153716582926865,35.991863949803,93.81074218917452,99.94084238967352
NLD,2021,0.7963446431144364,33.17652767415737,93.97061297739891,93.56850429028096
NLD,2022,0.8409135123789477,34.15043208605615,89.8294459761325,88.53484534422732
NLD,2023,0.8176759920635313,33.4587740623416,82.67842139230179,82.76693777345238
NLD,2024,0.8502373601097931,32.77338008853979,82.53342914960123,80.25791035300654
NLD,2025,0.8773973664430603,32.86015618323047,,
NOR,2010,10.95850932027516,55.24600215945614,37.95634446184027,47.97365115103493
NOR,2011,10.71847793643496,54.43597359383866,37.13588492805334,45.78795407286092
NOR,2012,9.919202476575656,52.69881709845737,36.85780784510521,42.49563287377522
NOR,2013,8.938462420631994,50.49869874297752,38.25963851815418,42.81814107532031
NOR,2014,8.512366471167569,48.33977942984264,39.91227085275147,45.00241478130811
NOR,2015,7.730904372472623,45.82146968486813,41.70328060691659,48.75120719779003
NOR,2016,6.164283027588772,39.05596680498697,44.0705897077536,50.47940732373032
NOR,2017,5.508650078792135,36.7857971788797,42.84414295915595,49.42946396786377
NOR,2018,,35.20032183151389,41.02759031600291,49.18518551655897
NOR,2019,,32.97586827771298,42.31200046039172,49.70993375752759
NOR,2020,,32.31085240474473,50.22242765215256,52.46683951669399
NOR,2021,,27.10752667095516,44.52799218396589,42.95650791918097
NOR,2022,,27.10805897709468,35.0878442255715,35.05842955709191
NOR,2023,,25.34453816522903,38.93688633219767,40.15966764277351
NOR,2024,,24.17460013948038,39.14097050202653,36.31423848780274
NPL,2010,5.011819779761094,,46.36981201159583,34.33243340622015
NPL,2011,7.180642742933496,7.180642742933496,44.09814665093393,33.86453115711696
NPL,2012,8.29870948949087,7.386518902174178,51.51715917745232,39.75627150293022
NPL,2013,8.352781401874228,8.253671273176971,52.36923419162528,38.845203548066
NPL,2014,8.586966476853142,8.995351058821427,53.95071706049589,40.40993518220938
NPL,2015,9.136282087164856,9.238273485317697,60.35950215299896,45.51641120405064
NPL,2016,10.05330743745486,10.11160284167837,67.65596843833399,53.38972964715715
NPL,2017,12.09608622249999,10.93481990835034,68.0259079325018,56.41264086667046
NPL,2018,15.74476542539096,14.53643410594316,71.51476946124207,61.11784875471376
NPL,2019,18.26958166632956,16.89872602665239,74.63446343110236,64.69686518463097
NPL,2020,21.90120856556464,20.27194823494329,89.74972697687492,74.8380761623763
NPL,2021,22.82805117460241,20.77242190830116,96.60803026147778,85.45794861061113
NPL,2022,23.72066574328604,21.79327285897432,91.33133901265192,84.03999039085828
NPL,2023,24.02659119123565,22.93533233060344,95.09614691799491,80.68345644688202
NPL,2024,23.82488782841331,24.4704593538272,99.66345500357356,79.10109910892375
NPL,2025,23.92812421338462,24.69772852226775,,
NRU,2022,,123.6603462489695,,
NRU,2023,,136.2212232665849,,
NRU,2024,,134.517083669626,,
NZL,2010,34.64977299025508,72.55250036014851,75.71258172603405,136.622667003222
NZL,2011,34.02537452380308,76.62905836071388,78.3313061133697,131.1172742804947
NZL,2012,33.40901088750795,75.0202340288352,81.95672572466616,133.5877156895826
NZL,2013,30.89359730195917,72.53771381155981,84.03641509351301,132.8279088921698
NZL,2014,29.53663263528887,70.66604690583667,86.48869495244455,131.5193270479122
NZL,2015,28.83735892032928,68.99304275023381,91.36558457020398,134.5412334312247
NZL,2016,29.5093944397755,65.59109587016289,115.0982823198046,152.5935656284178
NZL,2017,27.08145482607,65.3565776469156,114.2003466724329,149.5643924862063
NZL,2018,26.55435271362724,64.10979440861433,114.4869122228573,148.3185600967336
NZL,2019,25.03928878463872,62.5484420634166,114.1033727350275,147.8978983680012
NZL,2020,21.35025123670783,53.9477271842013,124.7434195333099,150.252367411963
NZL,2021,17.76707821004807,54.0041613260397,120.7253664729904,147.9544797504907
NZL,2022,17.02762078424287,51.22798412077614,113.9540718548916,141.0338515088686
NZL,2023,16.09135934055112,43.82127141057845,109.5580139702786,134.947440151898
NZL,2024,14.84466660910414,35.62258254719704,110.7702726553046,135.0331925188031
NZL,2025,14.54454312068266,31.30735775505434,,
OMN,2010,23.1760312579809,45.94987542254782,42.0848013102172,42.91313200064365
OMN,2011,20.84267183867249,42.33940241705227,42.19445298443071,41.99980745248948
OMN,2012,18.10146307994935,37.37076248763736,42.16676622672247,42.60692928896596
OMN,2013,18.14564840283206,36.75914041089367,45.56911030446297,45.1469063379411
OMN,2014,17.10408848686258,35.17088364277935,50.41128509958291,50.3551728053937
OMN,2015,16.78033344919754,34.97439462488425,64.14150818702917,66.40489851817048
OMN,2016,16.3200555934797,34.54119293171958,70.70193293150555,76.61030471266913
OMN,2017,15.02923185595984,38.76407537188133,69.38066483814067,75.73010537548373
OMN,2018,15.45499592614204,37.19915990252072,66.0959651257452,71.21846128468216
OMN,2019,15.84520410370729,46.18891322816664,69.86922508938619,76.28738160815368
OMN,2020,16.57399486740804,48.59328961125368,82.79573964004399,91.3977263772446
OMN,2021,16.94798605474836,50.54077415611005,76.27590366194605,83.01495772278675
OMN,2022,15.96025123785072,51.89230698697964,61.32301656849124,69.1861818159421
PAK,2010,7.755416231112297,3.960036496543631,27.09230411994194,18.49496696957355
PAK,2011,7.903479524399713,4.373081263220043,25.91898648980819,15.7888108223443
PAK,2012,8.158491226286054,4.929203592925949,26.81669704308045,15.30944279494961
PAK,2013,8.520620413522524,5.923542139771509,27.48636776231324,14.66481266219392
PAK,2014,8.846231548110675,6.908732784812013,27.36225745742245,14.512476569587
PAK,2015,9.264554308204128,8.110994050003823,28.33976976399815,14.24648232494833
PAK,2016,9.64714477686152,9.159937680140752,29.77483879114439,15.21940201110541
PAK,2017,9.948728328070652,9.76520738972984,29.89757737803548,17.38690009630046
PAK,2018,10.08356986169162,10.25640249194371,27.86105056447582,19.12059991274865
PAK,2019,10.2448048572874,10.67380037457117,29.12119027453788,17.90370946057072
PAK,2020,10.16979357517213,10.98469185504924,31.71511850099922,17.00314043039806
PAK,2021,10.22088731084033,11.1789491442581,31.96873476745339,17.20172390121913
PAK,2022,10.54154409107999,11.48540665421798,28.73367058170087,16.47681053132392
PAK,2023,10.67548756099069,11.83377411109817,25.91339979573971,13.49322528364674
PAK,2024,11.15083338839607,12.05220289679291,21.72196614442149,12.97354330354969
PAN,2010,22.80716503046664,39.93199884173851,144.8684076281177,112.4128765387969
PAN,2011,22.74319504175491,45.14352784669944,137.7737549808332,113.9848403531184
PAN,2012,22.3416178837378,50.87473588216755,130.27237197275,110.7674331387183
PAN,2013,23.66805984366662,56.1385925612895,125.9501435101228,106.7333572294183
PAN,2014,24.03739531928958,61.5600555721687,129.1969110590449,107.1770384010594
PAN,2015,23.67988992354128,67.88702170388017,127.2237639864803,109.8876532314286
PAN,2016,23.42856260794547,69.42812696703022,123.1640075377667,107.4867101321897
PAN,2017,22.27137077431812,70.64357879093666,113.3101652245861,101.3600835959504
PAN,2018,21.71533369064928,70.11420620420245,108.9822743627236,100.7105236596694
PAN,2019,20.2434108986914,73.81753337261674,109.7188871032096,97.99428841717732
PAN,2020,19.9033374954197,72.93671371532974,148.3275968311256,115.9270226754416
PAN,2021,19.57228489778849,73.12379890270739,126.639454637987,101.2136649419707
PAN,2022,19.04562175395197,72.17770940783402,112.7662204431639,99.35244966600078
PAN,2023,18.45873467324738,72.21417174607024,110.6336588958936,96.35006907432268
PAN,2024,17.72114873144882,72.5358167709885,112.3504780897739,99.22555013411902
PER,2010,6.825223146878997,26.77101415232381,26.9640911685034,24.65575200546987
PER,2011,7.083133140444326,31.33662561456738,25.91831404561152,25.67174899505494
PER,2012,7.704036943769243,38.6480329041454,26.79553900846872,26.79919176065898
PER,2013,7.864172845926471,41.55309381416493,30.30625434026127,29.54917121385977
PER,2014,8.177609768879671,56.26305967041241,30.08878183094725,32.06577846088291
PER,2015,8.310854020641717,122.1763477170741,33.35281794411405,34.80246626885426
PER,2016,8.129679738675517,111.0477764413717,30.75698786731655,33.42600560829255
PER,2017,7.680248225622652,108.6231470637495,31.43562587173638,32.60924585519368
PER,2018,7.294567850723078,125.4725287341246,31.47896777604582,33.91535973895294
PER,2019,6.629941063400953,128.0651727365843,32.7605367139561,34.30238919547564
PER,2020,6.09069909371215,126.1592255900927,44.53281647650383,42.49651999564773
PER,2021,5.410877370340995,118.6968415544423,36.78072701196173,37.40145826312378
PER,2022,5.181614187569351,121.5158012232739,33.80813112007234,35.59829821466626
PER,2023,4.749731343320893,127.7662107237059,32.51108615163033,33.06996700164282
PER,2024,4.489598047209353,135.0338864712882,33.32019156163882,30.39422581034669
PHL,2010,7.545756850534886,15.10440967517878,39.35513999700621,15.93945433621602
PHL,2011,7.633185172742894,16.75151755327702,37.21538677188062,18.98125536365825
PHL,2012,7.883266006615386,18.73137549676834,36.44774011582927,20.00627929489108
PHL,2013,8.161470684762484,21.71510145570388,43.09828864853373,21.56366641873973
PHL,2014,8.524133835185076,22.93610158464423,43.89698335709718,23.82803226245379
PHL,2015,8.658536139301043,24.74255285879145,45.10660334977828,25.99717109423638
PHL,2016,8.712672408099396,26.65907331027239,48.79876212614412,28.59200252820382
PHL,2017,8.861616730688647,27.71937770810351,49.41051798458517,31.65707503286746
PHL,2018,8.895081429769837,28.49586610398112,47.73161382562482,32.85784676437274
PHL,2019,9.080487868678311,28.6005821807395,49.40874223238332,33.99255205385179
PHL,2020,9.047244921495295,29.32213494900901,58.25707646877168,37.54745745770914
PHL,2021,8.891389516740977,29.04040506128515,59.2444830930157,35.90262157627537
PHL,2022,8.931248976252636,29.08212338687464,57.45801535084543,35.99180707510061
PHL,2023,8.77551800670948,28.46983835686021,56.54624927619456,35.87926545605494
PHL,2024,8.086377881931464,27.8445692139854,55.93591236375587,36.18559117363643
PLW,2010,,41.26547455295736,53.71887933735863,15.73583334124647
PLW,2011,,41.79728317659352,63.53632827273737,14.34691283577941
PLW,2012,,49.42455694415025,62.81154964816808,13.0275806677682
PLW,2013,,49.69120465677575,64.52783771248815,13.7011162266242
PLW,2014,,56.68130933824571,74.9664318957722,13.03764032969952
PLW,2015,,56.51713175556341,84.03233391201188,10.94538803055617
PLW,2016,,56.28649827622599,89.6728301627092,10.54974472502461
PLW,2017,,56.06559674819539,95.867564821604,12.41450479704224
PNG,2010,1.508920865902622,5.050693453924053,,
PNG,2011,1.601630987464298,6.264607280081874,,
PNG,2012,1.590687760364656,6.186007956973664,,
PNG,2013,1.541988929661699,6.681952028534029,,
PNG,2014,1.495780790185905,6.851045347641615,,
PNG,2015,1.451960020549716,6.757887996879541,,
PNG,2016,1.410361350248615,8.218401942189463,,
PNG,2017,1.370699852269016,7.834988044451289,,
PNG,2018,1.382240740591425,7.437771604134809,,
PNG,2019,1.457013148663054,7.541243879343941,,
PNG,2020,1.435308463389961,7.379357643298389,,
PNG,2021,1.400787547120514,7.140971299994793,,
PNG,2022,1.368570045125622,7.318874589150066,,
PNG,2023,1.628498964521841,7.211923985739584,,20054.39770539451
PNG,2024,3.269116049497828,6.850930155904144,,
PNG,2025,3.377150118909039,6.893277608966598,,
POL,2010,32.13090715322329,50.80094201963721,37.94900827496501,45.31145175637686
POL,2011,32.57399605321348,53.86261070141557,39.51527364877091,47.59486619460113
POL,2012,34.00136847613062,56.3118639449885,39.10884510449119,45.962205084075
POL,2013,33.03429472585871,58.45100742831917,41.14396036067391,46.82693355436593
POL,2014,33.03800830291036,63.61280582078707,43.38916549963893,47.51275446808386
POL,2015,31.2146753562138,68.65864273494012,45.29261796845893,47.97131524816859
POL,2016,31.13580679848619,72.7515916253276,47.79283020077277,49.11172081805389
POL,2017,29.4255243240235,72.14300053267188,46.06931160095271,47.33255334939875
POL,2018,29.82465577428283,71.13827141991418,46.49899128631181,47.43943773908815
POL,2019,29.03428293885367,70.70624904469953,47.41099942228127,46.14463651604146
POL,2020,26.10943657740928,68.85031300413954,52.60660745009805,45.40077823580558
POL,2021,23.76898199986604,68.43777941988075,50.31605525989719,42.06490950389285
POL,2022,22.63683240347418,68.3466844032353,46.02937407579774,36.38787353105998
POL,2023,21.80504975673501,70.90172613037288,46.2008494449216,32.21648921733993
POL,2024,21.32777025964778,66.60031360363665,46.72015700835351,31.37019732279593
PRT,2010,66.03959163846434,195.1314833558495,80.40203402194146,137.3663519040322
PRT,2011,64.1333974667308,191.7535065425654,86.95183529295664,138.7123939202996
PRT,2012,61.32949829227816,185.6321477936923,87.09027066187171,136.8621212813437
PRT,2013,58.25903118776946,181.139356792019,88.31205515023824,128.2889001122597
PRT,2014,53.57191081025124,177.4815688321976,87.78012271157237,116.2628459707622
PRT,2015,35.5863467387631,173.8537794299876,87.28347769083005,107.1776204815583
PRT,2016,42.800739730246,169.1852258654891,85.89197492445574,98.8661278414944
PRT,2017,39.18489111787334,168.455565010046,84.09126736300254,91.45223930753096
PRT,2018,35.56805772033093,166.266018868201,83.64982809554844,85.6850958255121
PRT,2019,34.65126960025679,170.7378910283905,83.7823832264363,82.07592991558111
PRT,2020,32.97964171087578,165.9515848101799,98.19113099951848,91.65006406914692
PRT,2021,30.62317834590169,162.4050706472058,99.46616922340004,87.6376864546174
PRT,2022,29.7324072332921,159.3366203120922,93.87388192432194,79.29180991248052
PRT,2023,29.04193520870147,160.1539005511239,83.36680063540597,70.93562632873898
PRT,2024,28.24480114437554,157.89851816664,83.95451372123709,67.9156160487087
PRT,2025,27.12291121509052,156.6088344983921,,
PRY,2010,9.275495922528163,20.30791029277754,20.72623065493372,20.60594068619868
PRY,2011,10.28818547247544,20.42470236304706,22.67920748142531,23.69931971857131
PRY,2012,10.83140692557191,21.98429396537313,24.64627562103859,25.90614136086457
PRY,2013,11.15770778568391,25.36502767765019,26.645784720777,27.90359824363589
PRY,2014,9.838473599937792,25.98305316995619,35.33575461297758,31.65734481094558
PRY,2015,10.94851570902797,27.3596666444287,39.1487131383616,37.47660345910601
PRY,2016,10.93033588077856,26.99496314605644,38.49245971108307,34.52799124300275
PRY,2017,12.64828091024565,29.24354309744738,38.5041954000936,33.49205880605354
PRY,2018,12.4855236309491,31.61087519991176,38.84762670918569,36.6659028980306
PRY,2019,11.94027258556834,32.39070308666901,42.28070902697403,39.77169941258745
PRY,2020,10.64150769222879,28.14230046318337,49.61950531888593,42.48222312152328
PRY,2021,10.43356632154397,28.09685637700627,47.02939941698566,41.12408813683605
PRY,2022,9.90654754112622,28.36685777007361,44.83039897397477,43.35806679517124
PRY,2023,10.05265952339726,28.88600940600681,46.83496503562384,45.01098214808918
PRY,2024,8.871819786057785,28.37365599003446,49.78112270503451,51.51905033685441
QAT,2010,19.89533759586752,56.95668849647271,49.56229389333023,59.15196878889996
QAT,2011,15.77486118122161,61.52195860676426,42.65898916329077,54.95105632534362
QAT,2012,15.9563271929765,72.04111979467262,50.26047165455524,64.34327734922964
QAT,2013,14.30569684638861,70.79485875264105,55.64838968769743,68.45120540139266
QAT,2014,15.31068474051375,65.26043637623239,58.45841914693509,73.4139781365149
QAT,2015,13.87841811807659,63.69202600617292,85.23768839185165,107.4914434896634
QAT,2016,12.16265018534008,62.87154557345024,102.4427263921203,130.2453535637012
QAT,2017,11.70257429313264,61.10838405207782,111.192767406604,134.3219571590089
QAT,2018,11.25823877913857,60.97462122781451,94.61292995186275,121.8568699623716
QAT,2019,10.42321351664587,59.52320229505855,101.2137133670499,140.4785398663575
QAT,2020,9.095023964330585,56.47375345293642,131.1479966000287,186.7584989559813
QAT,2021,10.02092577282845,62.67805459797417,115.3794489663342,161.4371966830983
QAT,2022,,61.23059736020198,,
QAT,2023,,63.41635298722531,,
ROU,2010,35.42498848087004,59.21946609858499,30.47762580232122,38.83652998154307
ROU,2011,35.24371016741852,64.85408361521623,29.52202107963592,38.24367926537076
ROU,2012,33.19001291268429,65.01313458221827,29.16599839137741,37.08901439695487
ROU,2013,31.6618424996069,63.9410137618608,31.36312853519602,35.44714211252086
ROU,2014,30.78374375347277,65.21222559499456,32.18291850412241,31.42495246709174
ROU,2015,28.76190385015808,68.76051571583454,32.90536544707266,29.96073433755957
ROU,2016,28.11475371831016,67.00211279152649,33.05796244182016,28.37692371921257
ROU,2017,26.79983741795847,67.1299842451646,32.76120274685699,26.71758960833028
ROU,2018,25.70885697004503,65.029722811112,31.71018207797072,25.53518805446052
ROU,2019,23.78926535379108,64.7518101423556,32.09316131824398,24.53795212137088
ROU,2020,22.74215304466761,63.295693090314,36.90979324240714,25.69029983656021
ROU,2021,21.80906404397764,63.15216830339568,37.62297397400353,26.2930467619817
ROU,2022,21.51557000289479,63.38404411079406,34.53337651588758,25.12325020691641
ROU,2023,21.12275783515867,63.79235013163214,33.77493060376902,23.04528236506842
ROU,2024,20.78135011767276,63.78261549451735,33.65658256796059,22.60836448163139
ROU,2025,19.39406587656757,69.33300725568427,,
RUS,2010,35.16174750452107,95.8604898580706,28.72215585266769,34.08927869589902
RUS,2011,36.82060868736174,117.2403081029953,30.55903150582175,35.64326177690285
RUS,2012,38.28241479796173,142.2477390144343,31.12396369787434,37.89447699345628
RUS,2013,38.4814041475474,156.445631879995,33.67952762418491,41.47507346404743
RUS,2014,36.93450681684801,184.8933160976175,38.8952669136951,46.81988899410908
RUS,2015,32.79429067522504,172.043842987299,44.94216448807616,47.28927962087133
RUS,2016,29.96163546420883,167.7873240594073,42.94148259105147,42.80572493247881
RUS,2017,29.01080122026141,162.7930203907943,44.35873008128619,41.49871775636102
RUS,2018,25.99065851803108,159.4548264095401,45.13990879655861,41.70940926887442
RUS,2019,25.28961686597738,163.2389007330783,45.18216206899503,42.83023189684183
RUS,2020,24.19084273577291,162.2596093540155,50.16191232597192,48.60929043529466
RUS,2021,22.76129047079279,154.6647656046371,,
RUS,2022,21.37928460527007,146.1122741276097,,
RUS,2023,21.62852264268364,121.3326487686898,,
RUS,2024,21.22580299688211,115.3316871233505,,
RUS,2025,19.65205293284363,110.7555809151382,,
RWA,2010,4.931555729104426,1.41382485066475,14.60965613579698,9.793628940929572
RWA,2011,5.478102633806336,2.730875044315397,15.75348635577363,10.6426361022963
RWA,2012,5.642638510483307,4.641268859327115,15.7569472823054,12.79655465759251
RWA,2013,5.979473256303709,5.160578986060565,17.12488405980099,13.13583206433118
RWA,2014,5.857223420783681,5.541834467356868,18.53481523840797,14.25304883555364
RWA,2015,6.131119240196669,5.5472031220827,19.76306251804504,16.34622529700553
RWA,2016,6.198482208724881,5.673667925606299,18.69243275834872,16.63526173531205
RWA,2017,6.103119575818035,5.593378211697793,18.57922465009085,16.80115405917351
RWA,2018,5.69713470233073,5.122071809841947,19.76675997123292,17.71938335816616
RWA,2019,5.253780971038824,4.968390399772518,19.65541042622379,17.93989736019865
RWA,2020,4.528471063635962,4.201414820151143,23.28267488704918,21.47625158364812
RWA,2021,3.319197862143706,4.112388527729519,23.79376770538244,19.80664351640318
RWA,2022,3.150822903734424,4.110284013518215,23.93715743440233,18.43411807580175
RWA,2023,,3.970419111687199,22.77322266329845,17.52892457596536
RWA,2024,4.747933976842624,3.538554567646861,29.1447240942434,30.59330650398714
SAU,2010,9.288641063745317,62.72137591741177,49.7203875044995,39.14332607860451
SAU,2011,9.011218558247553,64.14155932023031,43.49500528300638,33.76024333752006
SAU,2012,8.813473208337546,65.90404201434522,45.31405467271713,35.94823892425994
SAU,2013,8.645407161597687,67.7337401943909,49.59265876686555,39.63648982257107
SAU,2014,9.148747410045011,73.47410187073417,54.80709426695404,43.5041805054453
SAU,2015,8.947344675170658,77.08860297171798,63.92054065874362,54.23591563180748
SAU,2016,8.833222520062021,76.96047307177271,64.74517106913757,56.74672942811989
SAU,2017,9.033010217007504,79.0841338626545,60.38506968259705,49.89849803951844
SAU,2018,,83.23988058540824,52.32273145495512,43.10819107005442
SAU,2019,9.412211639021749,84.58894819990893,56.1859842763668,42.76726894657634
SAU,2020,8.67309734937129,77.83668876711388,55.56641239028123,50.2384378422374
SAU,2021,8.560363942722088,71.85320196265562,56.94631838630274,55.39885366068686
SAU,2022,8.059130093208335,67.02606097478437,53.7952866633462,53.0870112581037
SAU,2023,7.54068363001239,62.36602728523467,63.95637384822159,63.10986072563386
SAU,2024,7.187943412999148,56.05703411844913,73.99569436615813,76.33324809304995
SAU,2025,6.862605746274381,51.96175269392686,,
SDN,2010,2.936529364885798,3.471834197026438,14.59093744211331,9.955379053919966
SDN,2011,3.052858724890362,3.722389116273846,12.62004273362863,8.792688357217436
SDN,2012,3.106074798578863,4.146316830178388,16.78990813534504,10.88582934072502
SDN,2013,3.220565034577547,4.305186641495834,13.51779621825255,10.15914779389114
SDN,2014,3.248457488826411,4.463178136206258,10.80621026372643,7.48957981838004
SDN,2015,3.342216990361489,4.754359003507601,11.19785124056906,7.880619211476518
SDN,2016,3.259644905788592,5.070558742337811,9.5278952170953,6.845465340363873
SDN,2017,3.264151257101668,5.301698858288727,14.04366826058086,9.139390449722852
SDN,2018,3.263236008846372,6.222371170990214,19.5495513147714,9.344633759292632
SEN,2010,4.196866735261508,,28.52365174349792,21.86225424021541
SEN,2011,4.510321163140471,,28.44189778070726,24.43190687185456
SEN,2012,4.74639188991098,,28.45502034067049,24.71741488226646
SEN,2013,4.657101201353969,,29.01831528386253,26.91510871194647
SEN,2014,4.687510957518232,5.327276232560091,31.59207855845895,28.11206175238789
SEN,2015,4.993484097714875,5.266936798304023,34.9142563507206,28.7944502861928
SEN,2016,5.00829987861765,5.536698489664466,36.67022765132058,30.10881653005886
SEN,2017,5.591774499710925,5.591774499710925,36.8864767750379,33.02597090699352
SEN,2018,5.420100066187348,6.009241377729452,38.35248039538664,35.05307984601354
SEN,2019,5.014890606106917,5.780049172811889,40.12740651070533,35.13946094160201
SEN,2020,5.011006245989698,6.398515943584455,44.44280547478902,37.08430607758315
SEN,2021,5.359832757793978,6.535911168676829,46.30807489201286,37.98058494765675
SEN,2022,5.205386000789468,6.797731271156193,49.77713797128153,39.41284952391711
SEN,2023,5.309042615567898,6.679118129262839,48.42450645566992,40.39325193468272
SEN,2024,5.272136218010789,6.277601665890127,47.74572320445654,38.86875515712845
SGP,2010,9.841225927707592,59.20793501028741,132.6557181920245,98.70441656847008
SGP,2011,9.594911342124568,59.69421531965145,137.4941478717891,119.6624677439231
SGP,2012,9.411985652916837,59.14552647017716,140.6947410381253,133.0655516100122
SGP,2013,9.1015395030261,58.12622535070768,139.678977567248,149.2124489730696
SGP,2014,9.002416802664715,57.47696881701318,137.9538280562449,152.2004502342286
SGP,2015,8.959197785567705,58.07960319650935,132.2515533927619,141.6375856931293
SGP,2016,8.70507432441386,55.96119208551767,135.1003144656224,139.7958770062837
SGP,2017,8.24018197577183,63.25611299425832,127.7714670289184,137.3681669813613
SGP,2018,8.131952870275931,64.63081945405871,123.4111484167954,132.0543838634993
SGP,2019,7.809086021376524,58.69796372589669,133.2024315183017,134.9328802964624
SGP,2020,7.00898973022799,53.92916955286851,158.5537679851411,140.8847155464519
SGP,2021,6.952086346165048,54.17616837326816,272.6599347953323,225.8640181085054
SGP,2022,6.431087271063877,51.08581550117826,244.4880993824011,183.8226440405144
SGP,2023,6.091829152161057,47.58523149046562,263.6322902661387,184.5139478773368
SGP,2024,5.889653772764028,47.00468902721864,261.9732058617287,179.1523005222192
SGP,2025,5.781171539588981,45.30437312274057,,
SLB,2010,4.453067845669392,11.13266961417348,25.55369678369893,15.97817745063525
SLB,2011,3.974489889509181,11.00627969402542,19.23335300036167,14.0972998547868
SLB,2012,3.818980332251289,11.16317327888838,20.76259520969074,13.4577291915206
SLB,2013,3.386644766363844,10.72437509348551,23.71260915867945,14.32604898828541
SLB,2014,3.795601440159632,10.5734611547304,23.60895828468747,15.969563760774
SLB,2015,3.646488561746772,10.67900221654412,25.10363314947015,17.70612158154542
SLB,2016,3.754035588257377,10.51129964712065,26.78002444274196,18.8797015796578
SLB,2017,3.848466626578473,10.82381238725195,27.05892501315483,19.00414053671707
SLB,2018,3.699935251133105,12.94977337896587,20.25780538495668,12.07606504292864
SLB,2019,3.585458277590662,12.99728625626615,21.74668661498239,15.23174804672742
SLB,2020,3.490233889298507,13.52465632103171,24.03899500673694,16.65213600697472
SLB,2021,3.600809970430996,12.49692872090757,41.2664965694332,19.40552652453734
SLB,2022,3.496007353954293,12.33884948454456,40.5709342831422,18.87722415750127
SLB,2023,3.39254319006823,11.57455911905631,38.97007484531444,17.28784122119427
SLB,2024,3.486088569890266,11.62029523296755,37.04003194241223,16.49806283107806
SLB,2025,3.383096172026681,12.0287863894282,,
SLE,2010,2.659627895422299,0.3961147929352361,10.99211469065573,5.267807758008201
SLE,2011,2.720116497918699,0.384662939099614,11.03580956450495,5.137889823954619
SLE,2012,2.721859574461272,0.373588569043704,11.33383558033151,4.611256540460082
SLE,2013,3.187488872942806,0.3628036115544658,11.78490131806238,4.385269897242253
SLE,2014,3.094828566626375,0.3774181178812653,13.35975710983221,4.561163201002179
SLE,2015,3.004710066242864,1.978711507037984,12.51199116333804,3.916568541261032
SLE,2016,2.914878440089769,1.682572107694094,13.36970866355625,3.957157177770906
SLE,2017,2.61948770173502,2.159928455816595,12.27023580344717,3.569333303325488
SLE,2018,2.763515093138259,1.604621666983505,12.05630833026529,3.577477039094586
SLE,2019,2.811647921986719,2.314202520404453,11.4983994487152,3.537787489895059
SLE,2020,2.729671402156608,,,3.518563956072655
SLE,2021,2.324204984277977,,,3.728577847412047
SLE,2022,2.257059696655137,3.682571084016275,,3.136118057851994
SLE,2023,2.192083425311103,3.576557167612852,,2.956786279686158
SLE,2024,2.13068779162621,3.476385344232237,,3.266507947117505
SLE,2025,2.236738595088122,3.382385192572282,,
SLV,2010,10.90592356450175,29.97917210953037,51.55953314930185,45.5453149983223
SLV,2011,11.75904287127146,29.99511951919855,46.44622020662805,42.96870663579144
SLV,2012,11.33453685220824,31.3408191547546,44.51371680628968,43.12464828706977
SLV,2013,12.03445757935017,34.19830416371323,43.80890502160888,45.10103224329452
SLV,2014,11.9638965356727,34.24149698140806,43.39856646141562,46.08892904529495
SLV,2015,11.75127775333683,36.68028894105138,44.13154318302057,46.28960655701964
SLV,2016,13.59563273335604,37.60637126738847,43.87108735245802,47.07678363948871
SLV,2017,15.24620287436419,38.30414288377378,46.89986952207017,47.52637542266182
SLV,2018,15.38205905388437,36.33956358145461,47.37528770728089,48.1581475924499
SLV,2019,10.71774949178361,36.90938679788056,50.88798868548309,47.85327187796793
SLV,2020,9.558281129296764,38.38553446685693,61.1942380293389,51.61929442229461
SLV,2021,9.396183939696805,37.64953702733685,53.77886137655915,47.21126916717683
SLV,2022,9.2047798066825,38.38179114739935,50.45974320977388,48.75859094164479
SLV,2023,9.387695507235412,46.66299211497151,50.7684902697349,47.59720667743231
SLV,2024,11.58220226763574,47.81854885496712,53.54986954840288,49.52972010954035
SLV,2025,11.80058670522633,48.53199039332519,,
SMR,2010,259.2513672846083,209.5319269834505,246.8733650002346,103.2384509280202
SMR,2011,249.728555917481,,271.3079155550286,117.809802086837
SMR,2012,246.5830632661688,,285.3111277855374,126.8049456824611
SMR,2013,246.0682571948219,,287.1041093574389,145.5304457299697
SMR,2014,237.9836296109328,205.5313164821693,306.2266634305063,142.1171188853011
SMR,2015,228.6694297556095,207.2316707160212,293.9106158848947,121.4726322034911
SMR,2016,223.0483271375465,219.5078775004426,275.7566288452365,108.176807652519
SMR,2017,186.3932898415657,179.4898346622485,243.0635791555506,107.6751702127204
SMR,2018,175.1785473655842,185.2850020212909,182.9195934751573,96.45370139563684
SMR,2019,137.0229262749816,167.1011296036361,176.2781102456856,94.82307777066544
SMR,2020,129.5207731393843,136.1628640696091,189.5139826158859,97.16011438052048
SMR,2021,121.0979547900969,144.6447793326157,166.058297745778,73.9453456372754
SMR,2022,122.6450447995094,136.2722719994549,153.0389181020929,66.45867367619064
SMR,2023,121.7820777375596,135.3134197083996,142.4090332617021,47.68569448998217
SMR,2024,120.7567422514424,134.1741580571582,143.237938168616,44.84380707951911
SRB,2010,39.85879149298591,45.8071469410542,35.92533370401296,45.8550916278146
SRB,2011,38.48416598438624,45.66464978440799,35.74714548062558,43.88246084329167
SRB,2012,36.34847410142861,45.13174336713271,37.20297735555996,45.60421191801624
SRB,2013,32.79445562017833,43.52511413740649,35.71099551022131,40.1324013890167
SRB,2014,29.66997755031704,43.07301760200466,38.83873406951739,42.71261914560515
SRB,2015,28.90839149563495,44.50608935440668,40.12473122787743,42.5464926452224
SRB,2016,28.84251704544797,49.33327313450189,42.85581667206667,41.68919032807447
SRB,2017,27.42170645777863,44.62259505402159,41.96458370702279,40.45716940549495
SRB,2018,27.06160122492166,47.57496314109685,44.89330150122339,41.65581661612387
SRB,2019,27.18583609543555,49.58602470032191,44.66944677123292,42.32230477931133
SRB,2020,26.99805012204065,51.42646742094406,51.36856662032735,45.80503802504988
SRB,2021,26.17609287749025,52.88151313867404,50.95769115197876,44.31101528826537
SRB,2022,24.31763029948703,53.80363303294286,47.94184407468483,41.66746494481879
SRB,2023,23.92143333984988,54.25952234344726,45.28157332958151,35.66290971245611
SRB,2024,23.97021528017071,57.0111993877231,46.82275212980849,35.18777298280425
SSD,2010,0.6993498556828811,,,
SSD,2011,0.7058973013546169,0.5882477511288474,4.934293774479647,0.4818801930503157
SSD,2012,0.8802799994622289,0.6081934541739036,11.2133417186073,1.328029505547886
SSD,2013,1.34007994270003,0.6777415802161071,9.811461082459056,1.519504166531267
SSD,2014,1.779027738136399,1.036477030044685,14.24463811331632,1.611622900998597
SSD,2015,1.581733133465535,1.028126536752597,28.98933416052951,2.220467026281157
SSD,2016,1.690606808024375,0.8863375498380218,34.20819054217318,2.966193889206451
SSD,2017,1.631859285483317,0.5676032297333276,22.83104783378113,2.017170214569659
SSD,2018,1.577970102845995,0.5558758316843845,7.716459316570957,1.62286330216193
SSD,2019,1.546865345371685,0.7309363719888184,11.38947512100348,1.205931272950218
SSD,2020,1.542315954625389,0.746805620134399,17.92069040648045,2.00828859807264
SSD,2021,1.466444439889181,0.819947428755241,12.0522476152699,1.350115114772274
SSD,2022,1.48805551643657,0.7977204830381615,12.9394720300777,0.6246768384796013
SSD,2023,1.447791271353292,0.8541968500984426,38.85343969162107,2.534826607399871
SSD,2024,1.699716092582987,0.9595171490387832,24.70234176746308,4.366192532386763
STP,2010,27.52833520019744,,35.44818154504857,45.12358261105156
STP,2011,27.84817176752346,17.63717545276486,33.58232611829781,42.84050083161867
STP,2012,30.93130521010544,20.01437395947999,37.97783303945968,39.63008167622379
STP,2013,31.2656328164082,19.65268348459944,44.06502887567687,33.57222195797712
STP,2014,29.80834984482124,22.79462046956918,45.47688505004648,27.75073830770892
STP,2015,29.22744973308461,24.92929536057217,44.63264189916728,41.46246934238786
STP,2016,24.41714588823683,22.73320479249636,37.34984618253519,37.87469251100925
STP,2017,23.89348449395248,26.36522426918894,33.81361075056099,28.52378272320532
STP,2018,20.14228510196025,25.78212493050912,34.30221701338913,26.27764692437496
STP,2019,19.68101018689087,23.61721222426905,29.4603773670977,23.94499389471089
STP,2020,19.14197989326432,22.20469667618661,29.14524051242241,21.49229686976488
STP,2021,17.08589002629741,30.45745613383452,25.72290424260632,17.79737233583532
STP,2022,14.43741021735521,30.31856145644594,24.71978846422245,14.21763645473744
STP,2023,13.33398833626915,29.47513211175286,21.25817697874273,9.206500318259748
STP,2024,12.97486291033004,30.7299384718343,17.6970333956869,9.360327855461977
STP,2025,13.9752172813544,31.27786724874556,,
SUR,2010,10.95750315028216,34.69875997589349,38.76989546074596,22.24734140815343
SUR,2011,10.79372422034617,35.97908073448723,39.19364405869938,22.01590122773413
SUR,2012,10.62720767588029,40.73762942420777,41.71799806105062,22.30527653440385
SUR,2013,11.9536497231983,41.58873966196075,46.96080536004959,25.66624353064795
SUR,2014,12.00694932822344,45.82243927301597,49.20022517896804,27.43246009320137
SUR,2015,10.60798202429228,45.80719510489848,57.75693909217811,33.14132451541844
SUR,2016,10.91265369642421,48.15801522552422,76.77978097266843,36.86784566339667
SUR,2017,11.21039577368079,49.27903142180515,64.76135040139027,29.64314353943762
SUR,2018,11.27540994169002,46.48230220859969,64.52118800081303,25.67922076935178
SUR,2019,11.10572193992031,46.91600901150009,62.46463145527085,27.20276428305973
SUR,2020,10.71397481769502,43.97193831428999,79.34489739008013,29.74600465893286
SUR,2021,10.57522621069816,40.7586843537325,76.04943635918488,23.61982666662435
SUR,2022,10.44495508669313,27.85321356451501,76.60435805346077,24.98811121623307
SUR,2023,10.30677692054978,19.32520672603084,65.35161829566967,20.69839519102194
SUR,2024,9.962523952451203,18.86520493123739,60.10808770853774,20.09015504599664
SUR,2025,9.838213715307214,16.7458956856293,,
SVK,2010,26.32831851999745,51.31828084856171,42.91133867914508,39.81055543187728
SVK,2011,26.02080744668199,52.67680295393112,42.67439298837352,41.69769401212627
SVK,2012,26.68510656339975,54.8126513194157,43.57649588009901,41.66393272523821
SVK,2013,26.94927252239081,56.32070638080217,44.91189773159635,42.89883686035358
SVK,2014,28.02920268034155,59.00081777269406,45.13339071579616,44.61050151314681
SVK,2015,28.28740966375438,59.55817200182311,47.21941888415007,47.43405651410115
SVK,2016,28.29707136194893,60.1856940890683,48.75023033118684,51.867847481549
SVK,2017,26.97163994101505,60.82224535528333,49.53574253416886,55.00981986902133
SVK,2018,25.67318621879042,62.03808951427812,49.88242376979903,56.78665402394216
SVK,2019,24.88727783259898,62.03311858711679,51.09367037732357,57.95779581691742
SVK,2020,23.4034238664851,63.35252414090385,55.87598454206668,61.13425925435086
SVK,2021,21.13670952964271,63.08259693299357,54.69013013939794,60.96226163423071
SVK,2022,20.70374777270396,60.75290219440009,52.32085186009438,62.81796191246134
SVK,2023,20.02849129582367,72.61971570498865,49.87414283211125,58.17526553355912
SVK,2024,19.35419178077393,71.74625165791421,49.75334030068931,56.36204250873715
SVK,2025,18.68350019405462,61.16986714587438,,
SVN,2010,38.82965266506156,103.1288286009102,52.66220097196179,88.7336819238408
SVN,2011,38.35728532705979,104.8432465606301,52.12328296839232,84.87529294060714
SVN,2012,38.51209268349763,101.6196663875771,52.47178128548211,82.15708974330433
SVN,2013,34.49126240293295,100.8599518372422,51.64908036058633,68.14959504790338
SVN,2014,31.89732812969078,96.20370623072516,52.78112414779359,56.63131290094953
SVN,2015,31.23502965905457,96.15154849508605,53.50198343114104,51.03665775616396
SVN,2016,30.67739559725304,95.3901948441486,54.90438155408715,47.01948357042176
SVN,2017,29.49635822472922,93.72781011178436,54.87091060515419,44.79712847943133
SVN,2018,27.93816353138387,89.72011865769618,54.58796719926797,43.19173646793834
SVN,2019,27.46938179225589,87.14619069617115,54.5180816712178,42.08362318690104
SVN,2020,24.6616035647227,79.5336714962307,62.79806669847471,43.2297004409622
SVN,2021,22.58944357280007,79.78994054055867,60.93697739059563,40.95912161252994
SVN,2022,21.41383746562772,71.15639741182547,60.15589856050382,41.19398054430949
SVN,2023,20.78852251812759,72.56580260327738,56.36798058519621,36.35428264051339
SVN,2024,18.5834964214362,70.80477568286078,54.54387984727057,35.63039715924448
SWE,2010,22.52926694982111,42.84652301296852,44.67008735106071,49.58985293947878
SWE,2011,21.74078407274223,45.2848341141348,46.00701515722023,51.07965671885523
SWE,2012,21.852413018938,43.12411488890365,48.96969052589977,53.74040948183279
SWE,2013,21.57704353105808,40.60749413374129,50.1698294399413,52.9810296678523
SWE,2014,21.12774604673353,40.22613286800002,51.18820046910916,53.83003635759974
SWE,2015,19.33419501782734,40.55736311210907,52.3316504184444,52.90191162274664
SWE,2016,17.57078625847213,34.82388097124171,54.84610464593348,52.64374483843214
SWE,2017,16.20796436663333,32.06568211133495,56.63099862161724,52.25652626160644
SWE,2018,14.93779959997768,31.93104042491228,57.86041090133452,52.02370722664344
SWE,2019,14.29308056351653,29.67470699776446,59.45703567120955,51.36462258537546
SWE,2020,13.81915064236156,28.34276096062939,69.94238970973385,52.39787945695042
SWE,2021,11.41370446643088,26.86126158391906,71.19173426807853,52.15944515483974
SWE,2022,10.58604384979744,24.59290536284821,69.09843482186746,53.28101580659247
SWE,2023,10.51715741764676,23.50016962787155,64.25679511885029,48.9481971036404
SWE,2024,10.16598245729803,22.18965004973012,62.8257016708639,46.48128120297113
SWZ,2010,6.026602304513925,22.63650621695474,23.09831481011677,17.11731361020673
SWZ,2011,6.820312341282625,23.50831062314437,21.67010852156145,18.91027663865725
SWZ,2012,6.742014657426759,27.54184711119017,21.4739177924017,15.82564179500388
SWZ,2013,6.525470614103528,29.0809016498092,14.82328141809864,14.3434396335918
SWZ,2014,6.447959361035262,35.60394951528166,22.53279420788368,19.1578749570727
SWZ,2015,7.474400179385604,35.57260826115001,21.18500552766308,18.44130402795389
SWZ,2016,6.83657842922774,35.82367096915336,25.72856727005498,18.49029218223934
SWZ,2017,6.068926824926296,34.79518046291077,25.62493120819078,17.74780793034877
SWZ,2018,6.504773043158505,38.09938496707125,25.92001769209029,18.96862986895399
SWZ,2019,6.139521274094355,35.0083340735593,8.296818789528974,8.529252859513923
SWZ,2020,6.289978267483251,37.09803508780938,10.67108487836456,8.367325876905946
SWZ,2021,6.053627573264658,38.84411026178156,5.174857771091801,18.49896609843811
SWZ,2022,5.962081163798243,38.25668746770539,,18.13486841386847
SWZ,2023,6.12589698446595,40.30840215778595,21.61165115886297,17.71135988041203
SWZ,2024,6.03636548019891,41.77164912297646,22.86081400324471,19.62466462355103
SWZ,2025,6.178061229339138,44.19689956373383,,
SYC,2010,45.9882442550623,44.5511116220916,58.01084373698739,26.58493306692933
SYC,2011,47.02701113952326,45.55741704141316,55.19258865729238,26.50145549483698
SYC,2012,47.88299138106155,50.78499085870165,46.43599114452162,24.27421120105739
SYC,2013,48.31673037843369,63.94861373616223,52.50672851929959,21.89657015542722
SYC,2014,53.04595454799263,65.60947009883299,62.25742043743329,24.99434644957033
SYC,2015,53.09589936284921,65.34879921581441,58.80132137800849,29.79917151696293
SYC,2016,52.25710495638542,71.01606570995968,59.84395194102724,29.54382269876981
SYC,2017,51.5184739963805,77.9382042509346,57.51148042860267,30.48327137546468
SYC,2018,40.48953149693716,80.97906299387434,5.818684239377045,2.938681759004552
SYC,2019,42.64612760238301,86.58456210180795,6.268272719409625,3.258162583881559
SYC,2020,39.64752075100078,85.6898029134533,7.129372862549926,3.369425092458556
SYC,2021,37.99343979939464,88.65135953192082,7.235414958257153,3.015271632627961
SYC,2022,31.40374751386999,75.36899403328798,25.76610602031113,12.94135510586838
SYC,2023,32.40948866190631,75.27365108571787,45.2258818099533,19.6718412278427
SYC,2024,31.91204628276132,76.17714273949476,49.54249631151601,22.59339431068677
SYC,2025,32.49687725320145,76.1645560621909,,
SYR,2010,3.7983329587755,7.412638157920404,50.16953996205998,46.98553834976995
SYR,2011,3.948167645272322,7.578167934515373,,
SYR,2012,4.077690267154718,7.884023448185831,,
SYR,2013,4.429784859058748,,,
TCD,2010,0.6023041303005735,0.4121028259951293,3.747878598976717,3.449851053531151
TCD,2011,0.6577524385024415,0.4588970501179824,4.025360407398948,3.651810949918278
TCD,2012,0.6344539166610845,0.3836232984462371,4.196961033731006,4.650940696921314
TCD,2013,0.8528384596031743,0.7391266649894177,7.073890649462554,6.680981723106381
TCD,2014,0.9307343398130236,0.7391125639691659,8.03144418033683,7.461742501154738
TCD,2015,0.9549556694988618,0.9947454890613144,8.485670318792085,7.961773725420717
TCD,2016,0.9765962562182516,1.259295172491956,9.354121941545548,9.405705910750417
TCD,2017,0.9799628606480408,1.389314435349121,8.27960947005571,8.496401401019789
TCD,2018,0.920908767123222,1.411262785981042,7.790278960237407,7.77166109422778
TCD,2019,0.820245602328296,1.305461310747851,9.512925630577284,7.959550717729263
TCD,2020,0.836800850100405,1.428140117504691,11.60698797359027,9.835713488754784
TCD,2021,0.814806754104723,1.576007800702556,12.11190842418138,10.70791203982639
TCD,2022,,1.699837011385714,11.03023594277521,9.483652340386692
TGO,2010,3.941014956278889,,25.58572867188847,17.75135885475104
TGO,2011,4.160697015814364,,29.23418112116814,22.22522685052383
TGO,2012,4.198184212945415,,32.15373972744488,25.94914176180335
TGO,2013,4.301404843522883,,33.44272106464748,27.83449277603871
TGO,2014,4.624371674945131,4.487014100441811,37.71288535726346,29.38928250800033
TGO,2015,4.993162265513633,5.082325877397805,39.65989889187802,29.59989937384907
TGO,2016,5.359741742905557,5.59843469501876,43.37277030903261,32.49300685306164
TGO,2017,5.300947011015621,5.174231146210467,40.92104372696926,30.74832679545774
TGO,2018,4.932685288101705,5.425953816911876,47.83966245374145,31.16051318922973
TGO,2019,5.200612632168069,5.920697458160571,48.95672137421032,33.8590254809226
TGO,2020,5.294099900832945,6.247816427085939,53.36929643827568,33.71080845648267
TGO,2021,4.86541910000727,6.285288487168924,55.19879243936531,26.80960557913509
TGO,2022,4.821386049117042,6.919241047587816,59.40093714208667,30.12462006508348
TGO,2023,4.683983101905237,6.811441075671356,52.34986435618332,30.6872253770204
TGO,2024,4.379362635903614,6.933990840180722,52.83824285182713,30.39269849492034
THA,2010,10.91170689022617,81.19507730832952,60.49396080455989,59.78870564745384
THA,2011,11.18850624835041,86.1718867787401,61.93786346149866,65.361390640375
THA,2012,11.48236329502105,93.14621479169094,71.37975140608717,68.11990798668516
THA,2013,11.84151311789245,100.2534418861211,74.05149744943391,72.36431446436373
THA,2014,12.23164813564989,111.6251407102326,75.42822145281015,73.285224587432
THA,2015,12.22314071289629,114.5194552983507,76.18315739536129,74.37425601085025
THA,2016,12.0357112040017,114.6137310378794,74.66384772332538,72.36680864253375
THA,2017,11.53287203431873,114.5399154163117,73.27085150791572,71.06710430286304
THA,2018,11.36059034991479,114.0967619686097,73.04532503709046,71.49904348471537
THA,2019,10.90403826399266,111.6742406840257,73.4054731413419,70.75973695960916
THA,2020,10.26821759876591,108.4731376884063,87.03401505881924,79.5243774002488
THA,2021,9.354151314407265,104.8244407914506,88.0085604421747,80.94703698581559
THA,2022,8.69537409395026,99.73388034242136,85.43177076333481,76.60193314869545
THA,2023,8.347189607857343,97.87498652943944,83.48212265640667,74.22533418504146
THA,2024,8.019987773610476,93.03022144168284,82.23685140749062,69.4967791895286
THA,2025,7.661129950432196,89.14383789427514,,
TJK,2010,5.543041197826383,4.550257699708225,11.51394016693152,13.28283405991572
TJK,2011,5.837072560669199,6.725761808660358,11.81026229728823,13.82805718789596
TJK,2012,6.303325890812607,8.450396272370652,11.04976839317468,1.224075683538388
TJK,2013,6.574547606912591,10.50394194923644,9.957575932781404,2.441971012597318
TJK,2014,6.733626143480703,13.1315036149873,14.13534741871541,4.392454296878426
TJK,2015,6.757343433987476,13.84165509865176,16.88453999041354,6.003723054609765
TJK,2016,6.566648294211331,14.14218864440661,16.15014336479267,8.401304610487623
TJK,2017,4.884114460861934,11.82197316498383,14.40779021479343,4.728249061054723
TJK,2018,4.499680219355198,11.42615426487949,12.72338979329911,3.702546609024588
TJK,2019,4.35021325931819,14.46775470333853,11.34534404183595,3.234711099004169
TJK,2020,4.373630718703727,20.73843348167634,12.50700354532905,3.032254223823017
TJK,2021,3.289370163103736,22.32976283799267,8.886619011370618,1.5896790187215
TJK,2022,3.438377841482418,26.70163693115175,12.36956016333617,1.409076102001566
TJK,2023,3.622927522501184,33.95547134059687,13.94830736367488,1.735585798451811
TJK,2024,3.629356486948834,44.51516833992345,16.09703183188995,1.039499367776458
TJK,2025,4.538985111839726,49.91438086363877,,
TLS,2010,1.735486598888026,2.366572634847309,33.57546912798533,12.5715021282367
TLS,2011,3.833867774501099,2.760384797640791,30.89638890861553,12.60413978450085
TLS,2012,4.17441915939125,3.428987166642813,35.73150144349156,13.42626775177304
TLS,2013,4.7782874617737,3.040728384765082,36.33445687236916,12.67320046786196
TLS,2014,4.917726436713778,5.198739375954566,40.29436915632934,12.20702626727758
TLS,2015,4.906985366279197,6.542647155038929,45.56075726877868,12.1199230689144
TLS,2016,4.761419802480435,6.084036414280556,55.88130954176311,11.12507997161246
TLS,2017,5.008051405721506,11.81386485452253,62.43853932545045,14.34109987698388
TLS,2018,5.862373912186628,11.47528510470574,65.0250395583248,14.25280351941356
TLS,2019,6.05990825298905,8.726267884304232,51.06822852549101,11.37669212062009
TLS,2020,5.538547109467616,13.19823992043347,51.14469661886595,11.88933285808784
TLS,2021,5.39189311661747,13.07820883605089,39.89353429366967,7.502159362811349
TLS,2022,5.379296432854053,15.4654772444554,53.54941272718952,11.26960911936265
TLS,2023,5.272129764687275,16.14589740435478,83.94082640107374,21.14887368778753
TON,2010,20.88461251584993,26.85164466323562,40.46197691292556,37.05424939814646
TON,2011,20.78539083958132,26.72407393660456,38.17020938584979,29.89011956750793
TON,2012,19.27610800551593,26.68999569994514,46.85025650953441,34.83593069402768
TON,2013,20.78230535144363,26.72010688042752,45.4815013721607,34.296368266419
TON,2014,17.85156424331682,25.2897160113655,48.05220640876819,36.10008903421951
TON,2015,29.7951582867784,25.32588454376164,51.57946658610116,38.3406948762109
TON,2016,29.85252850916473,32.8377813600812,55.19166113370408,40.88823252274687
TON,2017,32.82112486946144,41.77234074295092,56.2009198830874,42.22713150333328
TON,2018,32.66760709778009,40.09206325636647,58.17116124701896,43.98685088283207
TTO,2010,13.52226412219556,34.75793242677027,40.10515935119814,31.47772267887246
TTO,2011,12.53797923597514,35.91706833764307,37.41853271656842,28.4460446718006
TTO,2012,12.63481818964581,37.34290709384207,39.82026011795412,27.86592747668176
TTO,2013,12.47146222310329,40.02036385025683,41.28995212324907,27.71526408443841
TTO,2014,13.24152542372881,40.18756667061752,43.95192348352685,30.02960000893497
TTO,2015,12.90207234929228,40.73368555990847,48.89973449022849,35.96433241716774
TTO,2016,12.84106793658714,41.7334707939082,55.29634046579623,39.9893534394976
TTO,2017,12.15287771920639,42.76350956833527,52.91784956587776,40.79919393929163
TTO,2018,11.81464816432176,43.25978866320891,54.8234741367264,42.53171613394833
TTO,2019,11.56240628127721,44.44299914365928,58.70008813251471,46.73534011154565
TTO,2020,11.25599832150553,44.21356140687372,69.87806557862343,51.54041308550838
TTO,2021,11.13165879670359,44.52663518681437,61.04221202737893,45.0469900367167
TTO,2022,10.48492321810074,44.62813472319803,53.25757679597454,41.26682748793627
TTO,2023,10.34800519898054,44.96029845074305,61.06253304314501,50.36013359213606
TTO,2024,10.48597145860752,44.34321828682331,61.63686800916219,54.27703538829599
TTO,2025,10.36764373586079,43.8631081132572,,
TUN,2010,16.36980868153689,20.33973234382578,55.27969202916755,60.27389652980772
TUN,2011,16.83479255054374,21.08588045359471,56.69687665469842,66.73473179294785
TUN,2012,17.38775312602083,22.18106894298039,57.80955179434163,66.72002359901812
TUN,2013,18.01361345016471,23.00948384708127,58.02674034684303,66.75504060745263
TUN,2014,19.10340715438468,24.33480172897003,58.45761751066653,67.32738572768137
TUN,2015,19.83611848510759,26.1957900604856,57.98766244216721,68.2475666525791
TUN,2016,20.49039341093594,27.53216241413082,59.31347505250346,70.56608880441914
TUN,2017,21.54883357067949,29.77698616617527,61.50182781219827,74.47041495711495
TUN,2018,21.9637996647344,30.56326254999714,60.51717552278766,73.48755497469642
TUN,2019,22.15207025152383,32.09239010043096,61.21611323111685,70.5098848767959
TUN,2020,22.26170196898456,32.851895694841,68.8220548127752,77.80617606554421
TUN,2021,22.28698536281498,33.23691861799455,68.20058234644797,75.41761074367277
TUN,2022,22.50804034782761,33.31803926792407,69.81419435381561,76.44689615910345
TUN,2023,22.42043754671602,34.78584577277131,68.87664415215073,69.96766080723295
TUN,2024,22.3680086435304,35.43924667635089,69.34560027050493,65.55752025852247
TUR,2010,17.43666134151411,51.01113632753397,48.60601217216075,41.02359881626957
TUR,2011,17.76093713517928,58.70042163329158,44.78226344190263,44.22854245300612
TUR,2012,18.15799526922323,64.53610487253808,43.68844435712816,45.29348306993332
TUR,2013,19.20776992227524,73.27137221508265,45.63945562077218,51.53876704934893
TUR,2014,19.18715189708815,77.98052745333419,45.16333813957375,54.44976122657968
TUR,2015,18.77810029869824,81.06504051866715,46.42327237179423,56.96224741978883
TUR,2016,17.77763990692397,79.89707647421253,52.23255614559227,59.31843087366337
TUR,2017,17.10870653891646,80.94321325411624,51.24408196395557,59.6570646439104
TUR,2018,16.66702831023624,82.99320462678368,50.49902615295641,55.53063124899366
TUR,2019,15.98454844798114,83.34789034376556,50.7376447368674,53.46699276718935
TUR,2020,15.38400045939262,81.9869240188767,58.4113554576268,61.22621305685097
TUR,2021,14.96112362148259,80.10703306840776,61.56909721637469,57.22800315175759
TUR,2022,14.4427658068926,78.72139147080424,50.02561988668096,43.41910114432829
TUR,2023,14.06636451098069,79.37202206846302,47.11684652703623,37.50577616616174
TUR,2024,13.69837666197952,81.09462801977789,36.94690884550897,31.6282986919443
TUR,2025,13.31969222281247,83.32400777950232,,
TZA,2010,2.047400300187298,4.066194208954814,22.03853184254109,12.08012419859624
TZA,2011,2.118472941229117,4.756646173284104,21.36770201036574,12.83056524273434
TZA,2012,2.26074980766325,5.232789945968849,20.61845108378734,12.92108386938646
TZA,2013,2.514473847091423,5.676164335298095,19.80141712499548,12.83590141622365
TZA,2014,2.64667582550754,5.789603368297743,20.06161936836455,13.50956080152114
TZA,2015,2.647454555610892,6.136965992129436,20.61302123785768,14.74908124524929
TZA,2016,2.824476379383667,6.611539638062004,25.60522966069717,14.24111202964759
TZA,2017,2.75427117239352,6.919344807945537,24.60001514674304,12.59573779973143
TZA,2018,2.520088885454468,6.637678833432899,16.24539726864853,12.03676763649941
TZA,2019,2.675266024199384,6.201344535378191,15.67956826072934,12.09735957577525
TZA,2020,2.49078294460128,5.960501511615621,15.69203625838057,12.03377179824709
TZA,2021,2.462926242971704,5.73190107455233,17.08137632327103,12.71776560953432
TZA,2022,2.357880703255922,5.638881176672888,17.76814880809941,14.64990979625727
TZA,2023,2.738758979984468,5.595454949537645,18.27329577922357,15.43628717545578
TZA,2024,2.444327707842987,5.518139602129443,20.52659368444284,17.56024836340515
UGA,2010,2.542309282191197,3.660680913539728,12.33215817459373,10.15675319615824
UGA,2011,2.477110669737417,3.91962857765133,10.38647809649398,10.04733972897091
UGA,2012,2.802239710104299,4.277704700322481,11.05204528559675,10.04716197662682
UGA,2013,3.013921608064878,4.938407332113644,11.35701092181164,9.91197645189311
UGA,2014,3.110253304790846,4.540009540955421,12.14464733258943,10.41837130032874
UGA,2015,3.094054801919176,4.7308764964668,12.87435660715828,11.07397761063764
UGA,2016,2.937036999200812,4.626569988707633,13.71307308147131,11.09938272187615
UGA,2017,2.709378344388894,4.265630265387359,14.03831249552167,10.65214175621998
UGA,2018,2.62673126692359,4.213527970833063,13.61862944293358,10.59317441459094
UGA,2019,2.615601773000669,4.107781145138756,14.42933219988408,10.70031432471715
UGA,2020,2.480294491442512,3.966828607174613,16.6040389239796,11.41062047273572
UGA,2021,2.297645874600479,3.744019864271792,18.98478693833248,12.53189568794783
UGA,2022,2.31500562356612,3.631902265168486,18.39453436137898,11.55717195318136
UGA,2023,2.23624793669468,3.607324540504206,18.00083108756502,11.26594965699209
UGA,2024,2.082373304937505,3.608738771651901,17.23860359884765,10.73454455142273
UGA,2025,2.038842759691353,3.578237460800597,,
UKR,2010,49.18257280795198,75.5959001022348,36.45682367278055,65.83386365311124
UKR,2011,51.43211713191437,83.0611574491865,35.85125740869283,59.75699660700113
UKR,2012,50.16868614080188,91.37940051200472,38.83907979604519,56.4624399036499
UKR,2013,49.37387146706159,102.4496407331037,43.73808504585728,60.43938052510719
UKR,2014,39.60636455014227,93.4998398320866,40.41766442955231,62.39562064125741
UKR,2015,31.42904121080304,85.7328690442642,34.28161060496926,48.41224144940167
UKR,2016,27.01797344555398,87.3945037256942,31.92056287226787,41.32148066204068
UKR,2017,24.92437758637238,96.25096470763278,28.42422883761384,33.68410198619193
UKR,2018,22.45677247824332,95.67730535886012,24.76505383212435,29.80178475370853
UKR,2019,21.22912619292274,94.43636301989774,25.39115445589759,24.06626105582775
UKR,2020,19.04289430435433,91.82225783048544,30.31258429928049,22.0422131662157
UKR,2021,17.95431718327117,89.43372871050678,26.19697466950873,18.4688559821437
UKR,2022,15.43845880822992,80.87887673915039,33.38864850182245,18.61911676657332
UKR,2023,16.06742430530036,90.10868827106476,34.56299497833806,14.86374094762953
UKR,2024,15.54813017401299,89.0252377531176,34.11946484852568,14.04228110060666
UKR,2025,14.48773362473673,113.2771934150784,,
URY,2010,13.76559632369393,34.35582631772625,33.57720221813429,19.49382010445346
URY,2011,13.72089464858129,40.08351245652962,34.21687518973134,20.2751752268679
URY,2012,12.91190213008071,43.29510209789674,32.52788499971934,21.57054920317252
URY,2013,12.76050961285376,45.59501494503268,35.37159623676867,24.57308147050837
URY,2014,12.38322561441816,52.71391454211035,37.85541343062741,23.96666739622943
URY,2015,12.1619275939829,55.53821424496833,43.88784244646259,26.85262252800864
URY,2016,11.60922161667024,83.28680282411167,41.56590822180835,25.18343006874626
URY,2017,11.13696907572841,86.1159615487762,39.43842170567753,23.41520669864211
URY,2018,10.18937037472058,121.8278174257501,41.18324734065205,24.59261982070289
URY,2019,9.993284955017312,263.2917143130022,49.62200365414702,25.05561451301744
URY,2020,10.16248231654702,265.9121726726815,60.57384130505501,27.34756493189062
URY,2021,9.79295214388916,280.7069342140169,59.72221172208471,26.21766734657157
URY,2022,9.656125335778096,304.1497289726028,55.55971490847034,26.17454028732795
URY,2023,9.038099400218655,317.7853825257604,53.53016883078711,27.72578611948772
URY,2024,8.60112465125692,306.4602396750365,57.6126943407029,29.85056610171678
USA,2010,35.18962290697529,,49.64405881463688,46.91554075942049
USA,2011,34.9361685135098,,52.38548756468463,45.06410209154328
USA,2012,34.70990147761407,,52.95683818394913,44.12993149357541
USA,2013,33.48609819779296,,53.25114072748868,43.02971889453473
USA,2014,32.28623898201429,,54.38899371738899,43.46483796542789
USA,2015,32.57677741021345,,56.13967750751571,44.64760863623941
USA,2016,31.99138903651288,,58.92654042297486,45.94166414072928
USA,2017,31.10038189043486,,58.29119268206872,45.75147995370205
USA,2018,30.75291645136246,,57.81730470154104,45.41937717016778
USA,2019,30.3028977155707,,58.76991964939606,44.9589704723427
USA,2020,29.50721825740689,,73.09441150129074,46.37158394455404
USA,2021,28.20735719080002,,74.22781597619206,42.75885803808299
USA,2022,27.11253417865773,,66.14918733105445,43.16660194025432
USA,2023,26.46193983478183,,60.13484856546862,41.32312917501256
USA,2024,25.73749861694919,,58.58501485357154,38.51863806283386
USA,2025,25.37949403938172,,,
UZB,2010,39.31825487430354,,13.0827024819529,13.48060473742941
UZB,2011,46.42198080548423,,12.85724719851039,13.87738860057552
UZB,2012,45.845995260184,,13.4954214423407,14.57854171450291
UZB,2013,47.37403913883485,,13.81419512037868,16.67358035658568
UZB,2014,31.74651409922777,8.61000454902914,12.66967720308381,17.21404096121429
UZB,2015,30.91433395373691,10.63743406038343,13.57913124635568,17.94360629218785
UZB,2016,28.27906946789418,22.15633562295552,14.55754677299905,20.5974957939172
UZB,2017,38.76472507062719,24.84330127421169,16.71427241450718,31.0200215932082
UZB,2018,36.74139709303877,29.848305420011,14.77905819963697,35.34035840692488
UZB,2019,41.04491949979295,39.51217512098269,15.30439020095698,35.58011136273311
UZB,2020,43.8361555780544,50.00160810256567,17.17670374689819,41.46094238006556
UZB,2021,49.96706364558391,54.12018109766936,19.03508435958372,39.77708985619898
UZB,2022,53.33750832587004,84.00688478034667,21.77013040529725,39.17833695683491
UZB,2023,55.97649052317123,108.1511564870346,20.06555170622905,39.13750462329237
UZB,2024,56.61407288617809,119.3873162203131,21.22218081469088,36.65136653418547
UZB,2025,60.02536525348344,157.4674056414181,,
VCT,2010,20.79510703363914,25.68807339449541,54.01043785429379,48.84382273745344
VCT,2011,20.78874961785387,25.68022011617242,55.21641302009904,49.28503216090673
VCT,2012,20.7930722375792,19.56995034125101,58.24189368267497,50.76214686930095
VCT,2013,20.80045026857052,31.81245335193138,56.10648977815985,48.96941719278841
VCT,2014,20.81471232843167,31.83426591407197,59.44758742613038,48.53469374980831
VCT,2015,20.83052529683499,34.30910048890468,63.71600760754394,49.82474945992718
VCT,2016,17.17833566467889,35.58369530540627,61.50890321453368,48.32972690840495
VCT,2017,17.21593703885883,36.89129365469749,60.68232902379355,46.88834299919214
VCT,2018,17.26817475392851,37.00323161556109,58.10830859669722,44.50551542757581
VCT,2019,17.3338120767145,37.14388302153107,60.74273407758464,43.71810679130659
VCT,2020,17.39065624883545,37.26569196179024,67.62081711029941,47.4737457408549
VCT,2021,17.47008248374658,38.68375407115315,72.35977069574125,46.38714941094765
VCT,2022,20.07679373604035,38.89878786357819,66.44917121228052,42.22251885651509
VCT,2023,17.63446277868749,37.78813452575891,61.08819170179609,38.57108536739774
VCT,2024,17.67810692729247,37.88165770134101,61.91256009231214,36.36773833828851
VCT,2025,17.70605420582023,41.73569919943341,,
VEN,2010,17.34702243112579,38.02582171617499,2558885492356.184,1742900562220.223
VEN,2011,16.89059224651297,41.47994853743423,2978174729587.812,1937666098956.602
VEN,2012,17.01710103932423,42.15556574882032,3783782846704.122,2274087909760.234
VEN,2013,16.93604202206659,44.16156391821137,5107645317147.158,2619297008161.338
VEN,2014,16.79892738478628,44.70771808957714,4320208084329.587,2389523830416.893
VEN,2015,16.22586846205005,47.50690123265581,3775626464786.702,2295911493352.053
VNM,2010,3.27189826318907,17.33438963996323,87.76856371225615,86.11562238833515
VNM,2011,3.593521869071724,19.91279511425423,76.31408405181973,76.05740877944719
VNM,2012,3.150453779278032,20.97705318549615,77.8093786199422,72.10164246313018
VNM,2013,3.692646461803847,22.15733028279706,85.67311965549717,75.15498180101496
VNM,2014,3.879248463898665,22.9799563220151,90.73806676842764,77.58407762255351
VNM,2015,3.795761013727289,24.00627494006688,100.1073390610917,87.48914196747855
VNM,2016,3.872907063214958,24.49943237092387,109.0703626580521,95.55655908992244
VNM,2017,3.48786609752588,24.40811197304081,112.3516521013473,100.4216243170284
VNM,2018,3.95980939511211,25.60924746936283,113.8077992992818,101.6094831821879
VNM,2019,4.023028469554191,26.16604991367331,119.3908537897912,104.1687841626267
VNM,2020,4.039983865954953,26.47834552466337,131.3525665829711,111.5035954896902
VNM,2021,2.929523439874425,27.20709889267081,137.2683480491174,119.9556400408837
VNM,2022,3.026817564051251,27.74648710784759,131.3749439423134,120.588601379427
VNM,2023,3.071877752257351,27.34166860512371,138.7311008404218,128.3307852310833
VNM,2024,3.096693939370138,27.24342610633712,141.4522120047958,136.4297577401856
VNM,2025,3.138669880188295,26.65700398649351,,
VUT,2010,20.38832972006823,27.86405061742659,80.97575235399101,67.22721398239892
VUT,2011,20.58555956199242,28.55416326340884,75.52717509614688,68.63652855380596
VUT,2012,22.0888230555339,34.43257711597931,75.59398366003639,74.39879904154277
VUT,2013,22.26888082967487,36.26646306547051,85.32751213524521,74.2384087485354
VUT,2014,23.07121522949624,35.54214238057528,86.28072324448112,73.8023593321439
VUT,2015,22.00704225352113,40.95755086071987,87.59631875166068,68.39537186888572
VUT,2016,21.5745851387066,41.95058221415173,92.1913145136334,65.10103267659228
VUT,2017,21.12924052118793,50.47540791172673,91.16949634828796,63.47761021003931
VUT,2018,21.24544227843013,49.38129826878355,100.542814897143,60.29413224042631
VUT,2019,21.89756431707673,49.40988871545519,97.07957189390414,58.25500232666356
VUT,2020,21.94329851663302,49.3724216624243,96.30226152922452,58.94557272060155
VUT,2021,21.96048184510897,58.91836592590212,102.604654451356,59.76299098000085
WBG,2010,10.45596651544915,15.22934253337158,16.90576865213703,5.65929010584962
WBG,2011,10.73437653289317,16.62948495669515,15.95990048228422,6.125873511664476
WBG,2012,10.61725931440647,18.54822410348118,14.58088809880344,5.930369805129674
WBG,2013,10.51071306498186,20.19381092799665,15.62645864287029,6.365416688943242
WBG,2014,11.05456977825337,22.06894112094945,16.28258310073475,7.304297134341457
WBG,2015,11.34074600991494,23.15076426851602,16.57018370265298,8.044797488264349
WBG,2016,12.33916714430161,23.68815420912222,16.78546130954335,9.216449785348528
WBG,2017,13.10938140106514,24.05869427581841,19.37221506575854,11.28260492347091
WBG,2018,13.23685779480477,25.02310103675422,19.88564389849903,12.17527471816412
WBG,2019,12.98719173506411,25.23326655046424,21.09124980653022,12.24517681925723
WBG,2020,13.44648966009538,24.11449548736493,27.44214332562317,14.71895800367662
WBG,2021,13.05984507425621,23.65431123143345,27.16328143498373,14.15536869315047
WBG,2022,12.64455131407934,23.41344028489371,24.65512767976589,13.74562160760598
WBG,2023,12.50135457516596,23.18090370972985,25.90931435727709,14.59287572064639
WBG,2024,12.11554137091165,22.64416044638903,,
WBG,2025,11.75050916406523,22.40588271334352,,
WSM,2010,24.40563854407742,24.40563854407742,42.72716801059718,44.73204590372149
WSM,2011,17.5097762917629,26.68156387316252,35.97318684920276,45.8832001839162
WSM,2012,18.13969211995284,27.20953817992926,38.30255686543246,50.1395340349592
WSM,2013,22.00596606191012,34.23150276297129,39.4892783788941,43.80258817663683
WSM,2014,23.41239726801544,40.36620218623351,40.20830171654159,46.77981331601884
WSM,2015,20.80449377065446,40.00864186664319,34.48623709914209,46.7738191938225
WSM,2016,22.22998507415288,46.04782622503096,44.53388248682182,45.85409638057602
WSM,2017,22.06183617510795,48.85120867345331,45.65116522853403,48.31235737557416
WSM,2018,22.65324136638103,50.77450651085403,54.85416580002138,49.90157461154874
WSM,2019,22.46251084397075,51.12157640351964,55.8842003783819,48.74910975686618
WSM,2020,23.05262915235483,56.8631519091419,56.51040031366852,50.114496862868
WSM,2021,24.42244728185794,59.52971524952872,62.31846372230457,54.8516057754743
WSM,2022,24.28473855961144,57.67625407907718,65.52435881892615,54.10596676146553
WSM,2023,32.39073775554786,59.50856471368094,60.12876844541211,52.90325890917019
WSM,2024,23.85211687537269,66.33870005963028,61.64265256706813,41.00801595198142
WSM,2025,23.55781972378456,66.2563679731441,,
YEM,2010,1.739306119825112,3.102922117768,22.37857402153049,6.725454071843584
YEM,2011,1.65229194968577,3.358099428106302,19.26750183248172,5.536442946044876
YEM,2012,1.591344939027007,3.820516392076983,23.71936793976827,5.155318059824506
YEM,2013,1.559188181030569,4.441512149150823,25.62324285489531,6.218116395384585
YEM,2014,1.528057289084949,5.872533895306863,23.95960739108299,6.001163458139686
YEM,2015,1.475591118908919,5.80977836621394,21.94416796118664,4.37325788705196
ZAF,2010,9.520143112809691,53.92222048489082,36.74716006248173,60.24506375643774
ZAF,2011,9.9759289115359,55.80609712161837,37.75194639570767,58.80731471482068
ZAF,2012,9.66046928645483,55.585618485002,37.65496434064185,59.88534608574229
ZAF,2013,9.789071036906003,56.39551273292193,37.5103234193181,58.58418649904837
ZAF,2014,10.49618975983978,63.50043852788976,38.30794995395359,58.63351389846761
ZAF,2015,10.03788255564293,66.25199211517194,40.26673495004177,58.95455860520952
ZAF,2016,9.824668172563474,66.85257836866356,40.07683491418841,57.56442419511908
ZAF,2017,10.15832425574191,66.17664522889389,40.44276790691803,56.20265169230539
ZAF,2018,9.844982322545553,64.87803147651086,40.72182786736998,55.3169475629243
ZAF,2019,9.226944184780866,62.82184604605438,41.75455232136346,55.50369968607377
ZAF,2020,8.805490735789112,55.95885969777104,47.68947428974106,55.76744278020263
ZAF,2021,8.893403584870278,50.62859126005748,45.69500000884223,53.03369644884827
ZAF,2022,8.47699641044024,46.91286437512885,46.09801513720259,54.51470906193247
ZAF,2023,8.083726950409407,46.77731962619751,46.91690324862226,53.5187036775236
ZAF,2024,7.978546079560628,45.9614844699445,49.2235125286216,53.93214945744701
ZAF,2025,7.999231973922046,46.17388750010735,,
ZMB,2010,3.783588339193899,6.514699640372593,17.73780860231092,9.426603622213108
ZMB,2011,3.918965054010405,6.694363256194824,18.39581553337235,10.50526360929563
ZMB,2012,4.129409493202409,7.973604516904352,19.16784890946739,12.65811239000739
ZMB,2013,4.354955167291894,8.90133693534387,20.4234719532261,12.54231600313629
ZMB,2014,4.591500647770757,9.95594235936222,20.9167776250445,12.96837818295931
ZMB,2015,4.56051638393319,10.70052868620422,25.3085007670623,14.28500756488686
ZMB,2016,4.567448182782843,10.89325669884359,21.58695756440637,10.78954538300283
ZMB,2017,4.401580808115771,11.01428436960425,21.80816737001935,9.854142029325914
ZMB,2018,3.725421679882285,10.99696667002685,22.25787597462405,10.53513297584168
ZMB,2019,3.130767250215432,9.661202005266029,22.94659752227569,10.84340978312838
ZMB,2020,3.009225823416777,9.555449383895734,31.63052191480334,11.83492765424341
ZMB,2021,2.74229811728282,8.40554569499392,25.54633958199391,9.465285880421758
ZMB,2022,2.663726510285519,7.991179530856556,29.76389786952172,10.61898817768575
ZMB,2023,2.602001795630632,8.362983407042861,32.00163701842947,12.74255731940745
ZMB,2024,2.508346261734633,7.701344273249144,30.34450297559617,11.86534615316755
ZMB,2025,2.458344207769976,7.436877760612316,,
ZWE,2010,4.67927881272501,5.257616643511247,,
ZWE,2011,6.066268856256317,4.299646662571394,,
ZWE,2012,12.68266670093257,4.805792650606667,,
ZWE,2013,13.44336116079417,4.756685973639566,,
ZWE,2014,14.49940339034967,5.925297316229477,,
ZWE,2015,5.896904310674139,7.021890248349918,,
ZWE,2016,5.682879996153127,6.909313499596431,,
ZWE,2017,5.487287169734647,6.701394092322357,,
ZWE,2018,5.313694415959728,6.420714085951338,,
ZWE,2019,3.62410384630244,6.176931712880259,,
ZWE,2020,4.010222949458826,5.92621835864471,,
ZWE,2021,5.989579873443444,5.837117840301248,,
ZWE,2022,5.723437123300315,3.986155463900033,,
ZWE,2023,5.600600234161409,3.848457144144432,,
ZWE,2024,5.45993662203177,4.1381642554319,,
