country_code,country_name,year,FT_Mobile,FT_Broadband,FT_Internet
ABW,Aruba,2010,131.649919092235,19.1951175659748,62.0
ABW,Aruba,2011,,,69.0
ABW,Aruba,2012,132.661183337755,,74.0
ABW,Aruba,2013,135.338052614131,18.7211139062774,78.9
ABW,Aruba,2014,135.141671422905,18.573515327987,83.78
ABW,Aruba,2015,135.337479843354,18.2369653689626,88.661226932496
ABW,Aruba,2016,,,93.542453865048
ABW,Aruba,2017,,,97.17
ABW,Aruba,2018,,,
ABW,Aruba,2019,131.682169673877,17.7444058425791,
ABW,Aruba,2020,131.284916201117,17.6908752327747,
ABW,Aruba,2021,131.09206195727,17.664887781476,
ABW,Aruba,2022,130.647974615427,17.4862221892338,
ABW,Aruba,2023,,,
ABW,Aruba,2024,,,
ABW,Aruba,2025,,,
AFE,Africa Eastern and Southern,2010,38.5271319772483,0.196025141368356,5.3
AFE,Africa Eastern and Southern,2011,48.0159935090946,0.29238007125147,6.8
AFE,Africa Eastern and Southern,2012,52.7679765565158,0.351953126198483,8.4
AFE,Africa Eastern and Southern,2013,57.6880768277277,0.452910908034707,10.0
AFE,Africa Eastern and Southern,2014,61.9358160623131,0.535180357803304,12.1
AFE,Africa Eastern and Southern,2015,66.5,0.5,14.3
AFE,Africa Eastern and Southern,2016,63.6,0.5,16.3
AFE,Africa Eastern and Southern,2017,63.5,0.5,17.3
AFE,Africa Eastern and Southern,2018,65.2,0.5,19.6
AFE,Africa Eastern and Southern,2019,67.9,0.6,21.6
AFE,Africa Eastern and Southern,2020,69.9,0.51,23.5
AFE,Africa Eastern and Southern,2021,74.7,0.62,25.0
AFE,Africa Eastern and Southern,2022,77.7,0.67,26.8
AFE,Africa Eastern and Southern,2023,82.3,0.78,27.8
AFE,Africa Eastern and Southern,2024,87.3,1.03,28.8
AFE,Africa Eastern and Southern,2025,93.1,1.41,30.4
AFG,Afghanistan,2010,36.1186814254474,0.00530333503051839,4.0
AFG,Afghanistan,2011,47.0151842862822,,5.0
AFG,Afghanistan,2012,50.1966555403702,0.00490837150246626,5.454500198
AFG,Afghanistan,2013,53.1490159728276,0.00474342738053014,5.900000095
AFG,Afghanistan,2014,56.1322103822265,0.00457421345713473,7.0
AFG,Afghanistan,2015,58.256016446556,0.0208886536333134,8.260000229
AFG,Afghanistan,2016,62.2553342863232,0.0253626650734575,11.0
AFG,Afghanistan,2017,67.0507903920361,0.0257278621511121,13.5
AFG,Afghanistan,2018,59.8109345283062,0.043542941562346,16.79999924
AFG,Afghanistan,2019,59.6470805870469,0.0519942336405782,17.60000038
AFG,Afghanistan,2020,58.0461137722591,0.0680079200431626,17.04850006
AFG,Afghanistan,2021,56.6944760468967,0.066424315829547,16.51429939
AFG,Afghanistan,2022,56.2655188632539,0.0796301678593983,15.86629963
AFG,Afghanistan,2023,55.5474967036959,0.0800873028793967,15.92840004
AFG,Afghanistan,2024,60.0990815591219,,16.09499931
AFG,Afghanistan,2025,,,
AFW,Africa Western and Central,2010,52.27223728058,0.105775943595984,7.3
AFW,Africa Western and Central,2011,58.249872484352,,8.7
AFW,Africa Western and Central,2012,67.1094646656648,0.108365892133372,10.3
AFW,Africa Western and Central,2013,75.0120031475166,0.106400199967978,12.6
AFW,Africa Western and Central,2014,80.2975320892204,0.132959962499429,15.0
AFW,Africa Western and Central,2015,83.3,0.1,18.6
AFW,Africa Western and Central,2016,82.9,0.2,20.9
AFW,Africa Western and Central,2017,81.4,0.2,23.8
AFW,Africa Western and Central,2018,87.8,0.2,25.7
AFW,Africa Western and Central,2019,91.3,0.3,28.5
AFW,Africa Western and Central,2020,96.7,0.37,31.5
AFW,Africa Western and Central,2021,95.2,0.36,34.7
AFW,Africa Western and Central,2022,102.1,0.41,37.5
AFW,Africa Western and Central,2023,101.4,0.48,38.5
AFW,Africa Western and Central,2024,91.8,0.57,40.0
AFW,Africa Western and Central,2025,86.5,0.69,42.4
AGO,Angola,2010,40.3667552771914,0.0643919840565448,2.799999952
AGO,Angola,2011,49.8515258181069,0.0653099765004654,4.699999809
AGO,Angola,2012,50.7801125088641,0.081469909077961,7.699999809
AGO,Angola,2013,50.7734882643713,0.0851575464292457,13.0
AGO,Angola,2014,51.7384393645114,0.323076272251349,21.3623407584103
AGO,Angola,2015,49.3097223014385,0.545394210158053,22.0
AGO,Angola,2016,44.5502272379157,0.290319010302891,23.20000076
AGO,Angola,2017,44.0682088632918,0.32055404693903,26.0
AGO,Angola,2018,42.4588784507729,0.350066962955579,29.0
AGO,Angola,2019,45.8065312825399,0.367770426844486,32.12939835
AGO,Angola,2020,43.7804317055698,0.363264238710965,33.32089996
AGO,Angola,2021,44.3868689341257,0.39092529517689,34.55649948
AGO,Angola,2022,66.6008073123779,0.386698155907211,35.83800125
AGO,Angola,2023,70.0519587723571,0.373668982990052,37.88589859
AGO,Angola,2024,69.7039467163584,0.362845240712436,40.70479965
AGO,Angola,2025,,,
ALB,Albania,2010,91.9299271149669,3.60358545467955,45.0
ALB,Albania,2011,106.474179667965,4.40356599200963,47.0
ALB,Albania,2012,120.274748763232,5.50129828000236,49.40000153
ALB,Albania,2013,126.771812779937,6.27863857588442,51.79999924
ALB,Albania,2014,115.700565028176,7.16191378800303,54.29999924
ALB,Albania,2015,117.329657576402,8.37878005900715,56.90000153
ALB,Albania,2016,116.284011654089,9.19224381243169,59.59999847
ALB,Albania,2017,125.099939894598,10.4757297699778,62.40000153
ALB,Albania,2018,93.8030862083918,12.5058089696365,65.40000153
ALB,Albania,2019,91.1634968336332,15.1192543526712,68.5503911218006
ALB,Albania,2020,91.1880900599383,17.720931463387,72.23767711
ALB,Albania,2021,92.4843357131703,19.6303737145283,79.32371752
ALB,Albania,2022,98.3950391992101,20.6989441252111,82.61367544
ALB,Albania,2023,92.9973271969712,22.5048592377088,83.13559161
ALB,Albania,2024,89.1328603947682,24.8815713356962,85.86389923
ALB,Albania,2025,,,
AND,Andorra,2010,81.1525784947835,30.3595767353109,81.0
AND,Andorra,2011,83.6223853541262,33.1216332617667,81.0
AND,Andorra,2012,83.1207538329385,35.0170497436031,82.69999695
AND,Andorra,2013,85.0214112828151,36.8832619623906,84.40000153
AND,Andorra,2014,89.8341402552314,39.0170470727043,86.09999847
AND,Andorra,2015,98.8389170615457,42.5277800870119,87.90000153
AND,Andorra,2016,105.473739626772,45.011845222427,89.69999695
AND,Andorra,2017,108.912327318574,46.4785868253731,91.5674670273926
AND,Andorra,2018,109.914584497485,47.4481786008887,93.5
AND,Andorra,2019,114.952794413788,47.5429557758192,90.71869659
AND,Andorra,2020,103.876970793487,48.6559834582579,93.20570374
AND,Andorra,2021,119.687611658415,50.2769128681537,93.89749908
AND,Andorra,2022,142.426447525249,51.2050686907973,94.05169678
AND,Andorra,2023,156.09725932522,51.7401306025527,94.21499634
AND,Andorra,2024,155.692108667529,52.3554394786302,94.39759827
AND,Andorra,2025,,,
ARB,Arab World,2010,85.6094564648384,2.04323473083935,
ARB,Arab World,2011,94.4751848643954,2.61348128426564,
ARB,Arab World,2012,100.300841931146,2.97824917361701,
ARB,Arab World,2013,104.741398824987,2.75542089172485,
ARB,Arab World,2014,104.242109611802,3.28056141344334,
ARB,Arab World,2015,102.997439000868,4.98570358832213,
ARB,Arab World,2016,100.424978952655,5.40362000528477,
ARB,Arab World,2017,98.1963031894916,6.75037761278678,
ARB,Arab World,2018,96.4014579839673,7.42213410612557,
ARB,Arab World,2019,96.7326519819152,7.48830314498961,
ARB,Arab World,2020,96.2300336647374,8.64722518977881,
ARB,Arab World,2021,99.2339505781343,9.72405002319894,
ARB,Arab World,2022,102.925568544421,11.9963102299597,
ARB,Arab World,2023,,,
ARB,Arab World,2024,,,
ARB,Arab World,2025,,,
ARE,United Arab Emirates,2010,157.472576744687,11.3401100518955,68.0
ARE,United Arab Emirates,2011,162.893623558443,12.0421872697298,78.0
ARE,United Arab Emirates,2012,183.740632066882,12.7380681483205,84.9999915049492
ARE,United Arab Emirates,2013,205.105475119726,13.303809433458,88.0
ARE,United Arab Emirates,2014,204.191832969644,13.2545793464851,90.4000107121939
ARE,United Arab Emirates,2015,206.839413263939,14.230538629127,90.5
ARE,United Arab Emirates,2016,220.411614691071,14.3683229738697,90.6000073180483
ARE,United Arab Emirates,2017,214.701342068567,29.9082975943997,94.8199225383446
ARE,United Arab Emirates,2018,214.842134318761,32.3591212887309,98.4500017817194
ARE,United Arab Emirates,2019,209.033214126867,32.480344369022,99.1499979561243
ARE,United Arab Emirates,2020,194.467749671801,34.345290333178,100.0
ARE,United Arab Emirates,2021,186.30089463245,36.5005361093336,100.0
ARE,United Arab Emirates,2022,195.624592490241,36.8485872897377,100.0
ARE,United Arab Emirates,2023,199.423843889179,37.0968234502256,100.0
ARE,United Arab Emirates,2024,203.206410299544,40.840113505519,100.0
ARE,United Arab Emirates,2025,,,
ARG,Argentina,2010,138.251643415992,9.75627371502717,45.0
ARG,Argentina,2011,145.511067881505,10.956028493199,51.0
ARG,Argentina,2012,152.573579717014,12.211510531081,55.79999924
ARG,Argentina,2013,158.190773641398,14.6798018103935,59.90000153
ARG,Argentina,2014,142.325481008062,15.1530476974157,64.69999695
ARG,Argentina,2015,142.240711022183,15.768878045253,68.0430641088122
ARG,Argentina,2016,145.146584717972,16.5184995378051,70.9689808206024
ARG,Argentina,2017,139.758240519621,17.7082272589602,74.2949068657957
ARG,Argentina,2018,131.224265691711,18.9758759187853,77.7
ARG,Argentina,2019,125.302657911726,19.551931344405,79.9469520347551
ARG,Argentina,2020,121.180612527028,21.1797871590669,85.51438646
ARG,Argentina,2021,130.352799939601,23.1500020932515,87.15070683
ARG,Argentina,2022,131.483556254876,24.6831785056628,88.37535691
ARG,Argentina,2023,137.706086781571,25.3580730689248,89.22897166
ARG,Argentina,2024,140.234979049333,26.0976420359532,89.66715228
ARG,Argentina,2025,,,
ARM,Armenia,2010,131.874825576119,3.19288671267022,25.0
ARM,Armenia,2011,109.850061797213,5.49292214098522,32.0
ARM,Armenia,2012,113.697353797808,7.25580730107633,37.5
ARM,Armenia,2013,114.499722499571,8.31673235203342,41.9
ARM,Armenia,2014,118.365417451689,9.3376315946157,54.6228058583362
ARM,Armenia,2015,118.599112617962,9.80149439763493,59.1008337674937
ARM,Armenia,2016,117.670797483754,10.2497847569184,64.3460297653742
ARM,Armenia,2017,119.676441862212,10.8172556564183,64.7448843250726
ARM,Armenia,2018,123.000001718234,11.9399374219278,68.2450522610271
ARM,Armenia,2019,124.613701509519,13.2819462446608,66.5439496866159
ARM,Armenia,2020,120.682370700808,14.8883804721864,76.50770055
ARM,Armenia,2021,125.395134877327,16.2565945813558,78.61225758
ARM,Armenia,2022,130.540072214196,17.7300708049016,77.02767465
ARM,Armenia,2023,134.519957069953,18.5458075085454,79.99663036
ARM,Armenia,2024,134.88694751567,20.3090953111129,81.33930206
ARM,Armenia,2025,,,
ASM,American Samoa,2010,,,
ASM,American Samoa,2011,,,
ASM,American Samoa,2012,,,
ASM,American Samoa,2013,,,
ASM,American Samoa,2014,,,
ASM,American Samoa,2015,,,
ASM,American Samoa,2016,,,
ASM,American Samoa,2017,,,
ASM,American Samoa,2018,,,
ASM,American Samoa,2019,,,
ASM,American Samoa,2020,,,
ASM,American Samoa,2021,,,
ASM,American Samoa,2022,,,
ASM,American Samoa,2023,,,
ASM,American Samoa,2024,,,
ASM,American Samoa,2025,,,
ATG,Antigua and Barbuda,2010,196.870604781997,8.34388185654008,47.0
ATG,Antigua and Barbuda,2011,203.8734188945,6.94991428439049,52.0
ATG,Antigua and Barbuda,2012,145.978684391474,14.9782259912904,58.0
ATG,Antigua and Barbuda,2013,129.857830668605,17.7677598110465,63.40000153
ATG,Antigua and Barbuda,2014,135.234608235228,12.1151354700614,67.77999878
ATG,Antigua and Barbuda,2015,196.848192016464,11.1845563645718,70.0
ATG,Antigua and Barbuda,2016,200.06891262546,10.2935455545799,70.27159882
ATG,Antigua and Barbuda,2017,203.386832913295,9.94826900119379,70.54419708
ATG,Antigua and Barbuda,2018,,,70.81790161
ATG,Antigua and Barbuda,2019,201.392233264743,8.75618405498884,71.09259796
ATG,Antigua and Barbuda,2020,200.3353439453,8.71023234544781,71.36840057
ATG,Antigua and Barbuda,2021,199.244171566557,8.66279006811119,71.64530182
ATG,Antigua and Barbuda,2022,200.540715208962,10.6818181818182,71.9233017
ATG,Antigua and Barbuda,2023,,,72.12409973
ATG,Antigua and Barbuda,2024,,,72.73040009
ATG,Antigua and Barbuda,2025,,,
AUS,Australia,2010,101.618759744392,24.8853051640712,76.0
AUS,Australia,2011,105.824012918279,24.697756094089,79.4876977139029
AUS,Australia,2012,106.499711805776,25.0955644344698,79.0
AUS,Australia,2013,107.332200908321,25.7399315811014,83.453497167
AUS,Australia,2014,106.206237340596,27.7000785019208,84.0
AUS,Australia,2015,107.608142007003,28.5117731324726,84.5605149091408
AUS,Australia,2016,109.128813718295,30.3083074972206,86.54000092
AUS,Australia,2017,107.799761578952,32.0326223266488,86.5450488476768
AUS,Australia,2018,110.033134941946,33.5486251312018,90.0082016
AUS,Australia,2019,109.752830879788,34.5434163723691,93.60990143
AUS,Australia,2020,104.930155780087,35.346849265518,94.6934967
AUS,Australia,2021,105.118514623956,35.8359861455454,96.97219849
AUS,Australia,2022,109.469171081514,36.3933201898066,96.11940002
AUS,Australia,2023,112.513177133796,36.627426494239,96.1160965
AUS,Australia,2024,112.581025002429,36.4788276060473,96.13140106
AUS,Australia,2025,,,
AUT,Austria,2010,146.334314075685,24.5113861270145,75.17
AUT,Austria,2011,155.15499918387,24.9926429150975,78.7399930986888
AUT,Austria,2012,161.155633431895,25.2644782408466,80.0299939169903
AUT,Austria,2013,156.483488704585,26.3222866586035,80.6188
AUT,Austria,2014,151.531145320495,27.597689562142,80.9958249574764
AUT,Austria,2015,155.837138171172,28.4068593397138,83.9401419315026
AUT,Austria,2016,126.797525496643,28.8775983744406,84.3237425711653
AUT,Austria,2017,123.414865109678,28.5425998928488,87.9355865856062
AUT,Austria,2018,124.230205900482,28.5150396136468,87.4791372262556
AUT,Austria,2019,120.776373862218,28.3631930003301,87.7522047870069
AUT,Austria,2020,120.131806593244,29.2106456326106,87.52942813
AUT,Austria,2021,121.357731973824,29.2537339731419,92.52915104
AUT,Austria,2022,121.16645744796,29.2342573265435,93.61409139
AUT,Austria,2023,121.746207105931,29.3725409835617,95.33467117
AUT,Austria,2024,124.45929984531,30.12779672163,94.91974877
AUT,Austria,2025,,,91.92573373
AZE,Azerbaijan,2010,99.489026332669,5.1962691859745,46.0
AZE,Azerbaijan,2011,109.333848306261,10.5213182586713,50.0
AZE,Azerbaijan,2012,107.988529658291,14.6071625537092,54.20000076
AZE,Azerbaijan,2013,106.583186813615,18.0145551396199,73.000001372
AZE,Azerbaijan,2014,109.566699179266,19.7076399486748,75.0000156363396
AZE,Azerbaijan,2015,109.682113433509,19.4759070425568,77.0
AZE,Azerbaijan,2016,103.248460646417,18.2770953995915,78.2
AZE,Azerbaijan,2017,101.589906615934,18.1091657629876,79.0
AZE,Azerbaijan,2018,102.987275423455,18.8342000186458,79.7999954887896
AZE,Azerbaijan,2019,106.328337689377,19.2178211211639,81.0999990651547
AZE,Azerbaijan,2020,101.596683471276,19.5985750948022,84.59999573
AZE,Azerbaijan,2021,105.693559477177,20.0856994533421,85.99998954
AZE,Azerbaijan,2022,107.506296074404,20.3655958095069,88.0
AZE,Azerbaijan,2023,107.686732782159,20.8825041017301,89.0
AZE,Azerbaijan,2024,109.543149535867,21.7534102440295,90.43979645
AZE,Azerbaijan,2025,,,90.80000181
BDI,Burundi,2010,17.8962195049637,0.00375408843693835,1.0
BDI,Burundi,2011,19.7014852266593,0.00511423261094026,1.110000014
BDI,Burundi,2012,22.3127768088819,0.00697049000360241,1.220000029
BDI,Burundi,2013,24.3006814319026,0.0146944141397431,1.2642181112
BDI,Burundi,2014,29.567783062348,0.0157410541043178,1.04239212643994
BDI,Burundi,2015,45.2379254099088,0.0250824162395746,2.0
BDI,Burundi,2016,47.6697304877258,0.0288715169450892,2.200000048
BDI,Burundi,2017,51.4533280518012,0.0340147819169285,2.6607485347534
BDI,Burundi,2018,53.2736942349584,0.0331803020141076,4.019499779
BDI,Burundi,2019,53.2995504978403,0.0317494355111928,6.072199821
BDI,Burundi,2020,52.5571219738138,0.0335260991567275,6.430099964
BDI,Burundi,2021,59.700785493419,0.0304886490520483,6.777999878
BDI,Burundi,2022,56.2599912004244,0.0300650914860841,7.144800186
BDI,Burundi,2023,63.1631365759764,0.0203441336211462,7.172299862
BDI,Burundi,2024,,,8.595999718
BDI,Burundi,2025,,,
BEL,Belgium,2010,111.131540934105,30.842629161864,77.6397855126946
BEL,Belgium,2011,113.201845409997,32.1032472233196,81.6099959955952
BEL,Belgium,2012,110.856223685615,33.2388297727719,80.7199905482042
BEL,Belgium,2013,110.348677756715,34.3084525866565,82.1702
BEL,Belgium,2014,113.600257053471,35.7819662752911,85.0012379539925
BEL,Belgium,2015,113.29233233425,36.5492377831789,85.0529417508701
BEL,Belgium,2016,110.74871736226,37.6812994536783,86.5164766644457
BEL,Belgium,2017,99.8303971992992,38.4911160919085,87.6796808175598
BEL,Belgium,2018,100.164027018171,39.4006967604533,88.6473429951691
BEL,Belgium,2019,100.164960666171,39.9517850127817,90.275428012141
BEL,Belgium,2020,99.9100614924974,41.0239697084264,91.52641629
BEL,Belgium,2021,101.462935633736,43.0218054966431,92.78867618
BEL,Belgium,2022,101.680355820653,43.5657139519422,94.00783071
BEL,Belgium,2023,103.196426365374,43.7026445985633,94.62625074
BEL,Belgium,2024,103.90465332676,44.2321563183446,95.77579144
BEL,Belgium,2025,,,
BEN,Benin,2010,72.2115392074128,0.275927983143427,3.13
BEN,Benin,2011,76.9318013957922,0.371868455954814,4.14832306562512
BEN,Benin,2012,80.8628905531314,0.401638561456682,4.5
BEN,Benin,2013,89.9019164924958,0.396653828045145,4.900000095
BEN,Benin,2014,78.5170340826712,0.411776822565069,6.0
BEN,Benin,2015,82.0193349324746,0.644882115781616,11.25500011
BEN,Benin,2016,76.0182091705462,0.190616354708843,14.5
BEN,Benin,2017,72.867145412956,0.237670455772448,18.7
BEN,Benin,2018,76.4080341122638,0.218309314921079,19.0
BEN,Benin,2019,81.3235345537806,0.199854558369357,20.50099945
BEN,Benin,2020,85.2390738023357,0.229384945213792,22.12059975
BEN,Benin,2021,94.9182598289459,0.154166533404575,28.20470047
BEN,Benin,2022,105.745019386968,0.153072411564925,30.53730011
BEN,Benin,2023,116.036046685168,0.170880461346773,32.39400101
BEN,Benin,2024,125.940873932186,0.277382047807868,33.98379898
BEN,Benin,2025,,,
BFA,Burkina Faso,2010,35.2848311173407,0.0847216746170896,2.400000095
BFA,Burkina Faso,2011,46.1057641177709,0.0844020984871601,3.0
BFA,Burkina Faso,2012,58.0942130771516,0.0834367606364837,3.724999905
BFA,Burkina Faso,2013,63.5243073500025,0.0732506380609795,5.0
BFA,Burkina Faso,2014,68.5395525408019,0.0296662638571705,6.0
BFA,Burkina Faso,2015,76.9373292602998,0.049814972578599,6.545700073
BFA,Burkina Faso,2016,79.6697942824089,0.0640501279140636,7.140999794
BFA,Burkina Faso,2017,90.2081424191231,0.062133040708376,7.790400028
BFA,Burkina Faso,2018,94.6219614871852,0.0676084024258783,8.498900414
BFA,Burkina Faso,2019,97.1498646690919,0.0573181352576325,9.27180600953186
BFA,Burkina Faso,2020,102.972844247019,0.0650831126106853,12.97319984
BFA,Burkina Faso,2021,112.198419449151,0.0740660150924452,18.1522007
BFA,Burkina Faso,2022,113.996146792235,0.214398323020291,25.3987999
BFA,Burkina Faso,2023,116.16313821519,0.459463342299517,25.36120033
BFA,Burkina Faso,2024,116.5895933212,0.851360416490348,28.25270081
BFA,Burkina Faso,2025,,,
BGD,Bangladesh,2010,44.6274657883724,0.272380817434958,3.700000048
BGD,Bangladesh,2011,54.9307304807214,0.30503074280175,4.5
BGD,Bangladesh,2012,62.6684314857059,0.387219068103915,5.0
BGD,Bangladesh,2013,74.4595169116099,0.974448436120221,6.63
BGD,Bangladesh,2014,80.3128212085608,1.95813780918421,9.052900314
BGD,Bangladesh,2015,82.4275967039157,3.06992245398744,12.36880016
BGD,Bangladesh,2016,84.5595499717024,4.09944456111627,16.89909935
BGD,Bangladesh,2017,93.0689844922452,4.5013092271068,21.5
BGD,Bangladesh,2018,98.9289060885788,4.92461851093909,25.56509972
BGD,Bangladesh,2019,100.399571155843,4.90288655437254,30.38310051
BGD,Bangladesh,2020,106.002140470412,6.04506220711318,36.10910034
BGD,Bangladesh,2021,110.012054001037,6.64246518111116,38.91744466
BGD,Bangladesh,2022,109.8665408168,7.17020479104462,41.61650085
BGD,Bangladesh,2023,111.280894357567,7.89245848428319,44.50274195
BGD,Bangladesh,2024,108.077037369691,8.08931134401926,53.42171316
BGD,Bangladesh,2025,,,
BGR,Bulgaria,2010,137.140251847404,15.1221247609612,46.23
BGR,Bulgaria,2011,141.938313217096,17.0296984088807,47.9799930506026
BGR,Bulgaria,2012,147.337862138845,18.2006758494654,51.8999876658503
BGR,Bulgaria,2013,144.355146876635,19.5682074718498,53.0615
BGR,Bulgaria,2014,131.33514197996,20.5011345688189,55.4903766299262
BGR,Bulgaria,2015,128.103256321093,22.4944225140811,56.6562516053086
BGR,Bulgaria,2016,125.906027330453,23.8176881048635,59.825547661014
BGR,Bulgaria,2017,120.595632675282,25.3925159519229,63.4101013837926
BGR,Bulgaria,2018,119.394511829255,27.103417988838,64.78201069118
BGR,Bulgaria,2019,116.616975862125,28.8836779290396,67.9469809417603
BGR,Bulgaria,2020,114.596737765322,30.5042854761098,70.16248359
BGR,Bulgaria,2021,114.911988483727,32.7688420838347,75.27144583
BGR,Bulgaria,2022,116.679163253179,34.9667968772891,79.12686326
BGR,Bulgaria,2023,117.932685806225,37.0235717545079,80.38956462
BGR,Bulgaria,2024,118.067152838789,,82.438955
BGR,Bulgaria,2025,,,
BHR,Bahrain,2010,129.157861073288,12.7684126193907,55.0
BHR,Bahrain,2011,140.350600963929,24.1579709760609,76.9999665032303
BHR,Bahrain,2012,174.619564368418,24.285642640033,88.0
BHR,Bahrain,2013,175.802157646776,23.8669490925491,90.0000397
BHR,Bahrain,2014,177.400125528622,21.9044398132914,90.5031334814656
BHR,Bahrain,2015,183.919614500055,18.4748658416384,93.4783007986129
BHR,Bahrain,2016,209.489131255928,16.2552007409045,97.9999807024146
BHR,Bahrain,2017,159.546894557674,13.1014612060095,95.8781357543453
BHR,Bahrain,2018,139.735421260048,8.43441553498671,98.6446725799886
BHR,Bahrain,2019,129.142743677937,9.49012903269232,99.7015043807778
BHR,Bahrain,2020,119.41160169027,10.1824112975928,99.67103159
BHR,Bahrain,2021,128.078912532195,16.5057891919103,100.0
BHR,Bahrain,2022,139.636142863944,18.0025680504011,100.0
BHR,Bahrain,2023,153.899937948583,17.1582362107608,100.0
BHR,Bahrain,2024,159.536143577452,16.9915789748788,100.0
BHR,Bahrain,2025,,,
BHS,"Bahamas, The",2010,116.572148536783,6.72203506060227,43.0
BHS,"Bahamas, The",2011,80.3784477401548,4.16862822109655,65.0
BHS,"Bahamas, The",2012,79.9000716437309,20.7553752773198,71.74819946
BHS,"Bahamas, The",2013,75.734985605075,19.1290212770449,72.0
BHS,"Bahamas, The",2014,82.3551261058127,20.1853004724063,76.91999817
BHS,"Bahamas, The",2015,80.7521033045627,21.0247414012342,78.0
BHS,"Bahamas, The",2016,92.8218938037134,21.9370965455928,80.0
BHS,"Bahamas, The",2017,90.5386890661613,22.2461810312816,80.59999847
BHS,"Bahamas, The",2018,98.9789084760782,20.678503859013,83.0
BHS,"Bahamas, The",2019,107.811997212897,20.8513333755622,90.69329834
BHS,"Bahamas, The",2020,117.717493173143,20.9668496424268,92.4437027
BHS,"Bahamas, The",2021,100.257333370336,20.7423310871326,92.34980011
BHS,"Bahamas, The",2022,101.623744145214,21.135589553703,92.2559967
BHS,"Bahamas, The",2023,100.047566593231,23.816342880032,92.38729858
BHS,"Bahamas, The",2024,96.6798992232414,25.2679530406222,92.47270203
BHS,"Bahamas, The",2025,,,
BIH,Bosnia and Herzegovina,2010,81.6018850459875,10.2559326160601,42.75
BIH,Bosnia and Herzegovina,2011,84.7529182494619,11.4984026395866,43.88769913
BIH,Bosnia and Herzegovina,2012,91.4833140015035,12.7897151940553,45.0644989
BIH,Bosnia and Herzegovina,2013,96.6063476862431,14.2931086481084,48.52130127
BIH,Bosnia and Herzegovina,2014,97.9342347136426,15.2154563374569,49.91770172
BIH,Bosnia and Herzegovina,2015,97.8678378339204,18.0468836372803,52.59999847
BIH,Bosnia and Herzegovina,2016,98.0143984902979,19.0747891666088,60.2565354318987
BIH,Bosnia and Herzegovina,2017,100.332576774399,20.4261287573476,64.8920205128383
BIH,Bosnia and Herzegovina,2018,102.186536758193,21.1504576321228,70.1201350394885
BIH,Bosnia and Herzegovina,2019,112.254788698841,22.2950124838105,69.9463476317266
BIH,Bosnia and Herzegovina,2020,106.374742411306,23.3507882918721,73.21175294
BIH,Bosnia and Herzegovina,2021,114.911613799718,24.5890868366952,75.67620138
BIH,Bosnia and Herzegovina,2022,118.944352880459,27.3190356221695,78.8455371
BIH,Bosnia and Herzegovina,2023,117.733690876159,28.440133083292,83.3771539
BIH,Bosnia and Herzegovina,2024,121.232373011893,29.3909178564419,86.10091103
BIH,Bosnia and Herzegovina,2025,,,
BLR,Belarus,2010,108.873353765855,17.5605789720351,31.8
BLR,Belarus,2011,112.901923256589,22.1484924892336,39.6488956598961
BLR,Belarus,2012,112.822416305227,26.7549579016379,46.91
BLR,Belarus,2013,117.433516760028,29.4347914242904,54.17
BLR,Belarus,2014,120.366076944418,28.3376939308168,59.0163187101542
BLR,Belarus,2015,120.669626204229,30.6040616643757,62.230360906803
BLR,Belarus,2016,120.431507778029,32.2929606538076,71.1130457603832
BLR,Belarus,2017,120.212652133209,33.3125100702522,74.4364454136036
BLR,Belarus,2018,122.56975741957,33.7711870351479,79.1298866919307
BLR,Belarus,2019,123.229810991965,34.0723501521236,82.7891520910901
BLR,Belarus,2020,125.164732031333,34.8152229336418,85.08791245
BLR,Belarus,2021,127.117317282369,35.0097634241001,86.88841196
BLR,Belarus,2022,128.314999383533,34.0671782490739,89.50733148
BLR,Belarus,2023,128.979176539764,35.0931910729644,91.51249979
BLR,Belarus,2024,131.123016605614,36.2627055164488,94.26182128
BLR,Belarus,2025,,,
BLZ,Belize,2010,60.6413839404206,2.78380614841762,28.2
BLZ,Belize,2011,67.9524470054812,2.96304896455218,30.70000076
BLZ,Belize,2012,51.5597433121819,2.98223160513615,31.0
BLZ,Belize,2013,51.1127633354507,2.89789741443153,33.59999847
BLZ,Belize,2014,49.3805223502033,2.83730221280913,38.70000076
BLZ,Belize,2015,59.4797562953754,4.87717949221655,41.59000015
BLZ,Belize,2016,61.1255672392756,5.03804444688173,44.57569885
BLZ,Belize,2017,64.1585522049721,5.09268439075889,48.8771019
BLZ,Belize,2018,64.7801570644827,6.48509044620831,53.59360123
BLZ,Belize,2019,66.0704612665196,7.67179242617844,58.76520157
BLZ,Belize,2020,67.551661668526,9.21159022752628,64.43589783
BLZ,Belize,2021,66.7769498110516,9.10594770150703,70.65370178
BLZ,Belize,2022,67.1750266305468,9.75385677359442,69.98329926
BLZ,Belize,2023,,,70.18720245
BLZ,Belize,2024,,,80.00582262
BLZ,Belize,2025,,,
BMU,Bermuda,2010,138.407218517066,62.9266378972146,84.21
BMU,Bermuda,2011,,,88.336
BMU,Bermuda,2012,142.978348992867,,91.2993045243401
BMU,Bermuda,2013,148.331078742882,63.0761002925724,95.3
BMU,Bermuda,2014,93.6438476916054,54.6695210061547,96.8
BMU,Bermuda,2015,59.8764653977058,47.2708937350309,98.3236096537251
BMU,Bermuda,2016,100.6966224842,35.9296442812337,98.0
BMU,Bermuda,2017,102.231904117777,35.8740444807952,98.37
BMU,Bermuda,2018,,,
BMU,Bermuda,2019,104.512767716474,35.8775172758045,
BMU,Bermuda,2020,105.619583113293,35.7242707589078,
BMU,Bermuda,2021,105.185001856206,35.5772800395991,
BMU,Bermuda,2022,105.274212729154,35.5804722852863,
BMU,Bermuda,2023,,,
BMU,Bermuda,2024,96.6767745528807,51.3026796212637,
BMU,Bermuda,2025,,,
BOL,Bolivia,2010,70.5072652714085,0.942297673080219,22.39999962
BOL,Bolivia,2011,80.7163040735906,0.710624258800113,30.0
BOL,Bolivia,2012,90.2755917829226,1.10983398611253,35.34
BOL,Bolivia,2013,97.5951190945133,1.44251291444936,36.99
BOL,Bolivia,2014,96.3263792565653,1.59263327264509,34.6016202324676
BOL,Bolivia,2015,92.2660116634989,1.64281294868996,37.4868176324391
BOL,Bolivia,2016,90.3953302409119,2.57234781333128,39.69749832
BOL,Bolivia,2017,96.6383703523099,3.34957984808085,43.83229828
BOL,Bolivia,2018,99.4565867202022,4.38026486466196,44.2861422024283
BOL,Bolivia,2019,100.14945954148,6.39917144373428,47.4748191121692
BOL,Bolivia,2020,99.898817726261,7.88671647526861,59.94010155
BOL,Bolivia,2021,100.809064985893,9.44574009663778,65.9773785
BOL,Bolivia,2022,101.57150434614,10.9975247479663,72.62270355
BOL,Bolivia,2023,,11.1529423948186,77.30039978
BOL,Bolivia,2024,98.0287940811943,12.0711429622144,79.70469666
BOL,Bolivia,2025,,,
BRA,Brazil,2010,101.666503279892,7.27968486054674,40.65
BRA,Brazil,2011,120.008104166504,9.13182030910824,45.69
BRA,Brazil,2012,126.131962754994,9.71151141846763,48.56
BRA,Brazil,2013,136.589138644321,10.7622017659472,51.04
BRA,Brazil,2014,140.304679417776,11.9790772854396,54.5510018796392
BRA,Brazil,2015,127.83616904008,12.6353840484725,58.3279517340924
BRA,Brazil,2016,120.101181531485,13.217709027651,60.8725400681261
BRA,Brazil,2017,108.092570205646,14.1218273097456,67.4712845236305
BRA,Brazil,2018,101.602460284017,15.1537620986579,70.4342825404361
BRA,Brazil,2019,97.3747376780285,15.8621991239093,73.9124399133589
BRA,Brazil,2020,98.6456198619193,17.418059685583,81.34269353
BRA,Brazil,2021,104.824727184587,19.8363162401481,80.68989314
BRA,Brazil,2022,101.245468903076,20.9534469027015,80.52775094
BRA,Brazil,2023,101.020256020808,22.4192301618889,84.15060238
BRA,Brazil,2024,101.926846460424,24.079199344422,84.46347227
BRA,Brazil,2025,,,
BRB,Barbados,2010,127.182525986129,20.4146881119593,65.09999847
BRB,Barbados,2011,125.993430844611,22.6820550519847,66.5
BRB,Barbados,2012,126.127869775907,24.1512540713084,71.19999695
BRB,Barbados,2013,110.819872868385,24.4171933805125,71.80000305
BRB,Barbados,2014,109.738888010692,27.9254745857703,71.92459869
BRB,Barbados,2015,120.001433743145,28.0544105523495,72.04940033
BRB,Barbados,2016,118.816300545784,31.0756872366755,71.57299805
BRB,Barbados,2017,117.629947424965,31.8876686023893,71.14849854
BRB,Barbados,2018,117.318523321138,31.8263267203636,70.72650146
BRB,Barbados,2019,117.111593950364,37.98020675161,70.30709839
BRB,Barbados,2020,104.722078254017,45.43873225937,69.89009857
BRB,Barbados,2021,112.222706603295,36.3512637029634,69.4756012
BRB,Barbados,2022,114.580721030894,37.4843261853654,69.06359863
BRB,Barbados,2023,,,69.67510223
BRB,Barbados,2024,,,70.36470032
BRB,Barbados,2025,,,
BRN,Brunei Darussalam,2010,110.901991170743,5.53077495590469,53.0
BRN,Brunei Darussalam,2011,110.959741004384,5.80511731670126,56.0
BRN,Brunei Darussalam,2012,115.8258888393,4.8942565410041,60.27310181
BRN,Brunei Darussalam,2013,114.010632244007,6.70157246316895,64.5
BRN,Brunei Darussalam,2014,108.471265746851,7.26070785842831,68.76999664
BRN,Brunei Darussalam,2015,109.751499246824,8.15348687389274,71.19999695
BRN,Brunei Darussalam,2016,122.42681797345,8.44785809843673,90.0
BRN,Brunei Darussalam,2017,125.870435240727,9.49044762600168,94.86669922
BRN,Brunei Darussalam,2018,129.268175692652,11.2953107512391,95.0
BRN,Brunei Darussalam,2019,129.845260684919,12.2424776362158,95.0
BRN,Brunei Darussalam,2020,119.933885258067,15.886760064729,96.30549622
BRN,Brunei Darussalam,2021,133.597065445264,17.580984722871,97.62879944
BRN,Brunei Darussalam,2022,116.108439291126,19.8049937413532,98.97042579
BRN,Brunei Darussalam,2023,118.673752421293,20.2120497048692,98.97039795
BRN,Brunei Darussalam,2024,118.130579766209,21.1771240120937,96.29828801
BRN,Brunei Darussalam,2025,,,
BTN,Bhutan,2010,56.1998312505701,1.23640312870565,13.6
BTN,Bhutan,2011,68.2555256231877,1.86543967453131,14.39999962
BTN,Bhutan,2012,78.1969080371794,2.33744470422249,15.60000038
BTN,Bhutan,2013,75.052704292039,2.82390217200971,22.39999962
BTN,Bhutan,2014,85.1865744422272,3.40713016222026,30.29999924
BTN,Bhutan,2015,91.2409636276731,3.76361363077862,39.79999924
BTN,Bhutan,2016,93.382103211003,2.20480674345404,46.50320053
BTN,Bhutan,2017,96.8565690310008,2.21479846487303,54.33549881
BTN,Bhutan,2018,92.6022594006784,1.42176663915794,63.48680115
BTN,Bhutan,2019,95.3472955869586,1.14719203372279,74.17939758
BTN,Bhutan,2020,96.7702849068709,0.414152616992595,76.85079956
BTN,Bhutan,2021,100.330908049861,0.364566273170656,85.63688389
BTN,Bhutan,2022,95.129809428439,0.631823734751842,88.35620117
BTN,Bhutan,2023,95.6260610260877,1.31881966212479,90.02140045
BTN,Bhutan,2024,99.7576826476519,2.92069476099272,91.27739716
BTN,Bhutan,2025,,,
BWA,Botswana,2010,116.2460387062,0.589146386990184,6.0
BWA,Botswana,2011,139.870462760455,0.92233793979846,9.0
BWA,Botswana,2012,146.149158429435,1.05453005453337,16.0
BWA,Botswana,2013,151.670682520804,1.00855708601278,30.0
BWA,Botswana,2014,157.018320070864,1.53265771779946,36.74474744423
BWA,Botswana,2015,157.734742812171,1.67228482353299,38.89379883
BWA,Botswana,2016,147.172960511479,2.64263621946898,41.16859818
BWA,Botswana,2017,142.962095019868,1.43086105330679,43.57640076
BWA,Botswana,2018,147.06483856362,1.74169396309317,46.12509918
BWA,Botswana,2019,160.661520194607,2.10301262862428,48.82279968
BWA,Botswana,2020,161.858815314634,3.58604400704343,51.67819977
BWA,Botswana,2021,173.25235140068,5.5483769953124,54.70069885
BWA,Botswana,2022,178.205018910673,4.53192190474005,57.9
BWA,Botswana,2023,179.027305378019,6.16495796381324,
BWA,Botswana,2024,163.999922257361,7.4409622000215,57.45950036
BWA,Botswana,2025,,,
CAF,Central African Republic,2010,21.7946380977499,,2.0
CAF,Central African Republic,2011,21.7401847658532,0.0177436204565105,2.200000048
CAF,Central African Republic,2012,24.7918387246771,0.0131212306282922,2.400000095
CAF,Central African Republic,2013,29.3015343940304,,2.5
CAF,Central African Republic,2014,24.9962039132355,,2.700000048
CAF,Central African Republic,2015,26.8396654368244,0.0401354842611874,2.900000095
CAF,Central African Republic,2016,26.4835649048309,0.0156141837038414,3.099999905
CAF,Central African Republic,2017,24.5204193752763,0.0129132904879117,4.0
CAF,Central African Republic,2018,26.2215810621653,0.0124624461199055,5.099999905
CAF,Central African Republic,2019,32.2626859489842,0.0100916071197805,7.509200096
CAF,Central African Republic,2020,36.426009643045,,
CAF,Central African Republic,2021,35.8169832358522,0.00976115490698539,
CAF,Central African Republic,2022,38.8217901039988,0.0160846160651184,13.75360012
CAF,Central African Republic,2023,,,13.8416996
CAF,Central African Republic,2024,,,13.78250027
CAF,Central African Republic,2025,,,
CAN,Canada,2010,75.5197130593625,31.6318242774001,80.3
CAN,Canada,2011,77.6722584904981,32.6506480077297,83.0
CAN,Canada,2012,79.3757242462141,33.4738596726536,83.0
CAN,Canada,2013,80.3548920843149,34.2683042479886,85.80000305
CAN,Canada,2014,80.790219211487,35.2694249557112,87.12000275
CAN,Canada,2015,82.767383138656,36.4698589080979,90.0
CAN,Canada,2016,84.5919452304565,36.8232874759276,91.16000366
CAN,Canada,2017,86.1024018448784,37.8276923396247,92.70140076
CAN,Canada,2018,89.0494584998715,38.7333531661948,94.64
CAN,Canada,2019,90.9589210049458,40.076756874499,91.91290283
CAN,Canada,2020,84.7747749116615,40.7949805592606,92.3
CAN,Canada,2021,87.4056019628826,41.6930962576979,93.93710327
CAN,Canada,2022,91.2386689983444,42.1792116530791,94.0
CAN,Canada,2023,94.1497268194785,42.5241770773151,94.14530182
CAN,Canada,2024,94.1059718794246,42.5238215177079,94.353302
CAN,Canada,2025,,,
CEB,Central Europe and the Baltics,2010,121.74442149351,17.1317176354633,
CEB,Central Europe and the Baltics,2011,124.795725594432,19.217395226675,
CEB,Central Europe and the Baltics,2012,129.359970635373,19.9003669117725,
CEB,Central Europe and the Baltics,2013,131.766589782834,20.9935979042053,
CEB,Central Europe and the Baltics,2014,130.864424519989,21.7514415302372,
CEB,Central Europe and the Baltics,2015,126.076137856759,22.4291409822815,
CEB,Central Europe and the Baltics,2016,124.997371413113,23.2181457096423,
CEB,Central Europe and the Baltics,2017,122.132128080483,24.2605433782126,
CEB,Central Europe and the Baltics,2018,119.829218463391,25.2903305687623,
CEB,Central Europe and the Baltics,2019,120.788794710806,26.3462865575171,
CEB,Central Europe and the Baltics,2020,121.617426753818,27.6199726811752,
CEB,Central Europe and the Baltics,2021,124.396200399213,28.9659286694394,
CEB,Central Europe and the Baltics,2022,124.683360007648,29.5807948378636,
CEB,Central Europe and the Baltics,2023,,,
CEB,Central Europe and the Baltics,2024,,,
CEB,Central Europe and the Baltics,2025,,,
CHE,Switzerland,2010,123.236153760539,37.2298614586992,83.9
CHE,Switzerland,2011,127.39653885362,38.8955434493097,85.1930281804854
CHE,Switzerland,2012,132.03116268359,40.1600289838911,85.2
CHE,Switzerland,2013,136.551244178553,42.4917583320748,86.34
CHE,Switzerland,2014,136.137729869778,43.1731934431674,83.6172512621702
CHE,Switzerland,2015,135.723075533919,44.6715654663593,87.4790555978675
CHE,Switzerland,2016,134.235676338144,45.0860971371482,89.1346877351392
CHE,Switzerland,2017,131.169694242519,46.3318234490564,89.6861476710225
CHE,Switzerland,2018,126.681143927488,45.6049920012625,91.80000305
CHE,Switzerland,2019,126.920635838501,46.912372381587,93.1460869535177
CHE,Switzerland,2020,127.376373489656,46.4813712779996,94.34999847
CHE,Switzerland,2021,123.21236546636,47.9433096708255,95.56937154
CHE,Switzerland,2022,123.971228075124,46.6747503634479,96.45279694
CHE,Switzerland,2023,130.221876609608,46.8364627671237,97.34436623
CHE,Switzerland,2024,129.471369643132,47.0197818175134,97.3443985
CHE,Switzerland,2025,,,97.32103855
CHI,Channel Islands,2010,,,
CHI,Channel Islands,2011,,,
CHI,Channel Islands,2012,,,
CHI,Channel Islands,2013,,,
CHI,Channel Islands,2014,,,
CHI,Channel Islands,2015,,,
CHI,Channel Islands,2016,,,
CHI,Channel Islands,2017,,,
CHI,Channel Islands,2018,,,
CHI,Channel Islands,2019,,,
CHI,Channel Islands,2020,,,
CHI,Channel Islands,2021,,,
CHI,Channel Islands,2022,,,
CHI,Channel Islands,2023,,,
CHI,Channel Islands,2024,,,
CHI,Channel Islands,2025,,,
CHL,Chile,2010,115.54453101319,10.4144501306757,45.0
CHL,Chile,2011,128.604683221629,11.5909712274496,52.2496072877744
CHL,Chile,2012,136.656261082535,12.3655190651996,55.04999924
CHL,Chile,2013,133.778091102587,12.9765829219485,58.0
CHL,Chile,2014,132.559670334991,13.9369112350151,61.11000061
CHL,Chile,2015,128.583971575207,15.0681266925704,76.6295919508796
CHL,Chile,2016,127.565123343064,15.9005028734256,83.5585860244169
CHL,Chile,2017,124.000811902967,16.5009633130641,82.3274869338464
CHL,Chile,2018,133.270134198082,17.2066645597348,84.90000153
CHL,Chile,2019,130.492770400522,17.8649532986793,85.01760101
CHL,Chile,2020,129.413740104604,19.4305872645094,87.45929718
CHL,Chile,2021,136.571581265001,22.0140443723879,90.23280334
CHL,Chile,2022,135.114280974065,22.7901897178525,92.31819916
CHL,Chile,2023,135.871118507277,22.9954165646133,94.45742345
CHL,Chile,2024,132.660408764665,23.731405742065,95.590243
CHL,Chile,2025,,,
CHN,China,2010,63.5563376954813,9.34748427588032,34.3
CHN,China,2011,72.5052393725573,11.504276685286,38.3
CHN,China,2012,81.2075981633238,12.791553937217,42.30009842
CHN,China,2013,89.130227261039,13.6989049026864,45.79999924
CHN,China,2014,92.6612034094217,14.4445199866037,47.90000153
CHN,China,2015,92.5401171363348,19.8437947555032,50.29999924
CHN,China,2016,97.2138770934621,22.9761329915729,53.2
CHN,China,2017,104.073181609424,27.9101271418763,54.3
CHN,China,2018,116.229125477063,28.7089097131815,65.35839844
CHN,China,2019,122.670391850252,31.5611222411202,64.080881297515
CHN,China,2020,120.496715387079,33.9069794578039,70.05275998
CHN,China,2021,121.491918368395,37.5611751315805,73.05323517
CHN,China,2022,124.195248970763,41.3736197056022,75.61131603
CHN,China,2023,128.247014127486,44.728886496649,90.6
CHN,China,2024,131.753932036803,47.1933952081567,92.0
CHN,China,2025,,,91.6
CIV,Cote d'Ivoire,2010,69.3658791896946,,2.700000048
CIV,Cote d'Ivoire,2011,75.4688103733356,,2.900000095
CIV,Cote d'Ivoire,2012,77.1273355805099,0.196730926619837,4.400000095
CIV,Cote d'Ivoire,2013,80.9986810652982,0.235094105938757,6.599999905
CIV,Cote d'Ivoire,2014,90.1219840101242,0.517205353442549,10.0
CIV,Cote d'Ivoire,2015,100.638777689061,0.434546121572781,38.4400001654616
CIV,Cote d'Ivoire,2016,105.624772864173,0.524752298099937,41.2078149304414
CIV,Cote d'Ivoire,2017,118.755063895419,0.534257331996876,43.8399208514876
CIV,Cote d'Ivoire,2018,123.098008449044,0.640536308885034,37.5465361301281
CIV,Cote d'Ivoire,2019,132.574011521792,0.768711846259475,36.2889545655205
CIV,Cote d'Ivoire,2020,138.663750301785,0.903911262107671,36.01660156
CIV,Cote d'Ivoire,2021,150.343798608733,1.13037781443128,35.95069885
CIV,Cote d'Ivoire,2022,161.231833444196,1.25179133069312,38.41328122
CIV,Cote d'Ivoire,2023,171.988943341282,1.36336622359986,40.65284979
CIV,Cote d'Ivoire,2024,183.875985110648,1.60153227430253,41.43219902
CIV,Cote d'Ivoire,2025,,,
CMR,Cameroon,2010,43.9120552066482,0.0302724223113752,4.300000191
CMR,Cameroon,2011,51.831042080032,0.0529499754452088,5.0
CMR,Cameroon,2012,62.9906520229266,0.0665368255091213,7.5
CMR,Cameroon,2013,73.1912475512065,0.0789631954882019,10.0
CMR,Cameroon,2014,77.2399893326772,0.0762968342593502,16.2148722257524
CMR,Cameroon,2015,79.7800672605612,0.0898239605008282,18.29999924
CMR,Cameroon,2016,79.8046154795305,1.55529332300567,20.60000038
CMR,Cameroon,2017,83.4502920413828,1.58466709279995,23.2029719748646
CMR,Cameroon,2018,74.3995446655806,1.59560948486525,29.70000076
CMR,Cameroon,2019,83.9044001051513,1.57189487453881,36.53919983
CMR,Cameroon,2020,85.2721639882676,2.75682417749367,37.69749832
CMR,Cameroon,2021,80.8081013360278,2.23385126289217,38.89260101
CMR,Cameroon,2022,89.8274190453067,2.12862474053,40.12559891
CMR,Cameroon,2023,96.4817325902196,,42.24380112
CMR,Cameroon,2024,108.213130152497,,46.25880051
CMR,Cameroon,2025,,,
COD,"Congo, Dem. Rep.",2010,17.2401170438218,0.0,0.72
COD,"Congo, Dem. Rep.",2011,22.081904226281,,1.200000048
COD,"Congo, Dem. Rep.",2012,27.4285479176207,,1.679999948
COD,"Congo, Dem. Rep.",2013,37.2504622843341,0.000593750616428591,2.200000048
COD,"Congo, Dem. Rep.",2014,47.3232446178692,0.000637728730656316,3.0
COD,"Congo, Dem. Rep.",2015,46.5879368397055,0.00123402659013859,3.799999952
COD,"Congo, Dem. Rep.",2016,34.4098982787676,0.0011910942123958,10.1
COD,"Congo, Dem. Rep.",2017,40.6222618919854,0.00114832450612458,
COD,"Congo, Dem. Rep.",2018,40.5014483221793,0.0051306172985492,11.69999981
COD,"Congo, Dem. Rep.",2019,39.9399996397964,0.012802934372309,13.02970028
COD,"Congo, Dem. Rep.",2020,42.5027574227056,0.0322950314052512,14.51049995
COD,"Congo, Dem. Rep.",2021,47.2882541992485,0.0312660957356555,16.1595993
COD,"Congo, Dem. Rep.",2022,48.6773534153863,0.0322275167366284,17.99620056
COD,"Congo, Dem. Rep.",2023,53.1888827659463,0.0219936280960956,18.96789932
COD,"Congo, Dem. Rep.",2024,58.532153345468,0.0320289131404702,19.67350006
COD,"Congo, Dem. Rep.",2025,,,
COG,"Congo, Rep.",2010,83.3372102664775,0.00560250454363118,5.0
COG,"Congo, Rep.",2011,84.2730931396327,0.0284398805655176,5.6
COG,"Congo, Rep.",2012,90.3528989863831,0.0293643008575135,6.106699944
COG,"Congo, Rep.",2013,95.9371427265534,0.00901772848360719,6.599999905
COG,"Congo, Rep.",2014,99.0799617354116,0.0100484738377935,7.110000134
COG,"Congo, Rep.",2015,102.323043027664,,7.616000175
COG,"Congo, Rep.",2016,103.857589492921,,8.121899605
COG,"Congo, Rep.",2017,94.4868175378447,,8.649999619
COG,"Congo, Rep.",2018,91.1889913731567,,11.8071003
COG,"Congo, Rep.",2019,91.0654212529473,,16.11639977
COG,"Congo, Rep.",2020,97.6561289989503,,21.99850082
COG,"Congo, Rep.",2021,95.8614998889206,0.256899692355108,30.02739906
COG,"Congo, Rep.",2022,93.6259259161068,0.435883126454822,40.98669815
COG,"Congo, Rep.",2023,94.8715365076336,1.26798412068153,43.15039825
COG,"Congo, Rep.",2024,95.5319320614796,,47.25159836
COG,"Congo, Rep.",2025,,,
COL,Colombia,2010,99.3307638628387,5.90261556302645,36.5
COL,Colombia,2011,102.07868984477,7.39763710755465,40.3509157546318
COL,Colombia,2012,107.329081558437,8.61552491359116,48.98
COL,Colombia,2013,108.978088379372,9.83199406546913,51.7
COL,Colombia,2014,118.822639860142,10.7989878070274,52.568136539247
COL,Colombia,2015,122.051401385652,11.7644668057911,55.9049725142924
COL,Colombia,2016,123.709953422515,12.4647515240681,58.1364935728703
COL,Colombia,2017,129.272014227481,13.1537299039926,62.2598803162841
COL,Colombia,2018,131.595473810882,13.622877883522,64.1263768204459
COL,Colombia,2019,132.810761644655,13.9253307862459,65.0069007159493
COL,Colombia,2020,133.661019178018,15.3363074463544,69.79533474
COL,Colombia,2021,146.627837254516,16.4767904492313,73.02837449
COL,Colombia,2022,156.195161137443,17.007465545983,72.79637855
COL,Colombia,2023,166.980107777443,17.0369815251774,77.33686322
COL,Colombia,2024,174.094289675393,17.2244156778185,79.34543299
COL,Colombia,2025,,,
COM,Comoros,2010,25.2396019766781,0.0502415872065677,5.099999905
COM,Comoros,2011,32.3981821883195,0.0598752200414337,5.5
COM,Comoros,2012,41.5930930270088,0.180889925619471,5.975299835
COM,Comoros,2013,49.9143914322486,0.186730097444383,6.5
COM,Comoros,2014,53.8297097833741,0.222486763934938,6.980000019
COM,Comoros,2015,58.4555555249752,0.220178840263004,7.459199905
COM,Comoros,2016,61.2597928387402,0.220292527984836,7.938300133
COM,Comoros,2017,61.9708221164076,0.217268052477371,8.478199959
COM,Comoros,2018,64.6590805998004,0.198421441439106,
COM,Comoros,2019,73.1291747290161,0.162475940084772,16.38380051
COM,Comoros,2020,97.4339379901591,0.148099575772006,22.42040062
COM,Comoros,2021,104.311430086999,0.150456993255713,30.68120003
COM,Comoros,2022,100.549036907747,0.219375008990779,31.37409973
COM,Comoros,2023,109.855630436495,0.387941019794517,31.92749977
COM,Comoros,2024,,,32.51750183
COM,Comoros,2025,,,
CPV,Cabo Verde,2010,72.9467774586884,3.15251165199379,30.0
CPV,Cabo Verde,2011,77.511257275925,4.17091115990513,32.0
CPV,Cabo Verde,2012,83.0756609467629,3.87787989178736,34.74
CPV,Cabo Verde,2013,97.5075406315584,4.13919664210064,37.5
CPV,Cabo Verde,2014,119.724160007495,3.72341048473043,40.25999832
CPV,Cabo Verde,2015,119.335511344785,3.23344925974933,42.6830141582781
CPV,Cabo Verde,2016,117.442454843782,3.0320707671777,50.3228178676892
CPV,Cabo Verde,2017,119.373631537182,2.9232218025982,57.1621463484891
CPV,Cabo Verde,2018,118.876152819844,3.04957977464624,59.5
CPV,Cabo Verde,2019,115.867801067488,3.93928076809362,61.9433977593088
CPV,Cabo Verde,2020,105.838590655535,4.82611491823059,69.37339783
CPV,Cabo Verde,2021,114.230551109167,5.90962142576488,70.28250122
CPV,Cabo Verde,2022,113.247367438782,6.56769429388869,73.32740021
CPV,Cabo Verde,2023,113.022968194497,7.23008973237277,74.59919739
CPV,Cabo Verde,2024,111.84067886381,8.30537440200276,74.73519897
CPV,Cabo Verde,2025,,,
CRI,Costa Rica,2010,68.6654541894774,8.69765814552448,36.5
CRI,Costa Rica,2011,90.0914848759163,9.10623009553708,39.2121959961842
CRI,Costa Rica,2012,115.312137778965,9.61836080870784,47.5
CRI,Costa Rica,2013,150.800664186252,10.2813377106354,45.96
CRI,Costa Rica,2014,147.26739567441,10.8312169257784,53.0
CRI,Costa Rica,2015,156.403893036958,11.5950932724067,59.7629501371681
CRI,Costa Rica,2016,171.166374015358,13.131030668186,65.8804491942718
CRI,Costa Rica,2017,179.931274611112,15.1437857826005,71.5816646195022
CRI,Costa Rica,2018,171.357339055205,16.8377298238862,73.4797284369906
CRI,Costa Rica,2019,144.514079558713,18.0962978090241,81.2025964435269
CRI,Costa Rica,2020,142.481526800044,19.7191477697087,80.53018608
CRI,Costa Rica,2021,140.788061157457,20.9242986347003,82.74901607
CRI,Costa Rica,2022,136.518375013406,21.7575979999075,82.59801121
CRI,Costa Rica,2023,133.527658761832,22.5231293549635,85.39514799
CRI,Costa Rica,2024,136.024511151268,23.287699004466,87.17019653
CRI,Costa Rica,2025,,,
CSS,Caribbean small states,2010,99.9808407455144,6.76877712168044,
CSS,Caribbean small states,2011,95.9818537379915,7.2163264970311,
CSS,Caribbean small states,2012,93.9498454863244,10.4455219782488,
CSS,Caribbean small states,2013,100.900334843693,10.9891294531804,
CSS,Caribbean small states,2014,100.709780576529,12.0069657557803,
CSS,Caribbean small states,2015,97.5801849175835,13.122045644732,
CSS,Caribbean small states,2016,101.901814316053,14.3725860244286,
CSS,Caribbean small states,2017,102.877295759944,15.194029672585,
CSS,Caribbean small states,2018,104.593014821527,17.4299988451081,
CSS,Caribbean small states,2019,106.436957613453,16.0168044444927,
CSS,Caribbean small states,2020,111.600729388143,18.4915639241509,
CSS,Caribbean small states,2021,109.129045044123,18.3844757261607,
CSS,Caribbean small states,2022,,,
CSS,Caribbean small states,2023,,,
CSS,Caribbean small states,2024,,,
CSS,Caribbean small states,2025,,,
CUB,Cuba,2010,8.87827465571973,0.032803981868763,15.9
CUB,Cuba,2011,11.6367981053254,0.0391184553014798,16.0172907996413
CUB,Cuba,2012,14.8776339391366,0.0443503705817171,21.20000076
CUB,Cuba,2013,17.663909552762,0.0474413238890875,27.93
CUB,Cuba,2014,22.4242641732624,0.069051527254442,29.0701843656523
CUB,Cuba,2015,29.5816121680895,0.0723454809351432,37.3050974155373
CUB,Cuba,2016,35.3988758000897,0.128071160270743,42.9786751910106
CUB,Cuba,2017,41.0193113711099,0.298155315127924,57.1484043170788
CUB,Cuba,2018,47.8601543156489,0.880350593981465,62.6789236230601
CUB,Cuba,2019,53.9383385257639,1.6311212347291,67.9708086565152
CUB,Cuba,2020,59.6058696780721,2.07271530590388,71.11907507
CUB,Cuba,2021,63.8661095570576,2.67322881654008,67.64354869
CUB,Cuba,2022,68.7180442358013,2.89200005063374,67.88410187
CUB,Cuba,2023,69.5767786567811,2.97118012807884,69.55580139
CUB,Cuba,2024,72.930002350684,3.08297531927544,70.47699738
CUB,Cuba,2025,,,
CUW,Curacao,2010,130.051823379802,,
CUW,Curacao,2011,130.099769181287,20.0547406127417,
CUW,Curacao,2012,127.231027410032,22.11573124495,
CUW,Curacao,2013,124.764421337878,22.68421730254,
CUW,Curacao,2014,116.689390220994,23.4282874923497,
CUW,Curacao,2015,114.330900535376,24.0078745828632,
CUW,Curacao,2016,111.241968745157,25.4574388194204,61.855510740634
CUW,Curacao,2017,111.077879845237,29.2838662204182,68.1272162511339
CUW,Curacao,2018,102.647274249241,28.546725189032,
CUW,Curacao,2019,97.200107627293,28.1186854697879,
CUW,Curacao,2020,91.8829519290015,31.5936827768109,
CUW,Curacao,2021,90.6602271807463,32.5704880878504,
CUW,Curacao,2022,92.7324718767703,32.9115972915374,
CUW,Curacao,2023,93.7975591472655,31.5126707545287,
CUW,Curacao,2024,,,
CUW,Curacao,2025,,,
CYM,Cayman Islands,2010,185.896227287011,34.847224532801,66.0
CYM,Cayman Islands,2011,174.040571161385,33.8380750278747,69.46594499
CYM,Cayman Islands,2012,172.980257630916,33.8228087370484,69.7
CYM,Cayman Islands,2013,167.140056261188,34.6688261870258,71.4
CYM,Cayman Islands,2014,151.361369680851,39.0109707446808,74.1
CYM,Cayman Islands,2015,151.2669932838,44.4226339184322,77.0
CYM,Cayman Islands,2016,151.594294770206,38.8827258320127,79.0
CYM,Cayman Islands,2017,149.772991400015,48.3954443325327,81.0676932508161
CYM,Cayman Islands,2018,,,
CYM,Cayman Islands,2019,147.043533797733,75.7496992291354,
CYM,Cayman Islands,2020,145.594315997903,46.5901811193291,
CYM,Cayman Islands,2021,142.637074228333,45.6438637530667,
CYM,Cayman Islands,2022,139.314997695241,56.3604363676998,
CYM,Cayman Islands,2023,,,
CYM,Cayman Islands,2024,,,
CYM,Cayman Islands,2025,,,
CYP,Cyprus,2010,123.133007859014,23.1549178375804,52.99
CYP,Cyprus,2011,126.559628770302,24.611252900232,56.8598923503507
CYP,Cyprus,2012,128.74435044617,25.5626376173369,60.6898684001903
CYP,Cyprus,2013,127.862906976744,26.6505813953488,65.4548
CYP,Cyprus,2014,129.042983271375,28.3005343866171,69.3286967086473
CYP,Cyprus,2015,128.631974994212,30.1736513081732,71.7157409175171
CYP,Cyprus,2016,130.334521209334,32.0132199103345,75.9002054030125
CYP,Cyprus,2017,133.940473480537,33.6542226269064,80.743188971932
CYP,Cyprus,2018,134.843630644799,35.2355650415637,84.4335825186889
CYP,Cyprus,2019,137.76052748227,36.1884973404255,86.0636299618935
CYP,Cyprus,2020,135.588846364133,36.3127392017496,90.80194644
CYP,Cyprus,2021,142.051408905141,36.6502473650247,90.75951564
CYP,Cyprus,2022,146.71583605521,36.7656727425982,89.60099194
CYP,Cyprus,2023,148.333712748344,36.9005587748344,91.22110357
CYP,Cyprus,2024,156.218025662252,37.5627069536424,89.60099246
CYP,Cyprus,2025,,,
CZE,Czechia,2010,123.605282283555,21.6090542510609,68.82
CZE,Czechia,2011,125.460303933748,23.9064110361087,70.49
CZE,Czechia,2012,128.69010077246,25.2869067180213,73.4300078241036
CZE,Czechia,2013,130.521237278882,27.1727115258321,74.1104
CZE,Czechia,2014,132.288685248373,28.475360327904,74.2317116367383
CZE,Czechia,2015,118.339820565816,27.9980000790543,75.668838699279
CZE,Czechia,2016,118.544499080322,29.14911847267,76.4811986951838
CZE,Czechia,2017,119.874291148129,29.8452606888193,78.7191728513432
CZE,Czechia,2018,120.431679514249,30.5512773467128,80.6881675434288
CZE,Czechia,2019,124.126150238634,35.4302064212035,80.8669444139622
CZE,Czechia,2020,123.219460160155,36.4490898642092,81.33889705
CZE,Czechia,2021,126.173145654465,37.4984794433561,82.67062427
CZE,Czechia,2022,128.105295003482,37.7136856539825,84.54009378
CZE,Czechia,2023,126.004753501387,37.9099783935119,85.99404818
CZE,Czechia,2024,126.600163061009,38.8656371139002,87.68776014
CZE,Czechia,2025,,,
DEU,Germany,2010,109.364084468464,32.3662636839336,82.0
DEU,Germany,2011,112.41947815744,33.7098845809377,81.26999953602
DEU,Germany,2012,114.191945537857,34.5501078335304,82.3499984738392
DEU,Germany,2013,123.435398879553,35.3423024244517,84.17
DEU,Germany,2014,122.308668591557,36.3409222955935,86.1937006578756
DEU,Germany,2015,117.401165117624,37.412701768023,87.5897993525767
DEU,Germany,2016,125.024012174369,38.4991067314054,84.1652066441212
DEU,Germany,2017,132.003261888443,39.9888046312857,84.3941537010844
DEU,Germany,2018,128.945577229674,40.9651498488548,87.037112092841
DEU,Germany,2019,128.292298108313,42.1155574684512,88.1345169091916
DEU,Germany,2020,128.424798814302,43.3048696627,89.81294133
DEU,Germany,2021,127.125099449404,44.0643361489671,91.43060973
DEU,Germany,2022,124.158264349285,44.6186317766404,91.62984383
DEU,Germany,2023,124.662572774586,45.380522509099,92.4763763
DEU,Germany,2024,129.150921864378,45.6069242965787,93.49999579
DEU,Germany,2025,,,
DJI,Djibouti,2010,17.8030445546417,0.866217827231575,6.5
DJI,Djibouti,2011,20.3518393182072,1.1914927711326,7.0
DJI,Djibouti,2012,21.9776218597006,1.54197530481088,9.399999619
DJI,Djibouti,2013,24.7884901261545,1.79778315719357,12.69999981
DJI,Djibouti,2014,28.6271201146485,2.0047530858657,17.0
DJI,Djibouti,2015,30.8091732634986,2.36839087613311,22.89999962
DJI,Djibouti,2016,33.271816300825,2.33941404303751,30.79999924
DJI,Djibouti,2017,35.3657091447905,2.31210201347881,55.6814092453962
DJI,Djibouti,2018,36.8545231657962,2.3797395608845,57.06169891
DJI,Djibouti,2019,38.0143821719119,2.24265621024535,58.4762001
DJI,Djibouti,2020,39.2725038635961,2.26685414608193,59.92570114
DJI,Djibouti,2021,43.6423520933817,1.39112845686235,61.41120148
DJI,Djibouti,2022,46.7770531248021,1.41245769926198,63.77600098
DJI,Djibouti,2023,48.4504884885996,1.47205761945073,64.75869751
DJI,Djibouti,2024,,,65.29889679
DJI,Djibouti,2025,,,
DMA,Dominica,2010,153.308935651113,12.0695914840471,47.45
DMA,Dominica,2011,157.73970718144,12.0298900844279,48.59999847
DMA,Dominica,2012,158.135362713041,12.2978095431002,49.79999924
DMA,Dominica,2013,134.225059169476,15.3008678189773,51.0
DMA,Dominica,2014,104.991971352649,15.3254799425916,57.5
DMA,Dominica,2015,109.720210197415,21.5296122709842,65.0
DMA,Dominica,2016,112.697181277476,22.2495187196506,67.02999878
DMA,Dominica,2017,109.83123102079,22.5166433076384,69.61969757
DMA,Dominica,2018,112.682254231819,16.8891366209992,
DMA,Dominica,2019,115.103123158515,22.3998232174425,73.38200378
DMA,Dominica,2020,110.409483077561,27.0611042872153,75.65670013
DMA,Dominica,2021,92.5136156662004,20.9562215410256,78.07949829
DMA,Dominica,2022,85.1898961482058,20.86014425523,80.57980347
DMA,Dominica,2023,,,81.33650208
DMA,Dominica,2024,,,82.04689789
DMA,Dominica,2025,,,
DNK,Denmark,2010,115.734472895239,38.076030356193,88.72
DNK,Denmark,2011,128.762868998962,38.4725380278661,89.8100133895232
DNK,Denmark,2012,130.416027276514,38.9767051263458,92.2600117153012
DNK,Denmark,2013,125.21344682497,40.467787039522,94.6297
DNK,Denmark,2014,126.869141573913,41.4926377539648,95.9935053764454
DNK,Denmark,2015,124.553508356615,42.3133095847231,96.3305016195436
DNK,Denmark,2016,121.941164424922,42.9699132415221,96.9677852516645
DNK,Denmark,2017,123.86211468599,43.5697797531659,97.0993621555621
DNK,Denmark,2018,124.550124408336,43.7690892923223,97.3192043651002
DNK,Denmark,2019,124.573359763273,43.6229516711158,98.0464347521549
DNK,Denmark,2020,124.370019531752,44.4185659681079,96.54914573
DNK,Denmark,2021,125.604137839658,44.9598379722906,98.8658506
DNK,Denmark,2022,126.48354098254,44.8863644064006,97.86011812
DNK,Denmark,2023,126.717092547985,44.0352069959396,98.77559197
DNK,Denmark,2024,126.686532566268,43.3933280824544,99.76915157
DNK,Denmark,2025,,,
DOM,Dominican Republic,2010,90.5562579078275,3.97655846255286,31.39999962
DOM,Dominican Republic,2011,88.1873540123839,4.2623683327567,38.0
DOM,Dominican Republic,2012,88.7172926705772,4.80243557090172,42.32
DOM,Dominican Republic,2013,90.2546667185935,5.1668984571358,45.9
DOM,Dominican Republic,2014,80.495501539039,5.81643518392854,49.58000183
DOM,Dominican Republic,2015,84.3065756036826,6.57516285125516,54.2157663369785
DOM,Dominican Republic,2016,82.5303394895289,7.21470928585035,63.8708647408206
DOM,Dominican Republic,2017,82.2092066040533,7.69279157853922,67.5712453277737
DOM,Dominican Republic,2018,82.8937401810212,7.98202346065262,74.8220483597284
DOM,Dominican Republic,2019,82.1376141070859,8.53570157562257,79.71549988
DOM,Dominican Republic,2020,81.6619005659366,9.37345457518418,81.61730194
DOM,Dominican Republic,2021,87.5207623947766,10.3195260186654,85.24298638
DOM,Dominican Republic,2022,90.3760163850377,10.6744492390257,81.51269675
DOM,Dominican Republic,2023,91.8676246650308,11.1345555858062,86.12689972
DOM,Dominican Republic,2024,93.7095828968519,11.2045645451604,91.0022446
DOM,Dominican Republic,2025,,,
DZA,Algeria,2010,90.5823787597715,2.48699605031867,12.5
DZA,Algeria,2011,96.5112947931918,2.65762135149911,14.89999962
DZA,Algeria,2012,99.6853251935403,3.06737211964693,18.20000076
DZA,Algeria,2013,102.871008201635,3.33210366559778,22.5
DZA,Algeria,2014,110.440351392657,4.08032326259352,29.5
DZA,Algeria,2015,108.016371207167,5.67060147059702,38.20000076
DZA,Algeria,2016,115.154200093555,7.00004046440209,42.94549942
DZA,Algeria,2017,109.96986300969,7.70045809597326,47.69110107
DZA,Algeria,2018,110.938066513767,7.21566750856693,49.0384680793271
DZA,Algeria,2019,104.922068012909,8.27526635803041,55.79069901
DZA,Algeria,2020,103.436671524065,8.6064465013707,63.47269821
DZA,Algeria,2021,105.037092587919,9.33184191925225,72.21240234
DZA,Algeria,2022,107.787115922596,10.3517244580598,74.78150177
DZA,Algeria,2023,111.60623555659,12.0086836084024,76.19760132
DZA,Algeria,2024,115.457278573892,13.3173088877016,77.4178009
DZA,Algeria,2025,,,
EAP,East Asia & Pacific (excluding high income),2010,70.2080044607667,7.40823601523548,28.9
EAP,East Asia & Pacific (excluding high income),2011,80.1755198281435,8.69714602420745,32.3
EAP,East Asia & Pacific (excluding high income),2012,88.9548080985144,9.94169647403301,35.7
EAP,East Asia & Pacific (excluding high income),2013,95.9201242078633,10.6497778987106,38.2
EAP,East Asia & Pacific (excluding high income),2014,100.976885094263,11.2411611066883,40.6
EAP,East Asia & Pacific (excluding high income),2015,101.512239575662,14.7798050266976,43.5
EAP,East Asia & Pacific (excluding high income),2016,107.879616292969,17.0570951109245,49.6
EAP,East Asia & Pacific (excluding high income),2017,114.29740003326,20.6158047610263,53.9
EAP,East Asia & Pacific (excluding high income),2018,120.388492509008,21.4912358499865,59.1
EAP,East Asia & Pacific (excluding high income),2019,126.854387586962,23.6249612413341,64.0
EAP,East Asia & Pacific (excluding high income),2020,123.8,25.05,72.2
EAP,East Asia & Pacific (excluding high income),2021,124.9,27.78,77.6
EAP,East Asia & Pacific (excluding high income),2022,125.5,30.38,81.6
EAP,East Asia & Pacific (excluding high income),2023,126.9,32.48,84.2
EAP,East Asia & Pacific (excluding high income),2024,128.2,34.15,86.1
EAP,East Asia & Pacific (excluding high income),2025,129.8,35.91,88.1
EAR,Early-demographic dividend,2010,67.2044861265385,1.72820549344207,
EAR,Early-demographic dividend,2011,76.4596068234491,2.00547716338592,
EAR,Early-demographic dividend,2012,78.608696214951,2.32144903710852,
EAR,Early-demographic dividend,2013,82.2483902385733,2.47745798125277,
EAR,Early-demographic dividend,2014,85.1998067528163,2.69485454732289,
EAR,Early-demographic dividend,2015,88.0498058781388,3.10118535406309,
EAR,Early-demographic dividend,2016,93.9590434686905,3.44187901225152,
EAR,Early-demographic dividend,2017,96.3611769859029,3.65839456855015,
EAR,Early-demographic dividend,2018,95.6077352113338,4.14596909449036,
EAR,Early-demographic dividend,2019,95.9977673901306,4.18222696155961,
EAR,Early-demographic dividend,2020,95.6621086286102,4.84527695969511,
EAR,Early-demographic dividend,2021,97.8329155295442,5.47910506073188,
EAR,Early-demographic dividend,2022,96.3653995383414,5.98967585553685,
EAR,Early-demographic dividend,2023,,,
EAR,Early-demographic dividend,2024,,,
EAR,Early-demographic dividend,2025,,,
EAS,East Asia & Pacific,2010,73.9770106724883,9.74743928379965,34.2
EAS,East Asia & Pacific,2011,83.5200185131569,10.9023393879646,37.3
EAS,East Asia & Pacific,2012,91.8441602467353,12.1302526025611,40.4
EAS,East Asia & Pacific,2013,98.425588404076,12.8365909382581,43.2
EAS,East Asia & Pacific,2014,103.473045520977,13.3724192293292,45.5
EAS,East Asia & Pacific,2015,103.7,16.3,48.3
EAS,East Asia & Pacific,2016,109.8,18.4,53.9
EAS,East Asia & Pacific,2017,115.9,21.6,57.8
EAS,East Asia & Pacific,2018,120.7,22.4,62.5
EAS,East Asia & Pacific,2019,128.1,24.4,67.1
EAS,East Asia & Pacific,2020,126.1,26.14,73.9
EAS,East Asia & Pacific,2021,127.6,28.69,78.8
EAS,East Asia & Pacific,2022,128.7,31.12,82.4
EAS,East Asia & Pacific,2023,130.9,33.13,84.9
EAS,East Asia & Pacific,2024,132.9,34.75,86.6
EAS,East Asia & Pacific,2025,135.1,36.46,88.4
ECA,Europe & Central Asia (excluding high income),2010,95.3951029216223,6.74842111662268,30.1
ECA,Europe & Central Asia (excluding high income),2011,104.604414251313,7.75284920844635,34.9
ECA,Europe & Central Asia (excluding high income),2012,106.986623033569,8.83919992302492,39.4
ECA,Europe & Central Asia (excluding high income),2013,109.842620151994,9.96203612329315,43.2
ECA,Europe & Central Asia (excluding high income),2014,111.084522303861,10.3905549035772,48.6
ECA,Europe & Central Asia (excluding high income),2015,109.790593674442,11.7041776028352,51.9
ECA,Europe & Central Asia (excluding high income),2016,108.379627294018,12.6541741689409,56.2
ECA,Europe & Central Asia (excluding high income),2017,109.863407070652,13.6946760886332,60.6
ECA,Europe & Central Asia (excluding high income),2018,107.098654897689,15.3491254650346,65.8
ECA,Europe & Central Asia (excluding high income),2019,111.747265336464,15.5606133758178,70.3
ECA,Europe & Central Asia (excluding high income),2020,106.3,17.68,74.5
ECA,Europe & Central Asia (excluding high income),2021,109.9,19.15,79.1
ECA,Europe & Central Asia (excluding high income),2022,110.0,20.13,82.0
ECA,Europe & Central Asia (excluding high income),2023,113.2,21.79,84.6
ECA,Europe & Central Asia (excluding high income),2024,115.4,23.11,85.8
ECA,Europe & Central Asia (excluding high income),2025,117.3,24.53,87.5
ECS,Europe & Central Asia,2010,120.330730781447,18.9989245565289,57.0
ECS,Europe & Central Asia,2011,120.443939487647,20.3310804170746,60.2
ECS,Europe & Central Asia,2012,122.578365415616,21.5218948494094,63.8
ECS,Europe & Central Asia,2013,125.059373627102,22.7865947855616,66.1
ECS,Europe & Central Asia,2014,124.878330839041,23.6597535317252,68.9
ECS,Europe & Central Asia,2015,124.0,24.8,69.9
ECS,Europe & Central Asia,2016,123.6,25.6,72.3
ECS,Europe & Central Asia,2017,122.7,26.9,74.5
ECS,Europe & Central Asia,2018,122.6,27.8,78.1
ECS,Europe & Central Asia,2019,125.0,28.5,80.3
ECS,Europe & Central Asia,2020,123.3,29.8,83.4
ECS,Europe & Central Asia,2021,126.0,30.85,86.3
ECS,Europe & Central Asia,2022,126.6,31.57,87.9
ECS,Europe & Central Asia,2023,130.2,32.56,89.6
ECS,Europe & Central Asia,2024,132.4,33.47,90.9
ECS,Europe & Central Asia,2025,134.6,34.45,92.4
ECU,Ecuador,2010,98.0369371404011,1.46796098216486,29.03
ECU,Ecuador,2011,100.042332662827,4.29931645929556,31.3668083587433
ECU,Ecuador,2012,105.680291422005,5.41801624099982,35.1351464545516
ECU,Ecuador,2013,105.181656022524,6.69604876989672,40.279121941
ECU,Ecuador,2014,103.558519410265,8.22960271464069,45.5903906666095
ECU,Ecuador,2015,79.5746462378333,9.14528109625927,48.9404337892669
ECU,Ecuador,2016,84.1088342242983,9.75202935279733,54.0629247288864
ECU,Ecuador,2017,87.421387212843,10.6125181754918,55.79999924
ECU,Ecuador,2018,92.5117717203865,11.4584100093686,57.5
ECU,Ecuador,2019,91.4249181128443,12.0672172196331,59.2
ECU,Ecuador,2020,88.2554920433727,13.5146940353863,70.7
ECU,Ecuador,2021,94.950621672761,14.0284374555704,69.1147995
ECU,Ecuador,2022,98.1309025742238,15.1128846850944,69.71811356
ECU,Ecuador,2023,101.031752745524,16.0678902316524,72.6943146
ECU,Ecuador,2024,101.598265014024,17.246394056997,77.17273115
ECU,Ecuador,2025,,,
EGY,"Egypt, Arab Rep.",2010,79.2198618342745,1.62745731673027,21.6
EGY,"Egypt, Arab Rep.",2011,91.5823290114783,2.02567464552925,25.6
EGY,"Egypt, Arab Rep.",2012,103.904852847169,2.45679305227732,26.4
EGY,"Egypt, Arab Rep.",2013,104.585398175604,2.80726241263661,29.4
EGY,"Egypt, Arab Rep.",2014,97.7313128919015,3.14561708192958,33.8946039115275
EGY,"Egypt, Arab Rep.",2015,94.3962460363651,3.84187963570353,37.8193834276939
EGY,"Egypt, Arab Rep.",2016,96.2091951594197,4.39685382563749,41.2480670885772
EGY,"Egypt, Arab Rep.",2017,99.2884367821237,5.04732016956055,44.9502042452857
EGY,"Egypt, Arab Rep.",2018,88.7420881346276,6.26825297386708,46.92433676792
EGY,"Egypt, Arab Rep.",2019,88.6447815879102,7.04130696004296,57.2828663990195
EGY,"Egypt, Arab Rep.",2020,87.2316871725819,8.5396308016812,71.91420096
EGY,"Egypt, Arab Rep.",2021,84.0866220906029,9.76582299335252,72.05599976
EGY,"Egypt, Arab Rep.",2022,90.6794715776528,10.6832498285136,72.19806556
EGY,"Egypt, Arab Rep.",2023,92.8261626420085,10.8642477216638,74.01190186
EGY,"Egypt, Arab Rep.",2024,97.1295066037455,11.6871225241757,74.64839935
EGY,"Egypt, Arab Rep.",2025,,,
EMU,Euro area,2010,117.39984685151,27.8645860833431,
EMU,Euro area,2011,120.39652528329,29.1174509371808,
EMU,Euro area,2012,121.72781302301,30.097359393031,
EMU,Euro area,2013,122.702629507747,31.1701991233525,
EMU,Euro area,2014,120.998520694773,32.3833330105044,
EMU,Euro area,2015,120.339522592896,33.5833939250786,
EMU,Euro area,2016,121.39529734813,34.7862827751847,
EMU,Euro area,2017,122.790373736647,36.0242017920541,
EMU,Euro area,2018,122.501733240973,36.9809043655201,
EMU,Euro area,2019,122.045744412398,37.8238210695565,
EMU,Euro area,2020,121.425545157311,38.9134629698703,
EMU,Euro area,2021,123.005707748284,39.907173788575,
EMU,Euro area,2022,123.504922574754,40.8890630672494,
EMU,Euro area,2023,,,
EMU,Euro area,2024,,,
EMU,Euro area,2025,,,
ERI,Eritrea,2010,6.29077416502727,0.0040065381269638,0.610000014
ERI,Eritrea,2011,8.06870803088893,0.00470237469922311,0.699999988
ERI,Eritrea,2012,10.0521635251769,0.00609156177107055,0.800000012
ERI,Eritrea,2013,11.5420445230877,0.00474895588024825,0.899999976
ERI,Eritrea,2014,13.4855143799717,0.00646167435552068,0.99000001
ERI,Eritrea,2015,15.2952170085389,0.016100228430041,1.083699942
ERI,Eritrea,2016,16.1935649461164,0.0192018556673317,1.177099943
ERI,Eritrea,2017,22.0610618449333,0.031742535028681,2.496099949
ERI,Eritrea,2018,,,5.293000221
ERI,Eritrea,2019,40.4605403256719,0.0925870488001644,11.22379971
ERI,Eritrea,2020,54.7205015934574,0.151916994984612,14.34939957
ERI,Eritrea,2021,53.7582573847458,0.149245578525113,
ERI,Eritrea,2022,59.1248082166991,0.165393390775689,
ERI,Eritrea,2023,,,
ERI,Eritrea,2024,,,
ERI,Eritrea,2025,,,
ESP,Spain,2010,109.711571858447,22.7418123101281,65.8
ESP,Spain,2011,111.899355043358,23.7622851657887,67.0899993926581
ESP,Spain,2012,107.756074158579,24.5107487138578,69.8099999420024
ESP,Spain,2013,107.038567264134,26.1458798389403,71.635
ESP,Spain,2014,108.745818831037,27.8358661570454,76.1867089778712
ESP,Spain,2015,109.391040801705,29.0099329346016,78.6896318703515
ESP,Spain,2016,110.247061960011,30.1986308494311,80.5613329432179
ESP,Spain,2017,112.030085134191,31.2964612808116,84.6022457016524
ESP,Spain,2018,115.009066880916,32.2277444368856,86.107235525659
ESP,Spain,2019,116.69612128516,32.9220023670648,90.718665325267
ESP,Spain,2020,116.712041523767,33.9527590155171,93.20564892
ESP,Spain,2021,118.999806936801,34.9302420932073,93.89752157
ESP,Spain,2022,123.399528756795,35.7846414290159,94.4855432
ESP,Spain,2023,127.715490236713,37.2148181549182,95.44564516
ESP,Spain,2024,130.260997343256,39.2337541858756,95.7574516
ESP,Spain,2025,,,
EST,Estonia,2010,124.136203591879,26.1281702327091,74.1
EST,Estonia,2011,136.065402099509,26.2887630917959,76.5
EST,Estonia,2012,151.196568013694,26.4254326274595,78.3899259259259
EST,Estonia,2013,146.247455268495,27.3877226142123,80.0043
EST,Estonia,2014,144.360615678625,28.2253745287009,84.2415280294352
EST,Estonia,2015,144.802963084675,29.6882797190881,88.4097035040431
EST,Estonia,2016,144.235470787302,31.4989029896287,87.2402327514547
EST,Estonia,2017,144.556616126155,32.5220031500844,88.1024568740199
EST,Estonia,2018,145.543490183174,33.3725174267095,89.3570077747426
EST,Estonia,2019,147.04692867619,33.8508104327483,90.2289281997919
EST,Estonia,2020,144.832210121466,34.2700326171401,89.05828666
EST,Estonia,2021,148.739589817601,37.357189680638,90.97970174
EST,Estonia,2022,152.270772859015,39.7219150412824,91.52016546
EST,Estonia,2023,150.195729068839,35.2539796781149,93.18342241
EST,Estonia,2024,151.131825017309,35.3527186879385,92.23796204
EST,Estonia,2025,,,
ETH,Ethiopia,2010,7.57025899497312,0.00453619108438206,0.75
ETH,Ethiopia,2011,15.1655003216856,0.00682018469785873,1.100000024
ETH,Ethiopia,2012,21.4239594545095,0.00890930047147684,2.900000095
ETH,Ethiopia,2013,26.0536269908585,0.241842767793752,4.599999905
ETH,Ethiopia,2014,30.1536033852735,0.466085305720848,7.699999809
ETH,Ethiopia,2015,40.7363012371526,0.460203316477344,13.8551755555556
ETH,Ethiopia,2016,47.9993274246983,0.523809621083991,15.3669238595896
ETH,Ethiopia,2017,36.1094836260863,0.0574013129864174,15.62440014
ETH,Ethiopia,2018,,,15.88619995
ETH,Ethiopia,2019,36.2199307720652,0.137379985514274,15.98460007
ETH,Ethiopia,2020,37.4208472347226,0.178274598062049,16.06959915
ETH,Ethiopia,2021,52.8088633217211,0.399382380284272,16.6981031
ETH,Ethiopia,2022,56.9642988837987,0.45157652011053,17.9836998
ETH,Ethiopia,2023,59.8748744402242,0.534823180349513,20.33749962
ETH,Ethiopia,2024,65.0825091944922,0.593917449513598,21.94129944
ETH,Ethiopia,2025,,,
EUU,European Union,2010,118.362121389741,25.8445416691152,
EUU,European Union,2011,121.505164700888,27.2652566927372,
EUU,European Union,2012,123.536569078094,28.1514685720566,
EUU,European Union,2013,124.928116565766,29.22008919732,
EUU,European Union,2014,123.561956130038,30.3435202548452,
EUU,European Union,2015,121.827779366561,31.4509303481746,
EUU,European Union,2016,122.1922182244,32.5654171406935,
EUU,European Union,2017,122.55683721261,33.7866460425655,
EUU,European Union,2018,121.955286915766,34.7500632097183,
EUU,European Union,2019,121.799562736112,35.6346241840124,
EUU,European Union,2020,121.476371720115,36.8053737269773,
EUU,European Union,2021,123.265317671991,37.8613994311883,
EUU,European Union,2022,123.687099666304,38.6802657254509,
EUU,European Union,2023,,,
EUU,European Union,2024,,,
EUU,European Union,2025,,,
FIN,Finland,2010,156.432080695834,29.0751116373162,86.89
FIN,Finland,2011,165.916854869706,29.8056452931485,88.70999491353
FIN,Finland,2012,172.147209506663,30.4323757921866,89.879997974222
FIN,Finland,2013,136.259014207069,31.6268291557372,91.5144
FIN,Finland,2014,139.198825856641,32.1970293411336,86.5303927529377
FIN,Finland,2015,134.974123663686,31.5690938053918,86.4221333325445
FIN,Finland,2016,131.382780978293,31.152937083259,87.7036499599455
FIN,Finland,2017,129.983392624641,31.0435197469463,87.4689290730615
FIN,Finland,2018,129.629119305202,31.491717515124,88.8899599985585
FIN,Finland,2019,129.487723024493,32.5439773811208,89.6073851129779
FIN,Finland,2020,128.761294644181,33.3838974597133,92.17027106
FIN,Finland,2021,129.036333202492,33.6396818306917,92.80806082
FIN,Finland,2022,128.023293416281,34.2951599474189,92.98879471
FIN,Finland,2023,127.47302579722,35.3318092510781,93.51385075
FIN,Finland,2024,125.860954798649,36.4765341417867,93.72405196
FIN,Finland,2025,,,
FJI,Fiji,2010,76.6592085622115,2.5537691985778,20.0
FJI,Fiji,2011,79.6285606945976,2.54658051739944,28.0
FJI,Fiji,2012,93.8673192570263,1.47729086103891,33.74240112
FJI,Fiji,2013,101.533690110351,1.19244569772315,35.20000076
FJI,Fiji,2014,95.4871755750148,1.35431594893116,37.40000153
FJI,Fiji,2015,105.157101519958,1.38627313086096,42.5
FJI,Fiji,2016,113.655748798367,1.34165101842322,49.41999817
FJI,Fiji,2017,112.533863613853,1.32080338804844,53.6473999
FJI,Fiji,2018,110.665300159184,2.08214309077826,58.2364006
FJI,Fiji,2019,112.580732955222,2.34495829594305,63.21789932
FJI,Fiji,2020,108.365037711907,2.52053908190823,68.62560272
FJI,Fiji,2021,108.158405429846,2.51573287546457,70.56800079
FJI,Fiji,2022,111.749120643187,2.53376577893503,72.56549835
FJI,Fiji,2023,361.048644963723,1.82947481185312,74.1160965
FJI,Fiji,2024,574.152332512188,1.80009560888215,74.7052002
FJI,Fiji,2025,,,
FRA,France,2010,91.1185789923179,33.64535986777,77.28
FRA,France,2011,93.8529031474159,35.6937891818337,77.8199989926706
FRA,France,2012,97.1924631662654,37.4345529509644,81.44
FRA,France,2013,98.347924466483,38.7340855946258,81.9198
FRA,France,2014,101.132290573498,40.142215573606,83.7510996681821
FRA,France,2015,102.718366606519,41.387117104083,78.0060377071902
FRA,France,2016,103.816661597799,42.5277884451476,79.2698113207547
FRA,France,2017,105.718368398783,43.6242593525939,80.5024597243607
FRA,France,2018,107.482434668386,44.4142292018123,82.0431867788484
FRA,France,2019,109.600780374596,45.2765022757908,83.3397440866883
FRA,France,2020,110.387215275645,46.471240838575,84.70639801
FRA,France,2021,113.952719366702,47.6442336298287,86.09548575
FRA,France,2022,115.950519429629,48.250226559098,85.33331734
FRA,France,2023,116.687800394775,48.6688340139444,86.83635789
FRA,France,2024,,48.9251978969333,88.65381638
FRA,France,2025,,,
FRO,Faroe Islands,2010,123.41132263489,33.5879922771907,75.2
FRO,Faroe Islands,2011,121.990653815663,33.4981432803438,80.7321728
FRO,Faroe Islands,2012,122.106007361045,33.943981202304,85.3351892392109
FRO,Faroe Islands,2013,119.61929617432,34.5906087532882,90.0
FRO,Faroe Islands,2014,120.19385440297,35.8073829655599,93.3
FRO,Faroe Islands,2015,108.833394690555,36.3889229762343,94.2
FRO,Faroe Islands,2016,110.023625386184,36.2922278537245,95.1086816720257
FRO,Faroe Islands,2017,112.690325020401,35.9074896005414,97.5819589384468
FRO,Faroe Islands,2018,111.282674295568,35.6252694282243,
FRO,Faroe Islands,2019,106.012499517766,35.0680915088152,
FRO,Faroe Islands,2020,112.600072261205,35.0714054804419,
FRO,Faroe Islands,2021,111.093808630394,34.6022514071295,
FRO,Faroe Islands,2022,105.80437318324,34.5873988631945,
FRO,Faroe Islands,2023,,,
FRO,Faroe Islands,2024,,,
FRO,Faroe Islands,2025,,,
FSM,"Micronesia, Fed. Sts.",2010,25.588618188581,0.92802678073275,20.0
FSM,"Micronesia, Fed. Sts.",2011,25.6272168471095,,22.79999924
FSM,"Micronesia, Fed. Sts.",2012,28.9303920659931,,25.97439957
FSM,"Micronesia, Fed. Sts.",2013,29.0350625687887,1.90804746533976,27.79999924
FSM,"Micronesia, Fed. Sts.",2014,,2.8525037824274,29.64999962
FSM,"Micronesia, Fed. Sts.",2015,20.7007248243129,3.0142757275838,31.50110054
FSM,"Micronesia, Fed. Sts.",2016,21.4641301856521,2.90534036213614,33.35219955
FSM,"Micronesia, Fed. Sts.",2017,21.1123391273372,3.44900028315415,35.30410004
FSM,"Micronesia, Fed. Sts.",2018,,,36.61460114
FSM,"Micronesia, Fed. Sts.",2019,20.8556246712972,4.533831450282,37.97370148
FSM,"Micronesia, Fed. Sts.",2020,19.8348299614122,5.40949908038516,39.38330078
FSM,"Micronesia, Fed. Sts.",2021,19.7090231491436,5.37518813158461,
FSM,"Micronesia, Fed. Sts.",2022,19.9885830493962,5.81818506163369,39.0279007
FSM,"Micronesia, Fed. Sts.",2023,,,39.39889908
FSM,"Micronesia, Fed. Sts.",2024,,,39.52360153
FSM,"Micronesia, Fed. Sts.",2025,,,
GAB,Gabon,2010,93.6112366044355,0.237342278148637,13.0
GAB,Gabon,2011,133.010491109633,0.252527378176584,18.0
GAB,Gabon,2012,138.488452744047,0.270725528171969,24.0
GAB,Gabon,2013,143.499442515887,0.465223498072982,30.53800011
GAB,Gabon,2014,148.237590091786,0.545895949199327,38.07120132
GAB,Gabon,2015,138.244498133013,0.542972059134077,45.78450012
GAB,Gabon,2016,141.050208874326,0.715038665794413,48.0522995
GAB,Gabon,2017,123.475497241411,0.683712735870926,51.60490036
GAB,Gabon,2018,132.465314660912,0.953117951397584,55.42020035
GAB,Gabon,2019,131.975264871196,1.07496298020996,59.51760101
GAB,Gabon,2020,131.301562643297,1.9206136043356,63.91790009
GAB,Gabon,2021,132.30865873249,2.65142494578668,65.76809692
GAB,Gabon,2022,123.233187164275,3.3054859267542,67.67169952
GAB,Gabon,2023,122.606627765979,3.97293291301595,68.19789886
GAB,Gabon,2024,125.337107593999,4.6941021334787,68.72090149
GAB,Gabon,2025,,,
GBR,United Kingdom,2010,121.780844361683,30.3960911450969,85.0
GBR,United Kingdom,2011,121.49766447536,32.4187258603211,85.3799985496322
GBR,United Kingdom,2012,122.465231814068,33.9047903389849,87.4799984242111
GBR,United Kingdom,2013,122.184696024755,35.7819878642114,89.8441
GBR,United Kingdom,2014,120.958261038047,36.5828488416012,91.6133009176453
GBR,United Kingdom,2015,121.211739725133,37.7214944577347,92.0002998740234
GBR,United Kingdom,2016,119.786558760596,38.6588569366885,94.7758006318882
GBR,United Kingdom,2017,119.206737402819,39.2489467665261,90.4245504868553
GBR,United Kingdom,2018,118.184381927412,39.8293995840604,90.692008988783
GBR,United Kingdom,2019,120.250108782533,40.022769455921,92.5166285497138
GBR,United Kingdom,2020,117.304850715261,40.5775246507294,94.81820132
GBR,United Kingdom,2021,117.887430294308,41.1134869970784,96.19650269
GBR,United Kingdom,2022,119.833999505569,41.2867157729584,95.46530151
GBR,United Kingdom,2023,122.781542240418,41.4367685540411,95.44719696
GBR,United Kingdom,2024,121.643331373201,42.1648283773461,95.4720993
GBR,United Kingdom,2025,,,
GEO,Georgia,2010,102.112900017326,4.68263634438548,26.9
GEO,Georgia,2011,114.516931163867,6.42340988915208,31.52000046
GEO,Georgia,2012,122.384147980521,12.0611334421058,36.93999863
GEO,Georgia,2013,131.083096511666,13.5708594493486,43.3
GEO,Georgia,2014,142.390867606876,15.8407410024372,49.1024547144647
GEO,Georgia,2015,146.396495596946,16.7646515047976,47.5697596438736
GEO,Georgia,2016,145.88058671059,17.9595929069632,58.4592896118725
GEO,Georgia,2017,145.072490171662,20.4644306577176,59.7055045962571
GEO,Georgia,2018,143.858127681082,22.5911406351247,62.7179081974285
GEO,Georgia,2019,141.755414275788,24.6806060596483,68.8467135616978
GEO,Georgia,2020,134.366007864735,25.5120429077493,72.53157487
GEO,Georgia,2021,146.566472682371,26.6463786914494,76.4427093
GEO,Georgia,2022,154.013561773213,28.3337075311796,78.71127536
GEO,Georgia,2023,155.249965068869,29.3086367614167,81.88425624
GEO,Georgia,2024,161.201784818537,30.4157660721649,83.79855689
GEO,Georgia,2025,,,
GHA,Ghana,2010,68.4473107845556,0.204455388509399,7.8
GHA,Ghana,2011,81.1104488323626,0.249660012642992,9.0
GHA,Ghana,2012,95.8261770997433,0.254848945181518,10.6
GHA,Ghana,2013,102.337999297675,0.251203224924326,15.0
GHA,Ghana,2014,108.270496910446,0.250235435990938,19.0
GHA,Ghana,2015,121.997156544235,0.254850246382187,23.0
GHA,Ghana,2016,130.481366086196,0.294978237026438,28.0
GHA,Ghana,2017,122.471765695646,0.189313949042323,37.88420105
GHA,Ghana,2018,133.609992432498,0.199976597372149,43.0
GHA,Ghana,2019,130.70523333401,0.187204014722826,22.0732
GHA,Ghana,2020,126.887391353856,0.245771040587956,62.51760101
GHA,Ghana,2021,124.402625384529,0.352237707175248,68.6
GHA,Ghana,2022,120.803416027053,0.62494509663475,69.91329956
GHA,Ghana,2023,98.8059221412722,0.555476730525596,70.67430115
GHA,Ghana,2024,113.647966704673,0.664728986034211,72.17569733
GHA,Ghana,2025,,,
GIB,Gibraltar,2010,96.0061443932412,33.3877368151562,65.0
GIB,Gibraltar,2011,102.653190145294,35.641187618446,65.0
GIB,Gibraltar,2012,108.495426020169,37.4004808142621,65.017
GIB,Gibraltar,2013,,,
GIB,Gibraltar,2014,115.807759119861,39.6184439094261,
GIB,Gibraltar,2015,124.848612659296,46.9285692766547,
GIB,Gibraltar,2016,122.217600570444,48.7372987105592,94.4444715818151
GIB,Gibraltar,2017,119.827712074755,50.7314936487078,
GIB,Gibraltar,2018,117.762667125724,54.4528605038159,
GIB,Gibraltar,2019,114.208035160872,54.9304107736519,
GIB,Gibraltar,2020,97.9680977524673,58.0792303651895,
GIB,Gibraltar,2021,92.6501709262575,59.8567475174996,
GIB,Gibraltar,2022,97.6042968438406,60.9747666781887,
GIB,Gibraltar,2023,,,
GIB,Gibraltar,2024,,,
GIB,Gibraltar,2025,,,
GIN,Guinea,2010,38.4760187632153,0.00480950234540191,1.0
GIN,Guinea,2011,45.6101779050204,0.00563020265914472,2.0
GIN,Guinea,2012,51.1345381222737,0.00640932846627242,3.099999905
GIN,Guinea,2013,66.4452768540172,0.00714804394224273,4.5
GIN,Guinea,2014,75.686895511554,0.00784455645308903,6.400000095
GIN,Guinea,2015,91.475617974568,0.00849829226816871,9.199999809
GIN,Guinea,2016,92.0232948978011,0.00911121731661397,13.10000038
GIN,Guinea,2017,94.4640894763856,0.00909923323417833,18.70000076
GIN,Guinea,2018,94.5550074326391,0.00954759210986358,21.8300230430563
GIN,Guinea,2019,98.7621473298315,0.00959004770933655,23.89049911
GIN,Guinea,2020,107.776552007403,0.00747876982911684,26.14550018
GIN,Guinea,2021,110.185519681138,0.00729367311055392,28.61330032
GIN,Guinea,2022,95.3174629318803,0.00627528568380372,31.31399918
GIN,Guinea,2023,97.8794996455513,,32.31560135
GIN,Guinea,2024,,,33.30469894
GIN,Guinea,2025,,,
GMB,"Gambia, The",2010,76.7322734515709,0.0181664356934128,9.2
GMB,"Gambia, The",2011,70.6308247268856,0.0220286079532852,10.87030029
GMB,"Gambia, The",2012,74.6999893299085,0.0244726870129323,12.44919968
GMB,"Gambia, The",2013,87.8808072933996,0.0208192716106891,14.0
GMB,"Gambia, The",2014,105.505264889158,0.126725087409357,15.56000042
GMB,"Gambia, The",2015,122.078516396055,0.160618270204614,17.59950066
GMB,"Gambia, The",2016,124.273821038818,0.164202246374305,19.90640068
GMB,"Gambia, The",2017,126.633674737607,0.17078041097452,22.5156002
GMB,"Gambia, The",2018,132.57837035012,0.184736659621142,28.30900002
GMB,"Gambia, The",2019,105.204644657943,0.203513124968455,31.11829948
GMB,"Gambia, The",2020,106.448259811355,0.198749231337348,36.01100159
GMB,"Gambia, The",2021,108.847403542688,0.194098625393535,41.67309952
GMB,"Gambia, The",2022,106.782250509204,0.215818879031432,48.22539902
GMB,"Gambia, The",2023,117.115660832998,0.502141524068284,48.72829819
GMB,"Gambia, The",2024,126.243773523653,0.518552979215852,49.49430084
GMB,"Gambia, The",2025,,,
GNB,Guinea-Bissau,2010,43.2448876270711,0.0510742511078324,2.450000048
GNB,Guinea-Bissau,2011,45.5596626030113,0.0621861155816019,2.671999931
GNB,Guinea-Bissau,2012,63.5328932668127,0.0728465311910922,2.894000053
GNB,Guinea-Bissau,2013,55.420045012509,0.0856145705149787,3.099999905
GNB,Guinea-Bissau,2014,63.654183911294,0.0801207497234542,3.319999933
GNB,Guinea-Bissau,2015,69.3267736083208,0.0588315307897139,6.099999905
GNB,Guinea-Bissau,2016,70.1915996185367,0.0483652702423122,13.80000019
GNB,Guinea-Bissau,2017,76.4393694008541,0.0454431156609869,14.80000019
GNB,Guinea-Bissau,2018,77.0219356476645,0.062637605037645,15.69999981
GNB,Guinea-Bissau,2019,80.8245277725828,0.0623571933875965,17.92149925
GNB,Guinea-Bissau,2020,95.0628708236165,0.118365532433795,20.45730019
GNB,Guinea-Bissau,2021,108.62961248586,0.160430067207715,23.3519001
GNB,Guinea-Bissau,2022,125.934670099533,0.219184822436547,27.67379951
GNB,Guinea-Bissau,2023,128.110529740092,0.310448099439986,28.71240044
GNB,Guinea-Bissau,2024,147.197631273872,0.386080917545218,29.77739906
GNB,Guinea-Bissau,2025,,,
GNQ,Equatorial Guinea,2010,33.579601121871,0.0997405568146936,6.0
GNQ,Equatorial Guinea,2011,38.5606783509887,0.108387990352986,11.5
GNQ,Equatorial Guinea,2012,38.7385841174565,0.114419748848651,13.94320011
GNQ,Equatorial Guinea,2013,37.9420717892644,0.261324688869113,16.39999962
GNQ,Equatorial Guinea,2014,36.9002477447229,0.27724834765414,18.86000061
GNQ,Equatorial Guinea,2015,36.6825478378153,0.261293067101903,21.31999969
GNQ,Equatorial Guinea,2016,38.1683691534068,0.224242898422343,23.78000069
GNQ,Equatorial Guinea,2017,36.2336437113254,0.121416081454382,26.23999977
GNQ,Equatorial Guinea,2018,36.5760302693232,0.100221353087251,29.39999962
GNQ,Equatorial Guinea,2019,36.942192354463,0.0598738936052885,49.13370132
GNQ,Equatorial Guinea,2020,43.3495410342634,0.107371649223871,55.00130081
GNQ,Equatorial Guinea,2021,46.434813558898,0.0976810140631094,58.71730042
GNQ,Equatorial Guinea,2022,49.5380486763568,0.10069058437688,63.65950012
GNQ,Equatorial Guinea,2023,,,63.51950073
GNQ,Equatorial Guinea,2024,,,63.29930115
GNQ,Equatorial Guinea,2025,,,
GRC,Greece,2010,110.499601336489,20.2491669415812,44.4
GRC,Greece,2011,109.174140891708,22.183064232426,51.6499951676815
GRC,Greece,2012,120.926137220412,24.3424643325153,55.0699934418411
GRC,Greece,2013,114.142688333026,26.5619364050644,59.8663
GRC,Greece,2014,111.488230327161,28.9729450556431,63.2073404784561
GRC,Greece,2015,116.133089816996,31.7813956931321,66.8349594911035
GRC,Greece,2016,116.365109232942,33.5485838991847,69.0879154723892
GRC,Greece,2017,120.305633506681,35.1351318678243,69.8929706543154
GRC,Greece,2018,113.418450589721,36.9203391643751,72.2383733920483
GRC,Greece,2019,110.855033355177,38.3565690069278,75.6712066931757
GRC,Greece,2020,106.669795200072,39.7876360746134,78.11584474
GRC,Greece,2021,108.643525000707,41.9213046741732,78.49426371
GRC,Greece,2022,109.026956114201,42.923040428409,83.17066333
GRC,Greece,2023,110.79216956747,43.8539621755853,85.0102229
GRC,Greece,2024,113.597610306796,44.6759828527928,86.26968886
GRC,Greece,2025,,,
GRD,Grenada,2010,109.284318821358,12.9380029752836,27.0
GRD,Grenada,2011,107.830191204418,13.0925507900677,30.0
GRD,Grenada,2012,115.19574373753,14.1875415650632,32.0
GRD,Grenada,2013,117.194039845974,15.8608474979513,35.0
GRD,Grenada,2014,102.645182770827,16.4817930116006,51.6
GRD,Grenada,2015,104.439464229656,17.2285395374795,52.5
GRD,Grenada,2016,103.337965777816,18.0847737340398,53.29999924
GRD,Grenada,2017,98.0413728581576,19.2614217155529,54.20000076
GRD,Grenada,2018,102.61904556102,23.3267929225264,61.42459869
GRD,Grenada,2019,100.175028668489,27.4070752968159,64.31279755
GRD,Grenada,2020,102.079232600717,27.4640926242683,65.65380096
GRD,Grenada,2021,86.5710270122035,26.1175099410394,67.02279663
GRD,Grenada,2022,95.759239776586,29.767433903843,68.42030334
GRD,Grenada,2023,,,69.4131012
GRD,Grenada,2024,,,70.16159821
GRD,Grenada,2025,,,
GRL,Greenland,2010,101.298265446709,21.885046101671,63.0
GRL,Greenland,2011,103.357145370729,20.9223352218742,64.0
GRL,Greenland,2012,104.714854344993,20.0429743914897,64.8960100995989
GRL,Greenland,2013,106.878063454426,19.1106471077451,65.8
GRL,Greenland,2014,108.237053388639,18.5142328164777,66.7
GRL,Greenland,2015,108.887738526624,17.8504489387908,67.600443481006
GRL,Greenland,2016,,,68.500873675421
GRL,Greenland,2017,111.14479855897,21.7278093845303,69.4824617821988
GRL,Greenland,2018,109.487462995328,24.0610621678496,
GRL,Greenland,2019,109.935097353969,26.1001355110192,
GRL,Greenland,2020,117.614122681883,27.9190442225392,
GRL,Greenland,2021,118.85048446673,29.9441480344748,
GRL,Greenland,2022,118.637256652974,31.9842829076621,
GRL,Greenland,2023,,,
GRL,Greenland,2024,,,
GRL,Greenland,2025,,,
GTM,Guatemala,2010,124.605727183349,1.78619309974985,10.5
GTM,Guatemala,2011,131.685634641025,,12.30000019
GTM,Guatemala,2012,137.757231829214,1.85757824553484,16.0
GTM,Guatemala,2013,141.131353657881,2.29296336331621,19.70000076
GTM,Guatemala,2014,107.844073276377,2.76585643479911,23.39999962
GTM,Guatemala,2015,113.459063296974,2.87912847082501,28.80590057
GTM,Guatemala,2016,112.267437714983,3.11025548351565,34.50930023
GTM,Guatemala,2017,120.637721514663,3.20509783183884,37.90000153
GTM,Guatemala,2018,121.500075538632,,41.5
GTM,Guatemala,2019,122.043793418341,3.42029196664625,44.401049838502
GTM,Guatemala,2020,117.475884100805,3.52588892585695,47.51229858
GTM,Guatemala,2021,125.718955715353,3.4775394703571,50.84164945
GTM,Guatemala,2022,115.156435692604,5.02439029583182,54.40430069
GTM,Guatemala,2023,113.709374947241,5.08082886037381,56.72669983
GTM,Guatemala,2024,112.520863034346,5.33792153027114,60.22140121
GTM,Guatemala,2025,,,
GUM,Guam,2010,,1.80156375734137,54.04
GUM,Guam,2011,,,57.7
GUM,Guam,2012,,,61.5341593079002
GUM,Guam,2013,,1.8075991468132,65.4
GUM,Guam,2014,,1.81284217396033,69.27
GUM,Guam,2015,,,73.139999947043
GUM,Guam,2016,,,77.009999893206
GUM,Guam,2017,,,80.5054655600831
GUM,Guam,2018,,,
GUM,Guam,2019,,1.85404924354791,
GUM,Guam,2020,,1.8500474845521,
GUM,Guam,2021,,1.83228485921945,
GUM,Guam,2022,,1.8392057149776,
GUM,Guam,2023,,,
GUM,Guam,2024,,,
GUM,Guam,2025,,,
GUY,Guyana,2010,74.7937954450815,1.49388193087543,29.9
GUY,Guyana,2011,70.8644205678996,2.75278662687143,30.0
GUY,Guyana,2012,73.3023980018438,4.01734987029136,30.5
GUY,Guyana,2013,74.002594594018,4.91986224385717,31.0
GUY,Guyana,2014,75.1635113473494,5.99618948621705,32.0
GUY,Guyana,2015,71.5091706302609,7.075427560785,34.0
GUY,Guyana,2016,76.5713484941353,7.49173594849309,35.65999985
GUY,Guyana,2017,83.6990991295793,8.44382214738464,42.6753006
GUY,Guyana,2018,,,48.59889984
GUY,Guyana,2019,96.327066296051,10.276537921044,55.31269836
GUY,Guyana,2020,106.008686272494,11.7649827054754,62.95399857
GUY,Guyana,2021,104.968595260226,11.6495520440672,71.65090179
GUY,Guyana,2022,112.56503784518,12.9356394612219,76.56240082
GUY,Guyana,2023,,,79.3553009
GUY,Guyana,2024,,,83.00080109
GUY,Guyana,2025,,,
HKG,"Hong Kong SAR, China",2010,194.233637212483,30.5242313123898,72.0
HKG,"Hong Kong SAR, China",2011,214.097553258659,32.1854914692348,72.19999695
HKG,"Hong Kong SAR, China",2012,227.571131531867,31.3153714431804,72.9
HKG,"Hong Kong SAR, China",2013,233.650196473593,30.7698227022845,74.2
HKG,"Hong Kong SAR, China",2014,231.702338725003,31.1670836577521,79.8662704309064
HKG,"Hong Kong SAR, China",2015,227.03653842734,31.8721510032907,84.9483529634062
HKG,"Hong Kong SAR, China",2016,237.377770818344,35.4484942649915,87.47941467087
HKG,"Hong Kong SAR, China",2017,247.078996858382,35.7032493826975,89.4159446487565
HKG,"Hong Kong SAR, China",2018,266.34009236007,36.3352765300968,90.5073953294283
HKG,"Hong Kong SAR, China",2019,286.618647834243,37.4680746099321,91.7434003891587
HKG,"Hong Kong SAR, China",2020,291.916274990037,38.5246390800823,92.41313602
HKG,"Hong Kong SAR, China",2021,319.852066930488,39.2188975738319,93.08715788
HKG,"Hong Kong SAR, China",2022,292.80765987826,39.9517808600821,95.61357052
HKG,"Hong Kong SAR, China",2023,319.493898344345,39.8839727444243,95.97781908
HKG,"Hong Kong SAR, China",2024,364.848981963231,40.2724025338679,95.75536971
HKG,"Hong Kong SAR, China",2025,,,
HND,Honduras,2010,113.617136181044,0.0119533179900544,11.09
HND,Honduras,2011,94.399047465495,0.670797298029889,15.9
HND,Honduras,2012,84.5664914453988,0.703114924069509,18.12
HND,Honduras,2013,87.3775687969259,0.776114775575699,17.8
HND,Honduras,2014,85.2365443166273,1.74169563203497,23.0
HND,Honduras,2015,87.1291789109486,2.13675958518204,27.1395454833776
HND,Honduras,2016,83.2180808679633,2.34144817782537,29.5282180796457
HND,Honduras,2017,85.8717287831828,2.48526903610159,31.7357924661485
HND,Honduras,2018,77.7100953282111,3.63393106753465,36.0400608231468
HND,Honduras,2019,76.0268304351136,3.92589911554459,39.3883521850111
HND,Honduras,2020,68.7836128557933,3.92223438778455,45.24829865
HND,Honduras,2021,73.4771659564055,4.0958409901304,51.95159912
HND,Honduras,2022,75.8551423411907,4.40980164894983,56.88069916
HND,Honduras,2023,74.4148227156961,4.36212775547539,58.0685997
HND,Honduras,2024,70.9397440517258,4.57914834722512,58.62269974
HND,Honduras,2025,,,
HPC,Heavily indebted poor countries (HIPC),2010,36.8359881370093,0.08387862854609,
HPC,Heavily indebted poor countries (HIPC),2011,44.5982205032201,0.135569972100907,
HPC,Heavily indebted poor countries (HIPC),2012,50.4639096972381,0.154192632383243,
HPC,Heavily indebted poor countries (HIPC),2013,56.480357263253,0.186993154866272,
HPC,Heavily indebted poor countries (HIPC),2014,61.7538177854788,0.255446556687736,
HPC,Heavily indebted poor countries (HIPC),2015,66.5572239977314,0.276195274652414,
HPC,Heavily indebted poor countries (HIPC),2016,65.09246540567,0.382348529709421,
HPC,Heavily indebted poor countries (HIPC),2017,65.1418315273652,0.402848721466469,
HPC,Heavily indebted poor countries (HIPC),2018,72.134817476378,0.54574408758872,
HPC,Heavily indebted poor countries (HIPC),2019,68.0968402043626,0.514171867332499,
HPC,Heavily indebted poor countries (HIPC),2020,70.9316903394181,0.627807532948656,
HPC,Heavily indebted poor countries (HIPC),2021,74.4847568397299,0.671554280983301,
HPC,Heavily indebted poor countries (HIPC),2022,76.7140221946963,0.684833455807485,
HPC,Heavily indebted poor countries (HIPC),2023,,,
HPC,Heavily indebted poor countries (HIPC),2024,,,
HPC,Heavily indebted poor countries (HIPC),2025,,,
HRV,Croatia,2010,114.582326334034,19.4799756808943,56.55
HRV,Croatia,2011,119.489612280253,20.8566154553422,57.7899789891444
HRV,Croatia,2012,116.719313041118,21.581851768721,61.9399731527956
HRV,Croatia,2013,111.281756214292,22.5042534905966,66.7476
HRV,Croatia,2014,105.732295385283,23.3319089868678,68.5678992528467
HRV,Croatia,2015,105.543643003646,23.5726310188829,69.8450359238281
HRV,Croatia,2016,106.718403536951,25.2341141328155,72.6972696701463
HRV,Croatia,2017,105.794763679153,26.865096097274,67.0961920368478
HRV,Croatia,2018,109.034035401906,28.0156020023514,75.2946259897258
HRV,Croatia,2019,110.493802074789,28.9682951804841,79.0797836757554
HRV,Croatia,2020,110.666299439701,26.0744550144438,78.32090004
HRV,Croatia,2021,112.169438491978,26.7157501000099,81.25396608
HRV,Croatia,2022,114.677195729643,27.6606739600213,82.07155532
HRV,Croatia,2023,117.112604314708,28.4709561519529,83.24117599
HRV,Croatia,2024,121.732525659138,29.5997367962687,83.63240029
HRV,Croatia,2025,,,
HTI,Haiti,2010,40.8026118567902,,8.369999886
HTI,Haiti,2011,42.360470661138,,9.0
HTI,Haiti,2012,60.5271659107243,0.0,9.800000191
HTI,Haiti,2013,70.044477000521,0.0,10.60000038
HTI,Haiti,2014,65.2574823572396,0.0,11.39999962
HTI,Haiti,2015,69.3702568086907,0.0128097405723445,14.19999981
HTI,Haiti,2016,60.9477225087446,0.0126318271253869,22.79999924
HTI,Haiti,2017,58.2917858919698,0.276397485097184,27.20000076
HTI,Haiti,2018,60.232256515521,0.283697984065843,32.4736271300557
HTI,Haiti,2019,61.6234088594647,0.280049919123204,35.76409912
HTI,Haiti,2020,65.0933737275708,0.275706324027148,39.38809967
HTI,Haiti,2021,64.3451990252656,0.272537391690564,43.37919998
HTI,Haiti,2022,65.1889329311174,0.306790757611135,47.77470016
HTI,Haiti,2023,,,47.99269867
HTI,Haiti,2024,,,47.8614006
HTI,Haiti,2025,,,
HUN,Hungary,2010,120.369453085535,21.639373536508,65.0
HUN,Hungary,2011,117.526065994308,23.2549245597223,68.0199878861296
HUN,Hungary,2012,116.767825095297,24.1618038721448,70.579998153838
HUN,Hungary,2013,117.200126277309,26.2621916555453,72.6439
HUN,Hungary,2014,118.895659080821,26.164233392363,75.6531974544103
HUN,Hungary,2015,100.623739037612,27.6322359587573,72.8347370323805
HUN,Hungary,2016,101.442011503556,28.6887907811727,79.2594121273057
HUN,Hungary,2017,101.629260697653,30.2136178819417,76.7505471201922
HUN,Hungary,2018,102.737202940663,31.5062908247816,76.0743606365063
HUN,Hungary,2019,105.141557934591,32.6466329851573,80.3716936050482
HUN,Hungary,2020,105.981902376717,33.4922037196533,84.77115202
HUN,Hungary,2021,105.137285804787,34.8391868436369,88.64083466
HUN,Hungary,2022,105.793848314995,36.5338104764554,89.14282688
HUN,Hungary,2023,105.054424922699,36.7901885342462,91.4500713
HUN,Hungary,2024,104.58063059269,37.542262483936,93.77898628
HUN,Hungary,2025,,,
IBD,IBRD only,2010,78.8034873857696,5.40546728096512,25.0
IBD,IBRD only,2011,87.5699733573061,6.43887092303887,28.5
IBD,IBRD only,2012,91.8022167500843,7.17602021441862,31.5
IBD,IBRD only,2013,96.5675975043589,7.73420357194198,34.0
IBD,IBRD only,2014,99.2665312728336,8.17827220320881,36.4
IBD,IBRD only,2015,99.4,10.0,39.1
IBD,IBRD only,2016,103.9,11.1,43.2
IBD,IBRD only,2017,106.8,13.0,46.6
IBD,IBRD only,2018,108.3,13.5,50.3
IBD,IBRD only,2019,111.0,14.6,56.3
IBD,IBRD only,2020,109.6,15.87,65.4
IBD,IBRD only,2021,111.6,17.46,70.3
IBD,IBRD only,2022,112.2,18.89,74.4
IBD,IBRD only,2023,113.9,20.1,77.3
IBD,IBRD only,2024,114.9,21.16,79.9
IBD,IBRD only,2025,115.9,22.32,82.7
IBT,IDA & IBRD total,2010,70.2868560097238,4.16222991461336,20.3
IBT,IDA & IBRD total,2011,78.5672470280886,5.19210532418459,23.2
IBT,IDA & IBRD total,2012,83.1338102350563,5.59690590057099,25.7
IBT,IDA & IBRD total,2013,88.1517876718314,5.97398367436259,27.8
IBT,IDA & IBRD total,2014,91.5568489284904,6.36648239556667,30.1
IBT,IDA & IBRD total,2015,92.1,7.6,32.8
IBT,IDA & IBRD total,2016,95.7,8.5,36.4
IBT,IDA & IBRD total,2017,98.0,9.9,39.5
IBT,IDA & IBRD total,2018,100.0,10.3,42.9
IBT,IDA & IBRD total,2019,102.9,11.1,47.8
IBT,IDA & IBRD total,2020,102.5,12.06,55.1
IBT,IDA & IBRD total,2021,104.2,13.23,59.3
IBT,IDA & IBRD total,2022,105.2,14.29,63.0
IBT,IDA & IBRD total,2023,106.7,15.18,65.5
IBT,IDA & IBRD total,2024,107.0,15.94,67.7
IBT,IDA & IBRD total,2025,107.8,16.76,70.3
IDA,IDA total,2010,43.5583347473519,0.186734442343409,5.9
IDA,IDA total,2011,50.6339626108806,0.303146612303329,6.8
IDA,IDA total,2012,56.5582401749286,0.336074269034754,7.9
IDA,IDA total,2013,62.6214216477954,0.447356753282154,9.4
IDA,IDA total,2014,68.4201592373232,0.675727391906908,11.6
IDA,IDA total,2015,70.7,0.8,14.2
IDA,IDA total,2016,71.8,1.1,16.9
IDA,IDA total,2017,72.5,1.2,19.2
IDA,IDA total,2018,76.5,1.3,22.0
IDA,IDA total,2019,80.4,1.4,24.2
IDA,IDA total,2020,82.8,1.61,27.0
IDA,IDA total,2021,84.4,1.86,29.8
IDA,IDA total,2022,86.6,2.09,32.8
IDA,IDA total,2023,88.0,2.35,34.5
IDA,IDA total,2024,86.7,2.51,36.4
IDA,IDA total,2025,87.1,2.73,38.9
IDB,IDA blend,2010,54.2239442475053,0.245829615542233,9.1
IDB,IDA blend,2011,59.015926057032,,10.3
IDB,IDA blend,2012,64.4032970929657,0.404875145942917,11.8
IDB,IDA blend,2013,68.7478976405231,0.447386512020384,13.9
IDB,IDA blend,2014,71.72230796601,0.627234160019739,16.1
IDB,IDA blend,2015,70.3,0.8,19.0
IDB,IDA blend,2016,72.2,1.1,20.6
IDB,IDA blend,2017,71.9,1.2,22.3
IDB,IDA blend,2018,77.5,1.3,24.1
IDB,IDA blend,2019,83.2,1.2,26.9
IDB,IDA blend,2020,90.4,1.6,28.7
IDB,IDA blend,2021,90.9,2.0,32.4
IDB,IDA blend,2022,95.5,2.25,36.5
IDB,IDA blend,2023,95.3,2.62,38.3
IDB,IDA blend,2024,88.2,3.0,41.2
IDB,IDA blend,2025,84.2,3.44,44.2
IDN,Indonesia,2010,85.7838690956097,0.925808659546544,10.92
IDN,Indonesia,2011,100.134519965107,1.09687683849738,12.28
IDN,Indonesia,2012,111.581048999,1.18045801810675,14.52
IDN,Indonesia,2013,122.424816798816,1.27096683417948,14.94
IDN,Indonesia,2014,125.767185647597,1.31336301010966,17.1431598350566
IDN,Indonesia,2015,129.468797674053,1.52139473860752,22.062742603379
IDN,Indonesia,2016,145.704251250337,1.9753784545485,25.447353701827
IDN,Indonesia,2017,162.782511760443,2.32504234259027,32.335806250688
IDN,Indonesia,2018,118.330216938024,3.28729591276809,39.9046386385762
IDN,Indonesia,2019,125.244348145809,3.77422560918071,47.6906489788375
IDN,Indonesia,2020,129.40362112725,3.92993769121646,53.72649449
IDN,Indonesia,2021,132.199444256099,4.4874632789818,62.10447842
IDN,Indonesia,2022,122.873012230307,4.82151507878823,66.48461277
IDN,Indonesia,2023,125.238194847046,4.81663955789733,69.20836554
IDN,Indonesia,2024,122.514946500491,4.92196685438436,72.78075544
IDN,Indonesia,2025,,,
IDX,IDA only,2010,38.1705993956417,0.154996980769781,4.2
IDX,IDA only,2011,46.388230615276,0.232855572792234,5.0
IDX,IDA only,2012,52.5864249659697,0.296013971646199,5.8
IDX,IDA only,2013,59.5214160305245,0.4473406971974,6.9
IDX,IDA only,2014,66.7509255936279,0.702328985079462,9.0
IDX,IDA only,2015,70.9,0.9,11.6
IDX,IDA only,2016,71.5,1.1,14.9
IDX,IDA only,2017,72.9,1.2,17.5
IDX,IDA only,2018,75.9,1.4,20.9
IDX,IDA only,2019,78.9,1.4,22.8
IDX,IDA only,2020,78.6,1.61,26.0
IDX,IDA only,2021,80.9,1.77,28.4
IDX,IDA only,2022,81.8,2.0,30.7
IDX,IDA only,2023,84.1,2.2,32.5
IDX,IDA only,2024,86.0,2.25,33.9
IDX,IDA only,2025,88.6,2.35,36.1
IMN,Isle of Man,2010,,,
IMN,Isle of Man,2011,,,
IMN,Isle of Man,2012,,,
IMN,Isle of Man,2013,,,
IMN,Isle of Man,2014,,,
IMN,Isle of Man,2015,,,
IMN,Isle of Man,2016,,,
IMN,Isle of Man,2017,,,
IMN,Isle of Man,2018,,,
IMN,Isle of Man,2019,,,
IMN,Isle of Man,2020,,,
IMN,Isle of Man,2021,,,
IMN,Isle of Man,2022,,,
IMN,Isle of Man,2023,,,
IMN,Isle of Man,2024,,,
IMN,Isle of Man,2025,,,
IND,India,2010,60.4906435106584,0.883808841093522,7.5
IND,India,2011,70.8725652125021,1.05858887089543,10.07
IND,India,2012,67.6263517922249,1.17169600055105,11.10000038
IND,India,2013,68.3966708179098,1.15197793176359,12.30000019
IND,India,2014,71.9366825449914,1.20020374567342,13.5
IND,India,2015,75.379332347226,1.27578595315943,14.89999962
IND,India,2016,83.917838213735,1.38795276378032,16.5
IND,India,2017,85.9703537817688,1.31327377028949,18.20000076
IND,India,2018,85.5500756367908,1.3217822859385,20.0813000379384
IND,India,2019,82.898144918237,1.37913181839908,29.52350044
IND,India,2020,82.2540479927426,1.63622632751685,43.40544313
IND,India,2021,81.603974311212,1.9487996093033,49.2580986
IND,India,2022,80.1818007717416,2.35231555917724,55.9
IND,India,2023,80.5631998772888,2.74534696441771,60.25230026
IND,India,2024,79.3526921826412,3.15046250037677,64.9434967
IND,India,2025,,,70.0
IRL,Ireland,2010,103.123305579196,22.3721452573765,69.85
IRL,Ireland,2011,107.134899495633,23.3814204815178,74.8899729670944
IRL,Ireland,2012,108.989828987516,24.1750019347271,76.919992540097
IRL,Ireland,2013,105.53780299895,25.7144376937159,78.2477
IRL,Ireland,2014,105.460883393918,27.0221858517779,83.4917223351728
IRL,Ireland,2015,104.242903808134,27.8462651784045,83.4947916666667
IRL,Ireland,2016,102.558386941167,28.6147710435862,83.5
IRL,Ireland,2017,101.842124574945,29.0794615926246,84.1140070623844
IRL,Ireland,2018,102.030494877842,29.3513301848147,87.0001401148942
IRL,Ireland,2019,104.597515228061,29.6453160652366,87.0000552425146
IRL,Ireland,2020,105.045612677382,30.4353384554187,91.99989097
IRL,Ireland,2021,106.86972424373,31.3616427884193,93.50610352
IRL,Ireland,2022,110.608851322579,31.5362809040128,95.03690338
IRL,Ireland,2023,110.798344311602,31.8907830651788,96.8660965
IRL,Ireland,2024,112.638817343502,32.3023693358176,97.18769836
IRL,Ireland,2025,,,
IRN,"Iran, Islamic Rep.",2010,69.8155207353596,1.27555962256262,15.9
IRN,"Iran, Islamic Rep.",2011,71.4983841389879,2.70427494282669,19.0
IRN,"Iran, Islamic Rep.",2012,73.2734207057577,4.79231977390111,22.73
IRN,"Iran, Islamic Rep.",2013,81.1371930246672,6.41817590383926,29.95
IRN,"Iran, Islamic Rep.",2014,84.5268986808859,7.53995804645147,39.353614505223
IRN,"Iran, Islamic Rep.",2015,89.8322296412795,7.99892645019457,45.3349761533285
IRN,"Iran, Islamic Rep.",2016,96.0721972454902,9.07810254131414,53.2267716709857
IRN,"Iran, Islamic Rep.",2017,102.375956866471,10.1144035205672,64.0439736249513
IRN,"Iran, Islamic Rep.",2018,103.024273741245,11.3875742908004,70.2005650008363
IRN,"Iran, Islamic Rep.",2019,135.622267599115,9.90926903532027,72.4509047672065
IRN,"Iran, Islamic Rep.",2020,145.485569917724,10.9026671467968,75.56986637
IRN,"Iran, Islamic Rep.",2021,153.624638869213,12.068102546673,78.5957366
IRN,"Iran, Islamic Rep.",2022,162.712943709127,12.2102486068411,81.71649933
IRN,"Iran, Islamic Rep.",2023,166.279821209677,12.0205942239083,83.71050262
IRN,"Iran, Islamic Rep.",2024,174.066388972063,12.0603874696566,85.3404007
IRN,"Iran, Islamic Rep.",2025,,,
IRQ,Iraq,2010,74.9368134361824,0.010040145766038,2.5
IRQ,Iraq,2011,79.346611020706,,5.0
IRQ,Iraq,2012,79.5011903487766,,7.099999905
IRQ,Iraq,2013,91.9732728220056,,9.199999809
IRQ,Iraq,2014,90.2871319578445,,11.6453267304545
IRQ,Iraq,2015,89.3464376905175,,15.21440029
IRQ,Iraq,2016,86.9439155206782,,19.87719917
IRQ,Iraq,2017,84.9464629712121,10.910523135606,25.96920013
IRQ,Iraq,2018,90.7159740030354,11.1567326014866,33.92810059
IRQ,Iraq,2019,90.3685290100393,11.0677657654898,44.3263465511579
IRQ,Iraq,2020,88.9799284628949,14.8494851377503,53.67779922
IRQ,Iraq,2021,94.6092832170426,14.8275236561145,65.00219727
IRQ,Iraq,2022,99.1323661916548,14.4912960130678,78.71560926
IRQ,Iraq,2023,101.388721479182,17.2312565041583,81.80889893
IRQ,Iraq,2024,100.080276677726,17.6333290365333,81.47450256
IRQ,Iraq,2025,,,
ISL,Iceland,2010,107.203653530636,34.3263410003835,93.39
ISL,Iceland,2011,107.817332368231,34.9642943312747,94.8196868008949
ISL,Iceland,2012,109.747195651429,35.3508435642577,96.2097995545657
ISL,Iceland,2013,109.997066860151,36.2681198573568,96.5468
ISL,Iceland,2014,112.987310388627,36.5320965338675,98.1580233097118
ISL,Iceland,2015,116.004435688559,37.5994101863714,98.19999695
ISL,Iceland,2016,119.679414972554,38.150452657238,98.23999786
ISL,Iceland,2017,116.796155223255,39.1883119718453,98.2552011867973
ISL,Iceland,2018,116.581078859812,39.1065426493677,99.0109539916991
ISL,Iceland,2019,114.623232603271,38.6029941779872,99.5049411693787
ISL,Iceland,2020,114.939418571031,38.6826471438625,99.5327519
ISL,Iceland,2021,117.34255750797,38.4077027940877,99.68701957
ISL,Iceland,2022,120.114839781678,37.4212579793667,97.58339691
ISL,Iceland,2023,121.475495280706,37.4245919320463,97.94860077
ISL,Iceland,2024,120.927513243653,37.5242757933482,98.209198
ISL,Iceland,2025,,,
ISR,Israel,2010,124.183304971489,24.0161325167121,67.5
ISR,Israel,2011,123.142439797067,25.1508929901568,68.8738779907441
ISR,Israel,2012,121.257449610793,25.460778308521,70.8
ISR,Israel,2013,122.590468216873,25.8472324040417,70.250311945
ISR,Israel,2014,120.296120931284,26.9843193373229,75.0177531628076
ISR,Israel,2015,131.256932278377,26.9840410445519,77.3520896572253
ISR,Israel,2016,128.745353991867,27.5030283172787,79.6531241815281
ISR,Israel,2017,126.049460421008,28.00833361537,81.5811835871611
ISR,Israel,2018,125.733440171505,28.6131707306182,83.7331569615326
ISR,Israel,2019,135.143345507015,28.6567652412239,86.7878776180583
ISR,Israel,2020,139.425860895034,29.5678161933081,90.12734091
ISR,Israel,2021,139.775312861878,29.7078785417387,90.29689758
ISR,Israel,2022,151.1379631075,29.1676695245416,91.85079615
ISR,Israel,2023,153.336641345572,29.4357235504327,87.03842615
ISR,Israel,2024,177.393104798636,29.1837101461688,88.18242225
ISR,Israel,2025,,,
ITA,Italy,2010,155.684057564253,21.7704634480966,53.68
ITA,Italy,2011,159.092737727414,22.393878996579,54.3899983018814
ITA,Italy,2012,160.558717223582,22.7375144996784,55.829997993283
ITA,Italy,2013,159.698153133449,23.1031860985354,58.4593
ITA,Italy,2014,148.21699121216,23.7083714537202,55.6384602242293
ITA,Italy,2015,144.763979440074,24.5977602494059,58.1417349568747
ITA,Italy,2016,142.127307324616,25.7337403103573,61.3242527666303
ITA,Italy,2017,138.882433107903,27.4652917045411,63.0773469984291
ITA,Italy,2018,138.264671531909,28.4648521996575,74.3871829234822
ITA,Italy,2019,132.181234381376,29.0544644701951,67.8507102874836
ITA,Italy,2020,129.49000571147,30.2586365187027,70.48342785
ITA,Italy,2021,130.781488497698,31.2852927413407,74.8623274
ITA,Italy,2022,131.673965640047,31.19136706407,85.06074504
ITA,Italy,2023,131.871674517747,31.8410876819321,87.0278292
ITA,Italy,2024,132.575141676252,31.7807732477772,89.2207202
ITA,Italy,2025,,,
JAM,Jamaica,2010,115.769193267185,4.24530155339071,27.67
JAM,Jamaica,2011,106.698112729098,4.28434186055105,37.438613414848
JAM,Jamaica,2012,97.9262957044903,4.43820042345524,33.79
JAM,Jamaica,2013,102.24554700295,5.05861470775989,37.1
JAM,Jamaica,2014,107.579098909745,5.42475361959861,40.4027351046672
JAM,Jamaica,2015,111.942013905986,8.1672514945403,42.2212211907441
JAM,Jamaica,2016,116.279104528073,10.1806638279094,44.3668563671334
JAM,Jamaica,2017,109.782709062265,8.49218897606476,55.0720670507751
JAM,Jamaica,2018,105.137305560766,10.0973831751177,68.2145170876072
JAM,Jamaica,2019,107.105304450051,11.2602367962551,70.8410169743356
JAM,Jamaica,2020,101.50208125864,13.6219905826712,76.38400269
JAM,Jamaica,2021,102.38666630017,14.5717525783368,82.36071561
JAM,Jamaica,2022,105.762018411183,14.9601781381994,85.84329987
JAM,Jamaica,2023,115.092228780619,15.7852035329423,89.47304282
JAM,Jamaica,2024,117.693907561175,15.981614377416,90.10870361
JAM,Jamaica,2025,,,
JOR,Jordan,2010,90.7216800010634,4.0191074658598,27.2
JOR,Jordan,2011,100.02856789936,3.96517630551423,34.9
JOR,Jordan,2012,118.414414309923,3.95794086483593,37.0
JOR,Jordan,2013,129.056838070079,4.10898208403129,41.4
JOR,Jordan,2014,126.168902295458,4.00130350068417,46.2
JOR,Jordan,2015,144.561128974956,3.24499522197016,54.22000122
JOR,Jordan,2016,98.1219857316846,2.97134814263758,56.15000153
JOR,Jordan,2017,94.8121235548248,3.24328385947311,64.5
JOR,Jordan,2018,83.4592297338656,3.81938742759006,65.2
JOR,Jordan,2019,72.8902684631993,4.28692534434619,70.08470154
JOR,Jordan,2020,64.3142601333354,5.80332966781737,78.4178009
JOR,Jordan,2021,65.7448847660422,6.45876564968631,85.999997
JOR,Jordan,2022,67.7457074341635,7.0736531298176,90.4999984
JOR,Jordan,2023,67.545678186078,7.03749462484875,92.53443944
JOR,Jordan,2024,69.6426153972396,7.01801006087142,95.62244985
JOR,Jordan,2025,,,
JPN,Japan,2010,96.1788512760143,26.6035065260031,78.21
JPN,Japan,2011,103.641547955059,27.8666731326287,79.0541135244739
JPN,Japan,2012,110.319058838317,28.2442659182057,79.4964
JPN,Japan,2013,115.787169243408,28.9051021054089,88.219428911
JPN,Japan,2014,123.822099584501,29.6414897863191,89.1068330166075
JPN,Japan,2015,126.150959704287,30.5419859940146,91.0580283929962
JPN,Japan,2016,131.214861037498,31.3035556297124,93.1827212821617
JPN,Japan,2017,135.985843116605,31.8990791226107,91.7265472366635
JPN,Japan,2018,141.728728918149,32.6965336498031,88.7463508901772
JPN,Japan,2019,147.209910756974,33.545921250597,92.7303978145525
JPN,Japan,2020,154.432206765516,34.8370612448992,90.21945812
JPN,Japan,2021,159.516123485628,35.9391724358064,82.91407928
JPN,Japan,2022,168.602943650636,36.8414210393741,84.92343147
JPN,Japan,2023,178.432441299977,38.6312383711286,85.00990295
JPN,Japan,2024,,,85.54153081
JPN,Japan,2025,,,
KAZ,Kazakhstan,2010,115.239169415109,5.16487386862476,31.6
KAZ,Kazakhstan,2011,147.90107255349,6.99285046374658,50.6
KAZ,Kazakhstan,2012,174.709434924298,9.46082267148947,61.9066274652008
KAZ,Kazakhstan,2013,172.955295992334,11.1572510287072,63.30422443
KAZ,Kazakhstan,2014,160.502596360577,12.0563854922617,66.0
KAZ,Kazakhstan,2015,145.482493555551,12.7238359694604,70.82993359566
KAZ,Kazakhstan,2016,139.051166437953,12.7965104881396,74.5877264735738
KAZ,Kazakhstan,2017,143.112796203246,13.8114386119057,76.4267482325439
KAZ,Kazakhstan,2018,137.674831523214,13.0002402717791,78.9039190578816
KAZ,Kazakhstan,2019,133.879728083238,13.0799490149564,81.8776204746284
KAZ,Kazakhstan,2020,124.698460644703,13.4502836627046,85.94259898
KAZ,Kazakhstan,2021,123.943942754522,13.946795830528,90.9239507
KAZ,Kazakhstan,2022,125.641583521795,14.4739535470844,92.29685266
KAZ,Kazakhstan,2023,127.114775212168,14.3457210056574,92.87846096
KAZ,Kazakhstan,2024,127.085151242164,15.3162031103353,93.39167254
KAZ,Kazakhstan,2025,,,
KEN,Kenya,2010,60.0234402305252,0.016505376254908,7.2
KEN,Kenya,2011,65.6730161546273,0.126627569687319,8.800000191
KEN,Kenya,2012,70.0226527327794,0.123832539161972,10.5
KEN,Kenya,2013,70.7541086893706,0.164812822501609,13.0
KEN,Kenya,2014,73.0327455558393,0.221085377569084,16.5
KEN,Kenya,2015,80.0958263165851,0.286921276745847,16.5878548475992
KEN,Kenya,2016,80.9772361004341,0.275660288360412,16.6
KEN,Kenya,2017,87.026530838819,0.586008315906052,17.82710075
KEN,Kenya,2018,98.5944679106884,0.739931101786048,19.5
KEN,Kenya,2019,106.547822056778,0.959288829892146,22.6687733618171
KEN,Kenya,2020,117.602526394779,1.29112489733773,24.7227993
KEN,Kenya,2021,122.297519656734,1.48254108303764,26.96290016
KEN,Kenya,2022,121.168999135357,1.47646942688922,29.40589905
KEN,Kenya,2023,120.612416887959,2.38882511128724,32.07040024
KEN,Kenya,2024,126.477706000949,3.04382666975517,34.97622513
KEN,Kenya,2025,,,
KGZ,Kyrgyz Republic,2010,96.0616640090492,0.419774276411519,16.29999924
KGZ,Kyrgyz Republic,2011,112.200710157323,0.697823858461874,17.5
KGZ,Kyrgyz Republic,2012,119.333438543784,0.958725846433585,19.79999924
KGZ,Kyrgyz Republic,2013,116.217890810688,2.34937399187793,23.0
KGZ,Kyrgyz Republic,2014,128.230500927468,2.89414662041846,28.29999924
KGZ,Kyrgyz Republic,2015,126.284372135274,3.52424456195573,30.24699974
KGZ,Kyrgyz Republic,2016,124.639033524314,3.94326755245428,40.52619934
KGZ,Kyrgyz Republic,2017,136.137649413599,4.14801893845004,50.80530167
KGZ,Kyrgyz Republic,2018,137.74227608483,3.95179108798669,62.8
KGZ,Kyrgyz Republic,2019,132.776694304851,4.14366414717506,64.1
KGZ,Kyrgyz Republic,2020,109.780106660424,4.33664358791982,72.0
KGZ,Kyrgyz Republic,2021,108.171654806063,4.43257724274204,77.11769867
KGZ,Kyrgyz Republic,2022,106.925973017004,5.60484304582026,84.1937027
KGZ,Kyrgyz Republic,2023,108.59118718329,6.44652532064676,91.04440308
KGZ,Kyrgyz Republic,2024,107.49229509732,7.79695655822307,92.0286026
KGZ,Kyrgyz Republic,2025,,,
KHM,Cambodia,2010,56.2093511731757,0.245960098825397,1.26
KHM,Cambodia,2011,93.4414773928272,0.149430290226227,3.099999905
KHM,Cambodia,2012,127.835438875055,0.198955041072031,4.94
KHM,Cambodia,2013,133.580989792625,0.215211287808315,6.0
KHM,Cambodia,2014,132.832921082419,0.429382210764698,14.0
KHM,Cambodia,2015,133.45841400103,0.534485428160887,6.43319107021405
KHM,Cambodia,2016,125.627644524442,0.615922622642822,32.3984517141849
KHM,Cambodia,2017,115.551192369591,0.831393686402579,32.9002785437986
KHM,Cambodia,2018,119.309943480982,1.02122815035674,65.0
KHM,Cambodia,2019,129.957441474291,1.11871609188205,52.305878224498
KHM,Cambodia,2020,126.075894769858,1.39770029835926,56.37590027
KHM,Cambodia,2021,117.234785164989,1.98089406311481,60.76269913
KHM,Cambodia,2022,113.391506572248,2.9638308346303,65.49079895
KHM,Cambodia,2023,120.80911943838,3.64181801068419,68.92549896
KHM,Cambodia,2024,116.091961125929,4.14566160137529,68.47530365
KHM,Cambodia,2025,,,
KIR,Kiribati,2010,9.74665145716809,0.778260229614366,9.07
KIR,Kiribati,2011,12.4612506439397,0.768208808191817,10.0
KIR,Kiribati,2012,16.0307790958641,0.712479070927292,10.74680042
KIR,Kiribati,2013,17.5688258753668,0.614908905637836,11.5
KIR,Kiribati,2014,26.0132147130742,0.433553578551237,12.25
KIR,Kiribati,2015,35.0982322475709,0.100158370072337,14.89999962
KIR,Kiribati,2016,43.8900048954236,0.0928442411249346,19.41939926
KIR,Kiribati,2017,38.3479526086053,0.0922885055082104,25.30960083
KIR,Kiribati,2018,43.6895907735657,0.0712624094885489,32.9864006
KIR,Kiribati,2019,44.1071327700713,0.0847314014573801,41.79299927
KIR,Kiribati,2020,43.3476871347116,0.146710124584652,52.95090103
KIR,Kiribati,2021,40.9979980837689,0.0864640862459786,67.08760071
KIR,Kiribati,2022,49.1120496056535,0.0689819037472503,84.99849701
KIR,Kiribati,2023,51.2540556855052,0.039990945446314,88.0
KIR,Kiribati,2024,53.5244353915461,0.0349395619917037,89.44029999
KIR,Kiribati,2025,,,
KNA,St. Kitts and Nevis,2010,170.772317807283,31.1659479998292,63.0
KNA,St. Kitts and Nevis,2011,164.228127799343,26.8736936398925,63.20000076
KNA,St. Kitts and Nevis,2012,161.588671783641,27.6401675419386,64.0
KNA,St. Kitts and Nevis,2013,163.589623743865,28.2563895557586,64.59999847
KNA,St. Kitts and Nevis,2014,138.036484104568,29.7691605258128,65.38179779
KNA,St. Kitts and Nevis,2015,155.051288041285,34.7781765667806,66.17310333
KNA,St. Kitts and Nevis,2016,162.682952734997,30.1178969729156,66.97389984
KNA,St. Kitts and Nevis,2017,163.396386822529,62.2146652497343,67.78440094
KNA,St. Kitts and Nevis,2018,152.301735874745,34.8472600408441,68.60479736
KNA,St. Kitts and Nevis,2019,138.916340092009,43.4039018572159,69.43499756
KNA,St. Kitts and Nevis,2020,133.400896095584,45.9569020695541,70.27529907
KNA,St. Kitts and Nevis,2021,121.256121292475,43.0254688535808,74.37159729
KNA,St. Kitts and Nevis,2022,116.923933289088,46.7447387013209,75.76229858
KNA,St. Kitts and Nevis,2023,118.893023653706,,76.58950043
KNA,St. Kitts and Nevis,2024,,,76.88400269
KNA,St. Kitts and Nevis,2025,,,
KOR,"Korea, Rep.",2010,104.09665032935,35.2563205089625,83.7
KOR,"Korea, Rep.",2011,106.878306781378,36.353305205381,83.7591201534472
KOR,"Korea, Rep.",2012,108.114681779859,36.8000321131758,84.07
KOR,"Korea, Rep.",2013,109.206248930023,37.4217663483917,84.77
KOR,"Korea, Rep.",2014,113.358579550833,37.9883114555998,87.5568264944747
KOR,"Korea, Rep.",2015,115.595447050042,39.2759563055891,89.8962557995106
KOR,"Korea, Rep.",2016,119.489512998783,40.0712454963259,92.8430256796075
KOR,"Korea, Rep.",2017,123.642066127533,41.1680978249153,95.0694218761004
KOR,"Korea, Rep.",2018,128.494634504197,41.2189959375994,96.0228595797887
KOR,"Korea, Rep.",2019,133.079790493891,42.0373507524342,96.157579184239
KOR,"Korea, Rep.",2020,135.973274343048,43.0540600860627,96.50506052
KOR,"Korea, Rep.",2021,140.516382791931,44.2526082339633,97.57132698
KOR,"Korea, Rep.",2022,148.68360770138,45.4542124182774,97.16855335
KOR,"Korea, Rep.",2023,162.11365652794,46.5676352036327,97.41597478
KOR,"Korea, Rep.",2024,172.520241179065,47.8014965507867,97.89563777
KOR,"Korea, Rep.",2025,,,
KWT,Kuwait,2010,135.190013358828,1.56283337614138,61.40000153
KWT,Kuwait,2011,157.499296159938,1.50024865823506,65.7690706867398
KWT,Kuwait,2012,152.830739955499,1.40844015253107,70.44999695
KWT,Kuwait,2013,182.738430889808,1.33989177095491,75.45999908
KWT,Kuwait,2014,207.323653501069,1.3094125484278,78.69999695
KWT,Kuwait,2015,199.89137958103,1.43436327571018,82.0
KWT,Kuwait,2016,191.294217665413,2.5322361225893,85.59999847
KWT,Kuwait,2017,171.826095119125,2.83340373578262,97.9999893344615
KWT,Kuwait,2018,164.219580620472,2.40138113937059,99.5988495907557
KWT,Kuwait,2019,164.941648203568,1.90435176851799,99.5426764518489
KWT,Kuwait,2020,153.866464370257,1.68058136279176,99.10587017
KWT,Kuwait,2021,158.646854136291,1.61587179429556,99.7
KWT,Kuwait,2022,168.350157565806,1.36328249349441,99.74729919
KWT,Kuwait,2023,167.68428501222,1.01366418243269,99.74731125
KWT,Kuwait,2024,,,99.74729919
KWT,Kuwait,2025,,,100.0
LAC,Latin America & Caribbean (excluding high income),2010,95.8477361945935,6.57837053853375,34.0
LAC,Latin America & Caribbean (excluding high income),2011,104.920564364021,7.98530991783796,38.7
LAC,Latin America & Caribbean (excluding high income),2012,109.554456601308,8.4323392198366,42.1
LAC,Latin America & Caribbean (excluding high income),2013,115.906380620695,9.13024651736421,45.1
LAC,Latin America & Caribbean (excluding high income),2014,115.408389845873,9.83473929764769,47.7
LAC,Latin America & Caribbean (excluding high income),2015,111.560790966133,10.5996563579803,53.3
LAC,Latin America & Caribbean (excluding high income),2016,110.176580106195,11.2215083403221,56.4
LAC,Latin America & Caribbean (excluding high income),2017,106.979795909807,11.9671034388232,59.2
LAC,Latin America & Caribbean (excluding high income),2018,105.416355456367,13.111119019351,62.6
LAC,Latin America & Caribbean (excluding high income),2019,102.935203569244,13.3669628457872,67.9
LAC,Latin America & Caribbean (excluding high income),2020,103.2,14.97,73.3
LAC,Latin America & Caribbean (excluding high income),2021,109.3,16.58,75.3
LAC,Latin America & Caribbean (excluding high income),2022,110.4,17.6,76.6
LAC,Latin America & Caribbean (excluding high income),2023,113.0,18.35,79.7
LAC,Latin America & Caribbean (excluding high income),2024,115.3,19.4,81.4
LAC,Latin America & Caribbean (excluding high income),2025,117.7,20.54,83.6
LAO,Lao PDR,2010,63.2029110570342,0.0929084268653597,7.0
LAO,Lao PDR,2011,85.2839686365553,0.10185806158476,9.0
LAO,Lao PDR,2012,65.961259571669,0.116245215124211,10.74769974
LAO,Lao PDR,2013,69.7677113040611,0.136506949754098,12.5
LAO,Lao PDR,2014,68.9014991708403,0.240468243989562,14.26000023
LAO,Lao PDR,2015,54.7979496136596,0.213918838751508,18.20000076
LAO,Lao PDR,2016,57.2966195875928,0.353548994456637,21.87000084
LAO,Lao PDR,2017,52.8887895907566,0.387808918792952,25.51040077
LAO,Lao PDR,2018,51.3792491489602,0.636626171692238,36.27130127
LAO,Lao PDR,2019,64.0668582946144,1.0539352904733,47.03229904
LAO,Lao PDR,2020,63.1139885984314,1.67210846259045,54.0
LAO,Lao PDR,2021,64.7101497693472,2.0226898696049,62.0
LAO,Lao PDR,2022,63.3546046458219,2.38186047453058,64.54000092
LAO,Lao PDR,2023,64.7588066942788,2.72021122524182,64.39800262
LAO,Lao PDR,2024,,,65.59269714
LAO,Lao PDR,2025,,,
LBN,Lebanon,2010,56.8042135263845,6.56754781714514,43.68000031
LBN,Lebanon,2011,67.8303852810625,7.89496509040388,52.0
LBN,Lebanon,2012,71.7218113497571,9.09489046633696,61.24980164
LBN,Lebanon,2013,67.6382047262301,8.35736656593718,70.5
LBN,Lebanon,2014,69.1237106092809,17.8374158459364,73.0
LBN,Lebanon,2015,71.9609626558273,,74.0
LBN,Lebanon,2016,67.6419803070033,,76.11000061
LBN,Lebanon,2017,71.4122336418984,,78.18080139
LBN,Lebanon,2018,73.9321026202855,,80.90000153
LBN,Lebanon,2019,73.1364785867655,7.24813507210341,81.48120117
LBN,Lebanon,2020,75.2003104658777,7.57698778654173,82.0664978
LBN,Lebanon,2021,74.9935205999452,7.55615217723581,82.65599823
LBN,Lebanon,2022,74.0148340435503,7.29166684799988,81.46479797
LBN,Lebanon,2023,,,81.7059021
LBN,Lebanon,2024,,,80.63400269
LBN,Lebanon,2025,,,
LBR,Liberia,2010,38.7127515158085,0.00458253364836199,2.3
LBR,Liberia,2011,47.8690308724247,0.00149247437563637,2.5
LBR,Liberia,2012,54.4220580497379,0.0119825028018247,2.599999905
LBR,Liberia,2013,57.0612667465878,0.113640456360387,3.200000048
LBR,Liberia,2014,70.6628167823582,0.131455189226459,5.409999847
LBR,Liberia,2015,78.3786689834016,0.150232936167528,10.0
LBR,Liberia,2016,65.5437117609357,0.168222443902021,15.69999981
LBR,Liberia,2017,54.8575199657656,0.185608150260109,16.29999924
LBR,Liberia,2018,,,17.27770042
LBR,Liberia,2019,38.4041861157665,0.21809295161251,19.89579964
LBR,Liberia,2020,32.1004345501657,0.252453508259017,22.91069984
LBR,Liberia,2021,31.429900768597,0.247180102838331,26.38229942
LBR,Liberia,2022,32.0638885570006,0.274673226516174,30.38010025
LBR,Liberia,2023,,,31.22410011
LBR,Liberia,2024,,,32.23360062
LBR,Liberia,2025,,,
LBY,Libya,2010,167.748077476219,1.1203724807586,14.0
LBY,Libya,2011,157.649061523019,1.10354343066113,14.0
LBY,Libya,2012,155.146320117657,1.08911519181374,15.19999981
LBY,Libya,2013,162.34581961061,1.02623025498094,16.5
LBY,Libya,2014,132.203934123012,0.977089431066341,17.76000023
LBY,Libya,2015,149.224588127748,0.933889931732646,25.0
LBY,Libya,2016,115.499434118109,2.54699624223062,35.0
LBY,Libya,2017,89.333810176041,4.71896206577758,47.5
LBY,Libya,2018,,,47.5
LBY,Libya,2019,164.00440049702,4.5748595928116,71.40409851
LBY,Libya,2020,164.987107188677,4.71229521564357,74.35810089
LBY,Libya,2021,195.117849246865,4.65300430613124,77.438797
LBY,Libya,2022,192.97309381967,4.51840823499527,80.64720154
LBY,Libya,2023,,,82.10469818
LBY,Libya,2024,,,81.95449829
LBY,Libya,2025,,,
LCA,St. Lucia,2010,115.977203843048,11.9896317273823,32.5
LCA,St. Lucia,2011,126.035354858237,12.4213479549013,34.0
LCA,St. Lucia,2012,125.154270020338,14.2380364685637,45.865
LCA,St. Lucia,2013,122.318869001955,14.2493756092496,49.3871994
LCA,St. Lucia,2014,108.161917559637,16.1934787352559,53.17969894
LCA,St. Lucia,2015,107.338841085161,16.252251222092,57.26330185
LCA,St. Lucia,2016,100.570465595573,16.9579722851645,58.22259903
LCA,St. Lucia,2017,100.199612117363,18.0490183847297,59.16009903
LCA,St. Lucia,2018,104.478100973353,18.227062937458,60.11259842
LCA,St. Lucia,2019,83.1865181441059,8.88489876787815,61.08050156
LCA,St. Lucia,2020,81.8687237026648,19.9725105189341,62.06399918
LCA,St. Lucia,2021,96.2374385229832,10.675434960397,63.06330109
LCA,St. Lucia,2022,98.6676436534083,13.571912004072,66.95159912
LCA,St. Lucia,2023,,,67.44390106
LCA,St. Lucia,2024,,,68.20500183
LCA,St. Lucia,2025,,,
LCN,Latin America & Caribbean,2010,97.2901114505863,6.76186277117971,34.6
LCN,Latin America & Caribbean,2011,105.949680024152,8.10448516865759,39.3
LCN,Latin America & Caribbean,2012,110.522665838666,8.59639155092021,43.0
LCN,Latin America & Caribbean,2013,116.169353512972,9.30419678648964,46.1
LCN,Latin America & Caribbean,2014,115.733159375779,10.0141096131576,48.7
LCN,Latin America & Caribbean,2015,112.2,10.8,54.4
LCN,Latin America & Caribbean,2016,110.6,11.5,57.5
LCN,Latin America & Caribbean,2017,107.3,12.2,60.2
LCN,Latin America & Caribbean,2018,105.7,13.0,63.5
LCN,Latin America & Caribbean,2019,103.3,13.5,67.8
LCN,Latin America & Caribbean,2020,102.8,15.03,73.8
LCN,Latin America & Caribbean,2021,108.7,16.59,75.8
LCN,Latin America & Caribbean,2022,109.9,17.57,77.1
LCN,Latin America & Caribbean,2023,112.6,18.32,80.0
LCN,Latin America & Caribbean,2024,114.6,19.39,81.7
LCN,Latin America & Caribbean,2025,116.8,20.54,83.7
LDC,Least developed countries: UN classification,2010,33.1545800353652,0.110512323432548,3.3
LDC,Least developed countries: UN classification,2011,41.7915222727001,0.152086435560021,4.0
LDC,Least developed countries: UN classification,2012,48.0521941787212,0.204487983179129,4.8
LDC,Least developed countries: UN classification,2013,55.17906224701,0.34469506522949,6.0
LDC,Least developed countries: UN classification,2014,62.2774141922594,0.578569684787293,8.2
LDC,Least developed countries: UN classification,2015,66.729249904803,0.755090926043476,10.7
LDC,Least developed countries: UN classification,2016,66.7254164006605,0.920524709733674,13.8
LDC,Least developed countries: UN classification,2017,67.4699596052071,1.05085377256333,16.2
LDC,Least developed countries: UN classification,2018,75.3630550960803,1.37187700797035,19.5
LDC,Least developed countries: UN classification,2019,73.8109656936553,1.18796183070503,21.2
LDC,Least developed countries: UN classification,2020,75.0,1.31,24.1
LDC,Least developed countries: UN classification,2021,77.4,1.43,26.1
LDC,Least developed countries: UN classification,2022,78.7,1.67,28.2
LDC,Least developed countries: UN classification,2023,82.2,1.9,29.9
LDC,Least developed countries: UN classification,2024,83.9,1.95,31.4
LDC,Least developed countries: UN classification,2025,86.3,2.04,33.7
LIE,Liechtenstein,2010,98.6138503847329,42.3622878413289,80.0
LIE,Liechtenstein,2011,101.929969671905,37.4827681279294,85.0
LIE,Liechtenstein,2012,98.5900098371407,39.3922833096513,89.40769958
LIE,Liechtenstein,2013,104.109997290707,40.6827418043891,93.80000305
LIE,Liechtenstein,2014,109.388370153109,42.0041439065737,95.20999908
LIE,Liechtenstein,2015,109.491978609626,41.9679144385027,96.6411972
LIE,Liechtenstein,2016,117.766848331783,42.3634188488635,98.09390259
LIE,Liechtenstein,2017,122.594451783355,42.9405548216645,99.54660034
LIE,Liechtenstein,2018,123.979123501797,43.8301555246663,
LIE,Liechtenstein,2019,124.214360041623,44.6748178980229,93.14610291
LIE,Liechtenstein,2020,126.104676657982,46.5602187427451,94.34999847
LIE,Liechtenstein,2021,126.070587030017,47.5207458252228,95.56939697
LIE,Liechtenstein,2022,126.306686674975,48.9304880840349,97.88069916
LIE,Liechtenstein,2023,127.059447446841,49.4065356836204,98.13230133
LIE,Liechtenstein,2024,128.901429646351,50.0050163029847,98.2641983
LIE,Liechtenstein,2025,,,
LKA,Sri Lanka,2010,83.1420949448513,1.09351514330917,6.912399769
LKA,Sri Lanka,2011,87.1978920701214,1.70878756619529,7.956399918
LKA,Sri Lanka,2012,91.3242275735165,1.67222042245956,9.00039959
LKA,Sri Lanka,2013,95.1136033828075,1.98679918143445,10.04440022
LKA,Sri Lanka,2014,102.671053139637,2.63419031926553,10.5000026214106
LKA,Sri Lanka,2015,109.984693490847,2.88043182386208,15.26249981
LKA,Sri Lanka,2016,117.737517418373,4.07189669081491,22.19
LKA,Sri Lanka,2017,127.669744935625,5.5257624644358,25.07550049
LKA,Sri Lanka,2018,136.084228735946,6.93976008216017,28.33620071
LKA,Sri Lanka,2019,126.514451763616,7.43541256815093,32.02090073
LKA,Sri Lanka,2020,131.773421339878,7.8962203692284,36.18473435
LKA,Sri Lanka,2021,135.522602889503,10.5401488574725,44.45308724
LKA,Sri Lanka,2022,151.72675762805,9.63609972688813,48.3
LKA,Sri Lanka,2023,142.277402587724,8.76545173115153,51.2
LKA,Sri Lanka,2024,132.548743018664,8.4682688580745,54.59
LKA,Sri Lanka,2025,,,
LMY,Low & middle income,2010,66.3634019887003,3.79258586624627,
LMY,Low & middle income,2011,75.5408547565946,4.78749096607608,
LMY,Low & middle income,2012,80.1722559632734,5.15870101275405,
LMY,Low & middle income,2013,85.2345860142252,5.49761230053293,
LMY,Low & middle income,2014,88.8003798817614,5.87487648276245,
LMY,Low & middle income,2015,90.0920125062044,7.28468906913775,
LMY,Low & middle income,2016,93.8812825625047,8.23950443451547,
LMY,Low & middle income,2017,96.6111318192515,9.63954661940624,
LMY,Low & middle income,2018,100.365686483195,10.3639176131794,
LMY,Low & middle income,2019,101.585315512496,10.7683743061326,
LMY,Low & middle income,2020,101.296663699881,11.7696105635362,
LMY,Low & middle income,2021,103.023535265877,12.9370224740086,
LMY,Low & middle income,2022,104.401559003568,14.5372793849357,
LMY,Low & middle income,2023,,,
LMY,Low & middle income,2024,,,
LMY,Low & middle income,2025,,,
LSO,Lesotho,2010,49.4651223718861,0.0200375604069829,3.859999895
LSO,Lesotho,2011,61.1891009424486,0.0664843106460795,7.0
LSO,Lesotho,2012,75.9363906183486,0.0804186488683877,10.0
LSO,Lesotho,2013,87.055264662748,0.110624632872098,15.0
LSO,Lesotho,2014,102.821994635806,0.0722084487731054,22.0
LSO,Lesotho,2015,101.688197961524,0.0979753503141436,25.0
LSO,Lesotho,2016,107.157971519258,0.10467409743234,32.4538569477365
LSO,Lesotho,2017,110.370078484639,0.223493470430344,39.0
LSO,Lesotho,2018,72.4555241955612,0.263921601133539,40.79999924
LSO,Lesotho,2019,76.1124827725111,0.209015549435255,42.301733569273
LSO,Lesotho,2020,69.8944012395073,0.226324591508713,43.65750122
LSO,Lesotho,2021,80.5368195682415,0.353652507890634,45.05670166
LSO,Lesotho,2022,68.1001351640997,0.39753117741491,48.06959915
LSO,Lesotho,2023,69.3513051423509,0.383738154734299,48.98590088
LSO,Lesotho,2024,70.328049309004,0.379434958926989,51.79660034
LSO,Lesotho,2025,,,
LTE,Late-demographic dividend,2010,83.3696823012748,8.71573497180319,
LTE,Late-demographic dividend,2011,91.0566056827835,10.550263746893,
LTE,Late-demographic dividend,2012,98.6995505578557,11.7573255896485,
LTE,Late-demographic dividend,2013,105.492296388357,12.7025750357293,
LTE,Late-demographic dividend,2014,109.212583160761,13.503130484455,
LTE,Late-demographic dividend,2015,107.639948940905,17.1872504809095,
LTE,Late-demographic dividend,2016,110.460057411029,19.3691748113145,
LTE,Late-demographic dividend,2017,113.603401335573,22.970432346049,
LTE,Late-demographic dividend,2018,122.711163672734,23.8100103502832,
LTE,Late-demographic dividend,2019,125.404898376046,25.7970369402879,
LTE,Late-demographic dividend,2020,123.572144960936,27.7227364611525,
LTE,Late-demographic dividend,2021,125.812134493348,30.5466806297646,
LTE,Late-demographic dividend,2022,126.745828074436,34.579321506941,
LTE,Late-demographic dividend,2023,,,
LTE,Late-demographic dividend,2024,,,
LTE,Late-demographic dividend,2025,,,
LTU,Lithuania,2010,157.889641413685,21.9297095928618,62.12
LTU,Lithuania,2011,163.043370593157,24.0272372898481,63.6399774002179
LTU,Lithuania,2012,167.226065135398,25.7287935833036,67.2299893276414
LTU,Lithuania,2013,154.341459457267,28.2656607039035,68.4529
LTU,Lithuania,2014,145.49429149643,27.337779493026,72.1335378644566
LTU,Lithuania,2015,143.991494147494,28.6774149586821,71.3780590101754
LTU,Lithuania,2016,146.550393676088,29.8964138705034,74.3766455618662
LTU,Lithuania,2017,154.147985747777,28.2319064734089,77.6152565124514
LTU,Lithuania,2018,134.333614750945,28.1444849879285,79.7225827680518
LTU,Lithuania,2019,132.528841977519,28.2791627222047,81.5818683764046
LTU,Lithuania,2020,131.341332336588,28.4988545174577,83.05554724
LTU,Lithuania,2021,133.357273318046,28.712701575387,86.93054425
LTU,Lithuania,2022,135.834150715729,28.4400438919259,87.72420219
LTU,Lithuania,2023,137.203719983084,27.9638162516437,88.50287484
LTU,Lithuania,2024,138.728835196967,27.8460080234758,89.16116293
LTU,Lithuania,2025,,,
LUX,Luxembourg,2010,143.276640192349,33.1818450562661,90.62
LUX,Luxembourg,2011,147.511878499915,32.7339447418355,90.0298585646936
LUX,Luxembourg,2012,143.387946442865,31.9617588949556,91.9499237417387
LUX,Luxembourg,2013,145.093438163702,32.4834270107517,93.7765
LUX,Luxembourg,2014,144.244165248014,33.580271770101,94.6702052774766
LUX,Luxembourg,2015,141.659175188223,34.2910720305652,96.3767141704759
LUX,Luxembourg,2016,130.932672500368,34.8068400324932,98.1366986657616
LUX,Luxembourg,2017,133.110922975046,35.9768313229784,97.3629603241751
LUX,Luxembourg,2018,131.326868398506,36.8853200372964,97.061298705829
LUX,Luxembourg,2019,131.870169616698,37.3611453762962,97.120635693272
LUX,Luxembourg,2020,132.908973559976,37.2960860898482,98.45962893
LUX,Luxembourg,2021,136.87108956478,38.0399641403524,98.66086333
LUX,Luxembourg,2022,139.651285065505,38.3269581349215,98.24203749
LUX,Luxembourg,2023,144.474949556306,38.3793065082138,99.34785707
LUX,Luxembourg,2024,,40.3174570156723,98.7606147
LUX,Luxembourg,2025,,,99.12902211
LVA,Latvia,2010,109.927825454005,20.7297918659797,68.42
LVA,Latvia,2011,112.090589002306,22.2055874415821,69.7499545592245
LVA,Latvia,2012,129.304547798055,23.4018125136081,73.1199437663748
LVA,Latvia,2013,127.073387613574,24.6397186303098,75.2344
LVA,Latvia,2014,119.549742772481,25.3240856124593,75.8261041383556
LVA,Latvia,2015,130.949148754694,25.4568684345307,79.2005829239344
LVA,Latvia,2016,135.227462327724,26.4893005276389,79.8420977843089
LVA,Latvia,2017,126.846989128969,27.0886247975645,80.1140770037369
LVA,Latvia,2018,107.397431401316,27.2877295355647,83.5771748630956
LVA,Latvia,2019,108.221910991332,26.5858975490829,86.13545644343
LVA,Latvia,2020,107.902487108935,25.804169430384,88.89796078
LVA,Latvia,2021,114.644670333429,25.9761549056076,91.17964988
LVA,Latvia,2022,115.202627450543,25.989241189689,91.03009059
LVA,Latvia,2023,119.909944560018,25.9948491178264,92.18791291
LVA,Latvia,2024,121.262202363304,25.7542854181725,92.70757011
LVA,Latvia,2025,,,
MAC,"Macao SAR, China",2010,199.404590569397,23.4682999115148,55.198
MAC,"Macao SAR, China",2011,235.079295314897,23.914716494711,60.2036967182195
MAC,"Macao SAR, China",2012,274.656223720989,24.6143475315178,61.31
MAC,"Macao SAR, China",2013,287.643446353444,25.3524467091891,65.8
MAC,"Macao SAR, China",2014,304.184963559144,26.4618944001678,69.7809492200465
MAC,"Macao SAR, China",2015,304.751044313614,27.3135223143179,77.6001318608868
MAC,"Macao SAR, China",2016,310.568300773121,28.0554364413727,81.6429854646415
MAC,"Macao SAR, China",2017,316.601552229203,28.7678987369964,83.1740890688259
MAC,"Macao SAR, China",2018,331.099986034622,29.3055867583929,83.7940896091516
MAC,"Macao SAR, China",2019,416.260540646881,29.807414296232,86.4679257062588
MAC,"Macao SAR, China",2020,237.343774476003,30.4508928113933,87.46230316
MAC,"Macao SAR, China",2021,183.574788091048,29.6158421202704,88.46810492
MAC,"Macao SAR, China",2022,172.244717160072,29.6066193799726,89.48549652
MAC,"Macao SAR, China",2023,192.478344669931,29.6759264447159,89.82640076
MAC,"Macao SAR, China",2024,201.136947388589,29.8553859567768,89.82640076
MAC,"Macao SAR, China",2025,,,
MAF,St. Martin (French part),2010,,,
MAF,St. Martin (French part),2011,,,
MAF,St. Martin (French part),2012,,,
MAF,St. Martin (French part),2013,,,
MAF,St. Martin (French part),2014,,,
MAF,St. Martin (French part),2015,,,
MAF,St. Martin (French part),2016,,,
MAF,St. Martin (French part),2017,,,
MAF,St. Martin (French part),2018,,,
MAF,St. Martin (French part),2019,,,
MAF,St. Martin (French part),2020,,,
MAF,St. Martin (French part),2021,,,
MAF,St. Martin (French part),2022,,,
MAF,St. Martin (French part),2023,,,
MAF,St. Martin (French part),2024,,,
MAF,St. Martin (French part),2025,,,
MAR,Morocco,2010,98.5069862903323,1.55388163790599,52.0
MAR,Morocco,2011,111.063715196143,1.80844788018493,46.107482597
MAR,Morocco,2012,116.972130406733,2.06726433186317,55.4160531914894
MAR,Morocco,2013,125.560354723339,2.49778239459711,56.0
MAR,Morocco,2014,128.971839608382,2.90442154576056,56.7746379160074
MAR,Morocco,2015,124.480492544005,3.31584217888863,57.0799993486116
MAR,Morocco,2016,118.531797132419,3.58453478764246,58.271236420398
MAR,Morocco,2017,123.894319060738,3.89000663311516,61.7622120123071
MAR,Morocco,2018,124.827523956634,4.33205746913484,64.8038651924043
MAR,Morocco,2019,128.874798962456,4.83650253578356,84.1203630467602
MAR,Morocco,2020,135.088404811169,5.74683480916137,84.12036305
MAR,Morocco,2021,138.911268095998,6.14617858388986,88.13031937
MAR,Morocco,2022,141.870002419562,6.47150166958379,89.9
MAR,Morocco,2023,148.155101338402,7.02184328513844,91.0
MAR,Morocco,2024,153.057260079672,7.30282126551091,91.2
MAR,Morocco,2025,,,
MCO,Monaco,2010,70.602780206857,41.6126405934324,75.0
MCO,Monaco,2011,93.6457903729453,46.8980144936075,80.30000305
MCO,Monaco,2012,95.6325084267235,46.8381780991616,87.0
MCO,Monaco,2013,100.047958924592,47.6655288176715,90.69999695
MCO,Monaco,2014,93.2102524357839,49.2692648361382,92.40000153
MCO,Monaco,2015,92.5537992763283,49.9333460293277,93.36329651
MCO,Monaco,2016,89.3255714132418,49.9356154093787,95.20819855
MCO,Monaco,2017,87.5258771697011,51.1120547799777,97.0530014
MCO,Monaco,2018,85.6764690464958,51.5909210043508,
MCO,Monaco,2019,88.6483507832795,53.7300900049857,98.0
MCO,Monaco,2020,93.2588699080158,54.8672798948752,98.57080078
MCO,Monaco,2021,97.1422638668985,54.9173307031433,99.07759857
MCO,Monaco,2022,100.061647530246,55.2284811589736,98.75189972
MCO,Monaco,2023,104.060991888284,55.8835609405483,98.87049866
MCO,Monaco,2024,107.400792109963,55.6780823690818,99.04489899
MCO,Monaco,2025,,,
MDA,Moldova,2010,70.2257053429633,7.4547521029782,29.68000031
MDA,Moldova,2011,90.4419573908726,10.0167937961344,32.06999969
MDA,Moldova,2012,102.918975508711,12.0173397889983,34.65000153
MDA,Moldova,2013,108.451690919044,13.7695240878002,37.43999863
MDA,Moldova,2014,111.829207986696,15.2330041292856,66.9999982002077
MDA,Moldova,2015,112.958678058046,16.2569619282762,69.0000044661932
MDA,Moldova,2016,117.008370513998,17.2155177259579,70.9999991066624
MDA,Moldova,2017,117.321043357799,18.2974964435539,71.76709747
MDA,Moldova,2018,115.31999925169,19.7583973228257,72.54239655
MDA,Moldova,2019,116.105189229966,21.54270340639,73.32610321
MDA,Moldova,2020,111.444672775453,23.4268592640718,74.11830139
MDA,Moldova,2021,128.983642317657,25.2112754309344,74.91899872
MDA,Moldova,2022,137.182551887592,26.317794331222,74.91899872
MDA,Moldova,2023,129.546081439289,27.3086365814931,76.50330353
MDA,Moldova,2024,120.083487069521,29.6324400873685,77.3687973
MDA,Moldova,2025,,,
MDG,Madagascar,2010,34.7635703189871,0.0243020212465751,1.700000048
MDG,Madagascar,2011,38.0363591750174,0.030023266717202,1.899999976
MDG,Madagascar,2012,37.4155490576043,0.13245426583546,2.299999952
MDG,Madagascar,2013,35.0948534776429,0.157565817989663,3.0
MDG,Madagascar,2014,39.2252725571455,0.100285297234557,3.700000048
MDG,Madagascar,2015,42.0572239372609,0.0931855023903611,4.173999786
MDG,Madagascar,2016,30.6447038676546,0.101092139939568,4.713699818
MDG,Madagascar,2017,32.5906255978573,0.0935555068196559,6.406000137
MDG,Madagascar,2018,38.7515500132643,0.0989673512851062,7.747799873
MDG,Madagascar,2019,46.077978411707,0.106309263427764,9.379400253
MDG,Madagascar,2020,54.8084663590199,0.110521830202826,11.35470009
MDG,Madagascar,2021,53.9177233784298,0.104182794544746,13.74590015
MDG,Madagascar,2022,64.7494924066919,0.10748996107107,17.81170082
MDG,Madagascar,2023,75.4562966735535,0.124487385085979,18.24080086
MDG,Madagascar,2024,,,18.67790031
MDG,Madagascar,2025,,,
MDV,Maldives,2010,137.018282001818,4.31079403090978,26.53
MDV,Maldives,2011,141.955019616029,4.72015714232192,34.0
MDV,Maldives,2012,144.912336034,4.66860383953177,38.93009949
MDV,Maldives,2013,156.262903991801,5.08685979953508,44.09999847
MDV,Maldives,2014,160.974524741488,4.79719160479381,49.27999878
MDV,Maldives,2015,172.785960191894,5.41277203996693,54.4620018
MDV,Maldives,2016,183.197235330741,6.61143042760338,59.47750092
MDV,Maldives,2017,196.409673414258,7.97186042807237,64.95500183
MDV,Maldives,2018,181.34343974517,10.0179877784565,70.93689728
MDV,Maldives,2019,169.774322321116,10.9012960012794,77.46970367
MDV,Maldives,2020,142.936122584731,12.6832736528067,79.09780121
MDV,Maldives,2021,136.789214071769,14.8246453577808,81.95760345
MDV,Maldives,2022,136.458655310185,17.3997244832152,83.91189054
MDV,Maldives,2023,141.601234995076,18.6292999539919,84.55290222
MDV,Maldives,2024,148.137074909198,19.6489572735075,85.23999786
MDV,Maldives,2025,,,
MEA,"Middle East, North Africa, Afghanistan & Pakistan",2010,88.9876337825002,2.53315926407445,18.3
MEA,"Middle East, North Africa, Afghanistan & Pakistan",2011,95.4179191054657,3.39285106709915,20.1
MEA,"Middle East, North Africa, Afghanistan & Pakistan",2012,100.330061035009,4.24337869378996,22.4
MEA,"Middle East, North Africa, Afghanistan & Pakistan",2013,105.500544173396,4.52528798240488,25.2
MEA,"Middle East, North Africa, Afghanistan & Pakistan",2014,105.791394455761,5.27459980318512,28.7
MEA,"Middle East, North Africa, Afghanistan & Pakistan",2015,105.2,6.1,31.8
MEA,"Middle East, North Africa, Afghanistan & Pakistan",2016,104.0,6.6,35.0
MEA,"Middle East, North Africa, Afghanistan & Pakistan",2017,103.1,8.5,39.7
MEA,"Middle East, North Africa, Afghanistan & Pakistan",2018,102.2,9.2,42.3
MEA,"Middle East, North Africa, Afghanistan & Pakistan",2019,107.8,9.3,46.0
MEA,"Middle East, North Africa, Afghanistan & Pakistan",2020,95.4,7.09,50.6
MEA,"Middle East, North Africa, Afghanistan & Pakistan",2021,98.3,7.92,54.2
MEA,"Middle East, North Africa, Afghanistan & Pakistan",2022,101.5,8.53,57.8
MEA,"Middle East, North Africa, Afghanistan & Pakistan",2023,102.4,8.94,59.5
MEA,"Middle East, North Africa, Afghanistan & Pakistan",2024,104.6,9.29,61.5
MEA,"Middle East, North Africa, Afghanistan & Pakistan",2025,107.1,9.69,63.7
MEX,Mexico,2010,80.4262985351805,9.31394316309963,31.05
MEX,Mexico,2011,82.0725244522242,10.0362003918243,37.1762954125184
MEX,Mexico,2012,86.2256233206385,11.1945528217656,39.75
MEX,Mexico,2013,90.2012422761648,10.7719183026526,43.46
MEX,Mexico,2014,87.6144646415609,10.8799928230972,44.3856962723411
MEX,Mexico,2015,88.9454290232153,12.1891508368561,57.4310429923633
MEX,Mexico,2016,91.3941924453661,13.0255992017626,59.5404459967255
MEX,Mexico,2017,92.6493518556478,13.7767213511093,53.0317886110982
MEX,Mexico,2018,96.4612204576614,14.7373951154108,56.6595667981289
MEX,Mexico,2019,97.0358606795758,15.3885155172291,69.6321092705209
MEX,Mexico,2020,96.9237451881936,17.7520559419946,71.49017499
MEX,Mexico,2021,99.09481491263,19.2796725887476,75.62650476
MEX,Mexico,2022,105.720624125765,20.6070256426489,78.63217894
MEX,Mexico,2023,111.735420288549,20.752917384408,81.18318755
MEX,Mexico,2024,116.486713265167,21.7367225364543,83.12233799
MEX,Mexico,2025,,,
MHL,Marshall Islands,2010,,,7.0
MHL,Marshall Islands,2011,,,10.0
MHL,Marshall Islands,2012,,,12.5
MHL,Marshall Islands,2013,,2.53349381424992,14.0
MHL,Marshall Islands,2014,31.126998152462,2.75524138485019,16.79999924
MHL,Marshall Islands,2015,31.7622950819672,2.04918032786885,19.28240013
MHL,Marshall Islands,2016,,2.09604057934562,29.78779984
MHL,Marshall Islands,2017,34.3871563970857,2.14919727481786,38.70119858
MHL,Marshall Islands,2018,,2.2082367229767,43.88249969
MHL,Marshall Islands,2019,36.3578521598836,2.27236575999273,49.75749969
MHL,Marshall Islands,2020,37.4654615276542,2.34159134547839,56.41910172
MHL,Marshall Islands,2021,38.6781734232601,2.27717746029444,63.97259903
MHL,Marshall Islands,2022,39.7060658232902,2.35047533498016,64.26719666
MHL,Marshall Islands,2023,,,64.07589722
MHL,Marshall Islands,2024,,,65.915802
MHL,Marshall Islands,2025,,,
MIC,Middle income,2010,70.3029330421758,4.13981013981384,
MIC,Middle income,2011,79.7622794036567,5.15191812831054,
MIC,Middle income,2012,84.432304165103,5.58300413059272,
MIC,Middle income,2013,89.4312868231915,6.02079337141335,
MIC,Middle income,2014,92.8185660062634,6.41478576013341,
MIC,Middle income,2015,94.00161271887,7.98971509110299,
MIC,Middle income,2016,98.4606788890971,9.05089004752004,
MIC,Middle income,2017,101.573546820726,10.537514321789,
MIC,Middle income,2018,103.839322872039,11.0675663752677,
MIC,Middle income,2019,107.095305221948,11.9037395950011,
MIC,Middle income,2020,106.600308165132,13.0020850242212,
MIC,Middle income,2021,108.170552432744,14.3596258479531,
MIC,Middle income,2022,108.260864694504,15.825640378637,
MIC,Middle income,2023,,,
MIC,Middle income,2024,,,
MIC,Middle income,2025,,,
MKD,North Macedonia,2010,104.968060033975,12.6122529557569,51.9
MKD,North Macedonia,2011,108.467609532426,13.7991890008361,56.7
MKD,North Macedonia,2012,110.268442239858,15.4034279276413,57.449947312961
MKD,North Macedonia,2013,111.124632440594,16.8126639116268,65.24
MKD,North Macedonia,2014,111.342589695936,17.7239038498213,68.0584815397496
MKD,North Macedonia,2015,105.212016364652,18.4016994838328,70.3802030766689
MKD,North Macedonia,2016,104.549883518699,19.4533715332855,72.1568144676058
MKD,North Macedonia,2017,103.458690624197,20.4183259234605,74.5168241807954
MKD,North Macedonia,2018,102.572291491295,22.2929498345599,79.1677551850871
MKD,North Macedonia,2019,101.231634434543,23.9402500262168,81.4128827618364
MKD,North Macedonia,2020,99.4723867063031,25.4041233643961,81.40553811
MKD,North Macedonia,2021,104.875134243923,26.9448892231031,81.873703
MKD,North Macedonia,2022,111.303079555687,28.0035734605346,83.85030365
MKD,North Macedonia,2023,106.458776658176,29.1771708951077,88.5
MKD,North Macedonia,2024,108.38712260883,29.8921727758887,93.6
MKD,North Macedonia,2025,,,93.1
MLI,Mali,2010,46.6622176783255,0.0502910029715529,2.0
MLI,Mali,2011,65.7107159010821,0.0515026702513302,2.2
MLI,Mali,2012,86.1756593856956,0.02547615493819,2.799999952
MLI,Mali,2013,113.114584714497,0.0166613066782973,3.5
MLI,Mali,2014,130.439571178385,,7.0
MLI,Mali,2015,122.082978226993,0.018818888075322,10.32999992
MLI,Mali,2016,105.348301513254,0.111738195386459,14.0
MLI,Mali,2017,111.210305187838,0.0777267019132024,18.89999962
MLI,Mali,2018,107.404034726492,0.591594866067607,21.39999962
MLI,Mali,2019,108.814511587375,0.676472661314418,24.96030045
MLI,Mali,2020,116.587405376001,1.12281404354348,29.11300087
MLI,Mali,2021,108.693122357196,0.648338018002888,33.95650101
MLI,Mali,2022,112.119852778009,0.774220028570636,35.19919968
MLI,Mali,2023,,,36.03879929
MLI,Mali,2024,,,36.80149841
MLI,Mali,2025,,,
MLT,Malta,2010,107.790825054241,29.7855677615811,63.0
MLT,Malta,2011,122.871784244091,30.3037011219232,68.0198237885462
MLT,Malta,2012,124.757214417819,31.8224330830663,68.1998742928975
MLT,Malta,2013,129.921671505793,33.3783014199957,68.9138
MLT,Malta,2014,125.718724466898,34.8819867199098,73.1141157845193
MLT,Malta,2015,117.794018171562,36.6768468766082,75.9600189752747
MLT,Malta,2016,128.59869659476,37.6179796999137,78.0751488032182
MLT,Malta,2017,129.249073523943,38.7512769768028,81.0119110762945
MLT,Malta,2018,127.093763801237,39.5892751744889,81.6580442928014
MLT,Malta,2019,125.866492068688,40.1799549616579,85.7785963798031
MLT,Malta,2020,122.175694268893,41.1094408219109,86.85876183
MLT,Malta,2021,123.941408455002,42.1830899964911,87.46977742
MLT,Malta,2022,132.861156549134,43.4449972737186,91.54062209
MLT,Malta,2023,140.59359496844,44.282454836797,92.07266941
MLT,Malta,2024,142.070062100751,44.5068355303026,93.86029816
MLT,Malta,2025,,,
MMR,Myanmar,2010,1.21164199479353,0.0468134407079318,0.25
MMR,Myanmar,2011,2.51643773692417,0.0443101573417305,0.98
MMR,Myanmar,2012,7.48356366415727,,1.399999976
MMR,Myanmar,2013,13.5933519472846,,1.799999952
MMR,Myanmar,2014,57.2778336231227,,7.400000095
MMR,Myanmar,2015,80.2397229653255,0.0644384582091319,10.89999962
MMR,Myanmar,2016,98.2342601991436,0.174162128034933,16.0
MMR,Myanmar,2017,92.3917955157784,0.214986286331048,23.621081950267
MMR,Myanmar,2018,116.972136284863,0.246880529164931,29.37899971
MMR,Myanmar,2019,155.669416939698,0.92296052297012,36.54050064
MMR,Myanmar,2020,148.158208114821,1.29924592186564,45.4477005
MMR,Myanmar,2021,127.240645128106,1.67276170937317,
MMR,Myanmar,2022,107.535089476237,2.09694638185872,
MMR,Myanmar,2023,121.027626770248,2.79829802446154,
MMR,Myanmar,2024,114.329042129489,2.86965759378273,
MMR,Myanmar,2025,,,
MNA,"Middle East, North Africa, Afghanistan & Pakistan (excluding high income)",2010,78.5496557277396,1.52856511750859,15.5
MNA,"Middle East, North Africa, Afghanistan & Pakistan (excluding high income)",2011,85.2055262103891,2.28848381570387,16.9
MNA,"Middle East, North Africa, Afghanistan & Pakistan (excluding high income)",2012,90.8142555262051,3.07527585187156,18.7
MNA,"Middle East, North Africa, Afghanistan & Pakistan (excluding high income)",2013,96.0326262638413,3.71592590923645,21.3
MNA,"Middle East, North Africa, Afghanistan & Pakistan (excluding high income)",2014,96.3740334245713,4.49328001394771,24.7
MNA,"Middle East, North Africa, Afghanistan & Pakistan (excluding high income)",2015,96.2206990904959,4.85292499666622,27.6
MNA,"Middle East, North Africa, Afghanistan & Pakistan (excluding high income)",2016,96.0686374623559,5.56134691284344,30.8
MNA,"Middle East, North Africa, Afghanistan & Pakistan (excluding high income)",2017,97.6525656662388,6.82735230454902,34.8
MNA,"Middle East, North Africa, Afghanistan & Pakistan (excluding high income)",2018,95.8594616996784,7.52217616933334,37.6
MNA,"Middle East, North Africa, Afghanistan & Pakistan (excluding high income)",2019,103.172035341985,7.57816991391546,41.5
MNA,"Middle East, North Africa, Afghanistan & Pakistan (excluding high income)",2020,90.6,5.57,46.4
MNA,"Middle East, North Africa, Afghanistan & Pakistan (excluding high income)",2021,93.7,6.06,50.2
MNA,"Middle East, North Africa, Afghanistan & Pakistan (excluding high income)",2022,96.4,6.33,54.1
MNA,"Middle East, North Africa, Afghanistan & Pakistan (excluding high income)",2023,96.9,6.67,55.9
MNA,"Middle East, North Africa, Afghanistan & Pakistan (excluding high income)",2024,98.8,6.97,58.0
MNA,"Middle East, North Africa, Afghanistan & Pakistan (excluding high income)",2025,101.0,7.3,0.0
MNE,Montenegro,2010,185.100808748149,10.2303793142727,37.5
MNE,Montenegro,2011,183.204359810839,10.2281061123334,35.6115412460109
MNE,Montenegro,2012,156.401963569782,13.8535846197557,56.8387825490631
MNE,Montenegro,2013,156.964444205798,15.1169768888917,60.31
MNE,Montenegro,2014,160.490358344882,16.450287071867,63.8868840056697
MNE,Montenegro,2015,160.454990487865,17.8930024118635,68.1197860085679
MNE,Montenegro,2016,166.719850572448,18.3977867805956,69.8816468416779
MNE,Montenegro,2017,168.464830660169,22.1614090312426,71.2723325399382
MNE,Montenegro,2018,184.219098888429,25.8249904594873,71.5171004874886
MNE,Montenegro,2019,188.173957398388,29.2284854340679,73.4766657478691
MNE,Montenegro,2020,177.66521091893,30.2953440746132,77.60879306
MNE,Montenegro,2021,185.488473149833,31.180870777725,82.21969752
MNE,Montenegro,2022,207.278149444886,31.8922375082974,88.22192026
MNE,Montenegro,2023,207.237922064803,32.0155251660479,88.5515976
MNE,Montenegro,2024,221.687322527444,32.305369479654,88.88258428
MNE,Montenegro,2025,,,
MNG,Mongolia,2010,92.9207634213904,2.84091834423251,10.2
MNG,Mongolia,2011,107.181059165519,3.42607770710846,12.4999911084745
MNG,Mongolia,2012,120.738848253543,3.94085550888065,16.4
MNG,Mongolia,2013,100.901264814345,4.89953823458973,17.699984237
MNG,Mongolia,2014,103.920441847843,6.77117608106174,19.9424474349209
MNG,Mongolia,2015,103.078420951136,6.98959122144406,22.5000041337688
MNG,Mongolia,2016,110.745846833017,7.43705957487671,22.2657705007562
MNG,Mongolia,2017,125.18399904135,9.18362021979381,23.71430016
MNG,Mongolia,2018,133.283865358717,9.66655365112798,47.1300018848989
MNG,Mongolia,2019,136.719198864644,9.83638257697054,51.079994082603
MNG,Mongolia,2020,132.610273840436,9.3475568899214,62.50002848
MNG,Mongolia,2021,140.352142155192,11.3929982387502,81.60682285
MNG,Mongolia,2022,142.808581769425,12.9008288504333,81.07720184
MNG,Mongolia,2023,141.08481753135,14.5529107220073,83.74320221
MNG,Mongolia,2024,140.670025377351,15.7837343261767,85.12349701
MNG,Mongolia,2025,,,
MNP,Northern Mariana Islands,2010,,,
MNP,Northern Mariana Islands,2011,,,
MNP,Northern Mariana Islands,2012,,,
MNP,Northern Mariana Islands,2013,,,
MNP,Northern Mariana Islands,2014,,,
MNP,Northern Mariana Islands,2015,,,
MNP,Northern Mariana Islands,2016,,,
MNP,Northern Mariana Islands,2017,,,
MNP,Northern Mariana Islands,2018,,,
MNP,Northern Mariana Islands,2019,,,
MNP,Northern Mariana Islands,2020,,,
MNP,Northern Mariana Islands,2021,,,
MNP,Northern Mariana Islands,2022,,,
MNP,Northern Mariana Islands,2023,,,
MNP,Northern Mariana Islands,2024,,,
MNP,Northern Mariana Islands,2025,,,
MOZ,Mozambique,2010,31.4105056102953,0.0753198965096013,4.17
MOZ,Mozambique,2011,33.216339150187,0.119979505298291,4.599999905
MOZ,Mozambique,2012,36.1781646576283,0.120955650717816,5.0
MOZ,Mozambique,2013,49.5029641007918,0.115170237953958,5.5
MOZ,Mozambique,2014,71.6701472266196,0.143416778231361,6.0
MOZ,Mozambique,2015,75.8447213176406,0.160353647407002,6.5
MOZ,Mozambique,2016,54.9641156223382,0.170460624854022,7.0
MOZ,Mozambique,2017,42.1619694080105,0.218845913283962,7.7963266079129
MOZ,Mozambique,2018,48.5007087167822,0.241713568697421,10.89999962
MOZ,Mozambique,2019,49.4350694242276,0.234152423439938,12.47929955
MOZ,Mozambique,2020,50.2318825476662,0.227393157051228,14.28740025
MOZ,Mozambique,2021,43.1636190464176,0.206558007808804,16.35759926
MOZ,Mozambique,2022,45.8178199662019,0.197784521833894,18.96220016
MOZ,Mozambique,2023,47.5003032540948,0.149001818335337,19.94560051
MOZ,Mozambique,2024,49.5047696961223,0.141999688956087,20.52729988
MOZ,Mozambique,2025,,,
MRT,Mauritania,2010,81.8660764708571,0.171308167439062,4.0
MRT,Mauritania,2011,94.6316258570616,0.174716820290903,4.5
MRT,Mauritania,2012,111.230731736701,0.185049380580564,5.0
MRT,Mauritania,2013,106.798483685642,0.201696802468349,6.199999809
MRT,Mauritania,2014,97.5267336951353,0.20787244115521,11.80000019
MRT,Mauritania,2015,91.8941169084199,0.243018145169932,17.60000038
MRT,Mauritania,2016,88.4383494871236,0.272618915656489,19.23279953
MRT,Mauritania,2017,96.7595354581295,0.300123497838788,21.01720047
MRT,Mauritania,2018,105.275094895088,0.304863077886015,22.96699905
MRT,Mauritania,2019,105.441089704161,0.242070430744355,25.0977993
MRT,Mauritania,2020,126.277034284458,0.401227704167555,29.90649986
MRT,Mauritania,2021,137.540323142707,0.405903092669414,35.63660049
MRT,Mauritania,2022,109.883898247552,0.415227794850191,42.46450043
MRT,Mauritania,2023,90.7724948884417,0.59041012129361,44.95629883
MRT,Mauritania,2024,92.0748946443443,0.946513083252489,45.77939987
MRT,Mauritania,2025,,,
MUS,Mauritius,2010,92.8425699047874,7.32215958568935,28.33
MUS,Mauritius,2011,100.608971543233,9.1921039721924,34.95000076
MUS,Mauritius,2012,115.252449250293,10.9217558584205,35.42
MUS,Mauritius,2013,118.793106653529,12.5795517217874,40.116825135
MUS,Mauritius,2014,127.86328226284,14.0866327916688,44.8032753683379
MUS,Mauritius,2015,136.371902265385,15.2753864309067,50.1393184766711
MUS,Mauritius,2016,140.423888162514,16.4576177636993,52.19129944
MUS,Mauritius,2017,142.524532117413,19.0600896444054,55.4032403002657
MUS,Mauritius,2018,148.816797831837,21.3138552473439,58.596169704299
MUS,Mauritius,2019,145.117277088014,23.8830105654334,61.7299551453346
MUS,Mauritius,2020,149.06995900167,25.1865809761826,67.73290684
MUS,Mauritius,2021,154.053185977432,25.7028828022003,71.59999847
MUS,Mauritius,2022,164.309278835228,26.1963906498554,75.5
MUS,Mauritius,2023,165.257524411348,26.9082309192612,79.5
MUS,Mauritius,2024,172.68356921857,27.9742504733832,73.30793533
MUS,Mauritius,2025,,,
MWI,Malawi,2010,21.025675510066,0.00731799620718711,2.26
MWI,Malawi,2011,25.8864481164849,0.0113330986355604,3.33
MWI,Malawi,2012,29.5800071510519,0.00788054318712719,4.350599766
MWI,Malawi,2013,32.7317425220037,0.0543070159937472,5.050000191
MWI,Malawi,2014,33.8868400746068,0.05150546237057,5.829999924
MWI,Malawi,2015,38.4341901744435,0.034268649944541,6.0
MWI,Malawi,2016,40.8844441758703,0.0495052352697577,6.300000191
MWI,Malawi,2017,43.0855088342582,0.0599566013099431,7.0
MWI,Malawi,2018,38.1955692011493,0.0613015454757565,8.798299789
MWI,Malawi,2019,46.7841008334388,0.0596980345376099,11.05860043
MWI,Malawi,2020,51.2170439392301,0.0627371263723842,13.89949989
MWI,Malawi,2021,59.5599408158462,0.0670814931398598,15.30300045
MWI,Malawi,2022,59.6495709408963,0.0724060330808983,16.84830093
MWI,Malawi,2023,61.0866071008045,0.079556560544817,17.98810346
MWI,Malawi,2024,69.260530662121,0.0863853749149284,18.96159935
MWI,Malawi,2025,,,
MYS,Malaysia,2010,118.156632715164,7.32068815724969,56.3
MYS,Malaysia,2011,125.715832147402,8.59576382844835,61.0
MYS,Malaysia,2012,139.314753874976,9.84700347717991,65.8
MYS,Malaysia,2013,142.522112800428,9.73942530166021,57.05751226
MYS,Malaysia,2014,146.3656485505,9.97193881432051,63.6654258813225
MYS,Malaysia,2015,141.210531313909,9.80955980953099,71.0640678111957
MYS,Malaysia,2016,136.725167298764,8.55245970508987,78.7883099275229
MYS,Malaysia,2017,130.853522804244,8.30705146836206,80.1404790103961
MYS,Malaysia,2018,128.873150399987,8.19179819298533,81.2010486181174
MYS,Malaysia,2019,133.372921941941,8.86497357882019,84.1871450078281
MYS,Malaysia,2020,129.017911652905,9.91101742902637,89.55501192
MYS,Malaysia,2021,137.684938559871,10.8921782282506,96.7514278
MYS,Malaysia,2022,138.208441079076,12.1753566089982,97.3986404
MYS,Malaysia,2023,142.7320920639,13.0287000355119,97.69272633
MYS,Malaysia,2024,139.664651283564,13.5464432669708,98.0206059
MYS,Malaysia,2025,,,
NAC,North America,2010,90.0993211931461,27.6293516320631,72.5
NAC,North America,2011,93.1200087736564,28.6041181060444,71.0
NAC,North America,2012,94.6620949888782,29.6587252251039,75.5
NAC,North America,2013,95.6699687771596,30.5122256730078,72.8
NAC,North America,2014,98.3059011964548,30.8845135252027,74.4
NAC,North America,2015,99.9,31.9,76.1
NAC,North America,2016,100.9,32.6,86.1
NAC,North America,2017,100.8,33.1,87.8
NAC,North America,2018,102.4,33.6,89.1
NAC,North America,2019,103.9,34.5,89.7
NAC,North America,2020,101.9,36.23,90.5
NAC,North America,2021,104.4,37.48,91.5
NAC,North America,2022,107.0,37.97,92.6
NAC,North America,2023,110.5,38.55,93.3
NAC,North America,2024,111.2,39.24,94.4
NAC,North America,2025,112.0,39.96,95.6
NAM,Namibia,2010,92.4287530968414,0.447196455037916,11.6
NAM,Namibia,2011,102.24430130572,0.820472202485644,12.0
NAM,Namibia,2012,97.8210232683603,1.09598141666067,12.94139957
NAM,Namibia,2013,121.105585418565,1.58667582978618,13.89999962
NAM,Namibia,2014,115.5200011764,1.78241879056579,14.84000015
NAM,Namibia,2015,107.392368276966,2.96542138735627,25.68790054
NAM,Namibia,2016,109.049558197665,2.63785901436242,31.0333004
NAM,Namibia,2017,106.914765245509,2.623967181163,36.83739853
NAM,Namibia,2018,107.060260494691,2.43865058644091,42.8207016
NAM,Namibia,2019,106.53315947895,2.60177914003955,49.77590179
NAM,Namibia,2020,106.206587456143,2.88695019939445,57.8608017
NAM,Namibia,2021,103.727351391971,3.1781346555903,60.25999832
NAM,Namibia,2022,100.557816104444,3.29190749644768,62.99720001
NAM,Namibia,2023,87.6760954339972,3.52006938690795,63.69549942
NAM,Namibia,2024,85.1648988113055,2.83462992194067,64.87460327
NAM,Namibia,2025,,,
NCL,New Caledonia,2010,84.4136828986704,14.6019221506067,42.0
NCL,New Caledonia,2011,85.2807989705226,16.0450658993108,50.0
NCL,New Caledonia,2012,85.0412136964213,17.6340871690848,58.0
NCL,New Caledonia,2013,86.8789330327792,19.3626229129188,66.0
NCL,New Caledonia,2014,86.4435467812136,20.7308053366711,70.0
NCL,New Caledonia,2015,91.9161063396994,19.5541162843259,74.00175279141
NCL,New Caledonia,2016,,,
NCL,New Caledonia,2017,,,82.0058408035186
NCL,New Caledonia,2018,,,
NCL,New Caledonia,2019,91.6764807514651,19.3931016974253,
NCL,New Caledonia,2020,91.4925961376049,19.3542030291087,
NCL,New Caledonia,2021,91.1596204954876,19.2837658740455,
NCL,New Caledonia,2022,91.6763895612682,19.372882005273,
NCL,New Caledonia,2023,,,
NCL,New Caledonia,2024,,,
NCL,New Caledonia,2025,,,
NER,Niger,2010,22.1684789291814,0.00906408215442356,0.829999983
NER,Niger,2011,27.612953279822,0.012307668661491,0.9
NER,Niger,2012,30.2495367855019,0.0205698689039478,1.049999952
NER,Niger,2013,37.8312018781097,0.0345574257482412,1.149999976
NER,Niger,2014,42.8624011489646,0.155881254433501,1.24867568902241
NER,Niger,2015,44.9309205276883,0.136352479886906,2.476200104
NER,Niger,2016,36.120522177752,0.0372575269558715,4.322800159
NER,Niger,2017,40.9549864276209,0.0403537206550309,10.2243115586561
NER,Niger,2018,,,10.74180031
NER,Niger,2019,52.8112616845298,0.0479349681103909,11.28549957
NER,Niger,2020,60.0355524816093,0.0505953107507067,11.85680008
NER,Niger,2021,61.5063092448251,,12.45689964
NER,Niger,2022,63.3770548032743,,13.08749962
NER,Niger,2023,65.735032215569,0.107619048674827,12.98079967
NER,Niger,2024,60.5939862118112,0.111273829357144,15.55760002
NER,Niger,2025,,,
NGA,Nigeria,2010,52.3861480651505,0.0594732858863234,11.5
NGA,Nigeria,2011,55.5301267540609,,13.80000019
NGA,Nigeria,2012,64.0053263148187,0.00810383050570905,16.10000038
NGA,Nigeria,2013,70.282509513161,0.008309884720275,19.10000038
NGA,Nigeria,2014,74.7512781478918,0.00846705820803965,21.0
NGA,Nigeria,2015,79.1045279367312,0.00822774714580616,22.51420021
NGA,Nigeria,2016,78.970142296733,0.0552235758942345,24.13750076
NGA,Nigeria,2017,72.3679681751497,0.0553465496536786,25.87789917
NGA,Nigeria,2018,84.2840110939485,0.0360912702919465,27.74370003
NGA,Nigeria,2019,88.1169010528984,0.0397927035008571,29.74410057
NGA,Nigeria,2020,95.4356648074949,0.0305206381229766,31.88879967
NGA,Nigeria,2021,89.2915858426408,0.0301639204550369,35.50979996
NGA,Nigeria,2022,99.5852151989567,0.0433814077089791,39.14720154
NGA,Nigeria,2023,98.4772822731425,0.051283785190682,40.06399918
NGA,Nigeria,2024,70.7619057835431,0.0787379280608494,41.21139908
NGA,Nigeria,2025,,,
NIC,Nicaragua,2010,69.0593730664319,1.27720503010919,10.0
NIC,Nicaragua,2011,82.8921073212797,1.46230029604484,10.6
NIC,Nicaragua,2012,99.1601154121126,1.71677805197409,13.5
NIC,Nicaragua,2013,113.788542316855,2.20070874162015,15.5
NIC,Nicaragua,2014,116.506541177339,1.83646496195825,17.60000038
NIC,Nicaragua,2015,118.127474523195,1.89136628724316,19.70429993
NIC,Nicaragua,2016,124.272855307825,2.84026129428402,24.57180023
NIC,Nicaragua,2017,129.505649809198,3.32673076712995,30.39999962
NIC,Nicaragua,2018,116.272405969925,3.00641554480569,33.9129982
NIC,Nicaragua,2019,89.2772705280369,3.35640827391085,39.01079941
NIC,Nicaragua,2020,90.8140674248283,4.42253148272568,44.87490082
NIC,Nicaragua,2021,93.8165084237294,4.51379519532816,51.62039948
NIC,Nicaragua,2022,104.278484676229,5.00781944815467,59.38000107
NIC,Nicaragua,2023,105.843136180202,5.43030503048751,60.30120087
NIC,Nicaragua,2024,105.961143065351,5.77624223916809,61.39550018
NIC,Nicaragua,2025,,,
NLD,Netherlands,2010,114.356515784318,37.7372328275169,90.72
NLD,Netherlands,2011,117.673977365337,38.5614208058284,91.4199957622284
NLD,Netherlands,2012,116.563841951798,39.3374146344405,92.859992359525
NLD,Netherlands,2013,114.73405856983,40.030499091092,93.9564
NLD,Netherlands,2014,114.867279906758,40.2287973950107,91.6666666666667
NLD,Netherlands,2015,121.637501079209,41.0879703576802,91.7241379310345
NLD,Netherlands,2016,121.420358968335,41.9813942626003,90.4109589041096
NLD,Netherlands,2017,118.57673269471,42.0988982620643,93.1972789115646
NLD,Netherlands,2018,121.162164892591,42.5152457224727,91.8918918918919
NLD,Netherlands,2019,124.08833250929,42.5292659897442,93.2885906040269
NLD,Netherlands,2020,121.422728509042,42.6667277513049,91.33333333
NLD,Netherlands,2021,123.447849713072,42.9460563127039,92.05298013
NLD,Netherlands,2022,115.8205562749,43.5643185557355,92.51968504
NLD,Netherlands,2023,125.272736960305,43.2644444744139,97.00680272
NLD,Netherlands,2024,128.538765867661,42.9782483069868,97.00679779
NLD,Netherlands,2025,,,
NOR,Norway,2010,114.524452247645,35.2484740738801,93.39
NOR,Norway,2011,115.596284894229,36.0526456056247,93.4899826515194
NOR,Norway,2012,115.523573177259,37.0178249972402,94.6499780533304
NOR,Norway,2013,112.045532746838,37.6116803448105,95.0534
NOR,Norway,2014,111.690088069926,38.4850493294753,96.3005098242892
NOR,Norway,2015,110.118346262292,39.5096431037131,96.810325691365
NOR,Norway,2016,109.426806771527,40.2402948978253,97.2982036675068
NOR,Norway,2017,108.392640087689,41.0328263217001,96.3576012951191
NOR,Norway,2018,107.702543341632,41.5279365452303,96.4916579887094
NOR,Norway,2019,108.00526578567,42.2722351352817,98.0000043853142
NOR,Norway,2020,108.296844518424,44.3863056613216,94.60755647
NOR,Norway,2021,109.585637519783,44.9392216218255,99.0000036
NOR,Norway,2022,111.657196221742,45.6644653158508,98.99997764
NOR,Norway,2023,109.654228618195,45.4377082628592,99.00000258
NOR,Norway,2024,109.348606513576,45.1633056345554,99.0
NOR,Norway,2025,,,
NPL,Nepal,2010,33.6316953522558,0.220090357850091,7.93
NPL,Nepal,2011,48.6245149828721,0.34464862159849,9.0
NPL,Nepal,2012,60.3184066484316,0.837547528292715,11.14929962
NPL,Nepal,2013,77.4276625484107,1.12887656815898,13.30000019
NPL,Nepal,2014,83.1925129650984,0.905603676157843,15.43999958
NPL,Nepal,2015,98.8945582907248,1.0879421947439,17.58160019
NPL,Nepal,2016,114.89813690076,0.801932731428298,20.70000076
NPL,Nepal,2017,128.863887512657,1.79644198771794,24.3
NPL,Nepal,2018,139.525943467536,2.82040516901736,28.60000038
NPL,Nepal,2019,136.186080245332,3.62848482357188,33.33660126
NPL,Nepal,2020,131.921020414772,4.38436385331589,36.96530151
NPL,Nepal,2021,129.645418271275,4.30873475530627,40.98910141
NPL,Nepal,2022,121.1144874334,8.51809813593178,45.45080185
NPL,Nepal,2023,117.759577544938,10.6751345547041,45.80680084
NPL,Nepal,2024,99.8471420273964,10.0656152054494,46.32189941
NPL,Nepal,2025,,,
NRU,Naoero,2010,61.7345414716718,9.45932490291746,
NRU,Naoero,2011,66.3497722321252,,54.0
NRU,Naoero,2012,66.231615856628,,
NRU,Naoero,2013,,,
NRU,Naoero,2014,,,
NRU,Naoero,2015,85.81340149717,,
NRU,Naoero,2016,88.7892376681614,,
NRU,Naoero,2017,88.3080183680678,,62.38510132
NRU,Naoero,2018,,,
NRU,Naoero,2019,86.3036161215155,,74.73789978
NRU,Naoero,2020,85.8885167053165,,77.46659851
NRU,Naoero,2021,85.404389785635,,80.29499817
NRU,Naoero,2022,87.1705787645115,9.95678332344717,83.22660065
NRU,Naoero,2023,,,83.03970337
NRU,Naoero,2024,,,83.01170349
NRU,Naoero,2025,,,
NZL,New Zealand,2010,108.331397475027,25.1163240005796,80.45999908
NZL,New Zealand,2011,109.977867524585,26.8784082871289,81.23000336
NZL,New Zealand,2012,111.567576585407,28.8325797270697,81.644470179502
NZL,New Zealand,2013,107.008519144444,29.5474635321209,82.77999878
NZL,New Zealand,2014,112.757443483648,31.1741167278321,84.0
NZL,New Zealand,2015,121.368981425995,31.4454027055313,85.19999695
NZL,New Zealand,2016,129.380648472778,32.4618168012438,86.5
NZL,New Zealand,2017,132.980049668049,32.8917841600814,87.69999695
NZL,New Zealand,2018,128.936896010016,33.6193927294608,89.0
NZL,New Zealand,2019,120.475335425902,34.0227878966682,89.86370087
NZL,New Zealand,2020,123.000574962598,34.8130286721914,90.92099762
NZL,New Zealand,2021,114.454714130458,35.262820014578,91.99060059
NZL,New Zealand,2022,115.984187800849,36.3044927893768,93.07289886
NZL,New Zealand,2023,126.854978584281,37.8530848455277,93.32610321
NZL,New Zealand,2024,130.093457083544,38.048298946057,93.51930237
NZL,New Zealand,2025,,,
OED,OECD members,2010,101.847002441074,24.0148854668849,
OED,OECD members,2011,105.327654279507,25.1492065029484,
OED,OECD members,2012,108.02174226665,25.9996039760442,
OED,OECD members,2013,109.860365426311,26.8229247785093,
OED,OECD members,2014,111.134001241857,27.4725982950772,
OED,OECD members,2015,111.741218539477,28.5098206588096,
OED,OECD members,2016,113.057251683705,29.4076708686858,
OED,OECD members,2017,114.135901730199,30.2762466497589,
OED,OECD members,2018,115.711339697942,31.0479649218396,
OED,OECD members,2019,116.859199303601,31.8242681667376,
OED,OECD members,2020,116.846970739129,33.3232041262681,
OED,OECD members,2021,119.661730921855,34.3185169388163,
OED,OECD members,2022,122.304805090448,34.8799350889749,
OED,OECD members,2023,,,
OED,OECD members,2024,,,
OED,OECD members,2025,,,
OMN,Oman,2010,151.446094177944,1.92527603755334,35.8278
OMN,Oman,2011,147.926430004786,2.40585671100437,48.0
OMN,Oman,2012,150.873277494269,3.23965295885197,60.0
OMN,Oman,2013,149.208910100547,4.0982191379848,66.45
OMN,Oman,2014,153.806036858807,4.39661208861608,70.22000122
OMN,Oman,2015,155.756104259601,5.46554909512887,73.52999878
OMN,Oman,2016,153.291455497041,6.3548355193171,76.8453904741456
OMN,Oman,2017,148.821627766224,7.47816940167101,80.18560028
OMN,Oman,2018,139.96741643208,9.171272567174,85.5
OMN,Oman,2019,138.232111508042,10.2442069785858,90.25939941
OMN,Oman,2020,140.378600753095,11.3829602598706,95.23229321
OMN,Oman,2021,135.076972756826,11.5852955507366,95.23880005
OMN,Oman,2022,136.800571561762,10.8833264083829,95.24530029
OMN,Oman,2023,122.291457994634,10.8793321668994,95.25170135
OMN,Oman,2024,120.61105087402,11.0647690464367,95.25174678
OMN,Oman,2025,,,
OSS,Other small states,2010,90.0510637351942,9.75016167581543,
OSS,Other small states,2011,96.8439407952832,11.3628576284898,
OSS,Other small states,2012,103.94594950375,11.8230936878178,
OSS,Other small states,2013,106.16248209414,12.3872484604069,
OSS,Other small states,2014,115.21881398748,12.7123343499571,
OSS,Other small states,2015,118.172675066158,12.9865602523849,
OSS,Other small states,2016,124.52921788017,13.1836874564626,
OSS,Other small states,2017,121.103732971592,13.6781121475105,
OSS,Other small states,2018,118.780029723513,13.8837022740943,
OSS,Other small states,2019,117.370650821352,14.6438993318097,
OSS,Other small states,2020,116.366309924558,15.2461998006019,
OSS,Other small states,2021,122.10410369102,15.9796592086703,
OSS,Other small states,2022,124.936732236042,15.0229009243791,
OSS,Other small states,2023,,,
OSS,Other small states,2024,,,
OSS,Other small states,2025,,,
PAK,Pakistan,2010,49.7823320746962,0.396251142478111,8.0
PAK,Pakistan,2011,53.4461944087116,0.572428723960877,8.0
PAK,Pakistan,2012,57.8576108279055,0.730404005930164,8.100000381
PAK,Pakistan,2013,60.5177801689984,0.77134330599483,9.0
PAK,Pakistan,2014,63.3618438229803,0.93747803388209,10.0
PAK,Pakistan,2015,57.9405984557576,0.825252755772547,11.0
PAK,Pakistan,2016,62.0013242640944,1.13034740811719,12.385446763381
PAK,Pakistan,2017,64.7301783284032,1.03818686573522,13.77999973
PAK,Pakistan,2018,67.8567658982797,0.952870734503035,15.34000015
PAK,Pakistan,2019,71.6660323753765,0.881514330669917,17.070901719916
PAK,Pakistan,2020,74.7332166629945,1.03954036154268,18.935
PAK,Pakistan,2021,78.8012296805749,1.23144065449307,
PAK,Pakistan,2022,79.1050539061512,1.28371909626329,
PAK,Pakistan,2023,76.5397606213172,1.35622425766449,
PAK,Pakistan,2024,76.8544559649986,1.46559368502535,57.253
PAK,Pakistan,2025,,,
PAN,Panama,2010,183.168909766614,7.11835492836641,40.1
PAN,Panama,2011,182.358735130993,7.65784803323672,42.7
PAN,Panama,2012,165.287067441004,7.84035458080003,40.3018952210488
PAN,Panama,2013,162.198754669206,8.03240714720224,44.03
PAN,Panama,2014,177.438612204565,7.96651988219216,44.9238152577893
PAN,Panama,2015,144.996925532224,7.98396983865042,51.2054249948687
PAN,Panama,2016,127.61623852159,10.6706831276374,54.0
PAN,Panama,2017,128.825871183278,10.76346760088,59.9506309038683
PAN,Panama,2018,137.297557979395,12.9615678069801,61.8055313202468
PAN,Panama,2019,137.570004959029,12.648617375493,63.6284147731451
PAN,Panama,2020,142.283080390407,13.8346818420776,64.82430267
PAN,Panama,2021,147.899862038176,14.8381106018887,66.04270172
PAN,Panama,2022,152.062171804817,16.3861439797054,67.2838974
PAN,Panama,2023,156.586507591014,18.1341265585334,68.54851592
PAN,Panama,2024,,,72.77149963
PAN,Panama,2025,,,
PER,Peru,2010,100.100151210105,3.20601798410432,34.77
PER,Peru,2011,110.774364366799,4.13514688702456,36.01
PER,Peru,2012,99.4508054485687,4.88245729342236,38.2
PER,Peru,2013,99.9174254916985,5.40886840560537,39.2
PER,Peru,2014,105.858105967274,5.86753622497354,40.2446560091704
PER,Peru,2015,112.404818501786,6.56472932864047,40.8526009090468
PER,Peru,2016,119.654538672257,6.87075765715407,45.4617406869459
PER,Peru,2017,124.232520236388,7.37507987722252,50.4504121848143
PER,Peru,2018,132.156626658621,8.09510839441633,55.0543342443197
PER,Peru,2019,122.790350843591,7.38778580236377,59.9505036049006
PER,Peru,2020,119.854099046125,8.41186520281526,65.25179796
PER,Peru,2021,129.993736857913,9.05771410333768,71.10782643
PER,Peru,2022,124.119322949561,9.45023631953673,74.67495213
PER,Peru,2023,121.975084691173,10.4364266723222,79.48484477
PER,Peru,2024,124.623544414599,11.6788671222106,81.95705992
PER,Peru,2025,,,
PHL,Philippines,2010,86.3116249317177,,25.0
PHL,Philippines,2011,95.8688282360909,1.82292647914606,29.0
PHL,Philippines,2012,101.799674355545,2.14283906030847,30.79999924
PHL,Philippines,2013,100.732033524401,2.52046664370868,32.70000076
PHL,Philippines,2014,107.284498472686,2.79471929116667,34.70000076
PHL,Philippines,2015,111.893197374926,2.75369633406674,36.90000153
PHL,Philippines,2016,112.517998777897,2.79705053563184,39.20000076
PHL,Philippines,2017,110.962137119646,3.14400726239576,41.59999847
PHL,Philippines,2018,122.960456861544,3.46090446005956,44.09999847
PHL,Philippines,2019,151.006642923206,5.69730703529922,43.0266118680279
PHL,Philippines,2020,133.45620905917,7.08108894988907,53.76490021
PHL,Philippines,2021,144.424289981649,8.50897715713263,66.90779877
PHL,Philippines,2022,147.428926406785,7.63946525096298,75.21114422
PHL,Philippines,2023,117.275521687262,6.5393085505183,77.86699677
PHL,Philippines,2024,115.298749599352,7.13893301204977,67.26300914
PHL,Philippines,2025,,,
PLW,Palau,2010,78.8867145031529,1.29919547727767,
PLW,Palau,2011,85.4353357672309,2.86536121252351,
PLW,Palau,2012,96.5437658316915,5.05488319729806,
PLW,Palau,2013,101.682910244787,10.2277878513146,
PLW,Palau,2014,107.897262207169,6.26587637595258,
PLW,Palau,2015,133.612830613393,6.88801350590884,
PLW,Palau,2016,,,
PLW,Palau,2017,,,
PLW,Palau,2018,,,
PLW,Palau,2019,134.846611978874,,
PLW,Palau,2020,134.892086330935,,
PLW,Palau,2021,134.960355395603,,
PLW,Palau,2022,135.142744523903,6.993637029112,82.56749725
PLW,Palau,2023,135.386698256896,7.33344615558188,82.91629791
PLW,Palau,2024,,,83.92549896
PLW,Palau,2025,,,
PNG,Papua New Guinea,2010,25.0091340525207,0.0799106782019259,1.28
PNG,Papua New Guinea,2011,30.5368920009375,0.0954277875029296,2.0
PNG,Papua New Guinea,2012,33.5214610357872,0.113841801967236,3.5
PNG,Papua New Guinea,2013,36.1328329658624,0.136100337504748,5.099999905
PNG,Papua New Guinea,2014,39.4077931671023,0.154867030815371,6.5
PNG,Papua New Guinea,2015,40.7171432669286,0.171560996911216,7.900000095
PNG,Papua New Guinea,2016,42.2017296237172,0.189695770386883,9.601499557
PNG,Papua New Guinea,2017,43.775195523033,0.196105903288849,11.20919991
PNG,Papua New Guinea,2018,45.7713986877234,,12.35789967
PNG,Papua New Guinea,2019,47.1952885885227,0.208137987159968,13.62419987
PNG,Papua New Guinea,2020,49.0843996981992,0.213941966305974,15.02040005
PNG,Papua New Guinea,2021,48.1179470954257,0.209729532794508,16.55960083
PNG,Papua New Guinea,2022,49.1906681149749,0.214639196900492,18.25659943
PNG,Papua New Guinea,2023,34.0588961979896,0.228111959659795,18.56130028
PNG,Papua New Guinea,2024,38.7651796406789,0.232591077844073,18.81159973
PNG,Papua New Guinea,2025,,,
POL,Poland,2010,123.248926095995,15.378511671936,62.32
POL,Poland,2011,131.279778766286,18.2475205937044,61.94999896898
POL,Poland,2012,141.409735570098,18.0079998184474,62.3099972714691
POL,Poland,2013,148.912446350899,18.3773931656078,62.8492
POL,Poland,2014,148.713283559361,18.904567196757,66.5987360557248
POL,Poland,2015,142.520207198425,18.9867934497166,67.9969871556415
POL,Poland,2016,138.518696718641,19.1513139299534,73.3007040962669
POL,Poland,2017,131.901471911132,19.9531726069815,75.9853659493832
POL,Poland,2018,126.266191655563,20.5313862679212,77.5417345350006
POL,Poland,2019,126.597314882311,20.5043205670712,80.4359068768673
POL,Poland,2020,129.288487295019,21.9255858346119,83.18488715
POL,Poland,2021,132.987203939653,22.8165643900514,85.37490906
POL,Poland,2022,137.002148115476,23.8373449056172,86.94113479
POL,Poland,2023,135.146301442691,24.526154479274,86.414744
POL,Poland,2024,138.016156588197,25.3612522999634,88.58496367
POL,Poland,2025,,,
PRE,Pre-demographic dividend,2010,44.1600641926314,0.0528573607681408,
PRE,Pre-demographic dividend,2011,50.8485010353161,,
PRE,Pre-demographic dividend,2012,56.3206961353067,0.0903694916355589,
PRE,Pre-demographic dividend,2013,62.2634245845749,0.0887202449875938,
PRE,Pre-demographic dividend,2014,67.2061877134112,0.1184061659147,
PRE,Pre-demographic dividend,2015,70.6630939187647,0.143895455376557,
PRE,Pre-demographic dividend,2016,68.1425805185222,0.208568813687382,
PRE,Pre-demographic dividend,2017,68.6060228997526,0.775816932512948,
PRE,Pre-demographic dividend,2018,73.3848389949006,0.850190965851068,
PRE,Pre-demographic dividend,2019,75.7454289641895,0.810910113650525,
PRE,Pre-demographic dividend,2020,79.9650119592337,1.06521915994392,
PRE,Pre-demographic dividend,2021,80.385516649546,1.04148528643808,
PRE,Pre-demographic dividend,2022,86.7805674982389,1.19081236893756,
PRE,Pre-demographic dividend,2023,,,
PRE,Pre-demographic dividend,2024,,,
PRE,Pre-demographic dividend,2025,,,
PRI,Puerto Rico (US),2010,78.9802833826312,14.8464158310084,45.3
PRI,Puerto Rico (US),2011,84.3815609806418,15.1545860016125,48.0
PRI,Puerto Rico (US),2012,83.6353280009829,15.7202046279888,68.9999826014151
PRI,Puerto Rico (US),2013,85.5376654285317,16.6789167811967,68.999990004
PRI,Puerto Rico (US),2014,89.9998233000979,17.1184060434732,76.1338597201667
PRI,Puerto Rico (US),2015,91.0041169159844,20.0013856507348,63.4663353848474
PRI,Puerto Rico (US),2016,93.5606592389891,19.7597646495635,68.6438071976518
PRI,Puerto Rico (US),2017,100.519829625899,19.5759687343003,68.7407731407209
PRI,Puerto Rico (US),2018,101.222406345401,18.5110763668107,70.8563997424362
PRI,Puerto Rico (US),2019,102.552928381388,18.5504198869353,77.7364393708352
PRI,Puerto Rico (US),2020,106.682174305247,20.438273950983,
PRI,Puerto Rico (US),2021,112.540413929626,23.6440930650035,84.78666399
PRI,Puerto Rico (US),2022,120.215904630962,22.2824477131524,87.29178106
PRI,Puerto Rico (US),2023,124.513459651582,23.1595519217476,
PRI,Puerto Rico (US),2024,126.426375391555,27.9891394865962,
PRI,Puerto Rico (US),2025,,,
PRK,"Korea, Dem. People's Rep.",2010,1.72855701093733,,
PRK,"Korea, Dem. People's Rep.",2011,3.98440122856621,,
PRK,"Korea, Dem. People's Rep.",2012,6.7428936247448,,
PRK,"Korea, Dem. People's Rep.",2013,9.55409574412015,,
PRK,"Korea, Dem. People's Rep.",2014,11.0014191044829,,
PRK,"Korea, Dem. People's Rep.",2015,12.6684483301304,,
PRK,"Korea, Dem. People's Rep.",2016,14.0320423984037,,
PRK,"Korea, Dem. People's Rep.",2017,14.7573125097971,,
PRK,"Korea, Dem. People's Rep.",2018,,,
PRK,"Korea, Dem. People's Rep.",2019,16.3340506540687,,
PRK,"Korea, Dem. People's Rep.",2020,22.9565670933221,,
PRK,"Korea, Dem. People's Rep.",2021,22.8723614729709,,
PRK,"Korea, Dem. People's Rep.",2022,24.1311041179361,,
PRK,"Korea, Dem. People's Rep.",2023,,,
PRK,"Korea, Dem. People's Rep.",2024,,,
PRK,"Korea, Dem. People's Rep.",2025,,,
PRT,Portugal,2010,115.42460954412,20.1035764454099,53.3
PRT,Portugal,2011,116.837494027689,21.2468026111835,55.2499968797194
PRT,Portugal,2012,113.358650832529,22.7408340982484,60.3399974868057
PRT,Portugal,2013,114.655300508744,24.5102597000009,62.0956
PRT,Portugal,2014,114.312891767686,27.4622463014594,64.5924200648949
PRT,Portugal,2015,112.964237082806,30.2999720257926,68.6328614804299
PRT,Portugal,2016,111.846790353179,32.6259001706105,70.423567088723
PRT,Portugal,2017,113.873619619075,34.6016066063915,73.7912139515729
PRT,Portugal,2018,114.858523480989,36.6542819407724,74.6609681487507
PRT,Portugal,2019,115.145564535894,38.3605751907072,75.3463779408712
PRT,Portugal,2020,114.276382888841,40.1215406866329,78.26166044
PRT,Portugal,2021,119.768700781718,41.5145728650954,82.30902804
PRT,Portugal,2022,122.80130896654,42.937003513367,84.49690644
PRT,Portugal,2023,123.001507659381,44.1107426914567,85.79012676
PRT,Portugal,2024,124.129981203404,45.2439221846256,88.48704454
PRT,Portugal,2025,,,
PRY,Paraguay,2010,103.187311333571,1.55966281460816,19.8
PRY,Paraguay,2011,112.286723170157,2.06549827968299,24.7635158793993
PRY,Paraguay,2012,115.205931550373,2.30883186863576,29.34
PRY,Paraguay,2013,117.899905473431,2.61725765970268,36.9
PRY,Paraguay,2014,120.354274622389,3.04993022023256,43.0073750122614
PRY,Paraguay,2015,120.341971874801,3.49295993263954,49.716304663966
PRY,Paraguay,2016,119.848343592368,3.94711196413706,53.4041274791009
PRY,Paraguay,2017,117.821037884979,4.57926438711021,61.0757562215797
PRY,Paraguay,2018,115.749958536773,4.989589851669,64.9935430235756
PRY,Paraguay,2019,119.137051427631,6.32666662368931,68.5176284222264
PRY,Paraguay,2020,119.099952314893,8.5159180276507,73.95751114
PRY,Paraguay,2021,119.312639901188,10.8118689766377,77.01838621
PRY,Paraguay,2022,128.088057269442,11.1527995711537,76.25916611
PRY,Paraguay,2023,126.605481531224,12.8835504093571,78.09481878
PRY,Paraguay,2024,,,81.57806793
PRY,Paraguay,2025,,,
PSE,West Bank and Gaza,2010,64.8154454810606,,37.40000153
PSE,West Bank and Gaza,2011,70.0930147126709,3.78929752560067,41.08000183
PSE,West Bank and Gaza,2012,74.3645845516098,4.42149847472774,43.4
PSE,West Bank and Gaza,2013,73.9290856335225,4.93747655124452,46.59999847
PSE,West Bank and Gaza,2014,72.4102229180943,5.32491583787791,53.6651997924171
PSE,West Bank and Gaza,2015,78.0924303863817,6.07090686521149,56.70000076
PSE,West Bank and Gaza,2016,80.1510726160054,6.92212533449435,59.90000153
PSE,West Bank and Gaza,2017,84.2593832303374,7.58784526169771,63.29999924
PSE,West Bank and Gaza,2018,90.2055254286487,7.50601163734241,64.3999937114499
PSE,West Bank and Gaza,2019,86.7372172316252,7.35978367684813,70.6225837001758
PSE,West Bank and Gaza,2020,80.1297988122355,7.43459365973318,76.18160248
PSE,West Bank and Gaza,2021,78.1621094563592,8.01282694120497,
PSE,West Bank and Gaza,2022,76.5666403406424,7.93673083556539,88.64690554
PSE,West Bank and Gaza,2023,76.6918854204372,8.37056926326656,86.63765334
PSE,West Bank and Gaza,2024,,8.16158042217888,
PSE,West Bank and Gaza,2025,,,
PSS,Pacific island small states,2010,52.8508394409988,1.3721164755374,
PSS,Pacific island small states,2011,60.6118982077145,1.48663887450763,
PSS,Pacific island small states,2012,66.9014779275342,0.948134868721964,
PSS,Pacific island small states,2013,69.5236648334447,0.944149071158083,
PSS,Pacific island small states,2014,72.2805965843785,1.19764330388672,
PSS,Pacific island small states,2015,77.2484130709622,1.20074818997026,
PSS,Pacific island small states,2016,83.781590361882,1.16344521409972,
PSS,Pacific island small states,2017,83.6290582383162,1.07784508596654,
PSS,Pacific island small states,2018,86.8609752052671,1.23466897689513,
PSS,Pacific island small states,2019,81.0742061939604,1.67879461190218,
PSS,Pacific island small states,2020,77.0756422471147,1.61253535966431,
PSS,Pacific island small states,2021,76.1797159429208,1.67904879323406,
PSS,Pacific island small states,2022,,,
PSS,Pacific island small states,2023,,,
PSS,Pacific island small states,2024,,,
PSS,Pacific island small states,2025,,,
PST,Post-demographic dividend,2010,105.077941509801,26.7752217942825,
PST,Post-demographic dividend,2011,108.610353256758,27.9556291852532,
PST,Post-demographic dividend,2012,111.020343445871,28.90336191937,
PST,Post-demographic dividend,2013,112.76243350235,29.8836887718954,
PST,Post-demographic dividend,2014,114.286565073617,30.6909954625664,
PST,Post-demographic dividend,2015,114.828386879561,31.8586840766875,
PST,Post-demographic dividend,2016,115.999792347336,32.8367051980785,
PST,Post-demographic dividend,2017,117.106881888307,33.6833696539772,
PST,Post-demographic dividend,2018,118.571319766921,34.4096802692823,
PST,Post-demographic dividend,2019,120.325840291568,35.383484619994,
PST,Post-demographic dividend,2020,120.082259897927,36.7231308182618,
PST,Post-demographic dividend,2021,122.464288181858,37.5619670210331,
PST,Post-demographic dividend,2022,124.353057874527,39.0196852558533,
PST,Post-demographic dividend,2023,,,
PST,Post-demographic dividend,2024,,,
PST,Post-demographic dividend,2025,,,
PYF,French Polynesia,2010,79.7878631088772,11.9177322788085,49.0
PYF,French Polynesia,2011,82.0039966584108,13.2485914171209,49.0
PYF,French Polynesia,2012,83.3446851518214,14.7207452651931,52.8766305867993
PYF,French Polynesia,2013,88.5949011385807,16.3434378730963,56.8
PYF,French Polynesia,2014,92.3064398832072,17.996504900737,60.68
PYF,French Polynesia,2015,96.5695695047253,18.6809469312546,64.560209747212
PYF,French Polynesia,2016,100.334195387889,19.8593728732207,68.440419493378
PYF,French Polynesia,2017,102.767711461082,20.5950294015788,72.7038953132942
PYF,French Polynesia,2018,108.168968782946,21.3676893661884,
PYF,French Polynesia,2019,113.964606463728,22.219514467771,
PYF,French Polynesia,2020,119.981805744084,22.9218972167803,
PYF,French Polynesia,2021,115.413592954766,26.724495339395,
PYF,French Polynesia,2022,116.866159256432,27.914458338386,
PYF,French Polynesia,2023,118.777524029055,35.5533975056738,
PYF,French Polynesia,2024,,,
PYF,French Polynesia,2025,,,
QAT,Qatar,2010,127.920073904667,8.52940126805712,69.0
QAT,Qatar,2011,127.128026726304,9.08920732212375,69.0
QAT,Qatar,2012,136.39488295684,9.70716531812154,69.3
QAT,Qatar,2013,162.859698293993,10.6013309777772,85.3
QAT,Qatar,2014,149.020182367971,10.163849886313,91.48999786
QAT,Qatar,2015,154.098019594361,9.79569741415571,92.8848264535481
QAT,Qatar,2016,140.517748133011,9.7607422100415,95.1246621661148
QAT,Qatar,2017,147.358360281803,9.47866948386398,97.3888491654164
QAT,Qatar,2018,142.911085340776,9.7027244524186,99.6528491261175
QAT,Qatar,2019,140.01721278049,10.1746618292654,99.6528042086389
QAT,Qatar,2020,135.497890935034,10.5631961475008,99.65284913
QAT,Qatar,2021,137.709548409191,11.0795735105944,99.65280151
QAT,Qatar,2022,162.248539735277,12.6414412670206,98.03800201
QAT,Qatar,2023,157.82063065065,11.641102863231,98.15229797
QAT,Qatar,2024,153.612474384296,11.8175200751339,98.08540344
QAT,Qatar,2025,,,
ROU,Romania,2010,119.221396188263,14.6853744418104,39.93
ROU,Romania,2011,115.471784331445,16.1874973837653,40.0099967810008
ROU,Romania,2012,113.302350795587,17.567519569459,45.8799942529424
ROU,Romania,2013,114.190750190364,18.8919150905294,49.7645
ROU,Romania,2014,114.782653636732,20.1139523323465,54.0783206550943
ROU,Romania,2015,116.350349219635,21.4489855804576,55.7631556336233
ROU,Romania,2016,115.790771839543,22.4982986593906,59.5039512852713
ROU,Romania,2017,113.76679260075,24.148941859633,63.7472821822484
ROU,Romania,2018,115.492130982384,25.9702175828069,70.6812779273268
ROU,Romania,2019,116.252345583749,27.060557570268,73.6574757545465
ROU,Romania,2020,116.478206049988,29.314080636148,78.45526895
ROU,Romania,2021,119.123068432356,31.6949603653045,83.5904265
ROU,Romania,2022,121.14194294167,33.2115600895132,85.50309124
ROU,Romania,2023,123.252482585042,34.6706189336505,89.20335498
ROU,Romania,2024,119.804862328273,35.7995871488999,91.29048551
ROU,Romania,2025,,,
RUS,Russian Federation,2010,165.137115700538,10.907741936582,49.0
RUS,Russian Federation,2011,141.451225637367,12.2426736632818,58.0
RUS,Russian Federation,2012,144.198197519265,14.5007601269515,66.0
RUS,Russian Federation,2013,150.964167004451,16.4209357330938,67.97
RUS,Russian Federation,2014,152.512941154001,17.2161049931,70.5175682574413
RUS,Russian Federation,2015,156.4185651494,18.4996930924804,70.0992412263947
RUS,Russian Federation,2016,157.173982310184,18.8797858276626,73.091434617897
RUS,Russian Federation,2017,155.485765168167,21.2763636749444,76.0081385339105
RUS,Russian Federation,2018,156.682905991229,21.8962972283043,80.8647218726954
RUS,Russian Federation,2019,163.646302441755,22.4233442134941,82.6421618670668
RUS,Russian Federation,2020,163.101112466044,23.1557041794102,84.99466978
RUS,Russian Federation,2021,169.07261384221,23.7409106485411,88.21384578
RUS,Russian Federation,2022,168.475831268436,24.6345568628262,90.41799163
RUS,Russian Federation,2023,180.841776534047,25.8238695549039,92.24496346
RUS,Russian Federation,2024,186.103787309059,27.1333512124875,94.36495368
RUS,Russian Federation,2025,,,
RWA,Rwanda,2010,34.395374562166,0.038206733709049,8.0
RWA,Rwanda,2011,42.049425685328,0.0817592046252728,7.0
RWA,Rwanda,2012,52.5466576287262,0.0507668537320886,8.023900032
RWA,Rwanda,2013,60.2988640030865,0.0250690955113609,9.0
RWA,Rwanda,2014,68.1670448387062,0.0256670688163416,10.60000038
RWA,Rwanda,2015,75.2543165296423,0.181485911280924,12.45600033
RWA,Rwanda,2016,74.8502057565523,0.182235644842436,14.63710022
RWA,Rwanda,2017,72.2764598764471,0.178494450936973,17.2
RWA,Rwanda,2018,77.679469147812,0.0600656822760033,19.16659927
RWA,Rwanda,2019,75.5985451901883,0.0695438976971303,21.3579998
RWA,Rwanda,2020,81.2378724761376,0.135352981978881,23.8
RWA,Rwanda,2021,81.6381635400584,0.238872174708692,24.4416008
RWA,Rwanda,2022,80.5952224850433,0.349951615372613,28.01679993
RWA,Rwanda,2023,91.4622704078141,0.445556123195211,28.80579948
RWA,Rwanda,2024,93.201462876722,0.595648307197658,31.70330048
RWA,Rwanda,2025,,,
SAS,South Asia,2010,57.6291791693912,0.753262837507806,7.1
SAS,South Asia,2011,67.2807573132345,0.934407983198297,9.4
SAS,South Asia,2012,66.3926203399348,1.03706450536129,10.4
SAS,South Asia,2013,68.7336008576658,1.08906977786143,11.7
SAS,South Asia,2014,72.4889791719549,1.23808459681213,13.0
SAS,South Asia,2015,74.4,1.4,14.7
SAS,South Asia,2016,81.8,1.6,16.7
SAS,South Asia,2017,84.8,1.6,18.8
SAS,South Asia,2018,85.5,1.7,20.9
SAS,South Asia,2019,83.9,1.7,29.7
SAS,South Asia,2020,86.3,2.23,42.5
SAS,South Asia,2021,86.2,2.6,48.0
SAS,South Asia,2022,85.0,3.06,54.2
SAS,South Asia,2023,85.3,3.5,58.3
SAS,South Asia,2024,83.4,3.86,62.8
SAS,South Asia,2025,81.7,4.27,67.8
SAU,Saudi Arabia,2010,204.969243706992,6.80363036670959,41.0
SAU,Saudi Arabia,2011,206.851813084871,7.47522997420673,47.5
SAU,Saudi Arabia,2012,195.843368612361,9.38625903064258,54.0
SAU,Saudi Arabia,2013,189.475618447684,,60.5
SAU,Saudi Arabia,2014,181.856566741136,,64.713657369019
SAU,Saudi Arabia,2015,176.134029034522,21.1361804985218,69.6162358014004
SAU,Saudi Arabia,2016,156.041476006361,20.82681485606,74.8792746891625
SAU,Saudi Arabia,2017,130.629718239662,21.6139435772426,94.1755996113911
SAU,Saudi Arabia,2018,136.046169550913,22.4661479201746,93.3100018480347
SAU,Saudi Arabia,2019,135.526154774497,22.3213703520821,95.7247355953812
SAU,Saudi Arabia,2020,139.444194606554,25.4596763527151,97.8623325
SAU,Saudi Arabia,2021,145.003757775499,33.7973610185654,100.0
SAU,Saudi Arabia,2022,149.79788255308,41.8230078726101,100.0
SAU,Saudi Arabia,2023,157.775388696083,43.5732045642216,100.0
SAU,Saudi Arabia,2024,159.541370566589,44.0705800179885,100.0
SAU,Saudi Arabia,2025,,,
SDN,Sudan,2010,51.0900410875249,0.038120087820776,
SDN,Sudan,2011,69.3293475524591,0.0482280334312411,
SDN,Sudan,2012,74.908489729676,0.0671366912133078,
SDN,Sudan,2013,73.1963836514564,0.068033405839313,
SDN,Sudan,2014,71.597721245773,0.0532180170690202,
SDN,Sudan,2015,69.8036331859409,0.0701896299287803,12.0
SDN,Sudan,2016,67.3954575547604,0.0639264882225092,14.0999999446534
SDN,Sudan,2017,67.0598253428254,0.071519364027593,18.60000038
SDN,Sudan,2018,68.0533719238149,0.070883060223742,
SDN,Sudan,2019,72.4818502607404,0.0719282386176834,
SDN,Sudan,2020,75.2207425678785,0.0615141548276354,
SDN,Sudan,2021,71.767230205952,0.0632992450276202,
SDN,Sudan,2022,70.2084038614961,0.0604394040047428,
SDN,Sudan,2023,,,
SDN,Sudan,2024,,,
SDN,Sudan,2025,,,
SEN,Senegal,2010,66.0343828887904,0.62243315671597,8.0
SEN,Senegal,2011,72.1733338879073,0.715438976017789,9.800000191
SEN,Senegal,2012,86.1774562103062,0.717937236744388,10.80000019
SEN,Senegal,2013,95.7910921489982,0.77845653467557,13.10000038
SEN,Senegal,2014,101.608432443463,0.730365001608948,17.70000076
SEN,Senegal,2015,102.508995376039,0.689431357378244,21.70000076
SEN,Senegal,2016,101.010767153806,0.654181134204409,25.66480064
SEN,Senegal,2017,101.831108002442,0.722423169961464,29.64310074
SEN,Senegal,2018,104.055698143919,0.815734181499159,35.29999924
SEN,Senegal,2019,109.341890091569,0.929784903272944,43.37969971
SEN,Senegal,2020,113.638091206029,1.05641006886622,53.30879974
SEN,Senegal,2021,115.325093678501,1.20966034985347,55.04040146
SEN,Senegal,2022,118.150293497239,1.40365165848276,56.82830048
SEN,Senegal,2023,123.911572643075,1.97393200956788,59.18740082
SEN,Senegal,2024,123.894453697506,4.03828584004829,60.11780167
SEN,Senegal,2025,,,
SGP,Singapore,2010,145.451637517643,26.3619521238271,71.0
SGP,Singapore,2011,150.404101393239,27.1735826927318,71.0
SGP,Singapore,2012,152.410387392459,27.0679759849169,72.0
SGP,Singapore,2013,156.679270675737,27.7295626772787,80.90209961
SGP,Singapore,2014,148.478352479892,27.0067241979516,79.0292358633435
SGP,Singapore,2015,149.006215002154,26.8978922564041,79.0129570025584
SGP,Singapore,2016,151.681717052742,28.5392609803278,84.4522678893074
SGP,Singapore,2017,149.567868255938,26.3326099315534,84.4522678893074
SGP,Singapore,2018,152.07381696158,26.50873593831,88.1656360313447
SGP,Singapore,2019,159.347378272364,26.5276177370284,88.9492526850762
SGP,Singapore,2020,150.259334715266,26.8622723592787,92.00434653
SGP,Singapore,2021,157.977675166643,27.5210996900631,96.92468156
SGP,Singapore,2022,173.005291258141,27.5510032505086,95.95386476
SGP,Singapore,2023,173.199932977376,27.4343636046425,94.28518987
SGP,Singapore,2024,170.78256295407,27.813655026664,94.37757178
SGP,Singapore,2025,,,
SLB,Solomon Islands,2010,21.6710946998694,0.473199141411867,5.0
SLB,Solomon Islands,2011,49.7105498738573,0.43946504625234,6.0
SLB,Solomon Islands,2012,52.6750068862599,0.371683699263955,6.997399807
SLB,Solomon Islands,2013,54.3083814470245,0.316667927287396,8.0
SLB,Solomon Islands,2014,61.0619411646469,0.216401797350658,9.0
SLB,Solomon Islands,2015,66.42196382631,0.222077993165628,10.00049973
SLB,Solomon Islands,2016,62.8902788282841,0.247441419489446,11.00090027
SLB,Solomon Islands,2017,67.8649558389434,0.170052153216115,15.14840031
SLB,Solomon Islands,2018,67.9774813460988,0.209843167616461,20.8593998
SLB,Solomon Islands,2019,65.6620160489572,0.143514977058204,22.48880005
SLB,Solomon Islands,2020,63.6670615636308,0.134318695281922,24.1984005
SLB,Solomon Islands,2021,62.1565164026326,0.131131891144795,26.03790092
SLB,Solomon Islands,2022,62.0734995506142,0.107033208461257,28.01729965
SLB,Solomon Islands,2023,,,28.67239952
SLB,Solomon Islands,2024,,,29.04070091
SLB,Solomon Islands,2025,,,
SLE,Sierra Leone,2010,32.1403169099528,,0.579999983
SLE,Sierra Leone,2011,33.4572729332228,,0.899999976
SLE,Sierra Leone,2012,33.7348956202641,,2.5
SLE,Sierra Leone,2013,59.5765507292095,,4.0
SLE,Sierra Leone,2014,69.1758823858757,,6.057300091
SLE,Sierra Leone,2015,80.3818885694169,,6.344399929
SLE,Sierra Leone,2016,87.1475941136892,,7.680099964
SLE,Sierra Leone,2017,89.7781754066341,,9.297100067
SLE,Sierra Leone,2018,84.1233437327877,,14.42230034
SLE,Sierra Leone,2019,87.0384355077496,0.00222452405855102,15.71370029
SLE,Sierra Leone,2020,87.0034823125467,0.00227486484143307,17.12080002
SLE,Sierra Leone,2021,101.636782141976,0.00227311979020093,18.65390015
SLE,Sierra Leone,2022,107.882000873042,,21.50880051
SLE,Sierra Leone,2023,,,23.71360016
SLE,Sierra Leone,2024,,,25.10499954
SLE,Sierra Leone,2025,,,
SLV,El Salvador,2010,126.895517965726,2.88837850918774,15.9
SLV,El Salvador,2011,136.551339569766,3.38252387840188,18.89999962
SLV,El Salvador,2012,141.462796298644,3.95978066642405,20.3213877242007
SLV,El Salvador,2013,146.475563213174,4.6332539426429,23.1093
SLV,El Salvador,2014,149.171006440904,5.17470921011106,24.7617121459061
SLV,El Salvador,2015,150.947947466847,5.7085946935124,26.8026049600572
SLV,El Salvador,2016,155.419607147465,6.37509676170817,28.99710083
SLV,El Salvador,2017,152.538724748062,7.26258313909333,33.8207289048526
SLV,El Salvador,2018,151.668612868534,7.91447387354624,43.79999924
SLV,El Salvador,2019,167.088631599992,8.43878438871173,50.4911940673888
SLV,El Salvador,2020,159.575329772708,8.53679094316574,54.60136976
SLV,El Salvador,2021,176.973446325336,9.07178351163771,57.26380157
SLV,El Salvador,2022,183.248955984561,9.73832698625659,60.05609894
SLV,El Salvador,2023,179.705636976149,11.6271746145254,62.61989975
SLV,El Salvador,2024,176.517423814642,12.4640729621203,66.47769928
SLV,El Salvador,2025,,,
SMR,San Marino,2010,99.8791797283177,19.5663531870428,
SMR,San Marino,2011,110.245888899251,20.3239143274581,49.6
SMR,San Marino,2012,107.568649714644,29.5873547076224,
SMR,San Marino,2013,109.399167162403,30.4312908982748,
SMR,San Marino,2014,111.489992587102,34.6923647146034,
SMR,San Marino,2015,108.032211439191,34.3382201115011,
SMR,San Marino,2016,107.051901290946,35.127777289892,55.0
SMR,San Marino,2017,110.535807784048,30.5427889929606,60.18230057
SMR,San Marino,2018,111.500477859191,31.4460308725998,
SMR,San Marino,2019,111.822930193634,31.9770294058234,67.85070038
SMR,San Marino,2020,112.168886076677,31.6373781241911,77.94999695
SMR,San Marino,2021,115.700566932778,34.7101700798334,81.66999817
SMR,San Marino,2022,120.269873863303,35.7876210032268,97.32790375
SMR,San Marino,2023,,,97.33640289
SMR,San Marino,2024,,,97.35220337
SMR,San Marino,2025,,,
SOM,"Somalia, Fed. Rep.",2010,5.28635539640489,,
SOM,"Somalia, Fed. Rep.",2011,14.5762796961332,,1.25
SOM,"Somalia, Fed. Rep.",2012,18.457350680033,0.320997403131009,1.376700044
SOM,"Somalia, Fed. Rep.",2013,40.2732207402969,0.466215173532281,1.5
SOM,"Somalia, Fed. Rep.",2014,41.2309585125849,0.524757653796535,1.629999995
SOM,"Somalia, Fed. Rep.",2015,42.2685278435236,0.593903235635527,1.75999999
SOM,"Somalia, Fed. Rep.",2016,46.366719307758,0.641171280544494,1.879999995
SOM,"Somalia, Fed. Rep.",2017,47.725260177752,0.656984899202092,
SOM,"Somalia, Fed. Rep.",2018,49.5262671956948,,
SOM,"Somalia, Fed. Rep.",2019,51.3194116563494,0.611316681940227,2.731400013
SOM,"Somalia, Fed. Rep.",2020,53.1133178401473,0.714663593733325,15.02369976
SOM,"Somalia, Fed. Rep.",2021,51.2059481348129,0.68899907598855,23.87479973
SOM,"Somalia, Fed. Rep.",2022,49.6800986995936,0.668468085170923,27.6
SOM,"Somalia, Fed. Rep.",2023,53.9579646939598,0.722963033976147,26.12010002
SOM,"Somalia, Fed. Rep.",2024,,,27.94020081
SOM,"Somalia, Fed. Rep.",2025,,,
SRB,Serbia,2010,136.015037810579,11.7956770547049,40.9
SRB,Serbia,2011,141.043436487447,13.442273512,42.2
SRB,Serbia,2012,127.199184289925,14.8105248871613,48.09999847
SRB,Serbia,2013,128.668140961621,16.4163582396862,53.450364175
SRB,Serbia,2014,131.35311754636,16.7418077691238,62.0750804639377
SRB,Serbia,2015,129.383588087229,18.6568767159217,65.3170254003801
SRB,Serbia,2016,129.17749484679,20.6094025912635,67.0568413716938
SRB,Serbia,2017,123.142754551775,21.1492657800305,70.3308355269141
SRB,Serbia,2018,121.074823902706,22.2890953800272,73.360709154564
SRB,Serbia,2019,122.047741314232,23.4424592934158,77.4167736219802
SRB,Serbia,2020,120.216859464106,25.1834994361532,78.36804864
SRB,Serbia,2021,125.075587327252,26.4794202826056,81.16588116
SRB,Serbia,2022,129.813149647571,29.3457941392192,83.53825397
SRB,Serbia,2023,128.471147595832,31.2695286708104,85.35746686
SRB,Serbia,2024,123.822194984291,33.3746847922718,87.69071294
SRB,Serbia,2025,,,
SSA,Sub-Saharan Africa (excluding high income),2010,44.0852495533227,0.160222693850748,6.7
SSA,Sub-Saharan Africa (excluding high income),2011,52.1548276219036,0.261192941639443,8.3
SSA,Sub-Saharan Africa (excluding high income),2012,58.5738313056111,0.244900697586037,9.9
SSA,Sub-Saharan Africa (excluding high income),2013,64.7032947876451,0.313724717054178,11.8
SSA,Sub-Saharan Africa (excluding high income),2014,69.3699946933716,0.378351634091623,13.9
SSA,Sub-Saharan Africa (excluding high income),2015,74.5414315139413,0.365305522512884,16.3
SSA,Sub-Saharan Africa (excluding high income),2016,72.6041910215201,0.399329499271906,18.5
SSA,Sub-Saharan Africa (excluding high income),2017,71.9143725084297,0.411606071751453,20.4
SSA,Sub-Saharan Africa (excluding high income),2018,81.1598032629882,0.496931753869275,22.8
SSA,Sub-Saharan Africa (excluding high income),2019,78.6090423405444,0.476909097290962,25.3
SSA,Sub-Saharan Africa (excluding high income),2020,85.7,0.48,28.0
SSA,Sub-Saharan Africa (excluding high income),2021,86.4,0.52,30.3
SSA,Sub-Saharan Africa (excluding high income),2022,91.0,0.57,32.7
SSA,Sub-Saharan Africa (excluding high income),2023,93.4,0.67,33.5
SSA,Sub-Saharan Africa (excluding high income),2024,91.9,0.87,34.7
SSA,Sub-Saharan Africa (excluding high income),2025,92.7,1.17,36.5
SSD,South Sudan,2010,15.3910038351303,2.05213384468404e-05,
SSD,South Sudan,2011,17.4959266080871,3.88798369068601e-05,
SSD,South Sudan,2012,21.3829367883201,0.000158047793652801,1.5
SSD,South Sudan,2013,25.5521917559795,0.000895553799275049,2.200000048
SSD,South Sudan,2014,25.599272919722,0.000890069873155252,2.599999905
SSD,South Sudan,2015,26.0993389998038,0.00135043147636101,3.0
SSD,South Sudan,2016,24.930513119821,0.00138502850665672,3.5
SSD,South Sudan,2017,27.1848244017002,0.00194947848526301,4.1
SSD,South Sudan,2018,18.9297575209348,0.00197570339239139,4.800000191
SSD,South Sudan,2019,21.3171365460584,0.00191876265903664,6.671000004
SSD,South Sudan,2020,,,
SSD,South Sudan,2021,30.151042999214,0.00184064098481655,
SSD,South Sudan,2022,48.4888320004297,0.00181468821342766,
SSD,South Sudan,2023,46.6152369503945,0.00174164840403178,
SSD,South Sudan,2024,,,
SSD,South Sudan,2025,,,
SSF,Sub-Saharan Africa,2010,44.0939840180983,0.161017933756273,6.0
SSF,Sub-Saharan Africa,2011,52.1634151225671,0.262648443794632,7.5
SSF,Sub-Saharan Africa,2012,58.5825096571309,0.246115329510253,9.2
SSF,Sub-Saharan Africa,2013,64.7110646670392,0.315008159463166,11.2
SSF,Sub-Saharan Africa,2014,69.3784866915021,0.379554950771693,13.4
SSF,Sub-Saharan Africa,2015,73.3,0.4,16.2
SSF,Sub-Saharan Africa,2016,71.5,0.4,18.3
SSF,Sub-Saharan Africa,2017,70.8,0.4,20.0
SSF,Sub-Saharan Africa,2018,74.4,0.4,22.0
SSF,Sub-Saharan Africa,2019,77.4,0.5,24.4
SSF,Sub-Saharan Africa,2020,80.8,0.45,26.7
SSF,Sub-Saharan Africa,2021,83.0,0.51,29.0
SSF,Sub-Saharan Africa,2022,87.6,0.56,31.1
SSF,Sub-Saharan Africa,2023,90.0,0.66,32.3
SSF,Sub-Saharan Africa,2024,89.2,0.84,33.6
SSF,Sub-Saharan Africa,2025,90.4,1.12,35.7
SST,Small states,2010,86.8401357337238,8.15928342003818,32.0
SST,Small states,2011,92.3152995526394,9.52819344558355,35.5
SST,Small states,2012,97.4350187782237,10.2318125208496,38.5
SST,Small states,2013,100.503608519213,10.6322446122341,41.2
SST,Small states,2014,107.332880489191,11.0626820982597,44.7
SST,Small states,2015,109.5,11.4,47.7
SST,Small states,2016,115.4,11.8,50.9
SST,Small states,2017,113.3,12.2,55.6
SST,Small states,2018,111.8,12.4,58.0
SST,Small states,2019,111.0,13.2,62.1
SST,Small states,2020,111.5,15.12,65.6
SST,Small states,2021,114.0,15.39,69.1
SST,Small states,2022,117.2,16.0,70.5
SST,Small states,2023,131.0,16.13,71.7
SST,Small states,2024,143.1,16.64,72.5
SST,Small states,2025,161.6,17.31,0.0
STP,Sao Tome and Principe,2010,56.5065290810882,0.321778638298809,18.75
STP,Sao Tome and Principe,2011,61.9653216553819,0.396985709591756,20.16119957
STP,Sao Tome and Principe,2012,64.4914721889368,0.410686289517998,21.57239914
STP,Sao Tome and Principe,2013,64.8875473729989,0.506347464120778,23.0
STP,Sao Tome and Principe,2014,65.3056660923834,0.559036830362815,24.40999985
STP,Sao Tome and Principe,2015,92.3511291071491,0.656045453864627,25.81999969
STP,Sao Tome and Principe,2016,87.4112004084658,0.69959595265331,28.0
STP,Sao Tome and Principe,2017,84.0522781079383,0.714596318307001,32.61640167
STP,Sao Tome and Principe,2018,77.3644421396185,0.740768934329906,37.99380112
STP,Sao Tome and Principe,2019,77.6791069955762,0.769475894129115,44.25790024
STP,Sao Tome and Principe,2020,80.1172764274381,1.15528778715478,51.55469894
STP,Sao Tome and Principe,2021,85.2577705092336,1.54216281238596,54.94950104
STP,Sao Tome and Principe,2022,86.7784626941517,2.02470117761428,58.56779861
STP,Sao Tome and Principe,2023,63.4540500972405,2.50139688397417,58.70130157
STP,Sao Tome and Principe,2024,62.4367400312479,2.9940221452347,59.11759949
STP,Sao Tome and Principe,2025,,,
SUR,Suriname,2010,94.7707224465971,2.75365823942625,31.59
SUR,Suriname,2011,95.9107913617333,4.16345329328077,32.0
SUR,Suriname,2012,101.14390730725,5.20197002308787,34.68119812
SUR,Suriname,2013,152.648413061052,6.51910301922604,37.40000153
SUR,Suriname,2014,161.251918320811,8.06433391904034,40.08000183
SUR,Suriname,2015,129.027366336157,9.05924243544402,42.76380157
SUR,Suriname,2016,137.281393501056,12.1167421230202,45.40000153
SUR,Suriname,2017,134.049784997128,11.9951895949727,48.94520187
SUR,Suriname,2018,125.480181413914,12.2059071279522,55.10210037
SUR,Suriname,2019,134.34912375695,13.2740587155479,62.03350067
SUR,Suriname,2020,146.874739718153,15.0689920417039,
SUR,Suriname,2021,146.654129497521,19.899950800782,
SUR,Suriname,2022,149.052255906952,20.0260284612076,
SUR,Suriname,2023,157.24614636039,17.5373597122531,87.4
SUR,Suriname,2024,142.122626416427,18.7523938773484,
SUR,Suriname,2025,,,
SVK,Slovak Republic,2010,109.888273989767,16.2644145767381,75.71
SVK,Slovak Republic,2011,110.836202084841,17.6561458836789,74.4399971746757
SVK,Slovak Republic,2012,112.758768895687,19.3434773928924,76.7099901181121
SVK,Slovak Republic,2013,114.749126777911,20.4985858774048,77.8826
SVK,Slovak Republic,2014,117.780685215586,21.9975144176702,79.9843017656729
SVK,Slovak Republic,2015,123.158867497202,23.5008610259474,77.6346820339875
SVK,Slovak Republic,2016,128.792489910653,24.626445872585,80.475857275668
SVK,Slovak Republic,2017,130.944551759663,25.8590797873319,81.6256675172655
SVK,Slovak Republic,2018,133.040480361667,27.6953839189658,80.4489224826099
SVK,Slovak Republic,2019,135.755672834643,29.181106904051,82.8536605021784
SVK,Slovak Republic,2020,133.632904273198,31.192548373756,89.92090413
SVK,Slovak Republic,2021,135.268252737261,32.6060735005904,88.92560523
SVK,Slovak Republic,2022,136.029289645522,33.9988127597088,89.06766196
SVK,Slovak Republic,2023,138.232946210214,33.17259432898,87.2131343
SVK,Slovak Republic,2024,139.967676092657,33.8136036435218,89.82507032
SVK,Slovak Republic,2025,,,
SVN,Slovenia,2010,103.782526953769,23.0130215414954,70.0
SVN,Slovenia,2011,105.844580545528,24.1297849867532,67.3399948092396
SVN,Slovenia,2012,109.148058194505,24.8054736692412,68.3499745287825
SVN,Slovenia,2013,111.044907196462,25.5111136181393,72.6756
SVN,Slovenia,2014,113.019086174171,27.0022702087688,71.5862515855601
SVN,Slovenia,2015,114.271192414174,27.6233320566015,73.0986599745829
SVN,Slovenia,2016,115.736307790972,28.5889065200718,75.4985042610791
SVN,Slovenia,2017,118.461993493049,29.180424842781,78.8854263554775
SVN,Slovenia,2018,119.153401263409,29.6086313428343,79.7499765956562
SVN,Slovenia,2019,120.568876746571,30.1395433223627,83.1083578026717
SVN,Slovenia,2020,121.331428226248,30.9930132861242,86.60130109
SVN,Slovenia,2021,123.362924143622,31.5502669986288,89.00399524
SVN,Slovenia,2022,126.45918075971,32.0104972135392,88.91248552
SVN,Slovenia,2023,129.227963043737,31.8814801387465,90.37794678
SVN,Slovenia,2024,130.86090177123,34.2332575162942,90.76355487
SVN,Slovenia,2025,,,
SWE,Sweden,2010,117.211932910169,31.9840349438999,90.0
SWE,Sweden,2011,121.218520944341,32.0391154481002,92.7699860554046
SWE,Sweden,2012,124.465204900222,32.2829791143157,93.1799880065108
SWE,Sweden,2013,125.141584605994,32.7855388506159,94.7836
SWE,Sweden,2014,126.980024510044,33.841393015349,92.5236065037579
SWE,Sweden,2015,128.974452830716,35.6778078349251,90.6101966398616
SWE,Sweden,2016,126.401633330915,37.0821744423215,89.6509476102355
SWE,Sweden,2017,124.472904877796,38.3266046004608,93.0062669652127
SWE,Sweden,2018,124.086284526267,38.7413375683818,89.2469631588137
SWE,Sweden,2019,125.456729050381,39.2905524546107,94.4934434072202
SWE,Sweden,2020,123.548656971054,40.3679810262741,94.53943122
SWE,Sweden,2021,124.96149481991,40.8351431063991,94.6703163
SWE,Sweden,2022,140.781664517726,40.6093424279832,95.00970335
SWE,Sweden,2023,140.265691285045,40.7340135908716,95.70327461
SWE,Sweden,2024,140.686673016562,40.6156538715616,95.52930428
SWE,Sweden,2025,,,95.76629783
SWZ,Eswatini,2010,65.2905141006612,0.329060405703234,11.04
SWZ,Eswatini,2011,68.5737493883254,0.717817419954501,18.13
SWZ,Eswatini,2012,71.6279475345304,0.305108362852056,20.78179932
SWZ,Eswatini,2013,79.0272480287436,0.371684705174382,24.70000076
SWZ,Eswatini,2014,80.6829892484285,0.448825529196101,25.0
SWZ,Eswatini,2015,82.3406804087808,0.525020278908273,25.64299965
SWZ,Eswatini,2016,86.5588465316001,0.608956709267538,28.56999969
SWZ,Eswatini,2017,88.7130405501664,1.34191565323629,35.33160019
SWZ,Eswatini,2018,89.2003705956478,1.8710289504324,39.38100052
SWZ,Eswatini,2019,91.0519258836113,2.04369280109571,43.93389893
SWZ,Eswatini,2020,104.747264466614,2.29004241533492,49.01300049
SWZ,Eswatini,2021,118.627490794327,2.55280778191155,53.99530029
SWZ,Eswatini,2022,121.491701239707,2.18530055779024,57.34370041
SWZ,Eswatini,2023,128.399211381334,2.76365982774566,61.33330154
SWZ,Eswatini,2024,139.833459658744,2.5065536335855,63.40309906
SWZ,Eswatini,2025,,,
SXM,Sint Maarten (Dutch part),2010,,,
SXM,Sint Maarten (Dutch part),2011,,,
SXM,Sint Maarten (Dutch part),2012,196.556548553808,,
SXM,Sint Maarten (Dutch part),2013,,,
SXM,Sint Maarten (Dutch part),2014,,,
SXM,Sint Maarten (Dutch part),2015,,,
SXM,Sint Maarten (Dutch part),2016,,,
SXM,Sint Maarten (Dutch part),2017,,,
SXM,Sint Maarten (Dutch part),2018,,,
SXM,Sint Maarten (Dutch part),2019,,,
SXM,Sint Maarten (Dutch part),2020,,,
SXM,Sint Maarten (Dutch part),2021,,,
SXM,Sint Maarten (Dutch part),2022,205.372695128029,,
SXM,Sint Maarten (Dutch part),2023,,,
SXM,Sint Maarten (Dutch part),2024,,,
SXM,Sint Maarten (Dutch part),2025,,,
SYC,Seychelles,2010,123.813585199693,7.15270977456276,41.0
SYC,Seychelles,2011,130.476995382586,9.7006926121372,43.16400146
SYC,Seychelles,2012,137.106577057151,10.6255588037331,47.07600021
SYC,Seychelles,2013,133.985679723389,12.1565631336135,50.40000153
SYC,Seychelles,2014,144.60603512527,11.3010491715558,51.25469971
SYC,Seychelles,2015,138.248624452112,12.5151543411359,54.25960159
SYC,Seychelles,2016,138.276832299833,12.7798872711048,56.51470184
SYC,Seychelles,2017,148.791660366282,13.5385628007507,62.55310059
SYC,Seychelles,2018,155.551112656467,17.114916550765,69.23660278
SYC,Seychelles,2019,164.617084572886,22.9273268168296,76.63420105
SYC,Seychelles,2020,152.5450781854,29.067843812089,79.25170135
SYC,Seychelles,2021,149.479213250181,33.5645230796751,81.99530029
SYC,Seychelles,2022,163.429518331448,29.8314239734867,84.83380127
SYC,Seychelles,2023,129.24400747161,30.7719361318005,86.001297
SYC,Seychelles,2024,125.616862703001,31.5968654633563,87.81800079
SYC,Seychelles,2025,,,
SYR,Syrian Arab Republic,2010,52.0228671102636,0.310540399541491,20.7
SYR,Syrian Arab Republic,2011,56.4601130740851,0.530201417967525,22.5
SYR,Syrian Arab Republic,2012,57.0304708357464,1.06395659743909,24.30010033
SYR,Syrian Arab Republic,2013,56.7277291919289,1.59757846490112,26.20000076
SYR,Syrian Arab Republic,2014,69.2511845049776,2.47214378026187,28.09000015
SYR,Syrian Arab Republic,2015,73.6810937543276,3.75431321223408,29.97979927
SYR,Syrian Arab Republic,2016,69.5528574436978,5.26009550775525,31.8696003
SYR,Syrian Arab Republic,2017,80.032591460097,7.40231248726896,32.70000076
SYR,Syrian Arab Republic,2018,87.4952069545959,6.78669179370865,33.77000046
SYR,Syrian Arab Republic,2019,87.1297289207859,7.33616579803782,
SYR,Syrian Arab Republic,2020,79.1482419784404,7.35459379919522,
SYR,Syrian Arab Republic,2021,78.5558300193552,7.28562915466706,
SYR,Syrian Arab Republic,2022,78.6567844526885,7.16283326639858,
SYR,Syrian Arab Republic,2023,72.4405852977604,6.86124546257849,
SYR,Syrian Arab Republic,2024,71.2231424453527,,
SYR,Syrian Arab Republic,2025,,,
TCA,Turks and Caicos Islands,2010,,,
TCA,Turks and Caicos Islands,2011,,,
TCA,Turks and Caicos Islands,2012,,,
TCA,Turks and Caicos Islands,2013,,,
TCA,Turks and Caicos Islands,2014,,,
TCA,Turks and Caicos Islands,2015,,,
TCA,Turks and Caicos Islands,2016,,,
TCA,Turks and Caicos Islands,2017,,,
TCA,Turks and Caicos Islands,2018,,,
TCA,Turks and Caicos Islands,2019,,,
TCA,Turks and Caicos Islands,2020,,,
TCA,Turks and Caicos Islands,2021,,,
TCA,Turks and Caicos Islands,2022,,,
TCA,Turks and Caicos Islands,2023,,,
TCA,Turks and Caicos Islands,2024,,,
TCA,Turks and Caicos Islands,2025,,,
TCD,Chad,2010,23.3525805934177,0.00268830849761321,1.700000048
TCD,Chad,2011,28.7390189115685,0.123865180054531,1.899999976
TCD,Chad,2012,33.3228572133612,0.147256096776337,2.099999905
TCD,Chad,2013,33.3154384690936,0.107288841149774,2.5
TCD,Chad,2014,37.0123277165075,0.071402000947516,2.900000095
TCD,Chad,2015,37.3152541289811,0.0773982341569324,3.5
TCD,Chad,2016,36.9555838356879,0.0339141052177506,5.800000191
TCD,Chad,2017,40.7648866631048,0.00211870387298428,6.351900101
TCD,Chad,2018,43.2279057924006,0.00206727545659399,6.956299782
TCD,Chad,2019,45.9378876746208,0.00040754624616045,7.618199825
TCD,Chad,2020,50.434327397335,0.0,8.343099594
TCD,Chad,2021,58.0323175441615,0.0,9.653699875
TCD,Chad,2022,65.4377795535985,0.0,11.17029953
TCD,Chad,2023,70.1873962423852,0.0,12.03590012
TCD,Chad,2024,72.9289782617702,0.0,12.62689972
TCD,Chad,2025,,,
TEA,East Asia & Pacific (IDA & IBRD countries),2010,71.0725019935395,7.40818531583903,29.3
TEA,East Asia & Pacific (IDA & IBRD countries),2011,81.1327438033427,8.69709182542804,32.7
TEA,East Asia & Pacific (IDA & IBRD countries),2012,89.9824899417363,9.94165075843194,36.1
TEA,East Asia & Pacific (IDA & IBRD countries),2013,96.9950982616019,10.649773234774,38.7
TEA,East Asia & Pacific (IDA & IBRD countries),2014,102.093043213241,11.2411159368169,41.1
TEA,East Asia & Pacific (IDA & IBRD countries),2015,102.2,14.7,44.1
TEA,East Asia & Pacific (IDA & IBRD countries),2016,108.6,17.0,50.2
TEA,East Asia & Pacific (IDA & IBRD countries),2017,115.1,20.5,54.6
TEA,East Asia & Pacific (IDA & IBRD countries),2018,119.9,21.3,59.8
TEA,East Asia & Pacific (IDA & IBRD countries),2019,127.8,23.5,64.3
TEA,East Asia & Pacific (IDA & IBRD countries),2020,125.0,25.36,72.7
TEA,East Asia & Pacific (IDA & IBRD countries),2021,126.2,28.12,78.3
TEA,East Asia & Pacific (IDA & IBRD countries),2022,126.8,30.76,82.3
TEA,East Asia & Pacific (IDA & IBRD countries),2023,128.1,32.88,85.0
TEA,East Asia & Pacific (IDA & IBRD countries),2024,129.5,34.57,86.8
TEA,East Asia & Pacific (IDA & IBRD countries),2025,131.0,36.36,88.9
TEC,Europe & Central Asia (IDA & IBRD countries),2010,122.284842739145,9.46872552141353,40.0
TEC,Europe & Central Asia (IDA & IBRD countries),2011,120.028710531338,10.768626702696,45.4
TEC,Europe & Central Asia (IDA & IBRD countries),2012,122.918504822013,12.1154338047303,50.7
TEC,Europe & Central Asia (IDA & IBRD countries),2013,127.108381947864,13.4257455185845,53.5
TEC,Europe & Central Asia (IDA & IBRD countries),2014,128.02998454354,14.0291020317441,57.7
TEC,Europe & Central Asia (IDA & IBRD countries),2015,127.9,15.2,59.4
TEC,Europe & Central Asia (IDA & IBRD countries),2016,126.8,15.9,63.3
TEC,Europe & Central Asia (IDA & IBRD countries),2017,124.1,17.3,67.0
TEC,Europe & Central Asia (IDA & IBRD countries),2018,124.5,18.2,71.8
TEC,Europe & Central Asia (IDA & IBRD countries),2019,129.0,18.8,75.2
TEC,Europe & Central Asia (IDA & IBRD countries),2020,126.7,20.51,78.6
TEC,Europe & Central Asia (IDA & IBRD countries),2021,130.9,21.68,82.6
TEC,Europe & Central Asia (IDA & IBRD countries),2022,131.1,22.66,85.2
TEC,Europe & Central Asia (IDA & IBRD countries),2023,136.8,24.09,87.3
TEC,Europe & Central Asia (IDA & IBRD countries),2024,139.6,25.36,88.9
TEC,Europe & Central Asia (IDA & IBRD countries),2025,142.4,26.72,90.8
TGO,Togo,2010,38.6520343582485,0.404376324713075,3.0
TGO,Togo,2011,38.9697843149559,0.492143829355825,3.5
TGO,Togo,2012,46.6464180614517,0.584347876051159,4.0
TGO,Togo,2013,58.5138554393817,0.0949153119330303,4.5
TGO,Togo,2014,60.4368580586019,0.168753220162062,5.699999809
TGO,Togo,2015,63.3574638254671,0.862199121906724,7.119999886
TGO,Togo,2016,70.0588130571426,0.620529481672155,11.31000042
TGO,Togo,2017,75.3357270694068,0.627393839501362,12.3602249692905
TGO,Togo,2018,74.3997114343066,0.316705449644003,15.5
TGO,Togo,2019,73.7224727486533,0.376920048379618,20.72730064
TGO,Togo,2020,75.164019137873,0.607931974735055,29.02370071
TGO,Togo,2021,70.4496733018494,0.749325974933037,30.33839989
TGO,Togo,2022,72.2147547047011,1.03723561669214,35.60749817
TGO,Togo,2023,75.7906769713952,1.22815843837127,37.57020187
TGO,Togo,2024,80.8035554767112,1.41538265577438,39.48320007
TGO,Togo,2025,,,
THA,Thailand,2010,104.588624052335,4.74172823236676,22.4
THA,Thailand,2011,112.233203232914,5.64433790742555,23.669925618731
THA,Thailand,2012,122.431994954555,6.50814220580194,26.46
THA,Thailand,2013,134.367308785551,7.43359084502317,28.94
THA,Thailand,2014,138.28115031927,7.74748143833759,34.8860535783465
THA,Thailand,2015,145.932577028654,8.83035128821556,39.3161267365004
THA,Thailand,2016,168.88127084564,10.187716904417,47.5049656215909
THA,Thailand,2017,170.783699598766,11.5345396717409,52.8919293439676
THA,Thailand,2018,175.266001933225,12.8740610702362,56.8174809301456
THA,Thailand,2019,181.221874232713,14.1338059581469,66.6524194587528
THA,Thailand,2020,162.327737376294,16.021813562656,77.84374066
THA,Thailand,2021,168.485285358167,17.3168855632327,85.26956666
THA,Thailand,2022,176.22279253783,17.5125815621477,87.97724503
THA,Thailand,2023,168.642808295144,14.5089451983046,89.53525238
THA,Thailand,2024,160.639312286761,14.8870491187484,90.86718789
THA,Thailand,2025,,,
TJK,Tajikistan,2010,77.6363373335646,0.0614207187243413,11.55000019
TJK,Tajikistan,2011,80.8201119902975,0.0641551173610521,13.02999973
TJK,Tajikistan,2012,81.4565956633347,0.0673813750891555,14.51000023
TJK,Tajikistan,2013,91.7287717099905,0.0705877427548984,16.0
TJK,Tajikistan,2014,94.9385868130658,0.0723988173119103,17.48999977
TJK,Tajikistan,2015,98.2086665185843,0.0694135939582408,18.97999954
TJK,Tajikistan,2016,106.027422075203,0.067677077920342,20.46999931
TJK,Tajikistan,2017,109.003509375909,0.0660360517220772,21.95999908
TJK,Tajikistan,2018,107.442164151643,,32.59999847
TJK,Tajikistan,2019,115.372919483658,0.0629593012189131,22.68630028
TJK,Tajikistan,2020,62.2826230779409,0.369964643651705,27.54409981
TJK,Tajikistan,2021,64.0874682499327,0.495991334524208,36.70560074
TJK,Tajikistan,2022,63.8442080716763,0.585196433548591,48.91429901
TJK,Tajikistan,2023,76.215892145748,0.983936262867068,54.41550064
TJK,Tajikistan,2024,,,55.79339981
TJK,Tajikistan,2025,,,
TKM,Turkmenistan,2010,57.4662009404143,0.012993417387385,3.0
TKM,Turkmenistan,2011,93.2537591382086,0.0193545537834018,5.0
TKM,Turkmenistan,2012,101.574473198628,0.0241024173691661,7.195799828
TKM,Turkmenistan,2013,103.130970254107,0.0303063925778971,9.600000381
TKM,Turkmenistan,2014,118.613404511362,0.0378583186988985,12.19999981
TKM,Turkmenistan,2015,126.162969350539,0.453684740587248,14.99680042
TKM,Turkmenistan,2016,134.826174862709,0.73436633505979,17.99029922
TKM,Turkmenistan,2017,,1.15619017556467,
TKM,Turkmenistan,2018,87.7729687399519,1.71364418489063,
TKM,Turkmenistan,2019,88.2099411752948,2.59674388854464,
TKM,Turkmenistan,2020,88.7029504834018,3.40423015428109,
TKM,Turkmenistan,2021,88.1929367884543,4.08263176069293,
TKM,Turkmenistan,2022,,5.21710831232306,
TKM,Turkmenistan,2023,,,
TKM,Turkmenistan,2024,,,
TKM,Turkmenistan,2025,,,
TLA,Latin America & the Caribbean (IDA & IBRD countries),2010,99.1116952270899,6.83736182398784,35.0
TLA,Latin America & the Caribbean (IDA & IBRD countries),2011,107.926713897609,8.2177924017233,39.7
TLA,Latin America & the Caribbean (IDA & IBRD countries),2012,112.534194535657,8.70245386344257,43.4
TLA,Latin America & the Caribbean (IDA & IBRD countries),2013,118.251030266306,9.42169419486327,46.4
TLA,Latin America & the Caribbean (IDA & IBRD countries),2014,117.662118244664,10.1449175647055,49.0
TLA,Latin America & the Caribbean (IDA & IBRD countries),2015,113.9,11.0,54.7
TLA,Latin America & the Caribbean (IDA & IBRD countries),2016,112.1,11.6,57.7
TLA,Latin America & the Caribbean (IDA & IBRD countries),2017,108.5,12.3,60.2
TLA,Latin America & the Caribbean (IDA & IBRD countries),2018,106.8,13.2,63.5
TLA,Latin America & the Caribbean (IDA & IBRD countries),2019,104.1,13.7,67.7
TLA,Latin America & the Caribbean (IDA & IBRD countries),2020,103.6,15.22,73.8
TLA,Latin America & the Caribbean (IDA & IBRD countries),2021,109.5,16.8,75.9
TLA,Latin America & the Caribbean (IDA & IBRD countries),2022,110.6,17.79,77.3
TLA,Latin America & the Caribbean (IDA & IBRD countries),2023,113.2,18.55,80.2
TLA,Latin America & the Caribbean (IDA & IBRD countries),2024,115.3,19.61,81.8
TLA,Latin America & the Caribbean (IDA & IBRD countries),2025,117.5,20.76,83.9
TLS,Timor-Leste,2010,43.6092152609205,0.0460965871008842,3.0
TLS,Timor-Leste,2011,55.3186027470553,0.0495403109510208,4.0
TLS,Timor-Leste,2012,54.7192006238518,0.0528687928732867,7.0
TLS,Timor-Leste,2013,56.0975925502397,0.0604127919771812,11.0
TLS,Timor-Leste,2014,116.401176746315,0.0869783730136906,17.5
TLS,Timor-Leste,2015,114.23397124462,0.0853019298316946,18.60000038
TLS,Timor-Leste,2016,121.477605038459,,21.20000076
TLS,Timor-Leste,2017,124.360491266698,0.267315808941898,24.20000076
TLS,Timor-Leste,2018,115.089356319443,0.00548606969346194,27.60000038
TLS,Timor-Leste,2019,109.555438546595,0.00684118083393226,28.00460052
TLS,Timor-Leste,2020,103.911005065408,0.00625917666940914,32.01269913
TLS,Timor-Leste,2021,102.668836319816,0.0101471033723194,35.04199982
TLS,Timor-Leste,2022,108.158358863503,0.0100051486348815,
TLS,Timor-Leste,2023,112.647241971673,0.00577915257396232,
TLS,Timor-Leste,2024,116.382391453038,0.00599726695977119,
TLS,Timor-Leste,2025,,,
TMN,"Middle East, North Africa, Afghanistan & Pakistan (IDA & IBRD)",2010,78.7211620411818,1.52856511750859,15.3
TMN,"Middle East, North Africa, Afghanistan & Pakistan (IDA & IBRD)",2011,85.3937365970812,2.26901909583183,16.7
TMN,"Middle East, North Africa, Afghanistan & Pakistan (IDA & IBRD)",2012,91.0179340883458,3.05770043087241,18.6
TMN,"Middle East, North Africa, Afghanistan & Pakistan (IDA & IBRD)",2013,96.3030911371994,3.69984920218183,21.1
TMN,"Middle East, North Africa, Afghanistan & Pakistan (IDA & IBRD)",2014,96.666101641677,4.48231791057781,24.5
TMN,"Middle East, North Africa, Afghanistan & Pakistan (IDA & IBRD)",2015,94.9,4.2,27.4
TMN,"Middle East, North Africa, Afghanistan & Pakistan (IDA & IBRD)",2016,94.8,4.8,30.6
TMN,"Middle East, North Africa, Afghanistan & Pakistan (IDA & IBRD)",2017,96.3,6.6,34.6
TMN,"Middle East, North Africa, Afghanistan & Pakistan (IDA & IBRD)",2018,95.0,7.3,37.4
TMN,"Middle East, North Africa, Afghanistan & Pakistan (IDA & IBRD)",2019,101.8,7.5,41.3
TMN,"Middle East, North Africa, Afghanistan & Pakistan (IDA & IBRD)",2020,90.7,5.56,46.2
TMN,"Middle East, North Africa, Afghanistan & Pakistan (IDA & IBRD)",2021,93.8,6.05,50.0
TMN,"Middle East, North Africa, Afghanistan & Pakistan (IDA & IBRD)",2022,96.5,6.32,53.8
TMN,"Middle East, North Africa, Afghanistan & Pakistan (IDA & IBRD)",2023,97.0,6.66,55.7
TMN,"Middle East, North Africa, Afghanistan & Pakistan (IDA & IBRD)",2024,99.0,6.96,57.8
TMN,"Middle East, North Africa, Afghanistan & Pakistan (IDA & IBRD)",2025,101.1,7.3,60.2
TON,Tonga,2010,50.5586592178771,1.02420856610801,16.0
TON,Tonga,2011,51.1294970716743,1.20851538533048,25.0
TON,Tonga,2012,52.1124139214591,1.39586823003908,30.0
TON,Tonga,2013,53.6991725657932,1.58762771064084,32.75400162
TON,Tonga,2014,63.7844834863848,1.68841279816901,35.95439911
TON,Tonga,2015,69.2709364249022,2.31679155473868,38.65129852
TON,Tonga,2016,75.8121375232175,2.84295515712066,39.95000076
TON,Tonga,2017,102.450738448688,2.84748851512966,46.20080185
TON,Tonga,2018,102.245967016208,2.38616234239867,48.80789948
TON,Tonga,2019,58.772203768371,3.5043390209049,51.56299973
TON,Tonga,2020,58.6543555589192,4.73018996442897,54.47370148
TON,Tonga,2021,60.9801876955162,6.4574841217177,57.549
TON,Tonga,2022,61.7257858761257,8.17387330781973,61.60739899
TON,Tonga,2023,,,64.13140106
TON,Tonga,2024,,,67.4417038
TON,Tonga,2025,,,
TSA,South Asia (IDA & IBRD),2010,57.6291791693912,0.753262837507806,7.1
TSA,South Asia (IDA & IBRD),2011,67.2807573132345,0.934407983198297,9.4
TSA,South Asia (IDA & IBRD),2012,66.3926203399348,1.03706450536129,10.4
TSA,South Asia (IDA & IBRD),2013,68.7336008576658,1.08906977786143,11.7
TSA,South Asia (IDA & IBRD),2014,72.4889791719549,1.23808459681213,13.0
TSA,South Asia (IDA & IBRD),2015,74.4,1.4,14.7
TSA,South Asia (IDA & IBRD),2016,81.8,1.6,16.7
TSA,South Asia (IDA & IBRD),2017,84.8,1.6,18.8
TSA,South Asia (IDA & IBRD),2018,85.5,1.7,20.9
TSA,South Asia (IDA & IBRD),2019,83.9,1.7,29.7
TSA,South Asia (IDA & IBRD),2020,86.3,2.23,42.5
TSA,South Asia (IDA & IBRD),2021,86.2,2.6,48.0
TSA,South Asia (IDA & IBRD),2022,85.0,3.06,54.2
TSA,South Asia (IDA & IBRD),2023,85.3,3.5,58.3
TSA,South Asia (IDA & IBRD),2024,83.4,3.86,62.8
TSA,South Asia (IDA & IBRD),2025,81.7,4.27,67.8
TSS,Sub-Saharan Africa (IDA & IBRD countries),2010,44.0939840180983,0.161017933756273,6.1
TSS,Sub-Saharan Africa (IDA & IBRD countries),2011,52.1634151225671,0.262648443794632,7.6
TSS,Sub-Saharan Africa (IDA & IBRD countries),2012,58.5825096571309,0.246115329510253,9.2
TSS,Sub-Saharan Africa (IDA & IBRD countries),2013,64.7110646670392,0.315008159463166,11.1
TSS,Sub-Saharan Africa (IDA & IBRD countries),2014,69.3784866915021,0.379554950771693,13.3
TSS,Sub-Saharan Africa (IDA & IBRD countries),2015,73.3,0.4,16.1
TSS,Sub-Saharan Africa (IDA & IBRD countries),2016,71.5,0.4,18.2
TSS,Sub-Saharan Africa (IDA & IBRD countries),2017,70.8,0.4,19.9
TSS,Sub-Saharan Africa (IDA & IBRD countries),2018,74.4,0.4,22.1
TSS,Sub-Saharan Africa (IDA & IBRD countries),2019,77.4,0.5,24.4
TSS,Sub-Saharan Africa (IDA & IBRD countries),2020,80.8,0.45,26.8
TSS,Sub-Saharan Africa (IDA & IBRD countries),2021,83.0,0.51,28.9
TSS,Sub-Saharan Africa (IDA & IBRD countries),2022,87.6,0.56,31.1
TSS,Sub-Saharan Africa (IDA & IBRD countries),2023,90.0,0.66,32.1
TSS,Sub-Saharan Africa (IDA & IBRD countries),2024,89.2,0.84,33.3
TSS,Sub-Saharan Africa (IDA & IBRD countries),2025,90.4,1.12,35.2
TTO,Trinidad and Tobago,2010,136.605093988839,11.7440976624306,48.5
TTO,Trinidad and Tobago,2011,130.911989608476,12.3526953375059,55.2
TTO,Trinidad and Tobago,2012,134.183710177097,14.3473934132065,57.5
TTO,Trinidad and Tobago,2013,137.604422317441,15.0424768149008,59.90000153
TTO,Trinidad and Tobago,2014,139.365477214979,17.4584890485114,62.40000153
TTO,Trinidad and Tobago,2015,148.572056300501,19.4881289235566,65.09999847
TTO,Trinidad and Tobago,2016,150.717314787624,17.7852731961704,67.80000305
TTO,Trinidad and Tobago,2017,140.503134035998,22.6101721419176,70.59999847
TTO,Trinidad and Tobago,2018,134.142866663312,23.2707114091769,72.76029968
TTO,Trinidad and Tobago,2019,145.715788467056,22.8528096955069,74.98670197
TTO,Trinidad and Tobago,2020,134.231180588566,25.4398983406076,77.28130341
TTO,Trinidad and Tobago,2021,134.221562299819,24.9299429931902,84.36576986
TTO,Trinidad and Tobago,2022,133.631989924602,26.0331929293058,81.69760132
TTO,Trinidad and Tobago,2023,134.230557337258,26.8942307436398,81.9681015
TTO,Trinidad and Tobago,2024,118.786668099235,27.0294379426204,82.15989685
TTO,Trinidad and Tobago,2025,,,
TUN,Tunisia,2010,103.234503500842,4.47896057767152,36.8
TUN,Tunisia,2011,113.794012236779,5.13830793305368,39.1
TUN,Tunisia,2012,116.660316175441,4.78950869178639,41.4416008
TUN,Tunisia,2013,114.100647129197,4.66714973152741,43.79999924
TUN,Tunisia,2014,126.692106854109,5.03392320650315,46.15999985
TUN,Tunisia,2015,128.008569175385,5.03388625276524,46.4999943435776
TUN,Tunisia,2016,123.883093580407,5.55369160408213,49.5999948415756
TUN,Tunisia,2017,123.034053994945,6.8819804955977,55.5001550633671
TUN,Tunisia,2018,125.532926143303,8.6185014951323,64.1908102327387
TUN,Tunisia,2019,124.386924181822,10.0541966829532,66.6999983024144
TUN,Tunisia,2020,124.041976750236,11.1467984493476,68.55639648
TUN,Tunisia,2021,129.846077003661,12.4220429522978,68.31552226
TUN,Tunisia,2022,131.875365428496,13.9309222767522,
TUN,Tunisia,2023,132.653682480562,14.0829860846719,
TUN,Tunisia,2024,117.606816067203,14.9741523024679,76.5
TUN,Tunisia,2025,,,
TUR,Turkiye,2010,84.215890954924,9.67754012450092,39.82
TUR,Turkiye,2011,88.0166628392838,10.2288570173419,43.065710430925
TUR,Turkiye,2012,90.0040810031246,10.4644431033188,45.13
TUR,Turkiye,2013,91.1758435342703,11.640102340966,46.25
TUR,Turkiye,2014,92.1219361989572,11.3618631179594,51.0373665521645
TUR,Turkiye,2015,92.0327105332494,11.8786301825878,53.7449791423583
TUR,Turkiye,2016,91.9286950751339,12.859061240418,58.3477340145685
TUR,Turkiye,2017,93.6407569517097,14.3528880563786,64.6846176835371
TUR,Turkiye,2018,94.9085818111026,15.8823338271459,71.0427608433809
TUR,Turkiye,2019,94.6498130829997,16.6733436685105,73.9767022871511
TUR,Turkiye,2020,95.3960853737199,19.4384064376386,77.6695605
TUR,Turkiye,2021,99.5415432248525,20.9211211378579,81.40843745
TUR,Turkiye,2022,103.720593629066,21.8230372591075,83.43716576
TUR,Turkiye,2023,105.684032912794,22.4591697943845,85.96074155
TUR,Turkiye,2024,107.826875714392,23.4317347919186,87.3078767
TUR,Turkiye,2025,,,89.77024003
TUV,Tuvalu,2010,15.0744299981157,2.26116449971735,14.60000038
TUV,Tuvalu,2011,19.7588126159555,4.17439703153989,16.5
TUV,Tuvalu,2012,25.6081946222791,4.115602707152,18.70000076
TUV,Tuvalu,2013,30.9062812471593,4.09053722388874,21.20000076
TUV,Tuvalu,2014,34.5957756737072,4.09686817188638,24.10000038
TUV,Tuvalu,2015,60.2024993158807,4.10471586244641,27.29999924
TUV,Tuvalu,2016,69.5333943275389,4.11710887465691,31.0
TUV,Tuvalu,2017,73.6038273990248,4.14021529119514,35.20000076
TUV,Tuvalu,2018,79.0624127988094,,
TUV,Tuvalu,2019,85.0581230507513,,
TUV,Tuvalu,2020,86.5467833445524,,
TUV,Tuvalu,2021,88.2872277810477,4.41436138905238,
TUV,Tuvalu,2022,98.8590872698158,4.52361889511609,
TUV,Tuvalu,2023,,,
TUV,Tuvalu,2024,,,
TUV,Tuvalu,2025,,,
TZA,Tanzania,2010,46.8823991552172,0.0168772457192924,2.900000095
TZA,Tanzania,2011,55.7610427273527,0.0614129670738248,3.200000048
TZA,Tanzania,2012,57.4558483868666,0.0872309140026673,3.950000048
TZA,Tanzania,2013,56.2075025692215,0.11556786021862,4.400000095
TZA,Tanzania,2014,63.2804353521698,0.168018787598672,7.0
TZA,Tanzania,2015,76.2492627491202,0.203764013437506,10.0
TZA,Tanzania,2016,74.3983656514054,0.591695,13.5042328468919
TZA,Tanzania,2017,71.7911684370749,1.37184,14.46339989
TZA,Tanzania,2018,75.7301934140355,1.49944,15.49069977
TZA,Tanzania,2019,80.5835569684446,1.75692,16.59090042
TZA,Tanzania,2020,84.0050558283384,1.86248,19.48139954
TZA,Tanzania,2021,86.0162814148027,1.97842,22.87540054
TZA,Tanzania,2022,93.0159746238635,0.110774196881278,26.86059952
TZA,Tanzania,2023,105.40028112088,0.10501728326893,28.43190002
TZA,Tanzania,2024,126.559163217786,0.246433216306666,31.16209984
TZA,Tanzania,2025,,,
UGA,Uganda,2010,39.6046507276973,0.043222146830449,4.300000191
UGA,Uganda,2011,50.0591238800663,0.106474251498514,4.599999905
UGA,Uganda,2012,47.6342672974029,0.1118312903834,4.800000191
UGA,Uganda,2013,51.1323160552035,0.117440503367543,5.099999905
UGA,Uganda,2014,55.9572451997482,0.151661444002794,5.400000095
UGA,Uganda,2015,53.8755501186925,0.215083639463292,5.699999809
UGA,Uganda,2016,58.8633638178484,0.237414982677972,5.9
UGA,Uganda,2017,62.0968142578109,,7.417900085
UGA,Uganda,2018,58.8753608703264,,9.326299667
UGA,Uganda,2019,59.0598078769828,0.0752797052682096,11.72579956
UGA,Uganda,2020,62.2824129624858,0.077818750062982,7.4
UGA,Uganda,2021,65.6220730009172,0.0838841644026815,10.0
UGA,Uganda,2022,70.1401117953081,0.0850849430150062,9.636899948
UGA,Uganda,2023,76.2966796632588,0.0912969650305002,9.286999702
UGA,Uganda,2024,83.165031466902,0.207613333991268,8.949831061
UGA,Uganda,2025,,,
UKR,Ukraine,2010,117.767819669863,6.45490404640707,23.3
UKR,Ukraine,2011,121.941606633464,6.95621082243456,28.7082628400713
UKR,Ukraine,2012,130.859020572585,8.03755151150735,35.27
UKR,Ukraine,2013,138.441124320457,8.85842948316205,40.954128997
UKR,Ukraine,2014,144.278847394403,9.3062102695115,46.2359754571651
UKR,Ukraine,2015,142.003037907188,11.6437042355302,48.8846436813218
UKR,Ukraine,2016,133.168953931474,12.0342584918375,53.0009695981884
UKR,Ukraine,2017,131.356511508927,12.3535432124088,58.8894794459775
UKR,Ukraine,2018,127.753861022152,12.8032560497243,62.5531553933869
UKR,Ukraine,2019,130.629436256062,16.1591311845578,70.1248442995263
UKR,Ukraine,2020,129.341230786476,18.617022844321,75.03790912
UKR,Ukraine,2021,135.025688989835,18.2677942438439,79.21829353
UKR,Ukraine,2022,120.261144906234,17.5398140646824,80.47429657
UKR,Ukraine,2023,133.38012811971,21.3774151510902,81.58059692
UKR,Ukraine,2024,,21.6539327212609,82.47489929
UKR,Ukraine,2025,,,
URY,Uruguay,2010,133.706525080004,11.5576240440188,46.4
URY,Uruguay,2011,143.001961329496,14.2140328992358,51.4046610563616
URY,Uruguay,2012,149.770867131119,17.4092710291806,54.453768680746
URY,Uruguay,2013,157.471339957678,22.0329969745948,57.69
URY,Uruguay,2014,163.782686705197,25.0350829208297,61.4624951684405
URY,Uruguay,2015,153.368406394623,26.7496571424669,64.5707870971624
URY,Uruguay,2016,151.414841550708,27.2743360055965,66.40000153
URY,Uruguay,2017,150.440084782428,28.1333463973666,70.3223543994698
URY,Uruguay,2018,131.363332934653,28.7930537740968,80.7268428795854
URY,Uruguay,2019,133.236724531865,29.8012543248776,83.3515337667548
URY,Uruguay,2020,133.90170192835,31.2948224284548,85.47100067
URY,Uruguay,2021,138.112989243956,32.5451063460216,87.64440155
URY,Uruguay,2022,139.828801269747,33.4865565704576,89.87304314
URY,Uruguay,2023,141.71948663565,32.4032099586757,90.92590332
URY,Uruguay,2024,145.501755749445,33.0440254320868,91.99109007
URY,Uruguay,2025,,,
USA,United States,2010,91.6593077558393,27.1720060120338,71.69
USA,United States,2011,94.682964660635,28.117023946999,69.7294607619268
USA,United States,2012,96.1284261999864,29.1736109719443,74.7
USA,United States,2013,97.0595305732914,29.9996164764959,71.4
USA,United States,2014,99.839569071329,30.270920842,73.0
USA,United States,2015,101.831958781319,31.3412129772455,74.5542024462761
USA,United States,2016,102.751864866695,32.1144006365866,85.5444212887222
USA,United States,2017,102.380562632686,32.5702836317829,87.2748891687657
USA,United States,2018,103.935307364,33.0559177307939,88.498903165152
USA,United States,2019,105.32074052965,33.835216356436,89.4302848575712
USA,United States,2020,103.855170008567,35.7156999293054,90.34470367
USA,United States,2021,106.324514306135,37.0074278936277,91.2684021
USA,United States,2022,108.785640656159,37.4887954801437,92.72850037
USA,United States,2023,112.410910606372,38.0939254696383,93.52559662
USA,United States,2024,113.190481805755,38.8571729185246,94.69380188
USA,United States,2025,,,
UZB,Uzbekistan,2010,73.8123181598383,0.415705113729521,15.89999962
UZB,Uzbekistan,2011,88.2684522563008,0.512642664609435,18.6
UZB,Uzbekistan,2012,69.2849333824939,0.753795814305037,23.60000038
UZB,Uzbekistan,2013,72.3319640163618,1.03047816642845,26.79999924
UZB,Uzbekistan,2014,71.5984657244746,2.71465494120139,35.5
UZB,Uzbekistan,2015,70.8415066778981,5.81406186655157,42.79999924
UZB,Uzbekistan,2016,74.3669818295078,8.77864127770599,46.79130173
UZB,Uzbekistan,2017,76.2604866788199,10.4346190212708,48.6999988524556
UZB,Uzbekistan,2018,71.744368617656,12.7372983265011,55.2000006732722
UZB,Uzbekistan,2019,101.259829415713,10.5554301857614,70.3999986481458
UZB,Uzbekistan,2020,99.4063901870675,15.8070422134311,71.09999824
UZB,Uzbekistan,2021,102.410090312681,21.8944210928633,76.59043014
UZB,Uzbekistan,2022,105.471643327627,25.7992232452287,83.90000012
UZB,Uzbekistan,2023,106.884847592051,30.2699233460544,89.01361047
UZB,Uzbekistan,2024,110.492018573638,34.7381414135069,89.50550079
UZB,Uzbekistan,2025,,,
VCT,St. Vincent and the Grenadines,2010,119.85467310543,11.3696923398721,33.70000076
VCT,St. Vincent and the Grenadines,2011,120.539739732416,12.1162516346743,36.70000076
VCT,St. Vincent and the Grenadines,2012,116.789287816363,12.5220718069453,40.0
VCT,St. Vincent and the Grenadines,2013,115.945808480141,13.505340546539,43.5
VCT,St. Vincent and the Grenadines,2014,106.957734691031,13.684846794067,47.4
VCT,St. Vincent and the Grenadines,2015,105.99382946896,15.8563949139865,49.40000153
VCT,St. Vincent and the Grenadines,2016,105.923892091134,20.5596667575624,51.5
VCT,St. Vincent and the Grenadines,2017,109.635350122559,18.2400651126695,53.70000076
VCT,St. Vincent and the Grenadines,2018,107.164096601414,23.4574843222843,56.0
VCT,St. Vincent and the Grenadines,2019,92.5177839430914,20.8463332917335,59.57630157
VCT,St. Vincent and the Grenadines,2020,96.9437629194598,23.8906168498735,63.38100052
VCT,St. Vincent and the Grenadines,2021,95.5173520288601,27.1020312910221,68.83339691
VCT,St. Vincent and the Grenadines,2022,102.334241420536,28.9967269662701,74.75479889
VCT,St. Vincent and the Grenadines,2023,101.631416361537,30.4935700680004,75.53679657
VCT,St. Vincent and the Grenadines,2024,108.354536057883,29.4605231772283,76.19010162
VCT,St. Vincent and the Grenadines,2025,,,
VEN,"Venezuela, RB",2010,96.7619972595105,5.80665024566429,37.37
VEN,"Venezuela, RB",2011,98.6184338835709,6.22108895422792,40.22
VEN,"Venezuela, RB",2012,103.435247267139,6.89152396038334,49.0500830729861
VEN,"Venezuela, RB",2013,103.28923003251,7.4666228138768,54.90000153
VEN,"Venezuela, RB",2014,100.905474597326,7.9330889563685,57.0
VEN,"Venezuela, RB",2015,95.1577930404332,8.47031913288859,58.0
VEN,"Venezuela, RB",2016,89.713138519105,8.49644019382612,60.0
VEN,"Venezuela, RB",2017,80.1355411817503,8.53198574083448,
VEN,"Venezuela, RB",2018,69.5499623049054,8.73796850144755,
VEN,"Venezuela, RB",2019,63.8474442929871,8.85037434042832,49.05009842
VEN,"Venezuela, RB",2020,58.1625657953324,9.00606477756336,72.44110107
VEN,"Venezuela, RB",2021,60.2344883065715,9.2424360147272,74.11219788
VEN,"Venezuela, RB",2022,66.4667731210739,9.58036143387288,75.82180023
VEN,"Venezuela, RB",2023,70.2197325918151,10.638053537183,76.33190155
VEN,"Venezuela, RB",2024,71.0075917225029,12.9446636524427,76.67890167
VEN,"Venezuela, RB",2025,,,
VGB,British Virgin Islands,2010,171.721770551039,24.8563685636856,37.0
VGB,British Virgin Islands,2011,162.302333681644,25.4301637060258,37.4
VGB,British Virgin Islands,2012,160.497610809029,24.5015653320152,37.6
VGB,British Virgin Islands,2013,168.457243793963,19.4997318865722,
VGB,British Virgin Islands,2014,166.142831138887,19.3950609793095,
VGB,British Virgin Islands,2015,165.792219838831,19.3054669835933,
VGB,British Virgin Islands,2016,117.152724481965,18.3540941023673,77.7014296797074
VGB,British Virgin Islands,2017,134.692192421787,15.3001620844674,77.7042682926829
VGB,British Virgin Islands,2018,115.28406959633,13.6047551721153,
VGB,British Virgin Islands,2019,108.624811100426,16.290699271878,
VGB,British Virgin Islands,2020,94.6896458866299,19.0925003366097,
VGB,British Virgin Islands,2021,99.5556613504721,20.8865614007247,
VGB,British Virgin Islands,2022,92.8912549909966,20.5485529371852,
VGB,British Virgin Islands,2023,90.8246761574965,23.5269975631653,
VGB,British Virgin Islands,2024,93.1316662866408,24.9119606799929,
VGB,British Virgin Islands,2025,,,
VIR,Virgin Islands (U.S.),2010,,8.55979155496609,31.22
VIR,Virgin Islands (U.S.),2011,,,35.6
VIR,Virgin Islands (U.S.),2012,,,40.5479
VIR,Virgin Islands (U.S.),2013,,8.82150508448288,45.3
VIR,Virgin Islands (U.S.),2014,,8.9216560946676,50.07
VIR,Virgin Islands (U.S.),2015,,8.97773521666268,54.839137296
VIR,Virgin Islands (U.S.),2016,,,59.60831579895
VIR,Virgin Islands (U.S.),2017,,,64.3774942980087
VIR,Virgin Islands (U.S.),2018,,,
VIR,Virgin Islands (U.S.),2019,89.5124925872467,,
VIR,Virgin Islands (U.S.),2020,91.2127880328822,,
VIR,Virgin Islands (U.S.),2021,91.7189273471447,,
VIR,Virgin Islands (U.S.),2022,91.4619626157421,10.0662374143133,
VIR,Virgin Islands (U.S.),2023,,,
VIR,Virgin Islands (U.S.),2024,,,
VIR,Virgin Islands (U.S.),2025,,,
VNM,Viet Nam,2010,127.574189111237,4.19566019392431,30.65
VNM,Viet Nam,2011,143.91372373164,4.33850926558858,35.07
VNM,Viet Nam,2012,147.104457946743,5.33498939497012,36.79999924
VNM,Viet Nam,2013,136.614018439735,5.68885880294,38.5
VNM,Viet Nam,2014,148.504309214861,6.54510757019409,41.0
VNM,Viet Nam,2015,129.627056599416,8.24967739226207,45.0
VNM,Viet Nam,2016,128.297962650408,9.679017739946,53.0
VNM,Viet Nam,2017,126.097912313395,11.8410316814328,58.1400000036297
VNM,Viet Nam,2018,146.137840768403,13.5025072757898,69.8479286837965
VNM,Viet Nam,2019,140.192561828615,15.2328957557438,68.6615802057338
VNM,Viet Nam,2020,141.655558720912,17.0262915402718,70.30000012
VNM,Viet Nam,2021,136.806313165021,19.5362327330994,74.20999985
VNM,Viet Nam,2022,137.852422819653,21.3681380805533,78.58999918
VNM,Viet Nam,2023,130.991428667547,22.6806675035061,78.08
VNM,Viet Nam,2024,127.606471743496,23.711259212336,84.15
VNM,Viet Nam,2025,,,
VUT,Vanuatu,2010,71.3269366374534,0.209865350391189,8.0
VUT,Vanuatu,2011,56.2507701027625,0.138413136515603,9.199999809
VUT,Vanuatu,2012,58.6958530715236,0.124556518524769,10.59799957
VUT,Vanuatu,2013,50.0011788653029,0.121816081294551,11.30000019
VUT,Vanuatu,2014,59.9642637565324,1.75568705810022,18.79999924
VUT,Vanuatu,2015,65.6961078688167,1.61480039533861,22.35140038
VUT,Vanuatu,2016,80.3430520385024,1.61198440204787,
VUT,Vanuatu,2017,81.8708326900222,,
VUT,Vanuatu,2018,88.1402514907505,,
VUT,Vanuatu,2019,90.8330907409627,2.70150863914242,
VUT,Vanuatu,2020,82.3909682859418,0.931880692502794,
VUT,Vanuatu,2021,81.6914485987419,1.03214458524592,
VUT,Vanuatu,2022,81.6202730589115,1.1263520377197,
VUT,Vanuatu,2023,89.2943082123161,1.23342353055002,
VUT,Vanuatu,2024,,1.15566375920214,
VUT,Vanuatu,2025,,,
WLD,World,2010,76.6,7.6,28.4
WLD,World,2011,84.2,8.6,30.9
WLD,World,2012,88.5,9.2,33.3
WLD,World,2013,93.1,9.7,35.3
WLD,World,2014,96.7,10.1,37.4
WLD,World,2015,96.1,11.3,39.9
WLD,World,2016,99.3,12.2,43.6
WLD,World,2017,101.4,13.5,46.3
WLD,World,2018,103.1,14.0,49.4
WLD,World,2019,105.9,14.7,53.9
WLD,World,2020,104.8,15.58,60.1
WLD,World,2021,106.7,16.74,63.8
WLD,World,2022,108.0,17.73,67.0
WLD,World,2023,109.8,18.58,69.2
WLD,World,2024,110.4,19.31,71.2
WLD,World,2025,111.5,20.11,73.6
WSM,Samoa,2010,46.6265678183429,0.103614595151873,7.0
WSM,Samoa,2011,,,11.0
WSM,Samoa,2012,51.0447943490519,0.551659558875917,12.92249966
WSM,Samoa,2013,50.3797889725019,0.624407367805193,15.30000019
WSM,Samoa,2014,53.2521483525548,1.01031309207797,21.20000076
WSM,Samoa,2015,59.7263383255196,1.03279777185279,
WSM,Samoa,2016,74.2057700529241,1.06585290345407,
WSM,Samoa,2017,60.4683202297787,0.823698366721028,
WSM,Samoa,2018,48.1737337534083,0.815099575107668,
WSM,Samoa,2019,40.0419487081705,0.806559252550291,
WSM,Samoa,2020,32.5557694485336,0.798324085607519,
WSM,Samoa,2021,32.2763227445165,0.791471566430753,
WSM,Samoa,2022,62.398669522115,0.87753935919651,
WSM,Samoa,2023,,,
WSM,Samoa,2024,,,
WSM,Samoa,2025,,,
XKX,Kosovo,2010,31.41871135205,,
XKX,Kosovo,2011,,,
XKX,Kosovo,2012,,,
XKX,Kosovo,2013,,,
XKX,Kosovo,2014,,,
XKX,Kosovo,2015,,,
XKX,Kosovo,2016,,,
XKX,Kosovo,2017,,,83.8935968102791
XKX,Kosovo,2018,,,89.4430319734879
XKX,Kosovo,2019,,,
XKX,Kosovo,2020,,,
XKX,Kosovo,2021,,,
XKX,Kosovo,2022,34.5402009143477,,
XKX,Kosovo,2023,,,
XKX,Kosovo,2024,,,
XKX,Kosovo,2025,,,
YEM,"Yemen, Rep.",2010,41.4324574134328,0.313967200967826,12.35
YEM,"Yemen, Rep.",2011,42.3015755016596,0.39517241426816,14.90499973
YEM,"Yemen, Rep.",2012,48.8857444140036,0.588387412982935,17.44650078
YEM,"Yemen, Rep.",2013,57.4650413919417,0.876063250129158,20.0
YEM,"Yemen, Rep.",2014,56.5732322792042,1.12484789327073,22.54999924
YEM,"Yemen, Rep.",2015,48.2100525815999,1.26767609842289,24.08539963
YEM,"Yemen, Rep.",2016,51.1789525743709,0.860253866438112,24.57920074
YEM,"Yemen, Rep.",2017,46.4111228575355,1.11512157670075,
YEM,"Yemen, Rep.",2018,44.8810541777362,1.13342507603451,
YEM,"Yemen, Rep.",2019,43.3990001198471,1.08796548403869,17.49099922
YEM,"Yemen, Rep.",2020,42.0037568704771,1.08205751326634,
YEM,"Yemen, Rep.",2021,47.8090200303014,1.09217148089821,
YEM,"Yemen, Rep.",2022,46.4534353720531,1.27124133725573,
YEM,"Yemen, Rep.",2023,50.8937810578557,,
YEM,"Yemen, Rep.",2024,,,
YEM,"Yemen, Rep.",2025,,,
ZAF,South Africa,2010,96.2325212467793,1.41945452406807,24.0
ZAF,South Africa,2011,120.765642853915,1.71147559482032,33.97
ZAF,South Africa,2012,127.16760060932,2.0586596396561,41.0
ZAF,South Africa,2013,140.576037974212,2.95399728205402,46.5
ZAF,South Africa,2014,142.60448245213,3.06919322257941,49.0
ZAF,South Africa,2015,155.137526067883,2.48458942184794,51.91910172
ZAF,South Africa,2016,143.92861725374,2.00974331775672,54.0
ZAF,South Africa,2017,153.547950468153,1.94879126044618,56.16740036
ZAF,South Africa,2018,157.691905248121,1.88868165955195,62.40000153
ZAF,South Africa,2019,162.73854828041,2.09833928490665,69.69689941
ZAF,South Africa,2020,158.447269436121,2.15159473337087,72.1128006
ZAF,South Africa,2021,163.12806305125,2.75540858002384,74.96859741
ZAF,South Africa,2022,160.728511675754,3.12297476001713,78.29319763
ZAF,South Africa,2023,171.508619260428,3.4056617766544,78.33670044
ZAF,South Africa,2024,179.336329840585,5.34791194620067,78.35759735
ZAF,South Africa,2025,,,
ZMB,Zambia,2010,39.0029310604332,0.0735163860556164,3.0
ZMB,Zambia,2011,56.5498570557445,0.113694638710784,3.5
ZMB,Zambia,2012,70.5708583739075,0.100572436125372,4.099999905
ZMB,Zambia,2013,67.5095981900639,0.0873238692104427,4.8
ZMB,Zambia,2014,63.6342658198343,0.129100933199499,6.5
ZMB,Zambia,2015,70.4778478853307,0.142629874135082,8.8
ZMB,Zambia,2016,71.0460770668914,0.18791063697532,10.30000019
ZMB,Zambia,2017,77.0500111230113,0.205901846878562,12.19999981
ZMB,Zambia,2018,86.0723321005416,0.401856748651311,14.2999970950012
ZMB,Zambia,2019,93.0147820773422,0.48013272665923,14.47189999
ZMB,Zambia,2020,100.235122888213,0.431897234933218,14.64579964
ZMB,Zambia,2021,103.28257957834,0.411108017009319,14.82190037
ZMB,Zambia,2022,98.4372601156219,0.428949863290405,15.0
ZMB,Zambia,2023,102.06156495632,0.681389878819039,16.45070076
ZMB,Zambia,2024,108.704779873813,0.789797548725881,17.10099983
ZMB,Zambia,2025,,,
ZWE,Zimbabwe,2010,57.6496262357609,0.24706982672469,6.400000095
ZWE,Zimbabwe,2011,67.6698277302716,0.250084145959699,8.399999619
ZWE,Zimbabwe,2012,91.2870035773198,0.520376234079784,12.0
ZWE,Zimbabwe,2013,97.2838146490947,0.741525786567077,15.5
ZWE,Zimbabwe,2014,83.0460608477621,1.0715151211425,16.3647399572904
ZWE,Zimbabwe,2015,88.5991977366782,1.13887667161631,22.74279976
ZWE,Zimbabwe,2016,88.2100456333277,1.17009972538909,23.12000084
ZWE,Zimbabwe,2017,95.136682697741,1.26454162104636,24.39999962
ZWE,Zimbabwe,2018,85.8627371320218,1.35060459802592,25.0
ZWE,Zimbabwe,2019,86.4094297249598,1.33860961244598,26.5883007
ZWE,Zimbabwe,2020,84.9604118996672,1.31037848666133,29.29856532
ZWE,Zimbabwe,2021,90.2538486226365,1.29980547197891,32.5923996
ZWE,Zimbabwe,2022,88.9958314912836,1.62150159909829,36.25650024
ZWE,Zimbabwe,2023,91.6344110473757,1.5745780720211,38.67480087
ZWE,Zimbabwe,2024,94.2451753366358,1.93865437549104,41.64279938
ZWE,Zimbabwe,2025,,,
