country_code,country,year,co2_per_capita,co2,cropLand,grazingLand,forestLand,fishingGround,builtupLand,carbon,BANK,ATM,DEP,LOAN,FT_Mobile,FT_Broadband,FT_Internet,LCE,URB,FDI,GDP,NTR,PO,TO,IND,INF,PS,ED,ef_per_capita
AND,Andorra,2010,6.4,0.517,,,,,,,,,,,81.1525784947835,30.3595767353109,81.0,18.7,88.7604726056609,,36277.2644425331,0.0,80706.0,,13.1256460606154,0.374313758110119,1.3332046,,4.98222318137533
AND,Andorra,2011,6.311,0.491,,,,,,,,,,,83.6223853541262,33.1216332617667,81.0,18.6,88.6888340319763,,37637.4868342866,0.0,77783.0,,11.908853107908,0.196764152031051,1.3258412,,5.011837951998787
AND,Andorra,2012,6.34,0.487,,,,,,,,,,,83.1207538329385,35.0170497436031,82.69999695,18.8,88.6290967082924,,36206.9784356446,0.0,76834.0,,11.0715796683925,0.174556905779482,1.3250639,,4.959526638271786
AND,Andorra,2013,6.332,0.476,,,,,,,,,,,85.0214112828151,36.8832619623906,84.40000153,19.1,88.5809399121053,,35684.1694347737,0.0,75194.0,,10.6182471491429,0.448492200194735,1.3226889,,4.933938156284309
AND,Andorra,2014,6.259,0.462,,,,,,,,,,,89.8341402552314,39.0170470727043,86.09999847,19.4,88.544042920911,,37300.6244197096,0.0,73737.0,,10.1535313011382,-0.0840193165570753,1.3308928,,4.9789871451677055
AND,Andorra,2015,6.445,0.465,,,,,,,,,,,98.8389170615457,42.5277800870119,87.90000153,19.0,88.5180850122057,,38654.9347217207,0.0,72174.0,,9.98126871637019,0.660588959137868,1.3290711,,5.098276888947085
AND,Andorra,2016,6.547,0.473,,,,,,,,,,,105.473739626772,45.011845222427,89.69999695,18.9,88.5027454634853,,40085.020598622,0.0,72181.0,,10.1407794073814,0.347795381575793,1.3245352,,5.192952776451499
AND,Andorra,2017,6.406,0.473,,,,,,,,,,,108.912327318574,46.4785868253731,91.5674670273926,18.0,88.4977035522461,,39361.0622648699,0.0,73763.0,,10.3955176672591,1.13650934319639,1.3250909,,5.1177754231896175
AND,Andorra,2018,6.628,0.498,,,,,,,,,,,109.914584497485,47.4481786008887,93.5,17.6,88.5080998493791,,39242.1448975099,0.0,75162.0,,11.0763337210625,1.01247848005298,1.3290002,,5.185568865925374
AND,Andorra,2019,6.419,0.491,,,,,,,,,,,114.952794413788,47.5429557758192,90.71869659,17.2,88.5391793666245,13.3818111196322,39346.275035865,0.0,76474.0,,11.6998176283166,1.37475350829189,1.5488694,,5.122871034038666
AND,Andorra,2020,4.876,0.377,,,,,,,,,,,103.876970793487,48.6559834582579,93.20570374,20.9,88.5907780427517,9.4322892740376,34536.6499222556,0.0,77380.0,,12.6601582717327,1.11378607410401,1.5484064,,4.408176563498336
AND,Andorra,2021,5.282,0.414,,,,,,,,,,,119.687611658415,50.2769128681537,93.89749908,18.4,88.6627318165299,14.5826583360123,36929.0191528644,0.0,78364.0,,12.3626363853047,2.5588606935971,1.5465903,,4.647440224366619
AND,Andorra,2022,5.311,0.423,,,,,,,47.40153408601224,96.23947829584304,209.8360009136189,120.4344364525544,142.426447525249,51.2050686907973,94.05169678,18.7,88.7548766267286,17.5702304948555,39780.3966130791,,79705.0,,11.1453411041301,4.23665226454663,1.5497163,,4.778601917972987
AND,Andorra,2023,5.17,0.418,,,,,,,46.50966132510253,91.6099389736868,172.2328264207646,103.9603207459907,156.09725932522,51.7401306025527,94.21499634,28.299754405649693,88.8201609217082,7.28597182118917,40227.23352974,,80856.0,,12.4282261796617,6.29560082401824,1.5502246,,4.733847161498508
AND,Andorra,2024,5.182,0.425,,,,,,,44.32194351722323,90.02894776935969,169.9521002628364,99.27141647724228,155.692108667529,52.3554394786302,94.39759827,28.591439855758118,88.8850044816278,6.63542850454759,41223.9924906603,,81938.0,,12.7985462097612,2.78151511775771,1.5437957,,4.779949724847997
ARE,United Arab Emirates,2010,26.786,185.848,,,,,,,15.19974531670981,65.80719228133118,95.2091897638338,98.69707667691056,157.472576744687,11.3401100518955,68.0,0.1,83.3714299144178,2.85854098227163,42328.84668186,23.7768704858008,6869838.0,135.485740301669,50.2592508031343,19.4576082350439,0.8134966,1.1178,11.894402053505274
ARE,United Arab Emirates,2011,27.574,198.518,,,,,,,15.29715139627964,70.5970305589366,80.72622283531473,86.2271517811461,162.893623558443,12.0421872697298,78.0,0.1,83.5695007795347,1.93886244385384,43687.7919424546,29.7789568323524,7104538.0,144.176829734392,55.7509521893027,12.3038189569919,0.8143482,1.1161,12.208513753945878
ARE,United Arab Emirates,2012,27.787,208.324,,,,,,,15.36672069139511,73.04477179444108,82.67700592078761,83.85698639486124,183.740632066882,12.7380681483205,84.9999915049492,0.1,83.7643244751488,2.43554180804761,43958.5779670713,28.2144669709365,7391448.0,156.637656972961,55.3564356841858,1.71870142746712,0.8029803,1.1208,12.289042585948511
ARE,United Arab Emirates,2013,27.348,214.188,,,,,,,15.36316057878637,72.89296128124072,87.00839500259559,86.78333082732856,205.105475119726,13.303809433458,88.0,0.1,83.9558135814626,2.3838227555723,44312.6320463505,27.3813114030779,7693031.0,157.398122639247,52.9894306306823,-0.601859679906511,0.7738837,1.2449,12.16125249313472
ARE,United Arab Emirates,2014,26.045,214.53,,,,,,,15.08495470484966,72.32124179466497,93.45273086174268,90.61357099740796,204.191832969644,13.2545793464851,90.4000107121939,0.1,84.1438806787019,2.60546090290076,44257.6652085451,23.9739257701595,8059440.0,159.515630313713,50.7402385283328,-0.857347446047513,0.8984847,1.3399,11.735082791044343
ARE,United Arab Emirates,2015,25.943,225.045,,,,,,,14.37718582350103,72.36658233087687,108.2201763887878,109.2065446079199,206.839413263939,14.230538629127,90.5,0.1,84.3284383471193,2.23861341413826,44910.3458860776,14.0468089597238,8505237.0,164.286142899252,42.1587350173898,-16.0597980539113,0.8382509,1.3961,11.72946200390083
ARE,United Arab Emirates,2016,25.235,227.898,,,,,,,13.33240952695508,70.5366530270691,115.2540760568989,116.1267320015633,220.411614691071,14.3683229738697,90.6000073180483,0.1,84.5093991669984,2.51620120421066,45168.4955973912,11.8055195768229,8935095.0,165.394966240337,39.8749869565396,-5.41833849882184,0.6925969,1.4123,11.510008387594576
ARE,United Arab Emirates,2017,21.279,196.493,,,,,,,11.90558997408645,69.06284249738115,113.4644844101792,110.189007881197,214.701342068567,29.9082975943997,94.8199225383446,0.2,84.686675718659,2.5669608321193,43293.0202360765,14.3278424370326,9223225.0,165.476523652994,41.4122326585365,6.80476909706682,0.7192871,1.4441,10.143521158067019
ARE,United Arab Emirates,2018,21.837,204.105,,,,,,,11.3424036595758,68.11864847874347,111.9432724685161,105.6046556261114,214.842134318761,32.3591212887309,98.4500017817194,0.3,84.8601805824625,2.35729206588897,43377.802601486,18.1866824883602,9346701.0,154.747042166299,45.7440553690851,7.56762608058783,0.8336611,1.449,10.328167236880486
ARE,United Arab Emirates,2019,21.76,204.058,,,,,,,10.0849498254694,64.47255077340388,121.8307534252901,114.5641662593584,209.033214126867,32.480344369022,99.1499979561243,0.7,85.0298263388195,4.11928554446951,43468.4534705013,16.8958990035406,9445785.0,163.822149025614,43.4669519380736,-2.74219181676689,0.8295526,1.4745,10.306174338712232
ARE,United Arab Emirates,2020,22.783,215.266,,,,,,,8.568820764496927,56.38590092351996,146.8354980092324,138.6196072116757,194.467749671801,34.345290333178,100.0,0.9,85.1955255681984,5.56735667729859,39878.4663896389,11.9722335248016,9401038.0,181.291940227998,40.3215993754054,-9.85387330858988,0.826942,1.4904,10.484293198588484
ARE,United Arab Emirates,2021,21.675,212.173,,,,,,,8.080604909580408,54.98814114940476,130.9686640833081,117.6861075011666,186.30089463245,36.5005361093336,100.0,1.0,85.3571908511355,4.89230595097426,40935.8915482084,17.634095847399,9575152.0,182.909401076776,45.3811258793331,13.1268525834757,0.839581,1.5133,10.169219447024778
ARE,United Arab Emirates,2022,20.221,207.103,,,,,,,7.510340978987207,52.59615375474269,120.3621525772994,101.795660113449,195.624592490241,36.8485872897377,100.0,3.536009179864841,85.5147347682487,4.44591398367961,41828.5686923546,,10074977.0,185.741660631894,49.3332871882473,12.5978571520875,0.883216,1.6039,9.729706096209215
ARE,United Arab Emirates,2023,19.773,210.425,,,,,,,7.091699667203181,53.06233159351062,133.5651296410559,105.4657899673334,199.423843889179,37.0968234502256,100.0,4.296599488790854,85.6680699002526,5.87183983564899,41926.5773498407,,10483751.0,199.044950127107,45.4007042021104,-2.02049184324265,0.7829523,1.6011,9.58646180947923
ARE,United Arab Emirates,2024,20.131,221.988,,,,,,,,,,,203.206410299544,40.840113505519,100.0,3.5034126036587807,85.8171088279791,8.26261604873876,41605.4138706908,,10986400.0,,44.3292712081948,1.62664333887908,0.7886704,1.6314,9.68998776541042
ARG,Argentina,2010,4.508,186.121,0.857055014691346,0.897412211266385,0.246701012939945,0.158923453484175,0.0655899011920291,1.1139692551333,12.82363966113524,23.52575723347784,15.3246441510652,11.59895042300574,138.251643415992,9.75627371502717,45.0,8.8,90.9930051940977,2.67516171886535,13387.1553748458,3.25709519384359,41288694.0,34.9710132635696,25.2587762576722,20.915124272047,-0.0975562,97.6415,3.33965084870718
ARG,Argentina,2011,4.55,189.884,0.809877318756523,0.827630152260825,0.246287168449541,0.139334923274009,0.0716389525829464,1.22348772620866,12.93903466503435,33.11144963373816,14.81538665134329,12.92279314232925,145.511067881505,10.956028493199,51.0,8.8,91.1072286738406,2.04465997872008,14040.6189124444,3.88650404225898,41730660.0,35.2061549999644,25.2126976058843,23.7034721839593,0.1203533,96.1654,3.3182562415325
ARG,Argentina,2012,4.547,191.715,0.640195483640279,0.948814631751168,0.281995833960545,0.12185280108007,0.0638983952483873,1.21879563616421,13.03022338560201,42.26962545999579,16.04888500242043,13.99011671180729,152.573579717014,12.211510531081,55.79999924,8.6,91.2041217246797,2.80667189982932,13754.4254235596,3.62564790864033,42161721.0,30.5265423717108,24.4290570649122,22.3148806733049,0.0804879,99.1014,3.27555278184466
ARG,Argentina,2013,4.451,189.525,0.895520718829685,0.87916340488302,0.297174005115302,0.132294303133687,0.066438260383241,1.27217085795572,13.06441225863545,52.36118544293158,16.18930782797723,14.81013591497122,158.190773641398,14.6798018103935,59.90000153,8.9,91.3014507719473,1.77920553648531,13946.0950832252,3.15558730477948,42582455.0,29.3339290021037,24.0058814423072,23.9487984162746,0.0324742,101.3174,3.54276155030066
ARG,Argentina,2014,4.382,188.539,1.03975211307959,0.820179322849416,0.244065988857318,0.115959940105765,0.06875602240806,1.1819500115611,13.05556512991217,55.64113239483699,15.59953755780008,13.15459515049446,142.325481008062,15.1530476974157,64.69999695,9.8,91.3975345472954,0.962406650325519,13456.1319159151,2.96561619466374,43024071.0,28.4067936452275,24.2773944936602,40.2829716315506,-0.0132091,102.15,3.47066339886125
ARG,Argentina,2015,4.412,191.809,1.20005847830202,0.746720615854271,0.270833880128126,0.124955422116103,0.0748335229055753,1.17581183402941,13.09684660270188,57.45525667675831,17.72922898537309,13.72563943916871,142.240711022183,15.768878045253,68.0430641088122,9.4,91.4923019108628,1.97713461784426,13679.6264980954,1.11677493458146,43477012.0,22.4862260889792,23.153056135905,26.5799916024707,-0.0308863,101.5162,3.59321375333551
ARG,Argentina,2016,4.328,190.02,0.873752980796503,0.736000795608147,0.275971973953775,0.107510880498243,0.0726470776113106,1.07584945532916,13.29759701252365,60.3764784911898,18.35315783709615,12.9086587510326,145.146584717972,16.5184995378051,70.9689808206024,9.4,91.5856817228217,0.584748941173009,13265.8860639123,0.929681521135013,43900313.0,26.0938878488799,22.0541072112108,41.1193799882279,0.1932708,103.0171,3.14173316379714
ARG,Argentina,2017,4.224,187.068,1.10981396457888,0.640701269365909,0.287988179640164,0.103300875046813,0.0766246857879874,1.13374700570125,13.40595420755962,63.48219271355553,18.31808073103799,15.06089874870154,139.758240519621,17.7082272589602,74.2949068657957,10.4,91.6776028433824,1.78936504083806,13520.1129846159,1.02056616793198,44288894.0,25.2896011376779,21.782123219335,26.0063792819079,0.2394066,106.9121,3.352175980121
ARG,Argentina,2018,4.087,182.483,0.816770276473982,0.668820016895047,0.266040212599368,0.10717865072827,0.0647517658435603,1.18808581092132,13.36649155003213,69.63367640464237,21.5151643003631,15.04032747927945,131.224265691711,18.9758759187853,77.7,10.5,91.7679941327998,2.23253157689253,13058.3285449954,2.0371251352841,44654882.0,30.7625359549926,23.7195923321304,42.0336689575031,0.1204378,106.3249,3.11164673346155
ARG,Argentina,2019,4.012,180.428,1.22565860101766,0.48888250714601,0.26726458052805,0.114184316583814,0.0796814222674007,1.0162735461458,13.34658226720819,72.73828746593048,18.41423412245993,12.5289911167871,125.302657911726,19.551931344405,79.9469520347551,10.7,91.8567844513802,1.48500687570697,12706.3978108968,2.16668838721926,44973465.0,32.6306150458499,23.1578477391434,49.1955790596612,0.0571577,107.1145,3.19194497368873
ARG,Argentina,2020,3.643,164.613,1.11250686253225,0.462029928676593,0.259517248588528,0.106920380587614,0.0735501705165234,0.89608120346584,13.14023481318304,74.7813054276623,23.83857672093443,13.12904193015577,121.180612527028,21.1797871590669,85.51438646,9.8,91.9439026594897,1.26616924308721,11393.0505957877,1.42962432529499,45191965.0,30.203698807416,22.4088763711802,40.0830878011993,0.0552501,106.0454,2.91060579436735
ARG,Argentina,2021,4.197,190.197,1.1546660283018,0.435447386694611,0.279386627143059,0.103377754303962,0.0718254704979325,1.12008012073335,13.0698750133545,75.79722500045713,21.26372463551771,11.03248958192778,130.352799939601,23.1500020932515,87.15070683,9.2,92.0292776175651,1.36838083162438,12549.2811699342,2.65308888983975,45312281.0,33.078689567466,23.4994644263761,53.8020877665554,0.0921998,103.9611,3.16478338767472
ARG,Argentina,2022,4.047,183.768,1.04755833386517,0.411420748426194,0.298148571526671,0.108857167408289,0.074477733160658,1.15347629413825,13.00272301708331,75.31658394832802,23.29050794883467,10.51784473172434,131.483556254876,24.6831785056628,88.37535691,20.23554718453807,92.112838186126,2.3984601182853,13276.8232110189,,45407904.0,31.5801792606256,24.1118636272911,68.9938267692314,0.0576438,105.2629,3.09393884852523
ARG,Argentina,2023,3.918,178.407,0.594699389199362,0.540153368997796,0.293599813619652,0.102683382484587,0.0536634393099669,1.22193157247684,12.61248935036282,75.87249131688387,27.33360804345099,11.70345218848107,137.706086781571,25.3580730689248,89.22897166,21.363861909186646,92.1945132257907,3.81190879856952,12993.0928872416,,45538401.0,26.6769512482215,25.1722105252735,136.742358437599,-0.0207671,104.5161,2.80673096608821
ARG,Argentina,2024,3.743,171.059,,,,,,,12.30739581534027,74.12072603418693,19.16507034900127,12.77078471262968,140.234979049333,26.0976420359532,89.66715228,22.009450721180734,92.2742315972952,1.82409522925391,12774.3506596628,,45696159.0,27.929760849367,23.9965975604249,207.605241734472,-0.169745999999999,105.3821,2.68319696025303
ARM,Armenia,2010,1.452,4.256,,,,,,,17.50093914923458,32.11218834592112,16.34479329780304,26.00197601140534,131.874825576119,3.19288671267022,25.0,9.4,64.3304164043132,5.7160373406455,2796.08143428043,2.65466288053785,3044800.0,64.642975973633,,7.76871548067652,0.0171223,1.3692,1.9526845295745812
ARM,Armenia,2011,1.7,4.969,,,,,,,18.96125883101177,41.32162021704294,19.52770667211301,32.37590880080433,109.850061797213,5.49292214098522,32.0,8.0,64.3207449145194,6.44066805582743,2943.83687119315,2.92345860143158,3027900.0,69.4355736620453,,4.28154999826118,-0.142543,1.3699,2.0422702906415404
ARM,Armenia,2012,1.967,5.748,,,,,,,20.28286799753485,48.03837157310886,21.61397070128764,36.36648017996838,113.697353797808,7.25580730107633,37.5,6.6,64.3268379506998,4.67672759828402,3159.75860786889,1.49013408946162,3024100.0,75.9616759606704,27.8270946139077,5.34580441814725,0.0562514,1.4408,2.1409403525418638
ARM,Armenia,2013,1.894,5.535,,,,,,,20.83909050960637,51.68588654062449,24.41870101196974,38.08122492374636,114.499722499571,8.31673235203342,41.9,6.8,64.3584061131466,3.11193185351156,3266.29882999873,1.09715390175807,3022000.0,77.5550481598824,26.7090481417071,3.36682464224465,-0.0281785,1.5874,2.1214130198500096
ARM,Armenia,2014,1.918,5.604,,,,,,,21.95064170423126,57.44441517692217,26.18974387012741,43.41737599948727,118.365417451689,9.3376315946157,54.6228058583362,7.1,64.4142934233291,3.50211415457343,3393.09252326884,0.306948916876512,3013800.0,75.778866962639,25.2705329463993,2.30918242990974,-0.2358315,1.634,2.1340935249611297
ARM,Armenia,2015,1.872,5.469,,,,,,,22.78931177111698,58.99390396325713,28.3605211570088,40.00509059750202,118.599112617962,9.80149439763493,59.1008337674937,10.7,64.4929623431549,1.74473701796819,3512.39350276709,0.760031512473456,3004600.0,71.6820743427575,25.7086994351611,1.21390990471085,-0.139264399999999,1.6612,2.117484242151598
ARM,Armenia,2016,1.784,5.207,,,,,,,22.69077341144664,60.06134477854267,32.8454122068919,41.79435724329605,117.670797483754,10.2497847569184,64.3460297653742,13.2,64.5928753345316,3.16536727816995,3533.88503607007,0.22181770783942,2992300.0,76.0779674593548,25.5771330395605,0.268575076501392,-0.3896011,1.6965,2.085108398133367
ARM,Armenia,2017,1.899,5.537,,,,,,,22.87435228021841,63.00997777558319,35.85479120132915,44.0483420501315,119.676441862212,10.8172556564183,64.7448843250726,12.6,64.7124948593667,2.19257337687685,3815.3747426037,0.245815847777951,2979400.0,87.202376539837,25.8095323791656,2.15064189848613,-0.3015882,1.5844,2.135697525360439
ARM,Armenia,2018,2.001,5.822,,,,,,,23.41441438771306,65.03533544218313,35.07352900232394,47.40947418824889,123.000001718234,11.9399374219278,68.2450522610271,11.1,64.8502833795679,2.14204783415544,4027.83393010979,1.09866113638474,2969000.0,92.473107021212,24.7565578476257,2.78770951425761,-0.0038900999999999,1.4392,2.1807954254223167
ARM,Armenia,2019,2.164,6.284,,,,,,,24.05663473938999,67.89222797049673,35.85458469968342,50.76462274603933,124.613701509519,13.2819462446608,66.5439496866159,10.3,65.0047033570428,0.736345856475298,4343.45839583019,2.20100166948291,2962500.0,97.847004865327,24.9716084573435,1.06562263923419,0.0683699,1.3917,2.248817110007762
ARM,Armenia,2020,2.351,6.795,,,,,,,24.36352408224381,67.84564692347062,39.6230678713288,62.15167350190927,120.682370700808,14.8883804721864,76.50770055,8.4,65.174217253699,0.463408850763634,4032.09043454955,2.42190551071811,2961500.0,70.1213571368789,26.8172956979296,1.80659270159933,-0.2935835,1.4126,2.2998122375047556
ARM,Armenia,2021,2.561,7.351,,,,,,,24.06695172633934,70.34305539663391,41.09071916810314,52.62940871268792,125.395134877327,16.2565945813558,78.61225758,9.1,65.3572875314441,2.64014282794454,4264.79961505187,7.05429982361028,2962300.0,79.2489057647112,26.3643404113901,6.90051365787157,-0.5019,1.4899,2.3767146220478614
ARM,Armenia,2022,2.672,7.699,,,,,,,24.16533967431846,69.63820493973164,40.07262429677662,45.71320971078496,130.540072214196,17.7300708049016,77.02767465,28.979347497247467,65.5624462874485,4.99991586140552,4791.00481712183,,2969200.0,103.878629213508,25.4370966437794,7.98587852828175,-0.3556235,1.3852,2.397866240740384
ARM,Armenia,2023,2.524,7.43,,,,,,,22.89386888773534,69.18476861678263,42.66573161870038,49.41797035388132,134.519957069953,18.5458075085454,79.99663036,29.328417149106045,65.6956882008852,2.39959276465582,5197.23509013575,,2964300.0,123.418750077627,22.8800961616671,3.10027629995311,-0.5022441,1.2614,2.366543028575711
ARM,Armenia,2024,2.499,7.431,,,,,,,22.69440554331264,71.471050550972,45.83847138032091,58.54914496632539,134.88694751567,20.3090953111129,81.33930206,29.391568923924545,65.8113671449901,0.506878336560983,5378.31799981682,,3033500.0,150.064726588742,22.8570663651858,1.40106081544975,-0.723297299999999,1.2631,2.3659938656069097
ATG,Antigua and Barbuda,2010,6.44,0.55,0.409413615470809,0.197964701573655,0.223241413676273,0.245317104454907,0.0608541492746075,3.5044045951949,38.43079382647728,73.78712414683638,69.0630830057566,60.19058404696566,196.870604781997,8.34388185654008,47.0,0.0,26.0170447850587,7.21860114712015,16135.397384487,0.0,85320.0,,14.8379422285868,1.60741690564493,0.9357643,0.0158,4.64119557964516
ATG,Antigua and Barbuda,2011,6.322,0.546,0.580652172398489,0.388090361735599,0.244245694049064,0.237467678354035,0.0642069818325239,3.59037361735796,36.1969111969112,75.41023166023166,71.05167914795433,59.27013956218155,203.8734188945,6.94991428439049,52.0,0.1,25.694689859722,5.4088284644018,15633.9091131821,0.0,86332.0,,13.2274797388855,1.13459175890502,0.9304755,0.0159,5.10503650572767
ATG,Antigua and Barbuda,2012,6.381,0.557,0.532785430726543,0.150047980241776,0.357599122377081,0.299000460201526,0.0590860826706082,3.61877451035307,35.554502088827,77.03475452579183,69.15454695951172,55.08164688705129,145.978684391474,14.9782259912904,58.0,0.1,25.4555618588267,9.14709758740785,15989.3900199779,0.0,87260.0,,13.0746288099393,2.55082056964062,0.9299172,0.0159,5.01729358657061
ATG,Antigua and Barbuda,2013,6.323,0.557,0.536676865321743,0.354904219791867,0.167313746897116,0.262213677296795,0.0616771046866205,3.50185652499609,34.99103354765341,81.64574494452464,70.86533625420527,53.82126610857149,129.857830668605,17.7677598110465,63.40000153,0.1,25.2475667667937,7.00759321793992,15748.1952024226,0.0,88064.0,,14.7598104413721,-2.28757187039086,0.9282114,0.0159,4.88464213899023
ATG,Antigua and Barbuda,2014,6.397,0.568,0.525149944534734,0.397416209182013,0.235573137101088,0.269635837005811,0.0622357874528425,3.39798849026562,31.63419368754044,79.0854842188511,69.52975277433775,50.06866334811726,135.234608235228,12.1151354700614,67.77999878,0.1,25.0899726107741,3.35554163274444,15967.284996712,0.0,88765.0,141.546161057996,15.3667820905787,1.77707213641139,0.93921,0.0159,4.88799940554211
ATG,Antigua and Barbuda,2015,6.474,0.579,0.532008778387164,0.419898995963792,0.267818610957919,0.259580881307116,0.0627090590941059,3.41433960671686,29.79103715367919,76.60552410946077,75.05605210746133,51.45895223396827,196.848192016464,11.1845563645718,70.0,0.4,25.0,7.93223201859466,16077.6340769406,0.0,89409.0,130.071549851721,15.9280224466081,2.80180153658335,0.9161633,0.0159,4.95635593242696
ATG,Antigua and Barbuda,2016,6.597,0.594,0.437186982947432,0.323293355176959,0.225120593046039,0.242158952926226,0.0624780962252738,3.65374274038702,26.61176239898035,70.03095368152724,75.14795135668696,50.23804491873305,200.06891262546,10.2935455545799,70.27159882,0.4,24.9239807471655,6.54079848427652,16635.895232831,0.0,89969.0,132.025917905085,17.7641082763748,-0.475117518871471,0.7403626,0.0158,4.94398072070895
ATG,Antigua and Barbuda,2017,6.641,0.601,0.549267598723679,0.378615307639815,0.134923414274977,0.276298194936336,0.0613603964253474,3.55635866108183,26.3197994154234,67.87737743977614,77.58686424829457,48.16404487332624,203.386832913295,9.94826900119379,70.54419708,0.4,24.8500263836871,9.85575663347108,16992.9327495236,0.0,90468.0,127.664323582144,18.8045201502856,0.31653179289151,0.614623,0.0159,4.95682357308199
ATG,Antigua and Barbuda,2018,6.769,0.616,0.583867969279254,0.399004381178232,0.167940906204628,0.290871188670269,0.0576517312509433,3.48166875709988,24.68052432402786,68.5570120111885,77.77500874918917,45.99429798066485,,,70.81790161,0.7,24.7781432093764,12.1775193572219,18042.1596435727,0.0,90926.0,130.655152659419,20.6520988023085,1.44421842084309,0.7900001,0.0149,4.98100493368321
ATG,Antigua and Barbuda,2019,6.977,0.638,0.556101501292459,0.365080269197776,0.266293289573536,0.280540442401827,0.0580513448906541,3.52191619938279,24.44556109353143,67.90433637092065,73.16224060960096,45.75836495824225,201.392233264743,8.75618405498884,71.09259796,0.7,24.708337524045,7.75630247071163,18525.2588907167,0.0,91364.0,137.537783631991,21.0807459545502,0.712335041612306,0.9169085,0.0125,5.04798304673904
ATG,Antigua and Barbuda,2020,6.701,0.616,0.508392171833418,0.31366272163769,0.164046904974411,0.258194826084993,0.0581937206078723,3.47429329543563,21.53489999730814,63.25876874209265,87.34319492472622,58.26311453474033,200.3353439453,8.71023234544781,71.36840057,0.9,24.6406156275043,6.82766026835143,14950.8942397208,0.0,91846.0,94.289529886499,21.1209995224877,0.781653570303064,0.9164728,0.012,4.77678364057402
ATG,Antigua and Barbuda,2021,6.863,0.634,0.47371649801841,0.377252774494215,0.252933786356725,0.269227093850039,0.057739565365863,4.03648789123,20.01414332795175,56.03960131826491,87.10172132398156,50.0448478179456,199.244171566557,8.66279006811119,71.64530182,0.9,24.574983819566,17.8854599675431,16084.7214406048,0.0,92349.0,101.074960584779,20.4832005622159,4.91927458082348,0.9147636,0.0116,5.46735760931525
ATG,Antigua and Barbuda,2022,6.913,0.642,0.514667987577272,0.408706385288388,0.263125666018742,0.277555197775179,0.0583622775633643,3.4964885677468,19.842319699455,62.17260172495899,78.23006391215402,41.63211124405474,200.540715208962,10.6818181818182,71.9233017,0.9,24.5114484000414,16.4666294790206,17359.2674811108,,92840.0,118.302584056113,19.7582470618502,6.83691046230426,1.0787211,0.0112,5.01890608196974
ATG,Antigua and Barbuda,2023,6.863,0.641,0.501749592213406,0.38711048336293,0.218774707659872,0.279145248821119,0.0595202220814863,3.51689037192908,17.03443576707375,56.34467215262854,75.8229159357562,42.21450175603163,,,72.12409973,34.602317880583044,24.4500156687422,14.2656909589871,17938.3186828047,,93316.0,,19.2141808779566,6.49046469953581,1.0791994,0.0129,4.96319062606789
ATG,Antigua and Barbuda,2024,7.092,0.665,,,,,,,16.86537538433596,58.38014556116293,71.67195957133887,42.18419101281329,,,72.73040009,35.12291110492602,24.3906919254799,11.3643950130087,18304.5836762037,,93772.0,,17.2052569287081,2.66285878537451,1.0731489,0.0125,4.74587978702409
AUS,Australia,2010,18.293,405.026,,,,,,,30.76742229122739,168.7665460422192,60.98336381471282,112.5417088412584,101.618759744392,24.8853051640712,76.0,8.2,86.2198600512143,3.08482804330762,53768.349733441,8.06660025617252,22031750.0,40.3905070860606,25.108230070574,1.16518778810975,1.0028093,75.9109,9.593922098016172
AUS,Australia,2011,17.966,403.874,,,,,,,30.39340704512656,170.3986669112431,61.55285173388557,112.0040540812601,105.824012918279,24.697756094089,79.4876977139029,8.3,86.3268946146423,4.67434620832808,54296.2321324814,8.72352035944917,22340024.0,41.7219860149689,26.461435749675,6.19890348463792,0.9549761,81.325,9.509788496508678
AUS,Australia,2012,17.722,405.005,,,,,,,30.92294293506812,164.6166423393157,64.28304692131098,114.4383957652584,106.499711805776,25.0955644344698,79.0,8.3,86.4451259136625,3.70774989384992,55465.4462872577,5.29813880381044,22733465.0,43.0198495527558,26.3333149596521,1.79728622285839,0.9876022,82.1396,9.48023437210384
AUS,Australia,2013,17.122,397.85,,,,,,,30.13996549824654,161.1909462551773,66.88149473433992,117.5146531089456,107.332200908321,25.7399315811014,83.453497167,9.2,86.5740515760243,3.43950309398958,55966.1509270561,5.32011574075874,23128129.0,41.100511881056,25.1836151421438,-0.13127264372919,0.9563371,84.3242,9.30462096523749
AUS,Australia,2014,16.639,392.61,,,,,,,29.17271169942892,165.2962724492764,69.9001662576297,123.1172845158301,106.206237340596,27.7000785019208,84.0,9.3,86.7221289343356,4.28599049307814,56571.8062524437,4.76093943711509,23475686.0,42.2993095385282,25.5698594984676,1.41703057182264,1.0196126,83.241,9.173087729527174
AUS,Australia,2015,16.727,400.589,,,,,,,28.75630086070083,163.9274831744057,74.8566770789696,131.443256877703,107.608142007003,28.5117731324726,84.5605149091408,9.4,86.8778642539361,3.456117831131,56970.3613028094,3.23765474517452,23815995.0,41.4947506939901,23.6861098353126,-0.627407934606055,0.8032474,79.6591,9.21823209123084
AUS,Australia,2016,16.838,409.666,,,,,,,27.71914124174006,167.5634574162845,77.59528567309661,136.246218838489,109.128813718295,30.3083074972206,86.54000092,9.6,87.0166295249235,3.54660341826144,57632.9995925594,4.08098789525561,24190907.0,40.813402217321,22.3130168026382,-0.673417495929741,0.9540785,73.421,9.281953041615026
AUS,Australia,2017,16.716,413.408,,,,,,,28.94929974559888,159.9426264760736,78.05604539736942,134.4751539365994,107.799761578952,32.0326223266488,86.5450488476768,9.9,87.12809266445,3.62158795648508,57991.771347333,5.06804774011339,24592588.0,42.0354135251854,23.4479311698975,3.64623358006087,0.7831479,77.3679,9.256707363500857
AUS,Australia,2018,16.512,414.781,,,,,,,27.48068807343069,145.5150018027884,78.23389174005224,133.5421875154906,110.033134941946,33.5486251312018,90.0082016,9.8,87.2267680845925,4.23450805251819,58772.7063152213,5.22752063881788,24963258.0,43.5732253645218,24.1083351497002,1.84617555303311,0.8840942,77.2308,9.223709719402866
AUS,Australia,2019,16.283,414.925,,,,,,,24.61293347539473,135.6720019923277,77.17637875697417,130.6836571811545,109.752830879788,34.5434163723691,93.60990143,10.3,87.3019647888406,2.77077560426989,59181.2997904131,5.74886126457436,25334826.0,46.0016827052171,25.2555129054284,3.47660031414854,0.8454141,72.1408,9.165484901749503
AUS,Australia,2020,15.481,398.547,,,,,,,23.30432994258843,128.7147738632652,89.59927401444979,134.946668335366,104.930155780087,35.346849265518,94.6934967,11.2,87.2713470458985,1.34826011276187,58377.7670517802,6.09315865556076,25649248.0,44.499564103879,25.402839408227,1.86583412216189,0.8859397,69.0154,8.86837116029011
AUS,Australia,2021,14.966,388.472,,,,,,,21.08978090108678,122.4772679937972,88.86598125367469,129.7820949665504,105.118514623956,35.8359861455454,96.97219849,12.3,87.2353407632761,2.01542405903096,59465.535671364,13.3578752832739,25685412.0,40.2022359390595,25.4357795203592,3.06066984761631,0.8536507,72.5942,8.745561860310348
AUS,Australia,2022,14.659,384.078,,,,,,,19.31780549729551,117.6510300729667,84.3490795613729,123.8662369433688,109.469171081514,36.3933201898066,96.11940002,19.03110934329655,87.3343268253813,4.05215286724898,61200.4588964781,,26018721.0,45.6946418805752,27.4019620848457,7.1995443407201,0.9015353,73.0429,8.70717242665667
AUS,Australia,2023,14.529,384.316,,,,,,,16.86256814715804,111.437590692375,84.30430806246503,123.3956892285657,112.513177133796,36.627426494239,96.1160965,19.424661673333254,87.4866955653765,2.03614704389564,61869.082498576,,26659922.0,49.044339318428,27.5167800860919,6.45944110641071,0.9254365,84.6281,8.692188734563082
AUS,Australia,2024,14.477,386.732,,,,,,,15.46241755614343,105.2213935432237,86.6866147575462,126.0780694068657,112.581025002429,36.4788276060473,96.13140106,19.34132448784591,87.6021469990446,3.05761029844929,61486.38147544,,27194286.0,47.1453811065195,25.5307319894404,2.58838430384326,0.7932693,84.701,8.658469076904757
AUT,Austria,2010,8.607,72.0,0.930082798402232,0.263157683092044,0.840383596591152,0.0610227584931241,0.113493952438036,4.13664453532833,11.30003776037463,113.0565268596985,29.10829802761838,33.33091889627159,146.334314075685,24.5113861270145,75.17,31.1,67.1047429254747,-5.64539670207833,43035.4073531933,0.216291377827594,8363404.0,99.6448825546716,26.0396419655738,0.891338694909649,1.2601717,5.5451,6.34478532434492
AUT,Austria,2011,8.327,69.892,1.03995947006232,0.271759330212223,0.939928118304651,0.0600578133323723,0.12781018160066,4.24662553356075,15.14810518844243,113.9668042887148,28.30383678205753,32.13792452211803,155.15499918387,24.9926429150975,78.7399930986888,31.6,67.1484255415056,5.35812778038962,44146.1956805294,0.244690493569111,8391643.0,105.775098372378,25.8570853999006,1.81993743804168,1.2207577,5.5543,6.68614044707297
AUT,Austria,2012,7.977,67.26,0.857858735891266,0.254777616108626,0.933185175788917,0.0589150965170191,0.106588101004738,4.04145574585222,15.99506358766086,115.7942721302733,28.40544155931942,30.65734512905359,161.155633431895,25.2644782408466,80.0299939169903,34.4,67.2085909812279,1.2830027920872,44221.4599530893,0.238508218256069,8429991.0,105.840791389706,26.009804939464,2.09166476490424,1.3019271,5.471,6.25278047116279
AUT,Austria,2013,7.989,67.759,0.880399737246062,0.253507899128409,0.985268182136681,0.0633986380577073,0.107057412262938,3.9685765915892,15.56271471037375,117.4365206507584,28.76533484520304,28.82059903789544,156.483488704585,26.3222866586035,80.6188,34.6,67.2981308784247,-0.302633479129545,43851.3675497404,0.218675365631407,8479823.0,104.985374015367,25.9697730865151,1.70872288191161,1.287147,5.4509,6.258208460421
AUT,Austria,2014,7.506,64.159,0.983179589851885,0.257442581205442,0.905555406603282,0.0648524483047589,0.12611543259979,3.71895337134006,14.85500261327895,186.6432773194148,29.97541541785338,27.18006297229982,151.531145320495,27.597689562142,80.9958249574764,35.7,67.4154327591781,0.389557041234778,43838.8345892137,0.191846540562628,8546356.0,104.49673998926,25.7857017006482,2.00674413208939,1.3377971,5.4632,6.05609882990522
AUT,Austria,2015,7.677,66.358,0.934909058572238,0.257608736212704,0.901956527330258,0.0627866558118087,0.109830868517214,3.62904052362422,13.82577764936127,183.6641146135364,29.62375648050841,26.33168714655925,155.837138171172,28.4068593397138,83.9401419315026,34.8,67.5576175537383,-1.80409511056007,43915.228020857,0.134711076032329,8642699.0,103.11758174626,25.5152402246539,2.29263470154871,1.1389655,5.4809,5.89613237006844
AUT,Austria,2016,7.693,67.219,0.99276822554048,0.268905761519436,0.897840812536542,0.0630283218310982,0.124027868462632,3.54913987538415,12.68453899052188,163.2950609559598,29.23619426894412,25.67269489298518,126.797525496643,28.8775983744406,84.3237425711653,34.6,67.7218061923556,-7.23989904197038,44362.6702805116,0.111042441021613,8736668.0,101.573494597172,25.9124691845374,1.81475082333313,0.8951862,5.4718,5.89571086527434
AUT,Austria,2017,7.91,69.601,0.863492294899315,0.280578436889706,0.95151948444623,0.0586943535652627,0.105596581669236,3.82754287555949,12.08600935510249,165.3923895594411,28.02019298764562,24.78268949753999,123.414865109678,28.5425998928488,87.9355865856062,34.0,67.9051196052802,3.38180275607348,45056.6385912412,0.121957004315667,8797566.0,105.556066755438,25.8023213025638,0.975317906732371,0.9266955,5.4694,6.08742402702924
AUT,Austria,2018,7.529,66.567,0.851777708424407,0.265774500930906,1.10302187065169,0.0543321846010363,0.106537112158499,3.84372687723761,11.96324520938125,169.666577085534,27.94994023140158,24.50110128616392,124.230205900482,28.5150396136468,87.4791372262556,34.1,68.1046787227623,-6.15119207172195,45951.5819164034,0.140755073164382,8840521.0,108.377969971828,25.7190926354333,1.81047996133594,0.8440814,5.3837,6.22517025400415
AUT,Austria,2019,7.651,67.951,0.9089177643817,0.257641129758266,1.04542025755278,0.056978309588542,0.115664066647899,3.79175243975159,11.88285635442652,172.0316512972513,27.61793368596395,24.58635385242558,120.776373862218,28.3631930003301,87.7522047870069,34.0,68.3176044750522,-2.85255617561831,46550.5622459492,0.110022913288221,8879920.0,108.207284904426,25.5363771006496,1.47368502823586,0.7878108,5.3065,6.17637396768077
AUT,Austria,2020,6.97,62.18,0.976533023447963,0.25038930883199,1.11860829152808,0.0519749430119848,0.121490247552284,3.27935482928704,7.414737721338436,167.9189189260001,30.75272372548334,25.23127314632574,120.131806593244,29.2106456326106,87.52942813,35.8,68.5410177924001,-2.76332070661681,43428.6983137234,0.07085049948111,8916864.0,99.9482141095975,25.6544867826211,2.59313253599376,0.8186312,5.2711,5.79835064365935
AUT,Austria,2021,7.333,65.751,0.922877279441154,0.248225402215627,1.09738350825321,0.0543291570383404,0.115915233356829,3.66926375820826,12.33427448454532,168.5075723448877,31.12167161279722,25.80863903193027,121.357731973824,29.2537339731419,92.52915104,36.0,68.773601700253,3.95409878611296,45368.6434337368,0.117855774382781,8955797.0,111.032932124165,25.7253456572227,1.80187299270295,0.7543747,5.3001,6.10799433851342
AUT,Austria,2022,6.78,61.454,0.890138391994694,0.252784893791473,1.04981963871042,0.0434514574140692,0.112498778090541,3.60054989191775,11.45300401190854,176.3271959262943,28.23332380286605,23.1216518835534,121.16645744796,29.2342573265435,93.61409139,25.22007774598532,68.998085127906,3.0221599256451,47332.4240357971,,9041851.0,123.579578652902,25.8444683875386,5.02343156333271,0.6005165,5.2986,5.94924305191895
AUT,Austria,2023,6.233,56.909,0.906299916186298,0.246875464714449,1.00197709190595,0.050345693875158,0.111475258215524,3.17141263408572,11.00224159491357,171.9467629514018,26.57411688152986,21.70375742936981,121.746207105931,29.3725409835617,95.33467117,27.465453477759276,69.2265358276021,0.566112370322707,46497.9114640341,,9131761.0,115.152914822732,26.0904948643547,7.1747129124039,0.7016405,5.2077,5.48838605898309
AUT,Austria,2024,6.18,56.368,,,,,,,10.88649614628199,170.0681568336327,27.29247364187604,21.08434284541098,124.45929984531,30.12779672163,94.91974877,27.602337901070108,69.4658181096788,2.55351579610657,45958.8250071261,,9177982.0,108.825777834405,24.5834201904085,4.08681239792917,0.4915979,5.2082,5.40149948313392
BEL,Belgium,2010,10.475,114.563,1.43320608384421,0.467199729524656,0.765416728605257,0.120940324719591,0.253379195668348,4.23365294224707,45.08365504241344,,92.40120911128118,76.55502392344498,111.131540934105,30.842629161864,77.6397855126946,6.2,84.9719309583717,26.0596407490286,39991.5646206286,0.046971721948549,10895586.0,150.162563621427,20.6595926026257,1.70310444520605,0.9164492,7.4024,7.27379500460913
BEL,Belgium,2011,9.526,105.159,1.42229927132738,0.456232056848155,0.783702883892389,0.116769059241441,0.243554123363877,4.06614220229368,43.52790090435243,,90.74210488795951,76.94952039224073,113.201845409997,32.1032472233196,81.6099959955952,6.7,85.2349607044689,31.0366884311298,40236.9596308558,0.0658456068279226,11038264.0,160.765516888126,20.7514599517248,2.29252172328242,0.9302398,7.2841,7.08869959696692
BEL,Belgium,2012,9.227,102.486,1.41457690233032,0.434431126944251,1.13022517325677,0.118840636212348,0.242191908699984,3.80350265133607,42.55602966558704,,95.23117215210756,77.38621834529407,110.856223685615,33.2388297727719,80.7199905482042,7.7,85.4915403816388,2.36956900950954,40074.492800399,0.0633726115847057,11106932.0,160.383301425059,19.9956487544689,2.20573642403188,0.9449853,7.1526,7.14376839877975
BEL,Belgium,2013,9.213,102.816,1.28383025654012,0.419055794529044,1.05751416196508,0.123067837044788,0.248518533119855,3.87727867501526,41.47421511775082,,98.98965325872936,77.22221799871774,110.348677756715,34.3084525866565,82.1702,8.3,85.7415410247275,-5.65561784857252,40007.8997891411,0.0591221259863187,11159407.0,157.573622782434,19.9151935690442,1.41248965471736,0.9488863,6.9795,7.00926525821415
BEL,Belgium,2014,8.66,97.081,1.52537502291973,0.393634361008592,0.752128927063235,0.125623257019573,0.263772643363246,3.62315764182159,39.88734378128795,136.2898192257427,98.42132166466236,74.81004249812943,113.600257053471,35.7819662752911,85.0012379539925,9.1,85.9848336685807,-2.82643623555084,40533.9135027898,0.0681065559752469,11209057.0,158.571610953523,19.6190570732838,0.840395740063599,0.786586,7.0237,6.68369185319597
BEL,Belgium,2015,8.987,101.327,1.40624153114573,0.392724159210687,0.529879757430425,0.113266134390948,0.253851009247391,3.63035040885568,38.54315219512174,170.4361734161885,99.44505676977796,75.95406436956428,113.29233233425,36.5492377831789,85.0529417508701,9.4,86.2212893480444,-4.23261410354123,40893.804537772,0.0352518039794327,11274196.0,155.068682045926,19.4767746872729,1.12183851916816,0.6581707,7.1572,6.32631300028086
BEL,Belgium,2016,8.808,99.816,1.19648822423859,0.366470345090396,0.64170382599321,0.121606625039369,0.195246172733529,3.6960338809974,36.53640804693924,123.0990995587886,101.4400175509432,78.26662604798037,110.74871736226,37.6812994536783,86.5164766644457,9.2,86.4507790979645,12.1319420227113,41172.8862831209,0.0303780062977737,11331422.0,159.057696611945,19.0981057822176,1.89528913569444,0.4864269,7.1552,6.2175490740925
BEL,Belgium,2017,8.727,99.282,1.22678522039546,0.388641366718984,0.610425923224599,0.114884230618832,0.237563842622291,3.74084358944918,34.76092414717413,109.6933214025964,100.43391188251,79.87255353579548,99.8303971992992,38.4911160919085,87.6796808175598,9.7,86.6731739531869,-7.4442379017663,41619.328629169,0.0371502006793434,11375158.0,166.904078237791,19.1545604130921,1.98316343604859,0.3647602,6.8971,6.31914417302935
BEL,Belgium,2018,8.772,100.256,1.12881874974055,0.334225491288813,0.634644719598493,0.107596442996452,0.21337317589479,3.84798610103074,32.34795355466077,102.6072872036764,102.2257188373247,81.9043639497532,100.164027018171,39.4006967604533,88.6473429951691,10.7,86.8883449485575,-7.66649538713467,42208.3625650272,0.0484487814693338,11427054.0,168.277692877218,18.9641251486969,1.71728236623039,0.4247021,7.026,6.26664468054983
BEL,Belgium,2019,8.685,99.799,1.24935173279611,0.392438547795186,0.546685441789481,0.111404150947705,0.237043655702665,3.39349161864292,29.57561712394718,92.28765513322328,103.8811461561886,82.84499192818377,100.164960666171,39.9517850127817,90.275428012141,10.2,87.0961631189222,-1.97252997818915,43006.4042308863,0.0422427798272169,11488980.0,165.46547893199,19.2417105698694,1.85424076568934,0.3774033,6.9909,5.93041514767408
BEL,Belgium,2020,7.908,91.255,1.18866967101352,0.352140614024982,0.476048991230707,0.10197837121157,0.220695329383528,2.81236446936041,26.16646496683255,71.38486640832144,115.2422641509434,88.80409703504043,99.9100614924974,41.0239697084264,91.52641629,12.3,87.2964994991269,-5.69020542304612,40769.0218072962,0.0284876381171316,11538604.0,156.950121282783,19.0811705163268,1.59611667576401,0.3686413,6.993,5.15189744622472
BEL,Belgium,2021,8.204,94.928,1.32203260937648,0.376380199732473,0.468793488792197,0.116463874145965,0.215294383376137,3.13544277354867,22.79014102642859,58.6742539880416,111.1164907523966,84.56453560411286,101.462935633736,43.0218054966431,92.78867618,11.7,87.4305564090635,5.6774240968721,43140.9676652971,0.0448914290094104,11586195.0,177.381912201075,17.9965228539946,2.69731875410955,0.461917,6.9093,5.63440732897193
BEL,Belgium,2022,7.638,88.915,1.2090936489191,0.404017260759001,0.621544796011942,0.109310066806608,0.227842071797541,3.18410221731885,21.14978303009926,60.46458339594332,102.1357693454282,80.78712576125378,101.680355820653,43.5657139519422,94.00783071,16.86787172596332,87.489200269855,2.22097062697703,44516.002160801,,11680210.0,191.053418131592,19.9890435484233,6.69902524819976,0.2465264,6.8175,5.75591006161305
BEL,Belgium,2023,7.232,84.703,1.171682539952,0.388252009397628,0.541911680766492,0.113637764393676,0.231316357912112,2.6838183361088,18.39434309594935,55.56814501106904,92.83924738395493,,103.196426365374,43.7026445985633,94.62625074,19.89969624326401,87.551492636772,-0.652733821591808,44828.2274521244,,11779946.0,165.987440736442,19.4830082750909,5.50779389634111,0.1994126,6.6117,5.13061868853071
BEL,Belgium,2024,7.28,85.456,,,,,,,,49.63411379101693,95.1431886340818,,103.90465332676,44.2321563183446,95.77579144,20.883397897431465,87.6126557010527,-6.1637514992582,45019.6989654607,,11858610.0,159.023481148927,18.7466235252195,1.88024411217241,0.1214526,6.6157,4.84398584487801
BFA,Burkina Faso,2010,0.123,1.985,0.387125872684647,0.181094634828264,0.364336011533643,0.0234341227809722,0.0208456777681953,0.118298612251722,1.851775693842176,,23.36762312314237,16.70636987915639,35.2848311173407,0.0847216746170896,2.400000095,82.1,24.115092498158,0.384492219825665,561.847221302489,11.0860921412972,16176498.0,49.0732385398039,26.0555520336446,3.77961872815705,-0.3146407,11.9785,1.09513493184744
BFA,Burkina Faso,2011,0.129,2.149,0.403142691391276,0.166090246469799,0.35728663257034,0.0265308529163126,0.0201046699862382,0.13115250720204,2.020052386691895,,24.2934485911301,18.5894594317445,46.1057641177709,0.0844020984871601,3.0,81.4,24.4682976845657,1.19074493368624,581.603658737407,13.6361933357251,16661908.0,57.4972531038508,28.3722709055706,6.73800480732596,-0.6837156,12.1781,1.10430760053601
BFA,Burkina Faso,2012,0.152,2.612,0.380109413243413,0.172227216298187,0.34846574039072,0.027526844333381,0.0211454565727989,0.155158267079588,2.067207818115703,,25.36873747890393,19.58910424372782,58.0942130771516,0.0834367606364837,3.724999905,79.2,24.8001912059054,2.62145990530181,600.731343697818,12.4016028413011,17172287.0,61.2386079818398,26.8675103794383,5.82399948795916,-0.6478491,12.5468,1.10463293791809
BFA,Burkina Faso,2013,0.159,2.809,0.422607251795225,0.155486879807781,0.340789365912073,0.0289615883598053,0.0234315686240702,0.166046072034555,2.244617594060908,,28.48219219702229,24.1775507711954,63.5243073500025,0.0732506380609795,5.0,78.7,25.106116148748,3.64766773141753,616.741331164082,10.7523406528446,17695409.0,64.0358513024234,24.0957515828697,-2.12917117768745,-0.7949543,12.8027,1.13732272653351
BFA,Burkina Faso,2014,0.157,2.868,0.50399365846528,0.153619934653711,0.335983732724304,0.0300382200667196,0.0289725967176416,0.148295491125558,2.671134550792783,,29.75687415523041,28.17309127621558,68.5395525408019,0.0296662638571705,6.0,78.9,25.3814155996643,2.56255154786841,624.576885187665,10.3109055603822,18229461.0,58.8235624937426,24.9295392471244,-0.620386925840478,-0.699829399999999,13.128,1.20090363375321
BFA,Burkina Faso,2015,0.199,3.744,0.445824576858447,0.149307024675951,0.32838545362089,0.0314405199580053,0.0270246427058332,0.152631599584553,2.8035705180041,4.298156891713603,34.43651039960911,29.53807200280302,76.9373292602998,0.049814972578599,6.545700073,78.8,25.621432645225,1.95992715697747,630.124750752312,11.6328502278275,18777487.0,59.0891813101662,24.3613757844362,-2.22395417919314,-0.6795154,13.389,1.13461381740368
BFA,Burkina Faso,2016,0.206,3.988,0.3897964732337,0.150469888849888,0.321279787829764,0.0349242300275606,0.0254663469617163,0.161850975599358,2.781329596639094,4.635549327731824,36.12532127289418,29.32334482651529,79.6697942824089,0.0640501279140636,7.140999794,77.1,25.821510372001,3.04380349897538,648.420480176012,12.6155172354896,19334856.0,57.8931727994406,24.8815173666488,2.60429919226561,-0.9073878,13.8569,1.08378770250199
BFA,Burkina Faso,2017,0.232,4.622,0.362842521948633,0.145667370015943,0.316028489283626,0.0415171441424098,0.0244204318043947,0.180834661198559,2.757029830696385,5.175155662270624,40.27036706761246,31.74308895460382,90.2081424191231,0.062133040708376,7.790400028,74.6,25.9769918665632,0.0182370342122821,669.276310328333,12.3099089646115,19894407.0,59.2687802020168,25.1402372200063,1.41629727998107,-0.855665599999999,14.0592,1.07131061839357
BFA,Burkina Faso,2018,0.256,5.226,0.435188883919259,0.142272394520272,0.310079374972131,0.0428652146690956,0.0267796982403842,0.198100936499467,2.732725757306625,4.036981232384788,39.82314972080251,32.59183608863633,94.6219614871852,0.0676084024258783,8.498900414,73.7,26.0832202154822,1.68919942943091,694.492813126351,8.87619594401664,20438288.0,60.5956256236488,25.5894433780973,1.07396688968345,-0.961889999999999,14.3892,1.15528650282061
BFA,Burkina Faso,2019,0.268,5.618,0.458095917910407,0.140569549688266,0.305969704848138,0.0482720529698349,0.0281204058496633,0.18543990614885,2.974219789512918,4.977090341410346,41.11315542046473,34.16684526166903,97.1498646690919,0.0573181352576325,9.27180600953186,72.7,26.1187254401157,1.0164787373679,717.021595096634,8.32797318460633,20961952.0,60.4086928753226,27.4259133812459,0.51290051556127,-1.19570659999999,14.778,1.16646753741516
BFA,Burkina Faso,2020,0.262,5.618,0.474418444607788,0.139390300894559,0.301579945355463,0.05593042940261,0.029847711261557,0.191880626271674,2.729233115449556,4.360116318584047,44.41458630209367,32.17407993551011,102.972844247019,0.0650831126106853,12.97319984,73.1,26.3578373628627,-0.557279533533573,713.8421779224,9.17782687692865,21478690.0,60.7397786403239,29.4694767840377,6.46559578788029,-1.4159765,12.1195,1.19304745779365
BFA,Burkina Faso,2021,0.288,6.329,0.356946640678895,0.140829840704252,0.297604391673584,0.0601572826873771,0.0262029939339243,0.214347065842192,2.8735514222027,4.354597533365997,51.82445873522348,34.95311899773954,112.198419449151,0.0740660150924452,18.1522007,71.2,26.8114307743017,-0.405926078113797,745.472563435144,20.1354014379911,21995243.0,62.4203586607795,28.5306243008568,0.112863112943955,-1.5801637,15.3216,1.09608821552022
BFA,Burkina Faso,2022,0.291,6.542,0.420750936933209,0.133566835450276,0.292786972774711,0.0572668712691957,0.0287203705471556,0.224540830296018,2.913389071503682,4.393453038310365,44.28167330530647,33.75899956483411,113.996146792235,0.214398323020291,25.3987999,71.4,27.2791369742712,3.59640793567206,740.306319930259,,22509038.0,67.5202901331655,26.0439614485811,4.64258435284958,-1.82102069999999,15.2503,1.15763281727056
BFA,Burkina Faso,2023,0.274,6.308,0.471326730552654,0.131034447999726,0.288582391930027,0.059582585643368,0.0303879451132897,0.221722471312708,2.774728466806444,4.350593275400321,45.48603385901155,36.87202864387674,116.16313821519,0.459463342299517,25.36120033,52.43970424861788,27.7872478365158,0.54430723483886,745.405334618409,,23025776.0,63.1530435873964,25.7574137805107,1.93326680445267,-2.0423169,14.4469,1.20263657255177
BFA,Burkina Faso,2024,0.276,6.508,,,,,,,2.685168450175495,4.137202476221483,40.20272176732787,,116.5895933212,0.851360416490348,28.25270081,52.395811502679095,28.3352514896662,-0.874048616893636,764.082625588818,,23548781.0,60.492898852298,26.5128276060609,9.72565562090332,-1.9063314,14.3944,1.1600311857666
BGD,Bangladesh,2010,0.355,54.036,0.166466627126992,0.0126489680509405,0.0796379551054867,0.0287840206577546,0.124274717060052,0.224968489244556,7.659157451236432,2.113042787990696,39.14565335964321,32.64298170774916,44.6274657883724,0.272380817434958,3.700000048,40.3,27.7254372588696,1.06896766308322,943.66422864236,1.41590969915937,152201981.0,37.8028426708321,24.9564767264585,7.14466302810841,-1.4437712,49.5964,0.636780777245782
BGD,Bangladesh,2011,0.362,55.593,0.164659856404935,0.0123404734335215,0.0818976194510678,0.0283732539190511,0.125070543677375,0.263114381157023,7.89712376871136,3.722117545903306,41.64647753922922,34.59322482081817,54.9307304807214,0.30503074280175,4.5,38.4,28.1100162712427,0.983399364184761,995.579947155662,1.58942506825245,153591076.0,47.4208498356898,25.0452996007551,7.85945085272492,-1.4544464,50.0417,0.675456128042974
BGD,Bangladesh,2012,0.385,59.704,0.14207583143045,0.0128081284494928,0.0805445203029292,0.0289562282681483,0.122190607666189,0.263085338768457,8.116055296324506,4.060434830300207,42.75603418902409,34.64396111176905,62.6684314857059,0.387219068103915,5.0,37.3,28.4787972894576,1.18850391920183,1050.39140404066,1.55456977469424,155070101.0,48.1109227490467,25.3099593902625,8.16457367624635,-1.4690337,50.2725,0.649660654885665
BGD,Bangladesh,2013,0.414,64.763,0.16237226389066,0.0122812494042382,0.0815473803449493,0.0313167998913383,0.129955773061681,0.260469479399603,8.300353137484327,4.984938735074585,43.32067495121417,32.37564270684361,74.4595169116099,0.974448436120221,6.63,37.0,28.8407036106763,1.73532012481503,1103.15695907123,1.15168388504547,156532141.0,46.2964027228174,26.3070701636507,7.17495343232414,-1.771799,50.4681,0.677942945992469
BGD,Bangladesh,2014,0.428,67.552,0.173249084650248,0.0123614569942357,0.0839400185306869,0.0295745931743206,0.131236769901555,0.286537295589023,8.509858513738868,5.810320108813306,44.27151515324379,33.62370855910878,80.3128212085608,1.95813780918421,9.052900314,35.4,29.1944442321013,1.46870305074204,1159.40753475981,1.0471807482358,157964929.0,44.5140801968096,26.3110467833576,5.66878852513904,-1.0510112,50.7275,0.71689921884007
BGD,Bangladesh,2015,0.483,76.946,0.210913262682262,0.0127461772664232,0.0813503577424471,0.0322789348282496,0.132873976976756,0.315461945016243,8.674026685587483,7.146909311364335,43.97216366219936,33.83795072222283,82.4275967039157,3.06992245398744,12.36880016,33.1,29.5395099477892,1.4507824552936,1224.38647668165,0.899813880185078,159383179.0,42.0859963070382,26.8313948329541,5.87277704102323,-1.331635,50.8555,0.785624654512381
BGD,Bangladesh,2016,0.508,81.761,0.188509735448367,0.0123711065818873,0.0873238490217052,0.0319519340432917,0.136030582921268,0.340038335788936,8.78037666418767,8.092562580334535,43.53228801550428,33.70267526838412,84.5595499717024,4.09944456111627,16.89909935,30.2,29.8753915517965,0.879528340271998,1299.83091360792,0.716140756665905,160811932.0,31.3341501346142,31.0691513830358,27.8507377248339,-1.3416192,50.4119,0.796225543805456
BGD,Bangladesh,2017,0.534,86.531,0.22296739052718,0.0124017088679052,0.0844365243075404,0.0330235334669457,0.139918361703018,0.374516332391311,8.916593660880357,8.44748489628499,42.69152076896598,36.28766070209417,93.0689844922452,4.5013092271068,21.5,28.1,30.2015798381799,0.616341784631384,1373.75363740186,0.710420009979719,162186147.0,29.9997306724343,31.2482919641603,5.04759758203714,-1.3289506,51.5698,0.8672638512639
BGD,Bangladesh,2018,0.53,86.608,0.209399099345532,0.0130432233975502,0.0830538034133715,0.0343214197246976,0.139715146212581,0.413013058590587,9.08134117159938,9.057839186395396,41.11601047434345,36.4770486262773,98.9289060885788,4.92461851093909,25.56509972,27.0,30.5175656009959,0.75354913412869,1462.25050255713,0.649238822939078,163523103.0,32.5146317240884,31.9828135899766,5.80553876704575,-1.02517179999999,51.6336,0.892545750684319
BGD,Bangladesh,2019,0.575,94.808,0.229211310001649,0.0132378974196375,0.0850962763153518,0.0338346036360395,0.140287181237841,0.420204488558965,9.13733827848454,9.611100712985808,41.39970792150805,35.48483264946252,100.399571155843,4.90288655437254,30.38310051,26.1,30.8228396343012,0.543244141585063,1564.20802445636,0.637717563815013,164913055.0,31.5780544912404,32.8525491977868,3.65813755162172,-0.996755,51.8718,0.921871757169483
BGD,Bangladesh,2020,0.576,95.729,0.233502177918243,0.0127378518528969,0.0798403742144352,0.0337404214465601,0.142787783095378,0.38894174281924,9.120908324823883,10.79803340635954,43.70044424128585,36.18729876784428,106.002140470412,6.04506220711318,36.10910034,27.2,31.1168927321524,0.407859894856915,1604.6659234742,0.560867699425496,166298024.0,26.271447376215,32.9115650824449,3.84106338588026,-1.01518479999999,52.0419,0.891550351346754
BGD,Bangladesh,2021,0.588,98.53,0.253298834537734,0.0133527178259089,0.0809619277875245,0.0418541563078114,0.144373021320177,0.437791008607557,9.24962880387726,11.79939464925919,43.39622152391314,36.29745153811579,110.012054001037,6.64246518111116,38.91744466,25.0,31.3992156886061,0.414118154040593,1702.08028414189,0.610069177584654,167658854.0,27.7240047036631,33.3160943869001,4.1211747067957,-1.0535518,52.7777,0.971631666386712
BGD,Bangladesh,2022,0.603,102.147,0.213742630813185,0.0125565202666426,0.079841165149173,0.0401882662900114,0.146078385406466,0.495448118492811,9.282841483082452,13.19738258349303,39.52305966981328,35.74670266451628,109.8665408168,7.17020479104462,41.61650085,50.35019959512849,31.673734726234,0.347960024540439,1804.3493461776,,169384897.0,33.7799672705735,33.9200804971876,5.04902187883131,-1.0954422,53.0532,0.987855086418289
BGD,Bangladesh,2023,0.61,104.527,0.201904151601521,0.0108800072154387,0.0814920815346165,0.0397114457528536,0.148987614098317,0.438063451291594,9.235783487509996,14.22286234555198,39.13708729966233,35.88579821488074,111.280894357567,7.89245848428319,44.50274195,50.4144864496176,32.1578465036834,0.335721505298968,1885.37733613545,,171466990.0,30.9829714104596,34.5942721606063,6.89712404003441,-1.0359445,48.5841,0.921038751494342
BGD,Bangladesh,2024,0.624,108.318,,,,,,,9.13956167484712,15.86521653248214,37.88746198880506,34.23329702794419,108.077037369691,8.08931134401926,53.42171316,50.22460609390138,32.6783196323307,0.283870773350074,1941.27874360025,,173562364.0,26.7780758040478,34.0971743458877,6.88285460605802,-1.46295089999999,47.4059,0.915808859074927
BGR,Bulgaria,2010,6.429,47.816,,,,,,,91.8539068221095,90.51023681246475,53.04349522542444,68.71898777259503,137.140251847404,15.1221247609612,46.23,14.3,71.5149307250977,3.63551033232729,6429.04599233108,1.67975403719023,7395599.0,103.380518426721,23.7541735742531,0.764130914968717,0.3736482,2.2169,3.7120025580659823
BGR,Bulgaria,2011,7.198,53.12,,,,,,,59.91968119204919,93.7031779145622,55.40372374360004,65.65440491590915,141.938313217096,17.0296984088807,47.9799930506026,13.2,72.6101653885532,3.64711376075685,6605.64616736859,2.14267004784609,7348328.0,117.418101416931,25.0301018138525,6.11282837292184,0.3085567,2.2318,3.9715933679876247
BGR,Bulgaria,2012,6.598,48.277,,,,,,,61.18492589640904,92.8541421988982,59.35905291140327,66.46432767281391,147.337862138845,18.2006758494654,51.8999876658503,15.6,72.7684860229492,3.29303083433452,6693.76983060797,1.60464880529568,7305888.0,123.97132336227,25.3837682307053,1.11217130423154,0.3911291,2.1788,3.7759152468132378
BGR,Bulgaria,2013,5.862,42.583,,,,,,,61.47637786358586,94.81922385749388,65.02460693945831,66.85800784242134,144.355146876635,19.5682074718498,53.0615,18.2,72.9632821572019,3.56317557891608,6793.08253592745,1.1076323174832,7160005.0,129.688685003845,23.507482622906,0.0719574385567938,0.1704694,2.0792,3.5362540320783937
BGR,Bulgaria,2014,6.253,45.169,,,,,,,61.47193801109414,92.09309816763437,65.2305503628335,60.15257365122141,131.33514197996,20.5011345688189,55.4903766299262,17.1,73.0844879150391,1.91577938000482,6941.37319825776,0.784766836474764,7073572.0,130.248372124871,23.4443002330488,1.34078607268415,0.242071,2.1793,3.671839483863009
BGR,Bulgaria,2015,6.705,48.127,,,,,,,61.73389763082863,93.39912960526227,68.07531146163129,55.5635032821754,128.103256321093,22.4944225140811,56.6562516053086,17.9,73.1030578613281,4.37552708346678,7269.02586513711,0.6587242316101,6984225.0,126.736652288689,24.0301415453605,2.94773984858946,0.1823906,2.1735,3.8313620676051854
BGR,Bulgaria,2016,6.362,45.344,,,,,,,49.9895313856818,97.02659297976916,68.00564395559789,52.59600950562488,125.906027330453,23.8176881048635,59.825547661014,17.7,73.1750030517578,2.759819403762,7586.89174668116,0.526340830586215,6894139.0,122.805519071127,24.4597733742659,3.32355888853566,0.2073039,2.153,3.7340062681608046
BGR,Bulgaria,2017,6.706,47.446,,,,,,,52.88273407845243,98.24748879795388,68.07360757310413,50.37544347545002,120.595632675282,25.3925159519229,63.4101013837926,17.1,73.3904571533203,3.39237322223916,7899.11056589871,0.749247066231762,6803468.0,129.634433774038,23.9892938350887,4.81312201964556,0.4061393,2.182,3.8604113597470064
BGR,Bulgaria,2018,6.193,43.503,,,,,,,55.0853152947473,97.44258425245071,68.082413843027,50.61319261959744,119.394511829255,27.103417988838,64.78201069118,19.6,73.600212097168,2.73803840992463,8194.79296320014,0.678372706778028,6710798.0,129.166502231244,22.2389608057501,4.23528219652766,0.592909,2.1383,3.7017720191174566
BGR,Bulgaria,2019,6.049,42.195,,,,,,,60.81439745995297,99.10363638321508,68.52506539491787,49.69706018162203,116.616975862125,28.8836779290396,67.9469809417603,19.3,73.7162322998047,3.24216894514095,8626.5750265742,0.580269555247755,6616726.0,125.260415075086,21.562453845875,5.28264348943156,0.5788167,2.0754,3.6741624744683303
BGR,Bulgaria,2020,5.274,36.571,,,,,,,63.52897856249318,96.337119976822,74.6074688417958,51.43101512115779,114.596737765322,30.5042854761098,70.16248359,21.1,73.3239898681641,3.97413959442467,8440.51416964556,0.618935967577506,6550696.0,110.423903082333,21.843325499922,4.34990779928985,0.4210468,2.2025,3.411013307215338
BGR,Bulgaria,2021,6.16,42.365,,,,,,,65.03342150013181,94.34248766943686,70.42450963763648,48.15261699108163,114.911988483727,32.7688420838347,75.27144583,20.4,73.346765618041,2.52871196630769,9161.94541759347,0.917744335906696,6507301.0,121.214091012604,20.7501959907094,6.96609956897447,0.4063981,2.1826,3.7312395884280902
BGR,Bulgaria,2022,6.876,46.932,,,,,,,79.54575482677124,90.07945887891708,66.64527085237623,44.70182065122308,116.679163253179,34.9667968772891,79.12686326,20.384797685788605,73.4799164005224,5.24634717472155,9598.35828571579,,6465097.0,138.844872770267,25.3037200863973,15.9184610592695,0.3269733,2.0721,3.982704172570385
BGR,Bulgaria,2023,5.077,34.501,,,,,,,92.38794150409385,93.07767466267056,66.66594505105894,45.1535220559696,117.932685806225,37.0235717545079,80.38956462,23.513609367481322,73.7322671584613,5.05862477510411,9787.76510584614,,6446596.0,119.899505851916,22.7029885584048,7.99709199455781,0.3144686,2.0641,3.4003414866861976
BGR,Bulgaria,2024,4.679,31.622,,,,,,,93.83880735448044,92.29659957699964,66.96884954714493,47.3115938653726,118.067152838789,,82.438955,24.248630682569413,73.9499356882481,2.69152439380972,10127.4152566236,,6441421.0,110.226317731322,21.1316951784786,7.20423580050331,0.0399268,2.0486,3.2841942770526362
BHR,Bahrain,2010,24.02,29.143,,,,,,,17.78879183433114,7.360879379723231,89.93854474366671,56.32038941607036,129.157861073288,12.7684126193907,55.0,0.0,100.0,0.581105356633959,22224.0736166249,20.4621165633706,1228543.0,115.561486449616,43.9268581860394,12.0069509099953,-0.7371495,0.0237,10.139273660021141
BHR,Bahrain,2011,23.654,28.544,,,,,,,18.28674242702907,8.61789010928956,83.67395819745269,57.29421823387414,140.350600963929,24.1579709760609,76.9999665032303,0.0,100.0,2.61026038592024,23288.0449398313,26.9949431372074,1195020.0,167.529641035854,48.2947958378082,9.48596325068939,-1.1775267,0.0238,10.066010253607311
BHR,Bahrain,2012,22.365,27.202,,,,,,,18.16851087375053,8.568104559780078,82.77621716747774,56.9859832544591,174.619564368418,24.285642640033,88.0,0.0,100.0,4.83265436536461,23894.8804447088,23.5822213574272,1208964.0,178.824020821684,46.3397302766462,2.93394725551211,-1.0354447,0.0242,9.673148958978867
BHR,Bahrain,2013,24.839,31.228,,,,,,,18.99425896036763,25.15993464383776,83.92427339776152,56.38228284470602,175.802157646776,23.8669490925491,90.0000397,0.0,100.0,11.0211306090707,24271.6278814506,24.5336335455131,1253191.0,184.58950884485,46.6971284608616,0.499828956383851,-1.2920542,0.0248,10.49321792118906
BHR,Bahrain,2014,23.59,30.971,,,,,,,18.61921789736514,26.16238822501564,85.21478417483921,54.42943152369771,177.400125528622,21.9044398132914,90.5031334814656,0.0,100.0,4.36728984042946,24135.4991304849,22.4113282575127,1314562.0,168.57585814186,45.3135767644884,-1.44043683471969,-1.0441426,0.0247,10.081436893378639
BHR,Bahrain,2015,23.744,32.521,,,,,,,18.63606068562343,25.79671454512405,92.9718868964442,64.1577198688012,183.919614500055,18.4748658416384,93.4783007986129,0.0,100.0,0.199529633421541,23734.0551143019,12.6346752292951,1370322.0,147.916060172904,39.0907990671172,-8.75667340246945,-0.9584379,0.0238,10.114202980630738
BHR,Bahrain,2016,22.129,31.635,,,,,,,18.28211411554999,29.26896154076032,90.1165690194268,63.28323036856971,209.489131255928,16.2552007409045,97.9999807024146,0.0,100.0,0.718174283238518,23715.2791328712,9.6486154919148,1423726.0,132.822997902774,38.2033398636175,0.35724777804711,-0.909807199999999,0.0238,9.588527967570815
BHR,Bahrain,2017,22.211,32.917,,,,,,,17.10673606797519,28.1513763448718,85.6661552387097,62.18560497118572,159.546894557674,13.1014612060095,95.8781357543453,0.0,100.0,3.83300891199591,23606.8867501313,11.1603274625829,1501116.0,136.429239810394,39.9934662996166,4.61583421430929,-1.0066263,0.0237,9.6104439801019
BHR,Bahrain,2018,21.833,32.698,,,,,,,17.18087561046058,29.21578847769142,81.25041858915709,63.9882559519555,139.735421260048,8.43441553498671,98.6446725799886,0.0,100.0,4.18079308703845,24059.7838641562,14.7513564173951,1503091.0,144.075372574535,41.4758871750475,4.21271352571605,-0.8677102,0.0268,9.507032601424346
BHR,Bahrain,2019,25.319,37.616,,,,,,,17.03902273612965,32.22231032277982,86.35293379285626,64.02160279015143,129.142743677937,9.49012903269232,99.7015043807778,0.0,100.0,2.32837980010521,24873.6640060134,13.3637839937888,1483756.0,135.417543398211,40.6177669647554,0.164802199458762,-0.603362,0.0277,10.674780014299243
BHR,Bahrain,2020,25.238,37.429,,,,,,,16.78940741023391,32.22209502974184,100.5822449413875,77.2825645294914,119.41160169027,10.1824112975928,99.67103159,0.0,100.0,2.84973228101032,23586.9309581516,10.7041414154858,1472204.0,135.460985012931,39.1001079781372,-5.8288484641256,-0.5964745,0.0255,10.593277972939209
BHR,Bahrain,2021,24.148,36.265,,,,,,,15.23692177940891,29.89731138338072,91.96897504790986,71.02344463284714,128.078912532195,16.5057891919103,100.0,0.0,100.0,4.3566259787756,24086.7847803428,16.6400337175308,1504365.0,153.799316485108,44.2164324898801,9.20840263580602,-0.5041164,0.0265,10.260476086178063
BHR,Bahrain,2022,24.668,37.827,,,,,,,12.9680976692276,32.90654783566502,86.57626273856712,64.67777409808699,139.636142863944,18.0025680504011,100.0,0.0,100.0,4.20018456310523,25234.40256182,,1524693.0,167.141241152535,46.3896273702963,7.13488879900781,-0.482549599999999,0.0272,10.478660008290284
BHR,Bahrain,2023,24.71,38.787,,,,,,,13.38503662490431,30.91865185284913,88.84931761686305,67.82059682752927,153.899937948583,17.1582362107608,100.0,0.0,100.0,15.6428756083644,25342.6226641572,,1577059.0,157.447854682297,43.4381277604186,-4.28437217979031,-0.5007436,0.0267,10.496895152011774
BHR,Bahrain,2024,24.27,39.003,,,,,,,13.39712325818038,31.3632076275321,88.83505537624674,69.80973653319992,159.536143577452,16.9915789748788,100.0,0.0,100.0,5.72467195311559,25886.2393152311,,1588670.0,157.480869430187,42.1777148976475,-0.672760487023226,-0.2758672,0.0267,10.377217251486574
BLZ,Belize,2010,1.682,0.539,,,,,,,25.19062521194036,37.30150271768091,56.19764789165404,50.46703500000778,60.6413839404206,2.78380614841762,28.2,29.4,45.1914838193558,5.51460930694585,5937.75398343789,4.21853544863999,320245.0,94.8581591507411,18.2141316660534,2.16418782713863,0.0218801,0.1839,2.1274078396886082
BLZ,Belize,2011,1.746,0.572,,,,,,,24.34479723592918,38.85804174196388,56.50436091222513,48.05569842422725,67.9524470054812,2.96304896455218,30.70000076,42.2,44.9417819131729,5.20581667105349,5802.24344531492,5.75130266465738,327298.0,106.914960208874,18.8728842204643,4.85845161527571,0.0910169,0.1912,2.1182522869255695
BLZ,Belize,2012,1.413,0.473,,,,,,,23.55403158958006,38.04882026009086,60.01951970747049,46.71676403059657,51.5597433121819,2.98223160513615,31.0,47.9,44.6903068035216,10.1300443506209,5902.74234696881,3.9491024337509,334414.0,111.166652365429,16.1069144875536,0.697094557768622,0.0905854,0.1974,2.0035968926305827
BLZ,Belize,2013,1.384,0.473,,,,,,,24.12111430776788,40.34804575117536,56.72082641268236,45.23399816692232,51.1127633354507,2.89789741443153,33.59999847,38.0,44.4380542363795,4.53263160783493,6013.07879895362,2.7478714589422,341627.0,108.672614067831,15.8082253146258,2.01251040998318,0.0892671,0.2188,2.017565087365109
BLZ,Belize,2014,1.439,0.502,,,,,,,23.36666978222264,40.78545998351588,47.9831285875313,45.20048126690936,49.3805223502033,2.83730221280913,38.70000076,37.4,44.1850161758379,6.5987393918196,6116.49578852783,2.06063048735068,348923.0,107.112517468788,15.8379696182219,1.12730426417622,0.032488,0.1877,2.040998327637385
BLZ,Belize,2015,1.923,0.685,,,,,,,20.99733210368565,40.34781463061164,54.28559034766175,43.13663878109031,59.4797562953754,4.87717949221655,41.59000015,30.3,43.931184585988,2.69569808214426,6154.62264230369,0.832694636763692,356333.0,104.070958799941,14.5536001937718,-0.189695067261511,0.0315234,0.1901,2.213295118993765
BLZ,Belize,2016,1.848,0.674,,,,,,,20.29640713796781,39.79687674111336,59.50307872114763,44.97325717296042,61.1255672392756,5.03804444688173,44.57569885,33.3,43.6765514309211,1.46157075571746,6012.21296983668,0.707884094800211,364705.0,96.4998358304218,15.4437192148553,2.13988044008869,0.02715,0.1948,2.177150169732987
BLZ,Belize,2017,1.787,0.667,,,,,,,19.63970763792081,38.50923066258982,58.06798108543325,44.52172713921136,64.1585522049721,5.09268439075889,48.8771019,37.2,43.4211086747287,1.40473162686238,5767.61921963762,0.740544655771488,373202.0,97.7072571800462,14.090859193834,3.06932498276909,0.0274572,0.2011,2.139474616331624
BLZ,Belize,2018,1.735,0.66,,,,,,,19.1320070975995,44.64134989439882,59.04242646409248,46.22228364249485,64.7801570644827,6.48509044620831,53.59360123,35.5,43.164848281502,5.33885311944147,5707.61059954436,0.796890251194486,380226.0,100.989214362975,13.6672357968858,0.0550845795919201,0.0296183,0.2022,2.123201379492348
BLZ,Belize,2019,1.994,0.769,,,,,,,18.72721063705564,40.02482273409931,60.16783634152767,46.85303330979086,66.0704612665196,7.67179242617844,58.76520157,30.4,42.9077622153323,3.94384011758557,5864.14611827109,0.584709328866043,385829.0,102.441856907677,14.0497462222479,-0.0851439516099362,0.1334022,0.2049,2.2236916776993323
BLZ,Belize,2020,1.672,0.654,,,,,,,18.3527176416398,46.4215799170889,58.02479313951425,53.88233990647047,67.551661668526,9.21159022752628,64.43589783,31.4,42.649842440311,3.72214070775569,5006.48453276935,0.478914006262091,390812.0,81.6431433128545,16.2275288936379,-0.577783025389749,0.6026689,0.2048,2.08037611582569
BLZ,Belize,2021,1.754,0.694,,,,,,,18.34868859805433,46.57744028736869,55.61548172034909,46.04192409266643,66.7769498110516,9.10594770150703,70.65370178,26.6,42.3910809205294,5.16738739330779,5839.40157956017,0.523036536890701,395346.0,98.9824369429997,16.9358309935997,0.538862154868497,0.3568757,0.209,2.151795935542838
BLZ,Belize,2022,1.797,0.724,,,,,,,14.74951549556657,45.27758245150668,44.46848674213295,41.16069198115794,67.1750266305468,9.75385677359442,69.98329926,30.8,42.1373251262137,4.95003696669658,6262.56088273674,,402733.0,107.840250086037,15.4868343400094,7.28685491123275,0.7353533,0.2104,2.1759941093336765
BLZ,Belize,2023,1.864,0.766,,,,,,,14.65992310203973,45.3124895881228,44.79615061796608,40.55754007381987,,,70.18720245,39.26998676244486,41.9459437504976,0.553310090034322,6165.69414825936,,411106.0,106.400505850771,14.409549271611,6.6945920915479,0.78967,0.2046,2.177633527060167
BLZ,Belize,2024,1.909,0.796,,,,,,,14.36870756741046,45.39205345159215,44.47242748973714,37.51266767589048,,,80.00582262,39.30152977117067,41.7532107338224,4.01045578413843,6290.49294452749,,417072.0,108.972446521476,14.5714201613306,1.40200536796821,0.7847219,0.2047,2.1975447319731094
BRA,Brazil,2010,2.273,440.269,0.526298288149032,0.736039966047932,0.52290249083847,0.0514144614578943,0.0644476432430118,0.794555079012788,18.83401188595648,119.1017437965096,44.92712064958064,31.75626800801164,101.666503279892,7.27968486054674,40.65,46.8,84.343846036308,3.73001288350945,8792.63436120342,3.64871282999395,193701929.0,22.772178113177,23.2679773559416,8.42333833760436,-0.1493446,415.8568,2.69565792874913
BRA,Brazil,2011,2.365,461.911,0.550943748391529,0.759021938700675,0.57085384949046,0.060295571971694,0.0670162993126651,0.846956642179858,19.38375722917942,117.5000894949463,44.72062375015229,33.82765673534783,120.008104166504,9.13182030910824,45.69,45.2,84.6225758599683,3.91518011405433,9067.99316348047,4.33686638966397,195284734.0,23.9344051758721,23.1020509663714,8.31859222192008,-0.1721799,425.5894,2.85508805004688
BRA,Brazil,2012,2.527,497.468,0.508213081128521,0.735473702113594,0.603574584305134,0.0564982599380131,0.0659362394715767,0.87772662501482,20.63694567235455,116.6666890933023,39.55980146087842,36.49978980056846,126.131962754994,9.71151141846763,48.56,43.5,84.8973874181312,3.75496285641218,9167.49923929815,3.85552495977285,196876111.0,25.1142736107398,22.1336473653626,7.94312693485261,-0.0995934,423.2285,2.84742249197166
BRA,Brazil,2013,2.678,531.569,0.525533621394596,0.701240337781772,0.56106747657382,0.0574404122356286,0.0687505618876672,0.932566729071213,20.77703360994787,119.8596220558961,37.91792306379019,38.93347862001748,136.589138644321,10.7622017659472,51.04,42.3,85.1676585442726,3.04150901624338,9366.73932434359,3.78686028400519,198478299.0,25.7859573274674,21.2248099514406,7.50456453379576,-0.3656427,427.9851,2.8465991389447
BRA,Brazil,2014,2.781,556.526,0.500091938408904,0.694757687877879,0.524954798774313,0.0612714920660798,0.0664422396946132,0.937701317283752,21.50454070471683,119.4311076095932,34.76709182723047,40.45732630732003,140.304679417776,11.9790772854396,54.5510018796392,41.7,85.4331367898168,3.57135266957477,9338.34278278114,3.28623279487755,200085127.0,24.6854058131291,20.4724627471447,7.84670975161919,-0.2414052,431.5563,2.78521947410554
BRA,Brazil,2015,2.619,528.174,0.484545899868774,0.71289218004621,0.46260497597825,0.0531055077021893,0.0691813478989722,0.829815040430178,21.13603453946391,116.5386131522916,32.48252481283942,41.60836600766505,127.83616904008,12.6353840484725,58.3279517340924,43.7,85.6935697061881,3.59214931791344,8936.19661712113,2.35832735012319,201675532.0,26.95362593736,19.3600439818506,7.56617500668908,-0.4959054,439.8321,2.61214495192457
BRA,Brazil,2016,2.42,491.745,0.461730076322688,0.713543453889102,0.475223247156268,0.0548349512932897,0.0647157349873892,0.750915630525573,20.6236731524135,113.6750311592,33.15722724305177,39.02131759916176,120.101181531485,13.217709027651,60.8725400681261,45.4,85.9487048448108,4.13737803865892,8577.84376650911,2.43013532231265,203218114.0,24.5336820777006,18.3547582766688,8.10360437618169,-0.5263958,444.2768,2.52096309417431
BRA,Brazil,2017,2.429,497.255,0.525145785330853,0.692892151215678,0.47707910992888,0.0567277335064635,0.0724525630624224,0.7969555871881,19.80034198912728,109.4871050436484,33.84390110423251,36.549566098381,108.092570205646,14.1218273097456,67.4712845236305,45.3,86.1982897571091,3.33825981739039,8628.25308908043,2.73375767842298,204703445.0,24.3197343743057,18.188502309123,3.67138450274919,-0.602133799999999,439.3693,2.6212529302324
BRA,Brazil,2018,2.312,476.601,0.485935016740256,0.665355170939278,0.477092313202874,0.0544925618934666,0.0725970832411155,0.758668132659303,19.29325001582529,108.3109261776059,34.24249832847854,35.56607647010676,101.602460284017,15.1537620986579,70.4342825404361,46.9,86.4420719945072,4.07858821454947,8722.33630317935,3.61759120230309,206107261.0,28.8762033763866,18.7490514528298,4.4935343282916,-0.645190399999999,436.5891,2.51414027867629
BRA,Brazil,2019,2.298,476.724,0.476013298503521,0.642400920737637,0.416144298467209,0.0536817647120054,0.0724596451032219,0.747578744365192,19.03878180129628,117.6851835851127,34.19457126849247,35.56402007041112,97.3747376780285,15.8621991239093,73.9124399133589,47.5,86.6797991084296,3.692673213156,8771.44051292177,3.21717303299592,207455459.0,28.8902578698964,18.754627572495,4.22425886342708,-0.722116299999999,438.752,2.40827867188879
BRA,Brazil,2020,2.147,447.999,0.478297907285944,0.629549283377972,0.437807395360956,0.0522576453300027,0.0733720260420915,0.66522595109678,18.30725499503029,101.741914961975,45.31341147238152,41.38771080781282,98.6456198619193,17.418059685583,81.34269353,50.0,86.9112186503004,2.59263795310275,8435.01143254978,3.22987656043381,208660842.0,32.3020785437939,19.5061183894885,6.47249962315726,-0.427421599999999,444.6822,2.33651020849375
BRA,Brazil,2021,2.37,496.562,0.475877377603311,0.652612914915898,0.466721250263205,0.0555677247201838,0.0713244010248997,0.800825671022656,17.56153320135451,93.05986473269104,39.82514758269721,42.13530449041571,104.824727184587,19.8363162401481,80.68989314,46.5,87.1360781715439,2.77979084938159,8799.22945810901,7.94111199933246,209550294.0,37.6563307598082,22.1234751955181,13.0472708601388,-0.3922756,457.3507,2.52292933955015
BRA,Brazil,2022,2.283,480.058,0.410842084997089,0.617943220305372,0.472708126212093,0.0551262335350202,0.0702338586850912,0.752750168187794,16.92296315602775,73.02318189724413,39.20985429500293,42.47050150086332,101.245468903076,20.9534469027015,80.52775094,24.730379757901794,87.349556243881,3.8680317970139,9032.08481566299,,210306415.0,38.8160659763397,22.819456851691,8.57028196165616,-0.415796899999999,476.2004,2.37960369192246
BRA,Brazil,2023,2.292,483.992,0.460246873497318,0.615016124648278,0.504786066326078,0.0547261774318741,0.0759211244332197,0.733788567051689,16.40364305450291,69.61462394302242,40.64468044803252,41.78125207875902,101.020256020808,22.4192301618889,84.15060238,24.466824806522645,87.6159710235763,2.86383344298207,9288.02701470069,,211140729.0,33.6662298301438,22.1441739234284,5.15950107377019,-0.521574099999999,485.0341,2.44448493338846
BRA,Brazil,2024,2.278,483.012,,,,,,,15.83888011208443,66.36652238401034,40.95825537904004,41.14704724443083,101.926846460424,24.079199344422,84.46347227,24.422013097442182,87.8958549533146,3.38960808548439,9566.74518687619,,211998573.0,35.5845239386244,20.9406935314976,4.07967448515818,-0.5205702,471.8112,2.46026226561863
BRB,Barbados,2010,5.692,1.567,0.610146308696182,0.407418615103566,0.386673965872355,0.294745784149139,0.0898653462816532,2.60479998482389,19.11210615409818,37.76916216167022,83.73336550560926,55.48053599284809,127.182525986129,20.4146881119593,65.09999847,8.2,59.2366008990356,7.83499963061945,21285.0039393558,0.297144735120965,275243.0,,13.8766154757694,32.2179603905153,1.1818697,0.0288,4.39365000492679
BRB,Barbados,2011,5.889,1.626,0.615151381747442,0.426489646207559,0.309906152128224,0.297170348263788,0.11021839875069,2.76591951289883,20.3801578782897,33.51403739985417,76.94561885136872,54.55034227945171,125.993430844611,22.6820550519847,66.5,4.1,59.236693205614,8.26064263874895,21200.1949825923,0.478258261538397,276139.0,,14.424862924854,2.55329602162956,1.173978,0.0287,4.52485543999654
BRB,Barbados,2012,5.612,1.554,0.577566198523828,0.362578739448573,0.218893150056037,0.30731209994247,0.118905492204875,2.71392997104397,21.1805211309497,37.40389901848564,83.38516973013071,75.85192927248566,126.127869775907,24.1512540713084,71.19999695,3.8,59.2372151062924,9.62445304629791,20534.8825878653,0.455018922008083,276938.0,,14.1272829556837,1.52349026013736,1.2347483,0.0291,4.29918565121975
BRB,Barbados,2013,5.546,1.54,0.561250406348855,0.407561258205434,0.207083121094505,0.305695829864543,0.11092262330502,2.62968880335245,19.72758005362315,38.1100978308629,82.00883286752403,69.07238396501268,110.819872868385,24.4171933805125,71.80000305,3.1,59.2385370835674,1.83901684216295,20521.1209928514,0.383795670096944,277665.0,,13.8035496339376,2.96227821724729,1.216274,0.029,4.22220204217081
BRB,Barbados,2014,4.913,1.368,0.559905819258911,0.394151129871849,0.23389434448515,0.30858435724009,0.113875453535844,2.26916811724798,21.40754616002141,44.15306395504415,79.74109217760623,66.9597537602033,109.738888010692,27.9254745857703,71.92459869,3.0,59.2410313429534,13.2577062663761,20636.0327188055,0.327779295536994,278348.0,,13.551897385724,-0.365487083623734,1.3382083,0.0288,3.87957922163983
BRB,Barbados,2015,4.784,1.335,0.599490094849422,0.437511001648751,0.190682720656846,0.324436704208321,0.116995992909707,2.3977895460397,16.4103109975695,37.69936310252453,87.03467509523136,67.53781333075739,120.001433743145,28.0544105523495,72.04940033,3.0,59.2450700899645,12.0802096629405,20429.4747123553,0.129202531392543,278990.0,,13.6071925086433,1.0395508244396,1.1290517,0.0285,4.06690606031275
BRB,Barbados,2016,4.905,1.371,0.611979783584779,0.440169643391798,0.201683724748676,0.342058301437864,0.127496113512791,2.44484737918979,16.76009685571762,24.25803492274919,89.82465695960548,66.62270761648078,118.816300545784,31.0756872366755,71.57299805,2.8,59.2510255301153,9.81682382442232,20673.7682337375,0.0966644797426343,279598.0,,13.307652419376,-1.75274683001335,0.839715,0.0283,4.1682349458657
BRB,Barbados,2017,4.994,1.399,0.548727536707353,0.389216435127623,0.151949281626911,0.340254681526995,0.148098566344911,2.5569294794371,17.55194278066654,27.20551131003313,87.10366688974824,65.16535014112243,117.629947424965,31.8876686023893,71.14849854,4.3,59.25926986892,1.56449398077594,20766.5518491129,0.13228226291345,280171.0,,13.2366493748245,2.29477437140251,0.8399905,0.0286,4.13517598077089
BRB,Barbados,2018,5.154,1.447,0.584216706742038,0.410168799465936,0.137648142213176,0.327126056071842,0.157103673891534,2.59188501473748,17.47113986084237,27.08026678430568,86.56712149638741,54.57869629843725,117.318523321138,31.8263267203636,70.72650146,4.9,59.270175311893,4.02586921729395,20674.3547847984,0.214063429251287,280711.0,,12.7851760815479,2.88823424793601,0.8002803,0.0288,4.20814839312201
BRB,Barbados,2019,4.95,1.392,0.565571360080246,0.344509861459891,0.170194250687544,0.285898410003182,0.141729545869873,2.40948461266863,16.09290389926712,30.01109105539004,85.55456747903743,52.79226404602812,117.111593950364,37.98020675161,70.30709839,3.4,59.2841140645486,3.49246359988213,20687.6467427909,0.230547661622418,281207.0,,12.5433196899715,2.51249012084693,0.9758945,0.0297,3.91738804076937
BRB,Barbados,2020,4.457,1.256,0.521258082701848,0.269037135226659,0.146325798873164,0.282253484776836,0.144491315967921,2.50891219027007,15.1633964275038,29.02707316122156,101.4421964969573,57.90165936507125,104.722078254017,45.43873225937,69.89009857,4.7,59.3014583324011,4.85078698836817,17056.9868669781,0.138343276363777,281698.0,,13.1564919497155,6.08460788167491,1.0680614,0.0302,3.8722780078165
BRB,Barbados,2021,4.218,1.19,0.47001776241816,0.260195974206674,0.187050611856414,0.308900931510391,0.1425276474488,2.43342794368643,14.24612116973606,31.08244618851504,104.7677899687883,55.54958355945808,112.222706603295,36.3512637029634,69.4756012,5.5,59.3220365433819,4.01309546170598,18395.6153622073,0.328405869203115,282147.0,,12.5929814661889,1.9244125227566,1.0845669,0.0305,3.80212087112687
BRB,Barbados,2022,4.658,1.315,0.533215459036985,0.313803216855856,0.196910314832367,0.339115353127814,0.153283190473972,2.7061125935122,12.91566928998261,30.13656167662608,93.66425344113712,49.75432160932488,114.580721030894,37.4843261853654,69.06359863,5.5,59.3538514107686,2.90417181231459,21315.9363255517,,282318.0,,12.8095010387424,-0.156970182468754,1.2066625,0.0309,4.2424401278392
BRB,Barbados,2023,4.664,1.317,0.535010946219585,0.279680637170885,0.15532049540896,0.334535353555782,0.144100141940851,2.73363653211956,13.30677701275734,33.91081883896224,87.72502676151952,47.61868895922573,,,69.67510223,30.0958767448439,59.4235740235775,3.11355771433659,21701.2660270701,,282336.0,,12.2874215528647,3.0188031039614,1.2767666,0.028,4.18228410641562
BRB,Barbados,2024,4.833,1.365,,,,,,,13.26112437223548,37.21670388337055,89.44314297606616,51.00807306032147,,,70.36470032,28.899511571201145,59.5397032429174,3.98890634980471,22421.5333611295,,282467.0,,12.2073080339376,1.75612477212653,1.2722219,0.0279,4.49005260754403
BRN,Brunei,2010,20.435,8.017,,,,,,,22.87493555755095,80.57439987435856,49.05279296288136,29.62549278071461,110.901991170743,5.53077495590469,53.0,0.0,75.2506559029998,3.50710078835613,33121.3178241724,26.7152441963854,392332.0,95.3715460226132,68.6533507031802,4.98008972872196,1.2633781,0.0236,9.442668412640897
BRN,Brunei,2011,23.925,9.555,,,,,,,22.75914465779283,79.32231299848384,50.20414618875319,21.09060869654459,110.959741004384,5.80511731670126,56.0,0.0,75.312125504778,3.73105568458092,33754.3640783713,29.6086211413466,399389.0,99.5379309038179,73.6724144504971,20.1807687225469,0.9587232,0.0204,10.603931086059486
BRN,Brunei,2012,23.424,9.5,,,,,,,22.31893761856936,90.916848828584,49.22339638749323,21.33626604748991,115.8258888393,4.8942565410041,60.27310181,0.0,75.2714233503027,4.54055753809902,33544.5389457877,25.2092889599313,405557.0,105.640902140819,72.655614353873,1.22025216243901,0.901649,0.0218,10.432118733972255
BRN,Brunei,2013,18.546,7.626,,,,,,,22.53920211224523,81.14112760408283,52.2085082964727,24.27151810929629,114.010632244007,6.70157246316895,64.5,0.0,75.1756915148608,4.28670084809197,32381.0739795231,21.4732323194006,411202.0,110.939599584216,70.022444095261,-2.82348979357411,0.9634698,0.022,8.797044311313503
BRN,Brunei,2014,21.19,8.831,,,,,,,19.90018320803588,79.9166087560806,56.33863191112691,25.60518794886404,108.471265746851,7.26070785842831,68.76999664,0.0,75.0572639801502,3.35660901155102,31148.7297405401,22.0986474634681,416750.0,102.421000963035,67.8496307805484,-1.84601527827432,1.2566861,0.0213,9.603378587927391
BRN,Brunei,2015,16.421,6.933,,,,,,,20.45458771609032,77.78941692028289,66.28446258526803,33.81995218847861,109.751499246824,8.15348687389274,71.19999695,0.0,74.9484620568562,1.32471179544033,30625.1287744656,18.8982989274798,422212.0,89.8961882533585,61.3627773605269,-17.6127429803002,1.2031979,0.023,8.031171159669933
BRN,Brunei,2016,17.852,7.633,,,,,,,19.16985403525427,74.24514896193719,75.75971602405517,33.90044688628511,122.42681797345,8.44785809843673,90.0,0.0,74.8816070556641,-1.32059047324396,29492.4145927789,15.6737709259074,427564.0,87.319801332806,57.2893638536308,-9.16949538892618,1.0333017,0.0228,8.447600223122564
BRN,Brunei,2017,21.51,9.309,,,,,,,17.94038410362366,67.57544679031578,70.78430280283833,30.30631423098486,125.870435240727,9.49044762600168,94.86669922,0.0,74.8476440654983,3.85818821585897,29524.65912789,17.1505902720615,432772.0,85.1768604269985,59.7205889692852,4.95526866521384,1.0788022,0.0217,9.637688347700005
BRN,Brunei,2018,21.336,9.341,,,,,,,16.76125503572794,72.3380480489311,67.55696582928655,28.91117159998727,129.268175692652,11.2953107512391,95.0,0.0,74.8172471714305,3.80486552830842,29200.1952024222,22.5076667399112,437810.0,93.8980617666778,63.2448184042319,9.21562476277025,1.1449838,0.0217,9.567222431650654
BRN,Brunei,2019,21.605,9.564,,,,,,,17.07536603507107,71.77441994402753,70.89243376072184,29.07517101368662,129.845260684919,12.2424776362158,95.0,0.0,74.7923311783673,2.77118007919324,29996.2407223175,20.8493177212138,442680.0,108.509658357959,62.5153210994416,-3.33372764182289,1.0980607,0.0204,9.68877718633339
BRN,Brunei,2020,24.937,11.157,,,,,,,16.82028240969076,72.6978307537482,76.26159355217163,31.66799587014376,119.933885258067,15.886760064729,96.30549622,0.0,74.7748108912151,4.71057565284031,30015.9588506697,13.7524545777569,447404.0,110.291003658452,59.1336302400797,-10.8637596350162,1.1645233,0.0232,10.772390905553467
BRN,Brunei,2021,25.92,11.709,,,,,,,15.76008645533141,70.92038904899135,69.33647663082522,28.34085869423528,133.597065445264,17.580984722871,97.62879944,0.0,74.7667316936175,1.47404982867232,29256.1833678343,24.2800139399884,451721.0,147.123112375318,62.7015642235623,15.4659287021718,1.1632013,0.0228,11.059234552033775
BRN,Brunei,2022,26.872,12.237,,,,,,,,,,,116.108439291126,19.8049937413532,98.97042579,0.0,74.7772642014221,-1.73946797718401,28549.1756060465,,455370.0,146.973965879597,67.9255854192344,24.2367268387765,1.175984,0.0223,11.338268408123023
BRN,Brunei,2023,27.241,12.503,,,,,,,,,,,118.673752421293,20.2120497048692,98.97039795,0.0,74.8199193881365,-0.37050451622702,28645.9645396284,,458949.0,136.86343465048,61.7411860091314,-12.8472517283232,1.3348873,0.0216,11.462327017662405
BRN,Brunei,2024,26.046,12.052,,,,,,,,,,,118.130579766209,21.1771240120937,96.29828801,0.0,74.8983133873697,0.189449066349964,29563.8682753082,,462721.0,132.58743952196,61.67552249634,-2.84270585148234,1.2027245,0.0212,11.113365355049918
BTN,Bhutan,2010,1.291,0.905,0.471983207658471,0.43964881639433,2.91522526600701,0.022270057513502,0.0245590317359419,0.449682125793501,14.5396093287749,8.48143877511869,74.20514050979205,43.59555859642887,56.1998312505701,1.23640312870565,13.6,84.8,33.9051967813552,4.40487201345335,2378.72810760985,5.30448103550043,701632.0,105.010666693593,39.32493053906,8.32696241504689,0.7505364,0.4371,4.32336850510276
BTN,Bhutan,2011,1.419,1.007,0.467243924551755,0.395077574986191,2.83310566233497,0.0229803137244608,0.0298635463944104,0.53019004089376,16.63580460851397,14.25926109301197,59.97325447504396,49.08026271649357,68.2555256231877,1.86543967453131,14.39999962,84.9,34.4637606688377,1.57461513860453,2552.48871073094,4.92099178553179,709377.0,102.795600221106,37.4178826768856,8.88020592126544,0.7467369,0.4438,4.27846106288555
BTN,Bhutan,2012,1.603,1.15,0.486650177443763,0.423839458678703,2.8255105697222,0.0269551042207785,0.026034998049747,0.795348388534821,12.83305171914283,7.972047280073576,56.11717549658412,47.95218914911313,78.1969080371794,2.33744470422249,15.60000038,82.8,35.0188644248365,1.2354733641673,2654.74798946027,4.25283283104005,717279.0,94.0450271469571,38.2126912443455,8.63679345640898,0.7756826,0.4291,4.58433869665002
BTN,Bhutan,2013,1.75,1.269,0.396152459631945,0.431803713529885,2.80630206727261,0.0308936971125757,0.0272320645489347,0.789672249976086,16.62561223339302,20.44759205716153,53.20765217078859,46.07116665057007,75.052704292039,2.82390217200971,22.39999962,81.7,35.5740003158589,1.05127659163372,2671.07460201171,3.47642434931993,725273.0,95.0525382780424,38.8444853647316,6.16413159810818,0.7771733,0.4407,4.48205625207204
BTN,Bhutan,2014,1.817,1.332,0.577466230608433,0.414865016717792,2.83810732798181,0.0305482390028096,0.0287685759202662,0.731578978419075,16.16182876730349,23.1151737020736,62.42460157118346,45.83257242152327,85.1865744422272,3.40713016222026,30.29999924,82.1,36.1326606084122,1.12656942719562,2797.81883971908,3.4188576402575,733139.0,87.9342562013295,37.6449550742574,5.72222881975419,1.1573285,0.4397,4.62133436865019
BTN,Bhutan,2015,1.936,1.434,0.592739129604649,0.401865681883291,2.80628283774271,0.0284827804301346,0.029464767113265,0.778696483487762,16.08171730559145,28.09679345344713,58.40127746421216,46.29555253683733,91.2409636276731,3.76361363077862,39.79999924,81.6,36.6983375690037,0.294858179551153,2954.04081911097,4.0282954127605,740618.0,89.6391604595496,38.4680946453953,3.20977727445317,0.9981818,0.4424,4.63753168026181
BTN,Bhutan,2016,2.086,1.56,0.565764872627525,0.393165464894702,2.79252433924653,0.029008666989997,0.0336452672566959,0.804738020098469,16.18311283084465,34.18455294605387,62.36895432371137,48.1651432404189,93.382103211003,2.20480674345404,46.50320053,80.8,37.2745234641407,0.504099187674602,3173.36773217431,4.43640193256866,747866.0,76.3847528498375,38.448996403302,4.04891299347933,1.1113941,0.4578,4.61884663111392
BTN,Bhutan,2017,2.186,1.649,0.489512617196329,0.366519405868442,2.79190622892595,0.028184910664712,0.0353177505361919,0.85248422237582,18.04957377986668,38.7797773290205,66.98220413029107,51.59202594320428,96.8565690310008,2.21479846487303,54.33549881,79.7,37.8645544995016,-0.638806366922729,3211.80903275593,3.36403341231926,754335.0,76.7884016850221,39.0388793784971,4.34963395866464,1.1177867,0.4619,4.56392513556744
BTN,Bhutan,2018,2.214,1.682,0.477043640633005,0.408203011110992,2.87149059926132,0.0283112649952268,0.0279914366481672,0.814544332092797,18.0764863522528,43.17296740440961,67.2625830614768,69.61763278374382,92.6022594006784,1.42176663915794,63.48680115,80.0,38.4661892776975,0.10255942689779,3300.55006461736,1.98850743903733,759759.0,79.7397203296083,35.2652134391702,1.15086276370558,1.1151798,0.459,4.62758428474151
BTN,Bhutan,2019,2.046,1.565,0.499384044990274,0.419094525394292,2.88073781855666,0.0335702812241037,0.0277866108828144,0.752292593734053,18.96499406912913,47.24007613583074,75.13134323705339,83.56770709763057,95.3472955869586,1.14719203372279,74.17939758,81.0,39.0746823405146,0.475617042344246,3467.38598979356,2.1900698281611,764824.0,76.1235167041505,33.0939030506784,3.10800837414914,1.1641113,0.4432,4.6128658747822
BTN,Bhutan,2020,1.576,1.214,0.544690598396324,0.386874354382964,2.86920897807692,0.0296750791156342,0.0307739189630123,0.577742352778854,18.64315143831913,49.15012651920499,88.29578657245021,89.11924148590317,96.7702849068709,0.414152616992595,76.85079956,83.9,39.6888839873439,-0.113401528947433,3092.12428399363,2.79203234949683,770006.0,71.8303510394637,31.7909765311756,5.28737431349467,1.1154419,0.416,4.43896528171371
BTN,Bhutan,2021,1.876,1.455,0.540768657508755,0.437563223930914,2.93074326996281,0.0332096256053181,0.0286306783837172,0.635421540606706,20.51206793330076,44.35943146551221,95.89313157222176,91.117954437076,100.330908049861,0.364566273170656,85.63688389,81.8,40.3075199874379,0.244983575408047,3206.20366997254,2.73325446048629,775442.0,77.5824482709826,31.6232724038612,7.62801343058928,0.9391838,0.4094,4.60633699599822
BTN,Bhutan,2022,1.984,1.55,0.521956641962891,0.441551632392165,2.90686636434042,0.0348793717894032,0.0248405875439537,0.839903468609349,12.97615508312131,44.18462933366622,98.15689467260422,72.3468235926909,95.129809428439,0.631823734751842,88.35620117,82.5,40.9365143617581,0.289904655137253,3349.73309632799,,780914.0,85.5712165226139,31.8248447380802,5.79485516979783,1.3224382,0.3825,4.76999806663818
BTN,Bhutan,2023,2.072,1.63,0.541271653320638,0.411689536983471,2.86864861654498,0.0401213682477705,0.0246649021114652,0.952121224721354,12.62922694558908,39.18298616451997,93.94479083754412,75.38922202123085,95.6260610260877,1.31881966212479,90.02140045,32.43325641624715,41.7352457989939,0.338339566522946,3480.51388523184,,786385.0,81.7366278539811,29.4044714589229,4.40359361110151,1.3322654,0.36,4.83851730192968
BTN,Bhutan,2024,2.094,1.657,,,,,,,24.59981374426736,39.93476257186261,94.58849010054357,74.9257110948368,99.7576826476519,2.92069476099272,91.27739716,32.310179736237,42.5645249803412,0.0841982308924301,3717.21053114706,,791524.0,79.3625417953324,31.6714138415403,4.66637888315755,1.3541153,0.3401,4.80208587397073
CAF,Central African Republic,2010,0.038,0.169,,,,,,,0.9058780366987664,0.699996664721774,6.980954062509687,8.365203074337188,21.7946380977499,,2.0,93.8,38.6244963104203,2.8712892233531,519.141456408484,7.89856275992667,4492995.0,34.4304819543042,24.5099241422375,4.21130931097511,-1.71672009999999,5.0206,1.64576123316502
CAF,Central African Republic,2011,0.034,0.154,,,,,,,0.9385004721065416,0.9793048404590002,7.382652758421233,8.890883308155646,21.7401847658532,0.0177436204565105,2.200000048,93.3,38.8030669465007,1.5138934301082,532.38295493852,8.45049853159435,4565021.0,34.4756183327299,26.6383554299084,4.00911505710052,-1.5684755,5.4682,1.67247166415135
CAF,Central African Republic,2012,0.04,0.183,,,,,,,0.9806200869401424,0.9806200869401424,6.843685162079683,10.30423054384458,24.7918387246771,0.0131212306282922,2.400000095,93.1,39.0301696038517,2.79010478789883,553.729578314912,9.16768384336065,4610848.0,33.0594485943314,27.5230753744847,6.18103617692616,-1.8710274,5.564,1.6323960785685
CAF,Central African Republic,2013,0.022,0.103,,,,,,,1.068583321551517,1.232980755636366,10.30482060369846,12.80154797642237,29.3015343940304,,2.5,95.1,39.3042963482777,0.109532467338194,349.821171688973,13.29568815319,4642419.0,38.3992875721315,24.1910676004515,2.48748677760067,-2.14915889999999,5.6238,1.54511693965276
CAF,Central African Republic,2014,0.029,0.132,,,,,,,1.007106817106045,0.7133673287834486,12.19140001404358,14.79556685554944,24.9962039132355,,2.700000048,94.8,39.6226521868738,0.18339589636816,351.561554911625,11.2660722533116,4623182.0,53.0950920179825,19.4826086120024,11.8938033016777,-2.4862537,5.6951,1.69047046131458
CAF,Central African Republic,2015,0.042,0.194,,,,,,,0.7201412493518728,0.8895862491993723,13.21544354937778,11.3973563095304,26.8396654368244,0.0401354842611874,2.900000095,92.9,39.9824421267351,0.176904971713319,366.322853938121,12.6926233912315,4629320.0,53.1451477769621,22.1252513485047,2.70826310785282,-1.8904664,5.8193,1.76123595287668
CAF,Central African Republic,2016,0.051,0.238,,,,,,,0.7071547420965058,1.206322795341098,12.82477061235926,12.18104483332763,26.4835649048309,0.0156141837038414,3.099999905,92.1,40.3808711749566,0.397590019652539,376.858254120398,13.0582628938186,4713663.0,50.53064402191,21.6382374370791,2.98011408445534,-1.698431,5.9496,1.81526224906909
CAF,Central African Republic,2017,0.06,0.286,,,,,,,0.7366521696248026,1.432379218714894,11.86737736469978,9.460793601723228,24.5204193752763,0.0129132904879117,4.0,91.6,40.8151443386334,0.332412482969051,387.35795131742,13.4175903775497,4793511.0,57.1435457117119,20.7372245546503,6.44370628779525,-1.82651039999999,5.8462,1.79519756150822
CAF,Central African Republic,2018,0.056,0.271,,,,,,,,,,,26.2215810621653,0.0124624461199055,5.099999905,91.4,41.2824666248606,0.810612744001372,395.020015455909,11.1787424768372,4878657.0,49.6602000024318,20.5557559569889,-1.22411715845705,-1.89363629999999,5.9869,1.77389758965718
CAF,Central African Republic,2019,0.063,0.311,,,,,,,,,,,32.2626859489842,0.0100916071197805,7.509200096,91.3,41.7800430407332,1.1525297989583,401.82582161435,9.81112301862311,4944703.0,50.0658000014868,20.5119712162628,2.32783705140642,-1.85285369999999,5.975,1.91410625244824
CAF,Central African Republic,2020,0.066,0.333,,,,,,,,,,,36.426009643045,,,90.9,42.3050785933463,0.0746698927110639,398.834274122139,9.88532886509892,5026628.0,49.5210200011921,20.4481887695507,1.98216055627785,-2.3306101,6.1454,1.51155810131504
CAF,Central African Republic,2021,0.072,0.366,,,,,,,,,,,35.8169832358522,0.0097611549069853,,90.9,42.8547782897949,0.214980465443776,396.020622931961,10.2601957578803,5112100.0,44.159119995104,21.5873200020514,3.18576646900353,-2.1689304,6.1875,1.70090100043735
CAF,Central African Republic,2022,0.074,0.377,,,,,,,,,,,38.8217901039988,0.0160846160651184,13.75360012,90.9,43.2751967457285,1.00929791484186,398.91539795642,,5098039.0,45.23357000162,21.157300000739,6.01877877272452,-1.9022515,6.2946,1.68525241300144
CAF,Central African Republic,2023,0.076,0.389,,,,,,,,,,,,,13.8416996,44.221716343715926,43.6983692134165,1.51604656547544,397.467795750451,,5152421.0,43.480570208358,20.7068173193684,3.57480169810107,-1.87417179999999,6.3741,2.02689429461155
CAF,Central African Republic,2024,0.074,0.395,,,,,,,,,,,,,13.78250027,44.311200120494654,44.1243555638904,1.46851186564355,389.938307964229,,5330690.0,46.4318999802251,20.0334561668613,6.03940886655974,-1.83294689999999,6.4505,1.95945096687391
CAN,Canada,2010,16.209,554.307,1.14664778194564,0.313994917996148,1.25062168706791,0.127983412667368,0.0946046324939232,5.17667227977797,24.07878895533582,218.4113920303156,70.18351211969883,65.8211528119238,75.5197130593625,31.6318242774001,80.3,21.4,81.0120892252937,1.83724977084563,41164.3812486578,2.12754227247051,34005902.0,60.2079046752442,26.6501885895518,2.8488118363273,1.0176806,29.8617,8.11052471194895
CAN,Canada,2011,16.288,562.832,1.22672357970991,0.355693708481107,1.23997196305513,0.138733226559251,0.0970809063021827,5.24784748367266,24.18811959843958,207.6652157976086,70.72866070708876,84.45308875727638,77.6722584904981,32.6506480077297,83.0,21.5,81.1031425434213,2.13782226222103,42043.6842044008,2.59347020768665,34339221.0,62.4984217100546,27.4568337699936,3.24460708125697,1.0765359,29.647,8.30605086778024
CAN,Canada,2012,16.086,561.77,1.0570013088644,0.37992561656,1.33259266474984,0.123168402758461,0.101356774744074,5.06254261066988,24.31696626720693,203.4734116369715,72.48835787633654,87.34342855547912,79.3757242462141,33.4738596726536,83.0,21.8,81.1513483248791,2.70017935331081,42320.6856530018,1.44307674491624,34713395.0,62.5957887432013,26.9688342478483,1.21754244738517,1.0932951,30.3784,8.05658737834666
CAN,Canada,2013,16.11,568.59,1.83383101923869,0.358289057846484,1.29045093219538,0.128007154067493,0.123813453557413,5.08290563195962,23.35493267412958,221.293093851082,73.07500024970469,89.02482169770803,80.3548920843149,34.2683042479886,85.80000305,22.2,81.183439957458,3.62983069806946,42851.2135876232,1.71420267216183,35080992.0,62.2315329073432,26.9495619626387,1.74037889737011,1.0153332,30.9116,8.81729724886508
CAN,Canada,2014,15.854,564.938,0.998807425085405,0.31663862426993,1.27211220376886,0.130355299922205,0.103114144556262,4.96645668818554,23.19466088826252,222.350677126412,71.77344405578631,88.48713067034004,80.790219211487,35.2694249557112,87.12000275,22.2,81.211183161556,3.55389980711924,43643.2794910996,1.68853293506066,35434066.0,64.3785976132125,27.467556001582,1.94205145924376,1.1626133,31.1033,7.7874843857882
CAN,Canada,2015,15.655,563.003,1.09942982706174,0.322006490801426,1.33227180265678,0.118003595987828,0.105424873268215,4.76432811240702,22.90972192037768,222.1193164530722,77.53653587320599,94.45454550021827,82.767383138656,36.4698589080979,90.0,22.3,81.2465670276699,3.85389066466467,43594.2379080706,0.332933838108915,35704498.0,66.1648355844224,24.7527687289871,-0.867651110760519,1.1827978,30.9245,7.74146470218301
CAN,Canada,2016,15.231,553.707,1.49295694760322,0.300928722705516,1.31334055366143,0.126305839851007,0.112820067172164,4.69216196197188,22.33826573347058,224.7445048461278,82.794076626669,97.92296849968032,84.5919452304565,36.8232874759276,91.16000366,22.1,81.3023011093703,2.23834791127678,43551.3863558236,0.786494936523475,36110803.0,65.3636199818813,23.6141562599511,0.716976402406601,1.1623092,31.0234,8.03851409296521
CAN,Canada,2017,15.395,566.66,1.21879620772896,0.294268911875916,1.33719678852488,0.131155009183497,0.111386484793167,4.93447593586794,20.82581335409908,229.2406301303559,83.17849653444927,99.31515840348756,86.1024018448784,37.8276923396247,92.70140076,22.8,81.4018945832226,1.5375171282853,44339.4332217878,1.19690470285221,36545075.0,65.1009087910845,24.3454545964162,2.57115294047408,1.0192144,30.9522,8.02727933797437
CAN,Canada,2018,15.42,575.091,1.27499032855976,0.287766138585869,1.32589309104951,0.129274790223828,0.11264934554869,4.93381739316509,20.1771202064553,220.4825317955991,85.6273384995583,99.92650989074887,89.0494584998715,38.7333531661948,94.64,22.3,81.5500341646653,2.46930986353956,44907.3887994469,1.79820431653194,37072620.0,66.59982627163,24.9408903086944,1.65097171958317,0.9371514,31.4458,8.06439108713275
CAN,Canada,2019,15.325,579.007,1.32929662828594,0.263198705387587,1.12838823545647,0.129719152618649,0.110812190431414,4.94534723410345,19.74956463631946,214.3280212214482,87.19593976909209,101.7081013138609,90.9589210049458,40.076756874499,91.91290283,22.4,81.7363672047941,2.80676080429286,45100.336805859,1.93317583033348,37618495.0,66.1713422730605,24.3866616412399,1.546199357368,0.9041813,31.4264,7.90676214628351
CAN,Canada,2020,13.733,524.208,1.25216983969127,0.277360594160311,1.2893675205962,0.122682284828539,0.116087903693842,4.0316714689288,20.1837411259683,210.3554063918285,106.9526288128899,111.0890793041472,84.7747749116615,40.7949805592606,92.3,23.9,81.9509888710566,1.75896848026439,42366.1710935265,1.24181874632923,38028638.0,61.1566883386797,22.7381403260214,1.07072837279907,0.9455077,31.1926,7.08933961189896
CAN,Canada,2021,13.977,537.479,0.0784309278606512,0.248935289661153,1.36706545320154,0.112535905547707,0.0837282815984327,4.32203373487123,20.69229138123078,212.4536867598634,101.5159999652972,123.9196188369986,87.4056019628826,41.6930962576979,93.93710327,23.8,82.1779279079275,2.97618405526996,44639.2381171993,4.94905581435186,38239864.0,62.2468612630348,25.606265130749,7.78483196279312,0.7604154,31.1694,6.21272959274071
CAN,Canada,2022,14.107,547.658,1.42844602697206,0.243011912795974,1.41279372525532,0.11048017189822,0.107457775887679,4.5172423815434,19.76144427266633,205.9685035787738,95.84238882614156,120.6197955761959,91.2386689983444,42.1792116530791,94.0,0.19164568330577936,82.3500897353968,2.30686661821278,45883.0058941892,,38950132.0,66.9531620692051,27.3506338523117,7.88257577548967,0.5074459,31.195,7.81943199435266
CAN,Canada,2023,13.88,545.479,0.801471534418604,0.248024038945844,1.22650494337493,0.0961633320455235,0.0991216041571802,4.385105747444,19.00504075420674,188.3714129311098,96.82068709289284,122.7898534669934,94.1497268194785,42.5241770773151,94.14530182,3.833983776202359,82.5250564408346,1.99841597173847,45495.5100892605,,40049088.0,66.5745425015033,,1.54476766162554,0.6267803,30.6326,6.85639120038608
CAN,Canada,2024,13.42,533.34,,,,,,,18.03742746226577,173.8149507163387,98.59348821569446,120.5033296601394,94.1059718794246,42.5238215177079,94.353302,5.040025057710011,82.7002565766633,2.77756440541293,45061.3864587285,,41262329.0,65.1214987304374,,2.73223601603696,0.5984769,30.5285,6.68360667966397
CHE,Switzerland,2010,5.755,45.034,0.596906860095383,0.204106029158852,0.433896989634295,0.0851177233901674,0.178272210634203,4.05029255206719,51.82980603964099,96.09827449372553,130.042122194379,147.544745626958,123.236153760539,37.2298614586992,83.9,20.6,73.6086716419323,2.8968438323572,83069.4276373455,0.0153502739851764,7824909.0,119.202460523177,24.9427027614324,0.450962932080756,1.3107684,4.1788,5.54859236498009
CHE,Switzerland,2011,5.177,40.973,0.614418601389314,0.209235070782115,0.378712608034023,0.0810858900973842,0.19346058118717,3.89926425796505,50.31262727896782,99.09251258522528,131.4465444697737,150.0509975190226,127.39653885362,38.8955434493097,85.1930281804854,20.6,73.65058748615,2.85527784754459,83307.3180998465,0.0129731788701895,7912398.0,125.047367558638,25.388295742135,0.106195288162908,1.3512353,4.1468,5.37617700945506
CHE,Switzerland,2012,5.281,42.242,0.568287306472801,0.196810294055696,0.416963746266007,0.0679936221058595,0.177397856935887,3.81334574704135,48.94430026857596,99.40340309955076,140.1649650247977,155.3762024473322,132.03116268359,40.1600289838911,85.2,21.9,73.7522629583622,5.72352684333341,83354.0207485188,0.0116054102262085,7996861.0,125.865940588688,25.0356403228036,0.202360443823196,1.3809599,4.12,5.2407985728776
CHE,Switzerland,2013,5.337,43.183,0.569718336361067,0.206271439373545,0.395414360262646,0.0724638953749099,0.159904864480288,3.78560651981351,47.5069389913565,99.08175043457229,160.0847253617534,159.580739785482,136.551244178553,42.4917583320748,86.34,21.8,74.1121384785551,-3.46803774147053,83914.0245080812,0.0122925706275075,8089346.0,132.800535321539,25.1241594165101,-0.0298102053788796,1.3427758,4.2429,5.18937941566597
CHE,Switzerland,2014,4.792,39.244,0.59446495156546,0.194907626243363,0.399566113523186,0.072505524340319,0.186572397937103,3.49952493162974,46.08135597402745,97.7435486460302,163.8923069273601,161.1011275686425,136.137729869778,43.1731934431674,83.6172512621702,22.2,74.7402679059582,2.83378237216102,85004.8134534,0.0133939110821008,8188649.0,119.230530793932,24.8339450953448,-0.604994160396473,1.422405,4.2747,4.94754154523917
CHE,Switzerland,2015,4.678,38.756,0.56465353136372,0.191673551224654,0.362563812026436,0.0709235128703491,0.169521131501547,3.41017162739301,44.38604457379896,98.78376565529824,163.966352533462,162.2217242277768,135.723075533919,44.6715654663593,87.4790555978675,23.9,75.6044960143169,17.0946761521558,85265.06205193,0.0106918477707141,8282396.0,116.370019931647,24.7414169599893,-1.34498887233339,1.2751929,4.2354,4.76950716637971
CHE,Switzerland,2016,4.684,39.225,0.535951997741232,0.178850840410203,0.341039950993039,0.0724273256115388,0.141212248747335,3.29664004968428,42.48211731546129,98.53101383965809,167.5808729904166,164.4447264769133,134.235676338144,45.0860971371482,89.1346877351392,24.1,76.6726675773771,24.4555901017489,85951.2234148345,0.0105099534065671,8373338.0,122.941735178779,24.8224218751812,-0.609327083693216,1.2064894,4.205,4.56612241318763
CHE,Switzerland,2017,4.523,38.234,0.559227251293683,0.186047906243451,0.339564594794078,0.0665685608585729,0.172253537015539,3.31271945053255,40.86170635036535,98.09312964231682,174.2416310898034,166.2870947257817,131.169694242519,46.3318234490564,89.6861476710225,25.0,77.9126273688843,20.7708262545671,86362.360972862,0.0097955876053815,8451840.0,122.948395589146,24.9653992896239,-0.335050388266879,1.1641565,4.1856,4.63638130073787
CHE,Switzerland,2018,4.338,36.945,0.540008119082407,0.165880371321138,0.391119491274797,0.063160595331112,0.170242946307694,3.18686045001621,39.55373768314845,99.5129488409774,172.2078845860548,166.696168652667,126.681143927488,45.6049920012625,91.80000305,24.2,79.2922201625844,-21.8417322340093,88581.0826935584,0.0130088671838284,8514329.0,123.499829706856,25.1021330566529,0.749224961797083,1.2552678,4.1835,4.51727197333335
CHE,Switzerland,2019,4.293,36.822,0.532577410641884,0.171834547472286,0.330539800116197,0.0639895896513351,0.165828438671553,3.12487834091801,38.40078701026816,97.81358435388891,173.9458457276415,170.1588647348625,126.920635838501,46.912372381587,93.1460869535177,24.8,80.7792907322229,3.03579308743079,88932.4119306425,0.0091832516564973,8575280.0,123.022509832864,25.7648791839408,-0.0903364764452448,1.2001317,4.1004,4.38964812747127
CHE,Switzerland,2020,3.975,34.343,0.544509846112801,0.18435040683082,0.341099102787557,0.0665745193966603,0.176721490511383,2.82196969165789,37.06752790523905,95.0809346304606,190.2391162487716,182.0685216834587,127.376373489656,46.4813712779996,94.34999847,26.4,82.3416838515457,-31.5520454460584,86293.9183441155,0.0080278531976577,8638167.0,121.451100609762,25.8222063386564,-0.760827705552742,1.1126481,4.0778,4.13522505729711
CHE,Switzerland,2021,4.123,35.902,0.528634747336577,0.182964538155661,0.403566161103137,0.066592851767444,0.143427843495666,3.03284372868792,36.49898193814464,93.57429876432413,183.972038234027,175.158354676299,123.21236546636,47.9433096708255,95.56937154,27.7,84.2006477608879,-14.366241892487,90924.9256769825,0.0091074031194559,8704546.0,128.004119652561,26.7731802845588,1.9347982166607,1.0255347,4.0785,4.35802987054641
CHE,Switzerland,2022,3.748,32.951,0.55042369736439,0.178372487522537,0.408530692502745,0.066690666789236,0.156468635880587,3.02215605555761,35.05338632078155,89.49144284191875,171.2329174926811,169.8984172222625,123.971228075124,46.6747503634479,96.45279694,45.99446912713657,84.9206266284521,-1.44605128264693,93360.440112464,,8777088.0,136.235871048363,25.9746436885308,3.05129732588081,1.0254452,4.0872,4.3826422356171
CHE,Switzerland,2023,3.605,31.977,0.484131907344719,0.17145847653577,0.404369314508666,0.0644497779516722,0.147269205677186,2.74480110625315,33.96919896498525,85.04214113447593,164.2724498259292,170.2745939243231,130.221876609608,46.8364627671237,97.34436623,47.321625195594414,85.1854212679815,-12.43582733744,92947.9424441568,,8888822.0,129.7371945484,25.8710535844701,0.933967686103571,0.9907717,4.0491,4.01647978827116
CHE,Switzerland,2024,3.595,32.072,,,,,,,32.21217187998435,80.27663683060341,169.4887008030445,169.799630946933,129.471369643132,47.0197818175134,97.3443985,47.64025049928938,85.4615370020764,-11.1757250603926,93018.3768706697,,9005582.0,130.354516041578,25.4190930940157,0.965863084352208,0.9806678,4.0528,3.91128884843981
CHL,Chile,2010,4.153,71.347,0.601084175515759,0.386334297315579,0.722135109568968,0.43721389077188,0.06943186029378,1.77164900270063,17.12157789138421,60.83056269902536,54.33599359832041,72.0893633021477,115.54453101319,10.4144501306757,45.0,27.0,86.9560135592209,6.84144686828522,11649.2897090856,11.9881628362203,17181464.0,69.7176802332624,33.4669018680974,8.85744148942345,0.9018874,8.7017,3.98784833616659
CHL,Chile,2011,4.499,78.071,0.62725109052553,0.355599379758746,0.791687780839252,0.388301352937947,0.070548399120327,1.94982266716852,17.01435366833631,63.72343197346404,59.36064272369648,76.74258412107208,128.604683221629,11.5909712274496,52.2496072877744,28.8,87.0109164653326,10.4897738058645,12252.8441074615,12.1645185437385,17351816.0,72.481642209343,32.441754237811,3.26051486618304,0.5996883,8.6254,4.18321067035032
CHL,Chile,2012,4.545,79.621,0.596512004928583,0.378665121455482,0.786588480342239,0.263617144819755,0.0648129515082435,2.03817967574556,16.93537461048638,66.57403857518008,60.40612134817984,80.80915775731762,136.656261082535,12.3655190651996,55.04999924,30.3,87.0824943735696,11.9097449981544,12882.834417927,9.05442637303188,17519119.0,68.1561435339271,30.5583002524338,0.763466680663043,0.592861,8.6755,4.12837537879986
CHL,Chile,2013,4.621,81.733,0.620148701894108,0.367449791081595,0.841940424514525,0.183243953790589,0.0709433579011039,2.09689757863145,16.77943966909807,62.96555835149684,61.76092841481064,83.79460422431151,133.778091102587,12.9765829219485,58.0,30.2,87.1827777654221,7.61396398974862,13182.7329619856,7.66232423505302,17687006.0,65.1432877063737,29.4304382741697,2.26077060922354,0.574319,7.1549,4.18062380781337
CHL,Chile,2014,4.343,77.586,0.581068706112942,0.32773299745329,0.835549071506595,0.204840007163644,0.0644410659570429,1.87660542155428,16.57579906680286,55.85826828986506,62.63620377676049,86.84089954983901,132.559670334991,13.9369112350151,61.11000061,27.0,87.3133701497978,9.83500371419039,13285.9540361192,6.87780503013052,17864195.0,65.6346274347707,28.9028693089623,5.85289162562634,0.7184817,6.7966,3.89023726974779
CHL,Chile,2015,4.531,81.778,0.618923498550335,0.323758336765219,0.944318855054694,0.169432767257251,0.0650543117387983,1.95330930149995,15.89030265213027,55.20080747098912,62.76441813090566,90.50028040402212,128.583971575207,15.0681266925704,76.6295919508796,25.1,87.4653320342387,7.32780348711267,13433.9202987032,4.04461870413776,18047625.0,59.3491105681231,27.8806409445573,4.95436553002575,0.6780588,6.4143,4.07479707086624
CHL,Chile,2016,4.612,84.25,0.622934260924417,0.375534665719049,0.840744355519143,0.13546804706945,0.0689644409889236,2.00417024429724,15.54238635660571,52.63697264567257,62.48506519102068,90.55292058817967,127.565123343064,15.9005028734256,83.5585860244169,24.6,87.6306290578181,4.55707488153847,13505.097711133,3.20569572328577,18267221.0,56.0578603070995,26.7795648236165,4.56065603684756,0.5937207,6.5836,4.04781601451823
CHL,Chile,2017,4.533,84.135,0.661647243543751,0.36833380866969,0.894550357983294,0.171324216302329,0.0640940873122356,2.00705002311297,14.60222432089303,50.91406851502593,60.12895171072779,89.3227400889307,124.000811902967,16.5009633130641,82.3274869338464,24.1,87.8000295757281,1.89647029836548,13473.3458532934,5.30261792520974,18558868.0,56.0261586393213,27.3811558508707,4.82819188620873,0.5894191,6.6588,4.16699973692427
CHL,Chile,2018,4.469,84.443,0.695570567538179,0.387521959003266,0.867492957472437,0.147010448591861,0.0695209723081582,1.96335792831428,13.71722749149355,48.80431391447064,60.72972933752475,92.90692932468446,133.270134198082,17.2066645597348,84.90000153,25.5,87.9620493753008,2.68461345207245,13763.0068844795,5.83707726201581,18893191.0,58.1770513035882,27.8615223911065,1.59019973716229,0.6742085,6.8836,4.13047483322818
CHL,Chile,2019,4.791,91.977,0.646065835560226,0.404642934341977,0.799354422631514,0.108968379040408,0.0661342825520414,2.14586864269835,12.75693024560519,48.50324558474699,64.54284282322232,98.16610268486257,130.492770400522,17.8649532986793,85.01760101,25.3,88.1273685623538,4.87915172452024,13631.9284885172,2.56889266052365,19197744.0,57.6069157856537,27.1245649947609,2.56635925518241,0.1657239,7.1222,4.17103449682452
CHL,Chile,2020,4.139,80.178,0.650139103579021,0.400831224037249,0.801260466423781,0.066464717745796,0.061861709182367,1.79949067288444,12.02231316012386,48.32337137045575,68.3025545178398,97.97344792867474,129.413740104604,19.4305872645094,87.45929718,26.7,88.2953490438375,4.50500989019161,12680.7761524378,5.48716936741024,19370624.0,58.1687693933374,29.8465647278291,9.67866368090178,0.1362588,7.2805,3.78004789385265
CHL,Chile,2021,4.298,83.63,0.729154929023987,0.46974165461468,0.876537303948018,0.0845906497327036,0.060091765148252,2.12303461858209,10.88143242322974,47.64235003296434,61.4383658774304,92.11464667562092,136.571581265001,22.0140443723879,90.23280334,24.2,88.4660511664452,4.81031437211446,14056.251601955,16.9044168802743,19456334.0,64.8399924791736,30.899925407319,6.88300172713348,0.146317,6.8801,4.34315092104973
CHL,Chile,2022,4.385,85.744,0.639879660234649,0.39708325903151,0.843102373704174,0.126718360108763,0.0618530425888657,1.50069972835281,9.968350642175078,46.8755003996979,59.24738377456663,91.69439937306552,135.114280974065,22.7901897178525,92.31819916,19.733840080260173,88.6395352768685,6.2344860828365,14275.4094646211,,19553036.0,75.2334197533759,31.0038816004149,7.54751985501458,-0.004406,6.7649,3.56933642402078
CHL,Chile,2023,3.948,77.604,0.667002261366533,0.408646759990981,0.734613492395945,0.141502589008572,0.0594949188288082,1.60879525081749,9.37734202657476,47.0898961387024,55.73791516845533,88.0645781816681,135.871118507277,22.9954165646133,94.45742345,20.261558041937164,88.8158617217972,5.72340675956374,14294.7106635595,,19658835.0,60.6766444736157,28.9994589242547,6.55832071048555,0.0876667,6.6331,3.62005527240833
CHL,Chile,2024,3.983,78.726,,,,,,,8.902322330119803,47.16220043472093,53.03686754686742,80.36483053518208,132.660408764665,23.731405742065,95.590243,19.65305356249275,88.9950908479196,3.97989457086765,14616.9287938028,,19764771.0,63.9577465302563,30.4616591689674,7.12781265306492,0.1213566,6.6465,3.78522799787599
CHN,China,2010,6.37,8610.048,0.331281237836066,0.128101734681911,0.194191731911433,0.0721239340649559,0.12927809558332,2.12718834318675,,24.85693881936792,136.1130410718227,87.0301094801683,63.5563376954813,9.34748427588032,34.3,12.3,49.2340270628041,3.93541996731512,5764.65012366375,6.2867264165298,1337705000.0,49.8540722338977,45.7066207106778,6.93288714030183,-0.6176124,486.7554,2.98216507726443
CHN,China,2011,6.999,9520.153,0.330613565921152,0.121822428641793,0.203801549995403,0.0717501370489695,0.1317948705124,2.30158867304737,,30.39063593479826,130.1941100009448,83.26583093309863,72.5052393725573,11.504276685286,38.3,11.3,51.8300285339355,3.65069190228423,6275.71634288814,7.68520289897261,1345035000.0,49.9458272253643,45.8002054108107,8.01535579905837,-0.6326472,483.7363,3.16137122516709
CHN,China,2012,7.132,9767.311,0.352888256015525,0.116917290583878,0.20148899416636,0.0738329418963192,0.134166017553884,2.37203847180203,7.73321647720568,37.55943914264758,132.9056932783158,85.47535018119473,81.2075981633238,12.791553937217,42.30009842,11.5,53.1003112792969,2.78099138181613,6723.09003744607,4.0884931932087,1354190000.0,47.4802130784317,44.6820698165478,2.40362145525938,-0.6177714,483.3797,3.251331972018
CHN,China,2013,7.21,9942.371,0.35866975392521,0.124533387555838,0.209065773297938,0.0742091121150718,0.136287078629822,2.43148273854031,7.803942887550815,46.69112534235633,134.1917864311802,86.86222305627685,89.130227261039,13.6989049026864,45.79999924,11.5,54.4900016784668,2.98598708261986,7197.937319496,2.98307168349706,1363240000.0,45.9160413795571,43.3938707801605,2.29827354347107,-0.5627312,483.2052,3.33424784406419
CHN,China,2014,7.188,9976.027,0.360586188677956,0.128629045956875,0.208255847091561,0.0761248810929888,0.136534496026393,2.36421566659363,8.033171456427185,54.87931076733047,132.9044049647112,89.36983095970932,92.6612034094217,14.4445199866037,47.90000153,11.9,55.7502555847168,2.51155883670463,7686.37369520403,2.31013480472694,1371860000.0,44.0684564812532,42.2827157791092,1.09193126066951,-0.523856099999999,484.9423,3.27434612543941
CHN,China,2015,7.061,9858.04,0.373636023982464,0.113963870775236,0.204756009542505,0.0743445456345446,0.137978540325028,2.27050308419817,8.50593559748119,76.89775683350913,151.1375775989548,95.77454660160632,92.5401171363348,19.8437947555032,50.29999924,12.2,57.3297843933105,2.14957284731563,8175.33285077393,1.17476659078236,1379860000.0,38.6971848362625,40.0475902161032,0.134600527983679,-0.5462433,487.3929,3.17518207445795
CHN,China,2016,6.943,9748.175,0.365409391629529,0.114910341879189,0.216164420248494,0.068730525271217,0.138758325103542,2.27187420485887,8.789525451287606,81.5143546890095,153.712124390817,99.03667971382453,97.2138770934621,22.9761329915729,53.2,12.6,58.8399238586426,1.52539470315394,8679.22528805041,1.0524740832802,1387790000.0,36.177170692978,38.811156093921,1.47921554986996,-0.501441799999999,488.1849,3.17584720899084
CHN,China,2017,7.08,10000.014,0.374760384807068,0.111444465837781,0.223933754676127,0.0697266535515517,0.14124693414491,2.33336097525428,8.794474175394226,84.26261382376319,147.6578278854711,99.2477032835588,104.073181609424,27.9101271418763,54.3,13.1,60.2402687072754,1.32468971748482,9221.35045639842,1.31423766724865,1396215000.0,36.95085261586,39.129944350895,4.1460488720143,-0.203288,481.1923,3.25447316827171
CHN,China,2018,7.292,10346.79,0.370878611483708,0.116063723607374,0.23517085310693,0.0683864465402416,0.143046476276055,2.40187872108729,8.861389430948265,96.95758887222676,142.0716246137321,101.961363193543,116.229125477063,28.7089097131815,65.35839844,13.5,61.5001983642578,1.66361992284408,9798.57890566402,1.42518421392494,1402760000.0,36.8943843914718,38.9777001747097,3.46684316501813,-0.237003599999999,478.809,3.3354248321016
CHN,China,2019,7.526,10713.515,0.379498639402753,0.106929675172142,0.227033486640083,0.0727579156509362,0.146234420194477,2.4257305617889,8.840359497266038,95.32197106321944,143.4274292720538,106.6938430858455,122.670391850252,31.5611222411202,64.080881297515,14.3,62.7099151611328,1.28549226847992,10356.2924890582,1.26691367576973,1407745000.0,35.4544350281407,37.7642333162735,1.31658042560161,-0.138588699999999,465.559,3.35818469884929
CHN,China,2020,7.641,10896.521,0.403795080881771,0.11980370981321,0.250878955806365,0.0697808146188296,0.146617368701388,2.38749404670829,8.763631255750518,87.57584989360782,153.7370065472693,116.4111017669197,120.496715387079,33.9069794578039,70.05275998,14.9,63.5234230266258,1.68770756292082,10573.3794064211,0.863774740928771,1411100000.0,34.337778473884,36.9115624066306,0.530673291065554,-0.302661299999999,475.7055,3.37836997652985
CHN,China,2021,7.911,11284.401,0.41783186390557,0.127532678288308,0.244705749169139,0.071671234822059,0.148921705937286,2.53425626277976,8.768591785636135,81.42325163540637,148.8456782612888,115.9224608217714,121.491918368395,37.5611751315805,73.05323517,15.2,64.721076965332,1.8903454142588,11469.3174514512,1.70756488252672,1412360000.0,36.6428789643754,38.0924722040717,4.47357358503608,-0.259168,480.2183,3.54491949490213
CHN,China,2022,8.218,11711.808,0.405412797913467,0.129195902533744,0.224462777673744,0.0762048000357506,0.148237279901293,2.54720875593209,8.78471403878217,76.55598676018892,157.6690914824688,122.5285776403334,124.195248970763,41.3736197056022,75.61131603,8.682174510999516,65.2176361083984,1.03841365474349,11830.298767861,,1412175000.0,37.512555678171,37.8945266620066,1.93460467589577,-0.249058199999999,477.155,3.53072231399008
CHN,China,2023,8.556,12172.009,0.418319484881905,0.130072740449525,0.236211225040214,0.0791365684882804,0.148975103064848,2.55510037405972,8.753961795326386,71.85479193395005,165.6379941561675,129.6802242132065,128.247014127486,44.728886496649,90.6,8.07853825738681,65.5301448035523,0.280991103634816,12483.9791101249,,1410710000.0,36.7391496938394,36.7725030223561,-0.50679941802575,-0.174451499999999,500.243,3.5678154959845
CHN,China,2024,8.658,12289.037,,,,,,,8.716451249240444,67.82832702650727,168.7597068517211,133.8406980121771,131.753932036803,47.1933952081567,92.0,7.3501508651695815,65.8946980998325,0.227695125306895,13119.1076099516,,1408975000.0,37.9560601372544,36.3710179811644,-0.764066117400986,-0.153336399999999,498.9837,3.74913821256241
COL,Colombia,2010,1.685,75.431,0.281479315278209,0.765586738901246,0.163496619753425,0.0345722571184773,0.0371719465194799,0.592961290172131,13.96786240230116,35.39222970616137,28.95825011395802,29.24036739146418,99.3307638628387,5.90261556302645,36.5,30.6,76.7232975672119,2.24433595561184,5214.24547620131,6.70109253013503,44777319.0,34.2646031687681,31.3713561004301,3.80486029146383,-1.3306958,53.1813,1.87526816774297
COL,Colombia,2011,1.661,75.191,0.279296605955158,0.685478741880785,0.166207682943355,0.0357680877830407,0.0366401087246007,0.646497150923015,14.93545626263106,32.89485907034579,30.61582246585507,32.27599268201666,102.07868984477,7.39763710755465,40.3509157546318,29.6,76.839003613206,4.37269536127322,5517.1011086899,9.86049155221695,45259614.0,39.4704235545367,33.3021551703249,6.38680337285258,-1.1659142,50.209,1.84988837820995
COL,Colombia,2012,1.721,78.675,0.293437381458508,0.573853278295668,0.174434667938167,0.0331753633827628,0.0354725343481136,0.661771312907938,15.20356686061474,36.43219602247992,33.5531931361439,34.65977939649637,107.329081558437,8.61552491359116,48.98,29.6,76.942211203265,4.05728041313345,5675.75617978305,8.29683079092449,45715810.0,38.835151018669,33.4055006173979,3.61665506268449,-1.3314327,47.6684,1.77214453833116
COL,Colombia,2013,1.873,86.445,0.292215782575291,0.533646732607481,0.172739293407348,0.0391336221688339,0.0384825651643249,0.737312785047409,15.80310923113764,39.86918686328509,36.15647604350828,36.82470865180214,108.978088379372,9.83199406546913,51.7,32.0,77.0315988189922,4.24252457969381,5910.80592301166,7.3843393604104,46151584.0,37.9866487978457,32.7475552904174,1.90767643221162,-1.29909379999999,47.3491,1.81353078097069
COL,Colombia,2014,1.977,92.042,0.310798847897998,0.552075454423723,0.167996361628654,0.0408703536088589,0.041589730922113,0.774735035601149,15.78755798861181,41.33594779955286,37.27402538592718,39.84463768264117,118.822639860142,10.7989878070274,52.568136539247,32.1,77.1058449419909,4.24107256687862,6121.83982019825,6.53057789835517,46565429.0,37.4874656411103,30.9858527230854,2.2356323764315,-0.995331299999999,45.0824,1.8880657840825
COL,Colombia,2015,1.938,91.027,0.333100889825965,0.540874441768159,0.15880836416547,0.0387790242506216,0.0429448559526464,0.782684445309118,16.37849324798096,41.77657676972524,39.32423078022399,43.68474000238601,122.051401385652,11.7644668057911,55.9049725142924,31.1,77.1636280538646,3.95939854860993,6248.51490534512,3.70587614553491,46969940.0,38.3607641184453,28.5894478881361,2.44932842052003,-0.9555119,44.5227,1.89719202127198
COL,Colombia,2016,1.931,91.583,0.347002480017107,0.548420035527527,0.135591466784482,0.0415125499808577,0.04235105517754,0.767509842631253,16.17236813064325,42.18890689143478,40.78980654841152,45.66247577398001,123.709953422515,12.4647515240681,58.1364935728703,30.5,77.2036266362166,4.90164572903473,6316.07067782542,3.09947714544169,47437512.0,36.202652984202,27.689162311787,5.14833430514589,-0.873548099999999,45.7483,1.88238743011877
COL,Colombia,2017,1.734,83.459,0.316449146479176,0.585577272213727,0.128902951680072,0.0428781771534822,0.0406150184253495,0.723873822849458,15.56867841966888,42.55583248557134,40.79173190790367,45.47710825218828,129.272014227481,13.1537299039926,62.2598803162841,32.2,77.2245191706503,4.3931823276543,6309.67745292518,3.72823321108347,48131078.0,35.2829149424588,26.8148589146209,5.13373589963346,-0.779948499999999,48.7999,1.83829638880126
COL,Colombia,2018,1.852,90.811,0.352537606668797,0.614782350220264,0.118083775429136,0.0429636422979475,0.038993941996919,0.715154934040369,14.97739645202706,42.66856311760325,40.2426757279627,44.92217348811641,131.595473810882,13.622877883522,64.1263768204459,30.4,77.2804816598084,3.38083573220188,6353.5464285392,4.940258188938,49024465.0,36.5347527968973,26.8954667535946,4.63057967327826,-0.665561899999999,51.8404,1.88251625065343
COL,Colombia,2019,1.983,98.962,0.365397130460163,0.644704965787328,0.115878268252407,0.0524235922459146,0.0399194272243914,0.705702174563972,14.51618210825753,42.52711344689626,40.18130395691597,45.15798004467638,132.810761644655,13.9253307862459,65.0069007159493,31.5,77.4595528518377,4.33058240931506,6439.96359812647,4.30433092902696,49907985.0,37.558533980839,25.993426836769,4.00262054293638,-0.9052968,54.2887,1.92402555853418
COL,Colombia,2020,1.823,92.305,0.363990390750033,0.640947266767848,0.111169098172938,0.0509148900278837,0.0380169140628629,0.639487372492066,13.47666181296728,41.08049596233413,49.0529092432329,49.96017175561433,133.661019178018,15.3363074463544,69.79533474,32.0,77.6382533537045,2.7588942895314,5891.95523215403,2.55119417609951,50629997.0,34.0555709680101,23.439238595813,1.48172462037553,-0.6819314,56.1059,1.84452593227363
COL,Colombia,2021,2.027,103.734,0.340230645108095,0.663937944509075,0.107729296543764,0.0506660302886999,0.0363314564855675,0.735176386282381,12.70171890969458,39.78068150220154,44.97219172520656,46.13353926267405,146.627837254516,16.4767904492313,73.02837449,29.7,77.8339570326128,3.00175693787234,6457.16921807086,5.32396445388134,51188173.0,40.0591463936128,24.5553120236384,7.80211309545884,-1.0147831,58.7012,1.93407175921758
COL,Colombia,2022,1.729,89.437,0.372339792578034,0.653240539981431,0.110731674714039,0.0432377323416999,0.0371613892967713,0.75807062938227,12.77595231765189,39.16899142133313,40.74908102284106,43.67357547963094,156.195161137443,17.007465545983,72.79637855,31.084628112004395,78.0464633137335,4.97124137726565,6856.72590505374,,51737944.0,48.2826551123359,26.1230022316952,14.9250366806978,-0.809182,58.7654,1.97478175829425
COL,Colombia,2023,1.72,89.992,0.358043890208467,0.654213019630587,0.0925021502420131,0.0348804183068361,0.0369735586065156,0.738439003634465,12.05465360418497,38.53252693606089,41.09128106063379,41.34103720775836,166.980107777443,17.0369815251774,77.33686322,31.2212526867212,78.275571579544,4.57716748279263,6837.37392084534,,52321152.0,40.1333165322581,24.7568044354839,6.99290653937781,-0.7993485,58.7372,1.91505204062888
COL,Colombia,2024,1.752,92.659,,,,,,,11.81543633870412,39.90970748850118,38.40590468785092,39.74097614099915,174.094289675393,17.2244156778185,79.34543299,31.27384420285979,78.5210811866115,3.25416050189283,6865.31283944628,,52886363.0,36.3179938785373,23.4225326793189,6.35757117093047,-0.9708732,58.8592,1.86158163198835
COM,Comoros,2010,0.246,0.161,,,,,,,1.307709207318987,2.092334731710379,5.76944435782217,5.370029037481137,25.2396019766781,0.0502415872065677,5.099999905,66.0,28.8540982913801,0.919669135138355,1272.60716208007,1.59344239758779,654836.0,39.5501057977388,11.7753249597724,1.6752326077458,-0.4825094,0.0709,1.3913524873905976
COM,Comoros,2011,0.214,0.143,,,,,,,2.284414707569535,7.360891835501835,7.136410272317406,6.570704080329521,32.3981821883195,0.0598752200414337,5.5,69.0,29.1136750253686,2.25967388807613,1299.11093449408,1.63354218561465,668056.0,40.0009485841888,11.6973185669348,3.0457286845164,-0.5277008,0.0715,1.3764193417164925
COM,Comoros,2012,0.226,0.154,,,,,,,2.465610892082677,5.917466140998424,7.69154383352445,6.787465216457446,41.5930930270088,0.180889925619471,5.975299835,68.3,29.397950693899,1.02133877132035,1313.58187559666,1.91653686564634,681630.0,40.8104424055408,11.2226651445449,4.27030007329266,-0.3950629,0.0714,1.3822441701030395
COM,Comoros,2013,0.263,0.183,,,,,,,2.640029568331165,6.240069888782754,7.166190790876261,6.825053869758566,49.9143914322486,0.186730097444383,6.5,63.6,29.7043482521482,0.37910342236625,1343.54683280656,1.84106336379863,696192.0,39.2433304243612,11.6482403154856,1.752124423908,-0.2395935,0.0716,1.4043983978787702
COM,Comoros,2014,0.232,0.165,,,,,,,3.043519994755781,5.384689221490997,7.781085822009445,6.665006612705892,53.8297097833741,0.222486763934938,6.980000019,68.0,30.0302906552932,0.407499074429688,1342.3295858321,1.97695678379704,711503.0,39.2358265722767,11.6109257835089,0.835126488303615,-0.0153216999999999,0.0714,1.385959084902668
COM,Comoros,2015,0.247,0.18,,,,,,,2.971177294720218,5.256698290658847,8.47617290021151,7.818206794658991,58.4555555249752,0.220178840263004,7.459199905,67.0,30.3732008585112,0.511029838634196,1329.37048235986,2.46576426845081,726682.0,37.8049520714563,10.4084081560234,-0.522856831129232,-0.0966781999999999,0.0715,1.3921459863916545
COM,Comoros,2016,0.277,0.205,,,,,,,3.347504435443377,5.356007096709403,10.53561075086803,9.201415499856717,61.2597928387402,0.220292527984836,7.938300133,64.0,30.7305018169792,0.352458395658835,1345.6261652831,2.50675650816682,741741.0,37.1328797158337,9.85451807028183,1.71498681561535,-0.2599683,0.0718,1.4082314532109454
COM,Comoros,2017,0.349,0.264,,,,,,,3.264645198359842,5.441075330599737,8.776962471521705,8.426804655415298,61.9708221164076,0.217268052477371,8.478199959,59.5,31.0996559689293,0.363776536091142,1369.41180275963,2.36385311111587,756669.0,40.164358921352,9.13735009601101,0.402494136980508,-0.1999982,0.0721,1.4411166051622453
COM,Comoros,2018,0.37,0.286,,,,,,,3.393921910099251,5.30300298453008,10.26605127118817,6.681630607913508,64.6590805998004,0.198421441439106,,57.7,31.4073645195839,0.477150092432519,1391.84570443267,1.55194278873705,771590.0,42.996153341343,8.87679586458954,1.83566793061196,-0.407626,0.0723,1.4522801672531445
COM,Comoros,2019,0.396,0.311,,,,,,,3.931728636228189,5.587193325166374,9.802223843778515,7.147087740077,73.1291747290161,0.162475940084772,16.38380051,55.3,31.7287584068243,0.359894031144375,1389.36488014859,1.48652356146246,786578.0,42.2680785350184,8.53100061504245,4.20910597176336,-0.4550338,0.0724,1.4651310277066458
COM,Comoros,2020,0.461,0.37,,,,,,,3.836887839690787,6.058243957406506,11.10481110653144,6.696936146549862,97.4339379901591,0.148099575772006,22.42040062,50.8,32.0638072194881,0.316385474955504,1359.7070891825,1.59920965443734,802163.0,33.7299346157491,8.08945323604662,0.669668409203567,-0.4562829,0.0722,1.493448499838765
COM,Comoros,2021,0.609,0.498,,,,,,,5.125829250741767,5.125829250741767,13.21415066547864,8.084610188151412,104.311430086999,0.150456993255713,30.68120003,41.2,32.4124444313246,0.309826819264342,1360.32663361462,1.62843413378353,818174.0,42.0677236496077,9.37922763874058,0.355851396754005,-0.3981267,0.0723,1.5596519014506314
COM,Comoros,2022,0.637,0.532,,,,,,,5.004388463729732,6.544200298723496,11.80674630652084,9.439112075588309,100.549036907747,0.219375008990779,31.37409973,39.3,32.7746035528748,0.322667538233799,1366.9513495529,,834188.0,50.3887704882382,9.63879809027371,7.9804624983289,-0.374766,0.0724,1.5725993012464103
COM,Comoros,2023,0.638,0.542,,,,,,,5.072041778595984,7.514135968290346,12.77789563469487,8.650318189280574,109.855630436495,0.387941019794517,31.92749977,42.929391084325786,33.1502180946901,0.365132085679526,1383.64201759575,,850387.0,44.4398634497089,10.3295767510686,8.13448091940927,-0.3743498,0.0725,1.5667787563231923
COM,Comoros,2024,0.637,0.552,,,,,,,5.138331216830237,4.587795729312711,12.52600090033788,8.966602132603136,,,32.51750183,42.799189026020045,33.5392215673301,0.440971140907408,1402.52614298112,,866628.0,41.4806352919635,9.69608688463436,6.21140368318602,-0.221274299999999,0.0725,1.567490881464494
CPV,Cape Verde,2010,1.092,0.557,,,,,,,30.08449693803461,40.78763527175847,66.95697688971408,52.04919851585495,72.9467774586884,3.15251165199379,30.0,21.2,61.7974262732302,6.36802137795552,3194.61667734233,33.2873704914624,509784.0,85.5484498816191,14.9414577543955,0.654415406092099,1.0110449,0.0676,1.833223800774354
CPV,Cape Verde,2011,1.204,0.616,,,,,,,29.58529383317308,42.95557085393399,64.6642395499591,56.29171892499462,77.511257275925,4.17091115990513,32.0,20.8,62.7419929036884,4.99538224029443,3309.20121643898,40.1340983255841,511447.0,90.5564501122747,14.5699784845003,2.74704089816066,1.0171202,0.0675,1.8752837326201712
CPV,Cape Verde,2012,0.98,0.502,,,,,,,33.41917474296723,45.49501099462766,69.3687186615354,55.62188871512785,83.0756609467629,3.87787989178736,34.74,24.3,63.7260454520996,6.69129799994045,3341.7421054836,25.055847063546,511955.0,90.649916554117,14.00680796227,0.677607456621359,0.8408258,0.0687,1.7972851121102602
CPV,Cape Verde,2013,0.966,0.495,,,,,,,33.62942046225167,45.30244244088448,75.833494128444,55.33801302931457,97.5075406315584,4.13919664210064,37.5,25.9,64.7486207521826,4.40125011545419,3361.09387702205,16.5579387748728,512225.0,86.1698600308418,14.5782787253826,1.42476019715654,0.8049926,0.0698,1.7905452674551041
CPV,Cape Verde,2014,0.958,0.491,,,,,,,33.63012376988174,47.13730462827687,80.54402820751902,54.29177492315963,119.724160007495,3.72341048473043,40.25999832,26.1,65.8085112712742,8.84407322092194,3383.8422809791,12.0093542433174,512326.0,91.3038524117221,15.4556956659682,-0.100319979407018,0.6455106,0.0709,1.788540597794465
CPV,Cape Verde,2015,0.965,0.495,,,,,,,33.97492978971162,46.30454140694568,83.34989721143333,54.17142552877862,119.335511344785,3.23344925974933,42.6830141582781,26.4,66.9045094767116,5.49024513305668,3415.06266730931,9.49812397150104,512394.0,94.0084870167993,14.6158909934146,1.62040755881043,0.8435225,0.0721,1.791585115145474
CPV,Cape Verde,2016,1.037,0.531,,,,,,,34.11814157118136,46.6736176693761,85.55511193700124,52.8943017337197,117.442454843782,3.0320707671777,50.3228178676892,23.9,68.0354078358316,6.82845117866997,3560.1400729534,10.1923207968108,512554.0,95.3781398609533,12.6668493291087,1.67992479299215,0.827822,0.0731,1.8259149636181242
CPV,Cape Verde,2017,1.114,0.572,,,,,,,32.40881955640769,48.74940084535274,86.41084877831842,53.54377981958363,119.373631537182,2.9232218025982,57.1621463484891,21.8,69.1999988159713,5.59469673480566,3719.71306047915,12.3203094483764,512893.0,100.052133904219,12.5188038438799,1.2969136763507,0.7203252,0.0641,1.8617368969342238
CPV,Cape Verde,2018,1.113,0.572,,,,,,,34.26371092305349,51.9394348119303,83.37948974637611,52.34619851254577,118.876152819844,3.04957977464624,59.5,21.9,70.3970748844677,4.69595735976167,3853.67940035241,14.343668170972,513415.0,105.867524052105,14.6286899740782,1.70417119144814,0.8387813,0.0638,1.8669651176011608
CPV,Cape Verde,2019,1.226,0.63,,,,,,,34.21820897549053,55.67248285694888,84.07850841422935,50.63337118375586,115.867801067488,3.93928076809362,61.9433977593088,19.7,71.6254285086577,5.45788755667341,4115.90283469406,13.1611296712207,514104.0,103.602656463726,13.2851974278212,0.694871191088424,0.8393375,0.0645,1.9190766656581868
CPV,Cape Verde,2020,1.011,0.52,,,,,,,33.64691900046943,53.997878073334,106.9471396872735,66.83027126371209,105.838590655535,4.82611491823059,69.37339783,23.4,72.8838521558784,3.71218491455203,3255.93628984058,11.5827986817016,514679.0,78.3934545931901,14.6866327211119,0.366160426431094,0.839032,0.0686,1.805341980461793
CPV,Cape Verde,2021,1.142,0.59,,,,,,,34.94351246811404,55.90961994898247,101.8355552210816,65.81114196478639,114.230551109167,5.90962142576488,70.28250122,22.6,74.1607930892827,4.45730498164251,3471.6553421786,17.6577234520724,516649.0,77.4550586265341,12.5191470013199,1.34990112558344,0.8339009,0.0694,1.8586669437131458
CPV,Cape Verde,2022,1.15,0.598,,,,,,,35.13833407308773,56.00997611650075,84.82121994257305,55.18789467581819,113.247367438782,6.56769429388869,73.32740021,21.8,75.033738060849,5.43014452079405,3997.76763250653,,519741.0,96.9941368513357,11.0789238411144,6.34319040438669,0.8359641,0.07,1.885335572568502
CPV,Cape Verde,2023,1.094,0.571,,,,,,,34.58246227131372,56.68403590335632,82.91707139158044,53.43280765978162,113.022968194497,7.23008973237277,74.59919739,27.883433675465973,75.9064245753376,6.33796272131159,4168.67748407593,,522331.0,95.0324943346692,10.9776694022766,3.25900393210172,0.8691911,0.071,1.8629928434768845
CPV,Cape Verde,2024,1.131,0.594,,,,,,,34.80174520516396,59.36768299704441,84.34466228359791,53.59406287616725,111.84067886381,8.30537440200276,74.73519897,27.60187638384121,76.7721471004354,4.0509951845415,4438.38741931171,,524877.0,96.9022561569006,10.7133600078346,1.39134617417365,0.7695825,0.0723,1.8871104986826008
CRI,Costa Rica,2010,1.638,7.461,0.391972143070242,0.211782360778568,0.705522917615828,0.0721906931878366,0.0903305101239782,1.07887830882262,20.29925482749868,43.78213379341083,42.81551222927499,38.72430605814689,68.6654541894774,8.69765814552448,36.5,40.4,71.5081448974915,5.06371170026852,10285.0856777667,1.62716715850808,4555962.0,67.5120894036891,23.0918844170299,6.62884522178744,0.7938234,3.1757,2.55067693359907
CRI,Costa Rica,2011,1.578,7.276,0.403994878873908,0.205253468833258,0.70528076636184,0.0762923189745684,0.0943571596865409,1.14006660773987,23.13823907965432,52.38359702419881,41.29042948318615,40.56218583955189,90.0914848759163,9.10623009553708,39.2121959961842,38.0,72.8426586679914,6.39172538358965,10612.4694960426,1.26384990129987,4609833.0,68.6391459050112,22.3631868044306,4.59322533425421,0.6316858,3.2074,2.62524520046999
CRI,Costa Rica,2012,1.547,7.217,0.469268089827131,0.2075014072534,0.72066908410441,0.0668299375968293,0.0961377628829946,1.19712512979879,23.07011060132145,54.33729346758128,43.32295845411194,41.95826547754754,115.312137778965,9.61836080870784,47.5,38.1,73.3895020668217,5.70866124116913,11001.5193084396,1.2425772572914,4663934.0,67.0485391393947,21.9911615222761,4.73363277799726,0.655542,2.9875,2.75753141146355
CRI,Costa Rica,2013,1.608,7.584,0.389313467440385,0.215345288000752,0.730840522871189,0.0847434140976991,0.0959320916325103,1.21153872898993,22.59472756462618,72.24221104915405,44.70159205413695,43.85519738545974,150.800664186252,10.2813377106354,45.96,37.8,73.9431776192863,6.29127736182893,11151.1437937744,1.34122901696494,4716147.0,64.0664108162845,21.1277790991309,4.59021153062247,0.6591343,3.0618,2.72771351303247
CRI,Costa Rica,2014,1.616,7.702,0.423770708142574,0.181666890724587,0.716560576866053,0.1350800403071,0.0999545853884173,1.18954407768818,22.35603773677386,79.73018086878668,46.13212825869835,46.4193312034248,147.26739567441,10.8312169257784,53.0,37.6,74.4866963181212,6.23293662665086,11422.6735972442,1.387670718648,4767119.0,65.1912422181011,20.4156545063242,6.20692040472896,0.6803966,2.9377,2.74657687911692
CRI,Costa Rica,2015,1.526,7.353,0.396014324565234,0.19506550148957,0.682666266972687,0.1325218834739,0.0956210940891179,1.22364481002649,22.34400389010715,61.271866782584,44.97135445598177,47.94797774014956,156.403893036958,11.5950932724067,59.7629501371681,38.3,75.0198195767549,5.23639457041545,11714.7106121672,1.13397448273593,4818038.0,60.7535621474841,19.7938994857897,3.9552156362404,0.7458992,2.9812,2.72553388061699
CRI,Costa Rica,2016,1.609,7.829,0.463801530931505,0.228940712184544,0.667360225115829,0.149220287098396,0.106897125956875,1.24944969295106,21.79196430550118,63.898471607656,47.03984713539573,50.49788952171949,171.166374015358,13.131030668186,65.8804491942718,34.1,75.5423088085047,4.45296211937019,12084.4351419988,1.23322083330008,4866998.0,62.178478293067,19.4720092390485,1.95876468425999,0.7331119,3.142,2.86566957423821
CRI,Costa Rica,2017,1.626,7.987,0.434983143098975,0.210630536910342,0.68164321433749,0.167793877801478,0.10478589704521,1.25673386945617,20.73289887027813,64.8781051223007,48.74744464542446,50.31435289452001,179.931274611112,15.1437857826005,71.5816646195022,33.3,76.0539254265608,4.83327522044665,12468.5654849336,1.13383955527767,4913177.0,65.0719536997344,19.2627713756962,2.85888359199826,0.7405908,3.2351,2.85657053864966
CRI,Costa Rica,2018,1.607,7.967,0.41985754374249,0.20565826847016,0.68009011737533,0.166003836239224,0.104044267363856,1.22078705220846,19.87405906344395,75.0797786841216,48.53041634877131,50.43102280290752,171.357339055205,16.8377298238862,73.4797284369906,33.1,76.5544308439668,4.81804579792257,12708.8042828359,0.945537295658598,4957818.0,66.7874137887726,19.5046515998984,2.19813590595039,0.6346654,3.4267,2.79644108539952
CRI,Costa Rica,2019,1.532,7.66,0.395071712670847,0.173661324664526,0.649486487491121,0.128529850468973,0.0949635555854209,1.1575813718243,19.14697318054302,71.23688432337133,48.38487423379546,46.34574057433025,144.514079558713,18.0962978090241,81.2025964435269,33.4,77.0435864735963,4.19904890207774,12944.013449341,0.759689840900586,4999553.0,65.4194732486775,19.1715490711848,2.56723786170842,0.6261254,3.4991,2.59929430270519
CRI,Costa Rica,2020,1.342,6.754,0.416096688297963,0.13507332578822,0.641580253940848,0.120006299886397,0.0981696715614466,0.960247136122267,17.36672790547488,67.53727518795787,55.28745823982456,49.8127088739777,142.481526800044,19.7191477697087,80.53018608,36.4,77.5211537281257,3.34838047556023,12322.2359458534,0.904748239780319,5034320.0,59.7463550719484,20.3068067235032,0.77156238017848,0.9250217,3.1262,2.37117337559714
CRI,Costa Rica,2021,1.515,7.665,0.388295397695978,0.197288558802245,0.645161754831476,0.12797346607114,0.10377657501075,1.08136979509059,16.53874964573106,65.60949259760775,54.47739208662932,47.40241170408454,140.788061157457,20.9242986347003,82.74901607,34.2,77.9868940200009,5.47775634815964,13267.2549508035,0.763407374189705,5059988.0,70.103693305909,20.5325430940213,2.41979857039784,1.0171458,3.4655,2.54386554750218
CRI,Costa Rica,2022,1.576,8.01,0.372525158503687,0.18872674354442,0.625855023435856,0.138400855925705,0.0979764454498352,1.09278545710384,16.07929769555433,64.53812769711807,50.80404382690012,43.99206697791305,136.518375013406,21.7575979999075,82.59801121,32.05928390387355,78.4405687613972,7.34017474268191,13931.8461614764,,5081765.0,79.0523903153884,20.6627165340869,7.00325255459006,1.1460641,3.5189,2.51626968396334
CRI,Costa Rica,2023,1.659,8.473,0.439988750527294,0.207838730044263,0.586556016084465,0.140378868388571,0.0987621518005351,1.18630198928475,15.68502907679036,64.00268830715075,48.90185329843107,41.72744631947208,133.527658761832,22.5231293549635,85.39514799,31.445018291720032,78.8819393641702,6.05567371313475,14531.5005137466,,5105525.0,71.4380310340536,20.4903900780684,-1.11707693307311,1.1842629,4.3964,2.65982650612988
CRI,Costa Rica,2024,1.708,8.76,,,,,,,15.10014106268503,,50.08310380115397,43.17527336040375,136.024511151268,23.287699004466,87.17019653,31.454854052791454,79.3107672397967,5.58692738273204,15052.9149924743,,5129910.0,69.8533786394509,19.6686552818866,0.532579785738747,1.1756544,4.383,2.63952742038897
CYP,Cyprus,2010,7.157,8.072,,,,,,,56.60959778346722,70.06772857727265,128.7375514577285,177.0023932878923,123.133007859014,23.1549178375804,52.99,6.5,67.5229111556342,125.272736246416,26090.037109375,0.0445722498723438,1127816.0,108.901699269523,14.4791152125979,1.88138203943318,0.7665588,0.3649,5.58921053514509
CYP,Cyprus,2011,6.797,7.792,,,,,,,53.87463216179546,67.78788668124943,120.4961877021467,182.3063573668176,126.559628770302,24.611252900232,56.8598923503507,7.6,67.3979892758544,151.736913469908,25538.76953125,0.0717517642796192,1146493.0,110.617131287039,12.7453636495298,1.61625502234671,0.7840771,0.3714,5.04968685255401
CYP,Cyprus,2012,6.231,7.262,,,,,,,50.18926175598781,61.47927973790736,114.1119930641902,185.2286496223173,128.74435044617,25.5626376173369,60.6898684001903,8.6,67.3010289148738,289.858155745793,24285.484375,0.072728856527206,1165397.0,112.344273297273,11.7579854336711,1.67877418981877,0.7933209,0.3628,4.57713173754048
CYP,Cyprus,2013,5.556,6.578,,,,,,,37.50366719326386,50.50897113931503,92.41186945051108,188.2959670729585,127.862906976744,26.6505813953488,65.4548,9.7,67.2102333625375,108.090333712845,22711.708984375,0.0449091633428491,1183895.0,120.926200639389,10.7492783120679,-0.937738949964341,0.7163623,0.3519,3.70005752967131
CYP,Cyprus,2014,5.766,6.93,,,,,,,35.88934185688679,50.56233245031012,93.97628511768777,184.1121397210385,129.042983271375,28.3005343866171,69.3286967086473,9.5,67.1230558819804,233.165814267121,22373.56640625,0.0348718589179378,1201801.0,130.84436307939,9.97287676875997,-1.33826573105922,0.7031147,0.3617,3.70526618920929
CYP,Cyprus,2015,5.701,6.952,,,,,,,34.06137488886134,48.21294898308741,94.5226463778979,175.9285188332033,128.631974994212,30.1736513081732,71.7157409175171,10.4,67.0402477918073,137.220747221649,23088.4296875,0.0198578971713362,1219502.0,137.276426477193,10.1909463210663,-0.754231430452322,0.6831374,0.3556,3.73337452677783
CYP,Cyprus,2016,5.941,7.35,,,,,,,32.11905977703218,46.83228177070261,99.9215709691433,156.8884847460515,130.334521209334,32.0132199103345,75.9002054030125,10.3,66.9625604106231,15.8272346194166,24477.974609375,0.001471313805814,1237112.0,139.022098457248,10.836514879496,-0.574742494242457,0.7672285,0.3746,3.80147297489922
CYP,Cyprus,2017,5.955,7.469,,,,,,,46.94443864883473,45.14253090271785,155.3553197656604,145.4655941378665,133.940473480537,33.6542226269064,80.743188971932,10.9,66.8907450570326,184.054180339924,25665.990234375,0.0053914863858221,1254275.0,148.013355558135,11.3472324007128,1.02039376290533,0.6738103,0.3942,4.34455350672858
CYP,Cyprus,2018,5.764,7.324,,,,,,,39.12483912483912,39.03123903123903,146.1763856217242,135.4921840250551,134.843630644799,35.2355650415637,84.4335825186889,12.0,66.8255530496405,307.086610313426,26962.392578125,0.0046923120191054,1270737.0,147.623567410054,12.0224270287232,1.02575360460912,0.6561041,0.4035,4.16875006733099
CYP,Cyprus,2019,5.693,7.324,,,,,,,33.00284268182764,37.62508955603319,139.175196504737,106.9848425928696,137.76052748227,36.1884973404255,86.0636299618935,12.0,66.7677357070518,431.788575910459,28167.146484375,0.003613251767119,1286671.0,150.50616312951,12.7890113416796,1.35009076801123,0.7399069,0.4188,4.31781496555172
CYP,Cyprus,2020,5.301,6.903,,,,,,,28.41352922527909,37.45835042560909,149.0818587251274,106.7670063466524,135.588846364133,36.3127392017496,90.80194644,15.0,66.7180443478713,-296.013333456363,26895.671875,0.0079310862289615,1302247.0,160.66871645997,12.8234844954585,-1.20792857395175,0.4538116,0.4571,3.96821902206802
CYP,Cyprus,2021,5.276,6.951,,,,,,,25.93346935603672,36.05384764131934,137.1918333651349,87.69046849506039,142.051408905141,36.6502473650247,90.75951564,15.6,66.6718365394971,21.8171208826836,29517.05859375,0.0127645649104764,1317309.0,176.82773681987,11.4804477138081,3.03406314812496,0.4791734,0.4639,4.20684567503542
CYP,Cyprus,2022,5.311,7.071,,,,,,,20.57414384725756,30.50340457354272,126.4651890127822,71.78746260538482,146.71583605521,36.7656727425982,89.60099194,29.478417470472458,66.6694829407584,0.172623567791445,31505.2109375,,1331370.0,205.753530252705,10.375046731535,6.16482950856525,0.3811357,0.4489,4.23892867023096
CYP,Cyprus,2023,5.344,7.188,,,,,,,19.66246108471244,29.67083091612012,119.9936183790683,63.03337292967454,148.333712748344,36.9005587748344,91.22110357,30.281170677320894,66.6739477522639,-63.1546391215421,32022.01953125,,1344976.0,190.740957956519,11.3336799309353,5.60068698105447,0.3935929,0.4511,4.04661594283386
CYP,Cyprus,2024,5.374,7.299,,,,,,,18.50914535995024,29.12339459480323,119.1765202323556,58.93285210224365,156.218025662252,37.5627069536424,89.60099246,30.55162532694986,66.6824259192483,-133.824213233455,32757.541015625,,1358282.0,190.40287092076,11.1357928688814,3.1220034017947,0.3858613,0.4597,4.0247040450619
CZE,Czech Republic,2010,11.226,117.464,,,,,,,22.65270162744771,41.73629221561267,58.52673178356698,45.30810185690283,123.605282283555,21.6090542510609,68.82,10.9,73.3495599222723,4.81502985527419,16665.9317825137,0.965734444102689,10474410.0,126.756480116798,32.7825374564339,-0.485125297413731,1.0992694,5.0036,6.08019307379252
CZE,Czech Republic,2011,10.974,115.178,,,,,,,23.34762822454952,43.89532587845312,60.31242712780699,47.10590412796937,125.460303933748,23.9064110361087,70.49,12.2,73.2878338394746,1.80994155301699,16926.2846674435,1.07008711032612,10496088.0,136.750855542438,33.3153047782183,-0.221133416037063,1.1297603,4.95,6.07433365366968
CZE,Czech Republic,2012,10.59,111.276,,,,,,,23.89656148459146,45.82871623341081,62.27580416211594,47.95310590119527,128.69010077246,25.2869067180213,73.4300078241036,12.8,73.2249239592898,4.48424380759869,16772.3539223328,0.640579925432997,10510785.0,145.480195396935,32.6118775656289,1.34339010085863,1.1228486,4.9655,5.45259084943578
CZE,Czech Republic,2013,10.152,106.71,,,,,,,24.36024180474623,49.1788452037993,64.16737686707951,49.27957733860621,130.521237278882,27.1727115258321,74.1104,13.9,73.1622186934979,3.45386726376292,16759.7808635642,0.382852117100547,10514272.0,145.502230624961,32.3750644937133,1.2715877867745,1.1188359,5.0301,5.61376375399233
CZE,Czech Republic,2014,9.911,104.233,,,,,,,24.27153231252647,49.70684487424739,64.5372957596304,48.31871513669169,132.288685248373,28.475360327904,74.2317116367383,14.8,73.0995921041469,3.83510153423089,17118.0425571578,0.345428962074698,10525347.0,156.415122826886,33.5256056944841,2.7067159395823,1.1241036,5.1104,5.70069904281951
CZE,Czech Republic,2015,9.976,104.99,,,,,,,23.72613061727334,50.95522297190826,64.98341614334024,48.44352083800445,118.339820565816,27.9980000790543,75.668838699279,14.8,73.0370442874355,0.898913491904098,17931.5987670768,0.314061907144002,10546059.0,154.018400997633,33.515061761941,1.23453645859612,1.100576,5.2139,5.67693914985117
CZE,Czech Republic,2016,10.125,106.636,,,,,,,22.41897744615052,52.78477166053213,65.63727666357632,49.74245462035131,118.544499080322,29.14911847267,76.4811986951838,14.8,72.9745753395623,5.47566421423918,18359.0978103904,0.310276297011828,10566332.0,148.547004664435,33.0261220764687,1.49123391004676,1.0617374,5.2383,5.71941561396941
CZE,Czech Republic,2017,10.22,107.736,,,,,,,21.34173520611161,55.79275430193119,66.08448869200424,49.47682563660572,119.874291148129,29.8452606888193,78.7191728513432,14.5,72.9121853567256,5.07066240955503,19257.6930680911,0.372292874562504,10594438.0,147.750834854762,32.2345069182507,1.6836205033357,1.0199948,5.226,5.70678516687409
CZE,Czech Republic,2018,10.079,106.322,,,,,,,21.31162555875999,57.23310763264476,66.62924120484907,50.04133662954984,120.431679514249,30.5512773467128,80.6881675434288,14.7,72.8498744351241,3.30353998283407,19736.6295261285,0.389418621280193,10629928.0,145.141717890789,31.2449402120943,2.81335980001735,1.0436452,5.0647,6.05989397981099
CZE,Czech Republic,2019,9.569,100.997,,,,,,,20.61550085080729,58.11342537132974,65.75894284624093,48.89989911475361,124.126150238634,35.4302064212035,80.8669444139622,15.9,72.7876426709563,4.18705737619001,20360.0599221814,0.399790319341053,10671870.0,138.154609993871,30.8172927602906,3.8413178989087,1.0363667,5.0731,5.71718434184024
CZE,Czech Republic,2020,8.688,91.661,,,,,,,18.35097412067507,57.34540305872568,74.24304919532531,51.40721559805076,123.219460160155,36.4490898642092,81.33889705,17.0,72.7254901604208,3.39114066226469,19233.1469549829,0.416571327081177,10697858.0,128.780430305965,29.6728490106408,4.51623223406736,0.9082209,4.9885,5.02472012143365
CZE,Czech Republic,2021,9.176,96.629,,,,,,,17.71455478628671,60.29980012720003,73.45719673639829,51.44855816372069,126.173145654465,37.4984794433561,82.67062427,17.2,72.6810594374316,4.43029524586196,20373.8783043424,0.394999591152656,10505772.0,137.378116302868,28.5164055991395,4.03442637497191,0.9968819,5.0347,5.64614454719466
CZE,Czech Republic,2022,8.905,95.04,,,,,,,16.57718295134279,57.96997400604069,68.52318737134517,48.04623403091574,128.105295003482,37.7136856539825,84.54009378,12.685841469095386,72.6967638379524,3.02937517288668,20627.348651011,,10672118.0,144.011494109397,29.2185730464326,8.67110087967065,0.9957469,5.1,5.52573913705259
CZE,Czech Republic,2023,7.7,83.232,,,,,,,15.35816283625862,55.53826049103332,68.15308679051911,47.36748358738066,126.004753501387,37.9099783935119,85.99404818,16.302508171899483,72.7352388396817,3.4462419046487,20272.5874017334,,10864042.0,131.892598295876,30.0237282227463,8.59789006156055,1.0704669,5.0568,5.0678731800593
CZE,Czech Republic,2024,7.044,75.623,,,,,,,14.63080038733062,54.6781359686877,69.75175069145115,47.57763375294465,126.600163061009,38.8656371139002,87.68776014,17.678292583864142,72.7947984592185,3.8933976290188,20449.1135911311,,10905028.0,131.466608125579,29.2059177792245,3.90248023036213,0.9719006,5.0507,5.01546466316671
DEU,Germany,2010,10.228,826.705,0.908235583820463,0.169440515674538,0.598783559786111,0.0618196297278391,0.215214786869118,3.58564824180698,15.73604210514861,116.8612952193717,24.75688630994702,22.42031910583091,109.364084468464,32.3662636839336,82.0,11.6,80.305702559949,2.48154528887853,38526.7371042695,0.195522369883906,81776930.0,73.8852351200263,26.0371435344861,0.699760025176531,0.9300893,38.9808,5.53914231768505
DEU,Germany,2011,9.95,804.542,0.857952391933874,0.185157581997925,0.622311526237713,0.0616480252605338,0.196220041747801,3.50318350737578,15.86895875414158,121.2291006577178,24.90910943624195,21.81264352338772,112.41947815744,33.7098845809377,81.26999953602,12.5,80.3405762928198,2.55089499875415,40722.4849268242,0.228554942117436,80274983.0,78.433002901442,26.2795286339924,1.22973443987648,0.895856,38.8241,5.42647307455363
DEU,Germany,2012,10.061,814.093,0.902719155457624,0.173801779599601,0.596277764106708,0.0563860782146875,0.213411541954307,3.3870235877572,14.18826418223456,118.5968333597488,26.67977203093866,21.64138438354795,114.191945537857,34.5501078335304,82.3499984738392,13.6,80.393447520218,1.8196411156431,40834.5088218456,0.1648561931117,80425823.0,79.3316495670315,26.5450401531822,1.43633622765856,0.9668035,39.0087,5.32961990709013
DEU,Germany,2013,10.263,831.746,0.908054180809819,0.18088747197987,0.609320682431037,0.051636977046603,0.223620421070395,3.40737588223731,14.89121807991662,118.2737139646813,26.98051812170419,21.23866521581429,123.435398879553,35.3423024244517,84.17,13.6,80.4732318400362,1.76515036525359,40884.8926759028,0.12505562713457,80645605.0,77.5860288576931,25.8779408891742,1.99569888138804,0.9567087,39.4585,5.38089561557504
DEU,Germany,2014,9.74,792.584,0.968079500084799,0.165968201938865,0.590842393964896,0.0546874158475229,0.244586012212955,3.16986103032138,14.55275647298985,123.4068628705932,27.35884388493788,20.86340141432481,122.308668591557,36.3409222955935,86.1937006578756,14.0,80.57574023743,0.437762571704246,41602.4661281668,0.0973612592499159,80982500.0,76.8483516336234,25.9859539549736,1.89470416699187,1.067265,39.6563,5.19402455437042
DEU,Germany,2015,9.757,800.823,0.89077236638812,0.167022047494608,0.603656618373676,0.0491572693174545,0.221785121216245,3.08927654867111,14.06149764753077,122.2951117500464,27.79696336266265,20.79228039473045,117.401165117624,37.412701768023,87.5897993525767,14.6,80.6974371632814,1.82239938063641,41929.7549110722,0.0760120087289006,81686611.0,77.7565815686922,25.8737038512745,1.74443989037543,0.8311441,39.6261,5.02166997146121
DEU,Germany,2016,9.642,797.988,0.842204113313103,0.178253251045463,0.565300350213876,0.055887120811566,0.209604596788626,3.00795416282337,13.54825982620119,82.53510218218052,28.53540710426112,21.01163602003686,125.024012174369,38.4991067314054,84.1652066441212,14.2,80.8347870684725,1.64365840117303,42516.9337063103,0.0642202510440344,82348669.0,76.0059902166055,26.1732405694774,1.25424485239203,0.7945337,39.2997,4.859203594996
DEU,Germany,2017,9.441,784.595,0.845917282204686,0.190631020541377,0.554814193027899,0.0484441072661558,0.205237291443208,3.02583995187433,12.95470931852218,81.23149337225496,29.19906577687317,21.40805917547004,132.003261888443,39.9888046312857,84.3941537010844,15.2,80.9842544038853,2.88914588414184,43543.4807050551,0.0682636663146081,82657002.0,77.4548394742448,25.9754703565139,1.47661425586129,0.7022243,38.988,4.87088384635765
DEU,Germany,2018,9.101,758.771,0.76333196122956,0.185776222873368,0.599336234494848,0.0453621865287532,0.180791254852096,2.94182441862722,11.16218573542156,,29.86357264224905,22.16001725379103,128.945577229674,40.9651498488548,87.037112092841,16.0,81.1423036204018,4.00082875273687,43905.8550061973,0.0847654608298758,82905782.0,79.1252260463654,25.8506477811784,1.87085953898291,0.8239013,37.9388,4.71642227860585
DEU,Germany,2019,8.481,708.649,0.811287079557455,0.182062377709917,0.501502770496253,0.0488940630510197,0.198129700527367,2.84064296879837,10.95618440646697,81.35454792608628,30.21415154121215,22.63358303535056,128.292298108313,42.1155574684512,88.1345169091916,17.1,81.3053991689039,1.9056930139782,44235.2658954682,0.0926260316690242,83092962.0,79.0732427175683,25.5415743169893,2.00929122727773,0.7271723,37.1083,4.58251896014038
DEU,Germany,2020,7.739,647.177,0.823524540669177,0.187046085858438,0.478618622439821,0.0553656390049426,0.204912420789139,2.46769542889862,9.356285337755487,79.42524130013268,33.04642250450774,23.74374568793084,128.424798814302,43.3048696627,89.81294133,18.5,81.4700055002738,4.48523547812751,42372.8726784255,0.0767453976974352,83160871.0,72.9335327120137,25.2353421894561,1.75745290166456,0.6840532,36.2948,4.21716273766014
DEU,Germany,2021,8.101,677.998,0.7764667848147,0.183433757340095,0.502329776383204,0.0486939647528098,0.201576457315908,2.66236309496061,7.604616641368177,76.98802260320902,31.83347568040996,23.15700429217236,127.125099449404,44.0643361489671,91.43060973,17.6,81.6325870653934,2.93002168676674,44011.0194631674,0.0770848993139744,83196078.0,79.9195348609851,25.1570468778005,2.69677840082888,0.6603045,35.1529,4.37486383556733
DEU,Germany,2022,7.942,667.843,0.781722428491779,0.18038828474684,0.491063629066791,0.0516247935332167,0.195393755089807,2.689810795471,7.022498388124531,72.98629789410438,31.14015453292361,22.99692704579081,124.158264349285,44.6186317766404,91.62984383,22.735682048616262,81.7867852780995,1.82269397984058,44817.1316331389,,83177813.0,88.7857542130501,25.560348825259,6.41315910830296,0.5284799,34.5271,4.39000368639943
DEU,Germany,2023,7.023,593.766,0.792065903834561,0.170704969320835,0.392617067950381,0.0474790888944338,0.193242704538511,2.43206188384455,6.662374982167209,70.92134166386806,31.5506922626656,21.88214213185842,124.662572774586,45.380522509099,92.4763763,25.448665838240267,81.9034366692129,1.99210813981277,44368.9920074881,,83287273.0,81.9625483787634,26.7958505063624,6.6911238945853,0.50602,33.9719,4.02817161838327
DEU,Germany,2024,6.769,572.319,,,,,,,,,32.97134203276922,21.32816601087971,129.150921864378,45.6069242965787,93.49999579,26.651453372523,82.0211432579125,1.33680512940413,44027.7631554469,,83516593.0,79.0907305894936,25.6229541900267,3.1102774214087,0.1242671,33.9692,3.77217451526921
DJI,Djibouti,2010,0.555,0.517,,,,,,,4.054252657647081,2.702835105098054,66.35885314229084,22.76907255293727,17.8030445546417,0.866217827231575,6.5,32.5,70.6486554782903,3.23415329697175,13073.66912825582,0.838156180608274,930251.0,,,,0.3584284,0.5045,2.0606867212002586
DJI,Djibouti,2011,0.332,0.315,,,,,,,4.608006740855575,2.96229004769287,57.37182307699352,20.32748616449226,20.3518393182072,1.1914927711326,7.0,32.0,70.6776532458676,6.37538483893525,12655.378417264368,0.888463490648047,948558.0,,,,0.1177782,0.5041,1.971201684175933
DJI,Djibouti,2012,0.303,0.293,,,,,,,4.812473932432866,3.849979145946293,57.18847131118669,19.36022264167962,21.9776218597006,1.54197530481088,9.399999619,32.3,70.7266311335377,8.1261509172004,12682.968641808216,0.945907199473507,966747.0,,,,0.1173704,0.508,1.9623762586455613
DJI,Djibouti,2013,0.387,0.381,,,,,,,4.535310520200117,4.848090556075987,57.31546210161281,21.07227390323113,24.7884901261545,1.79778315719357,12.69999981,29.9,70.7969331287484,13.9893763417185,2140.13769442336,0.526727088783967,984824.0,347.720317058403,11.3865800627511,,-0.2955231,0.508,1.5419614514915574
DJI,Djibouti,2014,0.416,0.418,,,,,,,5.030480136463207,6.554868056603572,58.80290076877467,23.33765779644955,28.6271201146485,2.0047530858657,17.0,29.4,70.8899032189478,6.88983261287099,2253.14082249768,0.788998443214345,1002717.0,298.564535821251,11.612957172612,1.3297387508826,-0.3843552,0.5099,1.5571560002129807
DJI,Djibouti,2015,0.495,0.505,,,,,,,5.645831073762783,7.874448602879671,61.82395748519466,21.12075238596162,30.8091732634986,2.36839087613311,22.89999962,24.8,71.0068853915837,5.93271216592944,2376.12554719873,0.662618364843773,1020313.0,268.363456254629,11.3951494809576,1.73934880196404,-0.493180099999999,0.5117,1.5967574428465572
DJI,Djibouti,2016,0.412,0.428,,,,,,,5.502381952187197,8.977570553568585,61.47462440425272,20.10539903346254,33.271816300825,2.33941404303751,30.79999924,23.6,71.1492236341041,6.1420623506391,2502.85181449431,0.484424417766637,1037653.0,213.071998607921,11.3387071221455,0.302782333572253,-0.7074408,0.5138,1.5774651435263218
DJI,Djibouti,2017,0.392,0.414,,,,,,,6.77390128732349,11.28983547887248,61.10368938329687,20.84511627518251,35.3657091447905,2.31210201347881,55.6814092453962,23.3,71.318261933957,5.97013597143086,2596.45134698268,0.571398008790601,1054841.0,305.967966403468,12.4061244543166,0.562231530282162,-0.7552217,0.5158,1.575527672126957
DJI,Djibouti,2018,0.44,0.472,,,,,,,7.291778451006128,12.24468456867067,65.01709127477937,21.89369163366941,36.8545231657962,2.3797395608845,57.06169891,24.7,71.5153442785902,5.83497725047345,2677.1650334451,0.278959298930402,1071882.0,300.398900523844,13.991615352663,0.656019048644325,-0.296717499999999,0.5174,1.5919296523325817
DJI,Djibouti,2019,0.496,0.54,,,,,,,8.725464664552867,11.41022302287683,67.62172357845458,22.97115116151068,38.0143821719119,2.24265621024535,58.4762001,23.4,71.7418146554518,5.66550441566635,2781.94350113484,0.358531614173272,1088709.0,320.93923036418,14.6103467336685,0.449845161500079,-0.3842768,0.5112,1.6170544416179289
DJI,Djibouti,2020,0.419,0.463,,,,,,,7.869007259159197,14.95111379240247,74.96791723122737,26.72612826132774,39.2725038635961,2.26685414608193,59.92570114,27.5,71.9990170519895,5.03254315668511,2773.40661780097,0.322148755925581,1105188.0,225.744871323723,14.5456933567204,0.580719548070135,-0.4591955,0.511,1.5839175591107497
DJI,Djibouti,2021,0.497,0.558,,,,,,,8.212582703274254,15.27027096390057,73.44893927921326,38.19750832013566,43.6423520933817,1.39112845686235,61.41120148,26.6,72.2882954556515,4.91482788768696,2854.15987035097,0.277110490356489,1121248.0,263.477728733891,15.4059788148715,3.35375272496144,-0.5273642,0.511,1.6144073979659184
DJI,Djibouti,2022,0.484,0.55,,,,,,,9.174288866937625,15.206697984924,68.65949245221867,38.42861414890201,46.7770531248021,1.41245769926198,63.77600098,26.9,72.6109938538856,5.24930012962196,2959.78673011268,,1137096.0,302.285409231545,15.0308727802738,-0.147758592154517,-0.4774121,0.5111,1.6141301704698814
DJI,Djibouti,2023,0.484,0.558,,,,,,,9.48316737790422,18.22738664843928,67.57915811665109,30.51856330763671,48.4504884885996,1.47205761945073,64.75869751,29.68256269302151,72.8408245988921,3.51446231641349,3117.8155381531,,1152944.0,285.902043800644,14.432376023443,2.44653971370865,-0.4640183,0.5218,1.615644655891549
DJI,Djibouti,2024,0.483,0.564,,,,,,,8.214494959561733,17.6370038837649,64.40927055732863,38.02407806856662,,,65.29889679,29.719436711457718,72.9052635052978,1.63337101411676,3290.42482052598,,1168722.0,241.237463098287,15.913892950777,-0.441942709749782,-0.5563593,0.5227,1.6226371216160578
DMA,Dominica,2010,2.447,0.169,,,,,,,22.77947569240115,32.27092389756829,69.79329948324872,53.07005767514419,153.308935651113,12.0695914840471,47.45,10.3,67.9983269911984,10.9887086593887,8574.27308682238,0.0491548799650004,68859.0,,13.542839229991,0.929049061895853,1.098788,0.0263,2.52529420124323
DMA,Dominica,2011,2.175,0.15,,,,,,,22.59078672414767,48.94670456898661,71.79261810950864,55.79388957472445,157.73970718144,12.0298900844279,48.59999847,13.8,68.3978165602727,9.48510899097882,8553.8384670104,0.0412282999821639,69053.0,,14.7847029833916,2.30733865943149,1.0934992,0.0267,2.429427392486078
DMA,Dominica,2012,2.385,0.165,,,,,,,22.43913384943341,48.61812334043906,80.85780260480571,58.82684672189241,158.135362713041,12.2978095431002,49.79999924,11.3,68.754609337094,10.823245661111,8532.34388117289,0.0414520814234463,69118.0,,15.0217799795012,-2.04961801902151,1.092941,0.0272,2.5014598212308887
DMA,Dominica,2013,2.259,0.158,,,,,,,22.19837951829516,51.79621887602205,82.42262524156385,57.35045339675933,134.225059169476,15.3008678189773,51.0,11.4,69.119704197722,7.09315981024728,8459.6586988024,0.0539374373872897,69715.0,,13.4469362528695,4.79399321200063,1.0912351,0.0271,2.457206525274241
DMA,Dominica,2014,2.395,0.169,,,,,,,20.10527854949554,49.34932007603451,82.20195564917874,53.70783398331863,104.991971352649,15.3254799425916,57.5,9.9,69.4907847110252,2.15759020953855,8576.26367623609,0.0651451844425706,70373.0,,13.5409587791002,2.54364613182496,1.1473784,0.0271,2.509229190119112
DMA,Dominica,2015,2.497,0.176,,,,,,,19.94741137002448,43.52162480732614,84.36030383769751,52.81570421715217,109.720210197415,21.5296122709842,65.0,8.7,69.8679153463528,1.22782053461875,8282.59874702141,0.0474677077229137,70410.0,,11.9415971243125,5.46641230976567,1.1120789,0.027,2.532040290719711
DMA,Dominica,2016,2.473,0.172,,,,,,,18.12875038523595,41.69612588604268,80.68703320435526,48.43792983764189,112.697181277476,22.2495187196506,67.02999878,10.7,70.2511605730541,6.89801855079428,8499.52291903149,0.0602343950060558,69606.0,,12.5108806035108,3.56536248291768,0.9362782,0.027,2.529774445070127
DMA,Dominica,2017,2.246,0.154,,,,,,,16.39672794184627,38.25903186430797,98.06070203594685,52.51805509199753,109.83123102079,22.5166433076384,69.61969757,9.7,70.6405848604787,4.02538103514499,7985.6341102129,0.0559454272358846,68496.0,,11.6477982459601,-0.552599854216922,1.1093885,0.027,2.435851030773417
DMA,Dominica,2018,2.418,0.165,,,,,,,16.40449847802709,38.27716311539653,95.057280957086,48.50875904611851,112.682254231819,16.8891366209992,,7.9,71.0362526779762,12.4606230458607,8261.16492553236,0.0348243046150246,68174.0,,16.4273165670357,8.30802203726348,1.112031,0.0269,2.506955776754011
DMA,Dominica,2019,2.536,0.172,,,,,,,16.40718999526015,36.46042221168921,80.65203040305242,41.59918844441753,115.103123158515,22.3998232174425,73.38200378,7.6,71.4382284948964,9.78484788732394,8624.51695993537,0.0284260300710226,67880.0,,16.4478298361598,-1.34582555877566,0.9867091,0.0271,2.561451275775353
DMA,Dominica,2020,2.331,0.158,,,,,,,14.58842408548817,36.47106021372041,99.60679604518944,54.13991684907961,110.409483077561,27.0611042872153,75.65670013,8.6,71.846576780589,4.31749235024332,7302.94454951254,0.0462893309270096,67573.0,,12.143682386304,-2.60093187346024,1.2385037,0.0271,2.4362609103135426
DMA,Dominica,2021,2.398,0.161,,,,,,,14.61107153945903,36.52767884864756,92.9986259521618,51.19915689491869,92.5136156662004,20.9562215410256,78.07949829,8.8,72.2613620044042,5.0343144105378,7738.31730070386,0.0330678676450178,67202.0,,13.0406747989946,0.988572384160591,1.2367945,0.0271,2.476329869654946
DMA,Dominica,2022,2.466,0.165,,,,,,,14.65147796784001,34.79726017362001,84.74980632331501,48.2916801376172,85.1898961482058,20.86014425523,80.57980347,8.9,72.682648635692,2.71598643499556,8590.92209069816,,66826.0,,12.6067753689955,0.261823678449417,1.2397365,0.0272,2.534808805581309
DMA,Dominica,2023,2.473,0.165,,,,,,,11.01624896722666,27.54062241806665,77.96537507503766,43.40512408114261,,,81.33650208,28.07208234871605,73.1105011438027,7.2826833844529,8946.98822588042,,66510.0,,12.7501207770175,2.08922149000234,1.2402149,0.0272,2.516206944788559
DMA,Dominica,2024,2.58,0.171,,,,,,,11.03509159126021,34.94445670565732,74.76971226539422,40.48606003913326,,,82.04689789,27.80616914054319,73.5449839980866,8.70431929375585,9172.71049624795,,66205.0,,13.8759556554372,2.38337752255535,1.2341643,0.0272,2.561160094190301
DNK,Denmark,2010,8.866,49.19,1.75988246541355,0.571101909179083,1.3492543504444,1.07925057830384,0.204049503667634,3.5651541499467,40.88330804869246,63.17130501717319,56.88484060861737,58.74396545637477,115.734472895239,38.076030356193,88.72,21.2,86.8652420043945,-3.56794135328115,51209.4492757775,1.21806959470816,5547683.0,94.3877282319057,19.3679354644121,3.18685979296221,1.1703202,6.9336,8.5286929569552
DNK,Denmark,2011,7.941,44.237,1.78120114879666,0.554419032299864,1.21498777678079,0.88816747393352,0.186687759754988,3.52273364784242,38.71288077764636,61.02791978202006,55.18384317934447,53.89011388496385,128.762868998962,38.4725380278661,89.8100133895232,23.8,87.1567653955846,3.93792637361731,51667.5313210425,1.63537891856148,5570572.0,102.012930474308,19.8459237938884,0.646380343342173,1.155094,6.9035,8.14819683940824
DNK,Denmark,2012,7.128,39.861,1.88691359251796,0.478887776865083,0.872035672875347,0.671889162831039,0.205194811082727,3.46685634658517,34.08084123057219,58.7032185677456,56.37120708655011,49.04529361236343,130.416027276514,38.9767051263458,92.2600117153012,26.9,87.2336196899414,-5.00312031968255,51470.689845427,1.52209845823621,5591572.0,104.362280505171,19.8506421545794,2.40784261053872,1.0433934,6.9077,7.58177736275733
DNK,Denmark,2013,7.437,41.763,1.83501453047505,0.499737738495616,1.05483808481365,0.719430973275215,0.200947359492166,3.54298130812819,30.03085810699603,56.16244410684264,55.68410317242177,46.37762999365557,125.21344682497,40.467787039522,94.6297,27.0,87.5436524760432,0.197410828523168,51970.3909324806,1.17608346343677,5614932.0,103.612813249189,19.734359858156,0.846911259922024,1.0203721,6.8395,7.85294999467989
DNK,Denmark,2014,6.657,37.571,1.93931698722714,0.500824989074663,1.07823848005927,1.02370734039056,0.208819224246732,3.17384131066011,27.81165460105453,54.04140110028122,56.4458642341266,44.97531134769036,126.869141573913,41.4926377539648,95.9935053764454,30.2,87.6823985731907,1.86415567840611,52368.3625969272,0.983209243067839,5643475.0,103.210859225139,19.4044479337978,1.01870648692126,1.1307994,6.7624,7.92474833165849
DNK,Denmark,2015,6.177,35.111,1.88589875708647,0.51566595565515,1.07612479021843,1.11102304566809,0.215483574656427,3.25353485844563,24.71367502724434,51.86271648819313,56.71793896776977,42.25827329837465,124.553508356615,42.3133095847231,96.3305016195436,32.5,87.7254056577329,0.61075067778712,53094.0133607574,0.521484568638432,5683483.0,105.130362453899,19.5644428511085,0.409102918740629,1.0198991,6.7882,8.0577309817302
DNK,Denmark,2016,6.445,36.917,1.61680016506822,0.527639795084805,0.984820831564203,1.15915792423761,0.192740979024022,3.21212605656838,24.1024814857701,49.75725507767334,57.32900123291654,41.27662773771949,121.941164424922,42.9699132415221,96.9677852516645,32.0,87.6999969482422,2.49983169836595,54300.2039621991,0.342477974632511,5728010.0,101.452783808643,20.2319629319966,0.42651293565801,0.9320841,6.8122,7.69328575154723
DNK,Denmark,2017,6.013,34.665,1.8356047031525,0.485095962400498,0.987742953836215,1.09621742978674,0.211115915602977,3.2437709953253,20.75368560060583,49.27178918418657,57.49275320619532,38.41803187721531,123.86211468599,43.5697797531659,97.0993621555621,35.0,88.0161943799509,1.08780490285886,55601.0145717787,0.470200711781742,5764980.0,104.215676920442,20.4236252284711,1.10061874801856,0.9149035,6.7827,7.85954796010423
DNK,Denmark,2018,5.973,34.609,1.35145088377881,0.474846498746897,1.19304829356511,1.03886514855539,0.148097336373825,3.26303492819236,20.87008177597157,46.8697773085744,58.73635096511677,37.74377053784017,124.550124408336,43.7690892923223,97.3192043651002,34.6,88.1059762310689,2.46670057625106,56355.0733084714,0.587862611976543,5793636.0,108.813985501909,20.5755636281273,0.593022199554014,1.0018359,6.8131,7.4693430892124
DNK,Denmark,2019,5.323,30.95,1.88048789813751,0.408594027088148,1.18347746869223,0.896252471742364,0.19909960491271,3.17415366686803,20.00332977238392,44.82227597145286,60.65474689463574,36.16663036583251,124.573359763273,43.6229516711158,98.0464347521549,37.2,88.2096490810669,-1.10067098319484,57114.6227336347,0.446224762644461,5814422.0,111.891475065653,20.6402200527554,0.950878606508979,0.8984987,6.7938,7.74206513744099
DNK,Denmark,2020,4.853,28.3,1.80089449209945,0.391779885196103,1.18636539033276,0.828592430174691,0.200295202169719,2.93618382839967,18.6660858529305,42.57752623752973,65.02302321225486,34.41769491761376,124.370019531752,44.4185659681079,96.54914573,39.5,88.2394485473632,0.363874538682217,55934.5555945523,0.162332732247836,5831404.0,104.433432671151,19.5550544065806,2.82692168535247,0.8682976,6.9329,7.3441112283724
DNK,Denmark,2021,5.055,29.604,1.43475590256088,0.391092298140718,1.16916831583404,0.651488858546438,0.186745433723718,3.09677244032246,17.4968005704894,40.98202881004035,58.94383043477152,32.85103952571769,125.604137839658,44.9598379722906,98.8658506,39.5,88.2616449318149,4.18538817542322,59312.8158043771,0.33866438619955,5856733.0,112.321472697291,19.3930980986428,3.04435420134703,0.8409469,6.8356,6.93002324912826
DNK,Denmark,2022,4.929,29.094,1.57830074877743,0.370329143717555,1.14938228287674,0.642596610881753,0.195701675325024,3.29405213022012,17.53285493590218,39.12106527124779,56.80428043887726,32.13029933466167,126.48354098254,44.8863644064006,97.86011812,20.987495667020553,88.3880239837703,6.9048667972729,59108.7449374068,,5903037.0,131.995824909071,20.6688567291554,10.3984104940467,0.8416401,6.4641,7.23036259179862
DNK,Denmark,2023,4.847,28.831,1.14802120117785,0.325452446972711,1.13918748712616,0.825592024019144,0.154252291906904,2.8850867729044,17.02858403726142,34.33698048828066,60.25151120991941,32.22970898344023,126.717092547985,44.0352069959396,98.77559197,23.73882030204519,88.552638542867,2.0346382929142,59026.9843650999,,5946952.0,129.625337431278,23.6155835404278,-2.12250636567327,0.9005936,6.3384,6.47759222410717
DNK,Denmark,2024,4.746,28.369,,,,,,,16.63087786426187,33.77774955247459,59.92563738258164,32.6417089639017,126.686532566268,43.3933280824544,99.76915157,24.39967545613785,88.6960552688405,4.29658848924698,60772.8624276041,,5976992.0,131.765030975207,24.1417253330521,1.45545513933037,0.7688761,6.3396,6.49244750160432
DOM,Dominican Republic,2010,2.082,20.445,0.4002596812124,0.14572016411867,0.12248122531691,0.0900522370282451,0.0382465883282308,1.05288573586349,10.22294866371036,28.4740054278849,19.84681208556433,18.50763263190464,90.5562579078275,3.97655846255286,31.39999962,16.9,74.1642773174177,3.38320513554667,5666.45633430206,0.172400177111422,9820175.0,56.0573964175321,27.2729956898842,5.3493113436178,-0.0570436999999999,6.2168,1.84964563186794
DOM,Dominican Republic,2011,2.104,20.922,0.406060590381529,0.141922392254688,0.125815946262305,0.0757753531680495,0.0422300999810611,1.05469504255532,10.64631985218974,29.9861699097681,20.12470773311885,18.41321535978695,88.1873540123839,4.2623683327567,38.0,16.8,74.2440389501301,3.79217588020774,5773.57403459156,0.340210817624619,9945621.0,59.0692578401698,27.543253721519,7.96628942136113,-0.0597805999999999,6.2841,1.84649942460295
DOM,Dominican Republic,2012,2.076,20.903,0.388603106838349,0.137973680815314,0.122485828101525,0.0736683959348441,0.0440058004369032,0.952920329753272,10.47625897767064,31.1871264545582,20.02611647374106,19.4116413533673,88.7172926705772,4.80243557090172,42.32,16.5,74.2398679969568,5.64036946601582,5860.29893321013,0.446840708804603,10070411.0,58.5062536731089,27.3630347889582,4.97847501671956,0.0313944,6.2913,1.71965714188021
DOM,Dominican Republic,2013,2.045,20.842,0.434037109230134,0.138064897105847,0.12096719160447,0.0670413951833654,0.0451597088189766,0.953521319900257,11.64656248143086,33.01024492035807,21.02592102908164,21.26575373626749,90.2546667185935,5.1668984571358,45.9,16.6,74.2251359951216,2.55757225532805,6075.03399972737,1.02972097005091,10193833.0,56.8137658014945,28.042816852784,4.62859670880844,-0.0097174,6.3219,1.75879162184305
DOM,Dominican Republic,2014,2.061,21.264,0.382925869650615,0.138381570247046,0.115059093268576,0.0674634156565199,0.0482480976501006,0.948096852206942,11.55544868294022,33.90973928981863,19.46728291207132,21.24712096019453,80.495501539039,5.81643518392854,49.58000183,17.3,74.1931533822153,3.55938801753347,6430.27811051339,1.03750954514513,10315528.0,55.6601041506633,28.3860007406051,4.2157814645044,0.0549569,6.3499,1.7001748986798
DOM,Dominican Republic,2015,2.203,22.986,0.432901508303566,0.142071704950615,0.125147353271425,0.0699310921559661,0.0496120865730254,1.00633611512687,12.54581862887601,36.22994225404647,20.05350097970583,22.4983599778157,84.3065756036826,6.57516285125516,54.2157663369785,14.9,74.1372305958285,3.13851060913817,6800.95309395474,0.535347858231712,10434829.0,52.3471238667007,26.9345632876959,2.38116064893268,0.1170524,6.33,1.82599986038146
DOM,Dominican Republic,2016,2.288,24.14,0.469030717184961,0.14903792824365,0.126822141188337,0.0698826202391804,0.0510221360087049,1.05033837687655,12.57232583366573,37.93006776936441,20.20175125767075,22.47585351122301,82.5303394895289,7.21470928585035,63.8708647408206,15.3,74.0506780735522,3.33024928523507,7177.75376475488,1.2819479321571,10551430.0,51.7306571245477,25.8795514870557,2.0153931389807,0.1555826,6.3691,1.91613391974138
DOM,Dominican Republic,2017,2.199,23.455,0.533188761537541,0.147800635432885,0.141454463193494,0.0804463526653107,0.0553989782376738,1.00466160365207,12.62817002473705,38.94669259965632,20.50211204470709,22.64103947788053,82.2092066040533,7.69279157853922,67.5712453277737,16.9,73.926806252977,4.55025610026855,7379.39978067137,1.03534454096242,10666843.0,50.7595355508472,25.7840049829017,3.90748393888811,0.0918722,6.453,1.96295079471898
DOM,Dominican Republic,2018,2.338,25.203,0.533963257953157,0.15150650240111,0.13830458983547,0.0852113495581358,0.0559138650376579,1.06937739035534,12.41585705201301,36.47238757318702,20.08499377184878,22.50723130369184,82.8937401810212,7.98202346065262,74.8220483597284,15.9,73.7589255716938,3.22902365102652,7818.70593240469,0.868889463505184,10782053.0,52.3351709577013,26.9196437003489,4.54050503974423,0.0030759,6.5453,2.03427695514087
DOM,Dominican Republic,2019,2.613,28.471,0.555614939722903,0.129200205181693,0.149332482451561,0.093999450228324,0.0571594551740874,1.14412075696952,12.19137322124744,40.28121434230344,21.80748868398258,22.90746196773634,82.1376141070859,8.53570157562257,79.71549988,14.4,73.5403464672933,3.17366550445317,8117.04639185786,1.05544444208182,10894043.0,50.912982200697,27.3564369481505,3.59545070493974,0.0515231,6.5503,2.12942728972809
DOM,Dominican Republic,2020,2.383,26.228,0.558423972364757,0.124053620543868,0.119993264439756,0.108189429279207,0.0619132841618302,1.05899452966317,11.58157890836208,39.94514200497983,28.32822512319439,24.14754324546655,81.6619005659366,9.37345457518418,81.61730194,16.0,73.2643793773663,3.13265976088131,7395.8734262396,1.23931109405337,11008300.0,44.7331613466756,28.8243175766758,5.45467337342448,0.2361204,6.5908,2.03156810045259
DOM,Dominican Republic,2021,2.64,29.363,0.556249506540901,0.130211238345272,0.173712625623598,0.119420589812559,0.0621918523340965,1.18827688854074,11.11304656800131,37.47710799130878,27.47441450469346,21.8891788117342,87.5207623947766,10.3195260186654,85.24298638,14.8,72.9243347395035,3.53154938314388,8344.90510312395,2.07711318519727,11123476.0,51.9500227303115,30.8689593199686,7.22103350242185,0.3502987,6.6735,2.23006270119717
DOM,Dominican Republic,2022,2.78,31.225,0.586390850844715,0.133777345715558,0.188140717760693,0.111423699284738,0.0649912679733364,1.26042908624211,10.84766225540631,38.53549466379401,30.60773337119538,21.57552281715872,90.3760163850377,10.6744492390257,81.51269675,30.88306614830018,72.4203155643711,3.56897046352612,8698.13592094395,,11230734.0,54.3781976712844,30.8255427451738,9.55123473466408,0.4914554,6.7307,2.34515296782115
DOM,Dominican Republic,2023,2.809,31.829,0.611910711238183,0.134460647505592,0.162506534034106,0.110103741777365,0.0688314898402805,1.31516143655099,10.86750721602479,40.11317663514929,31.13903555284314,24.0112631639123,91.8676246650308,11.1345555858062,86.12689972,30.684302979136056,72.3577991823338,3.94375586800192,8809.96335385949,,11331265.0,49.8436131764417,29.3086832346831,5.7871768273554,0.4655668,6.697,2.40297456094652
DOM,Dominican Republic,2024,2.899,33.131,,,,,,,10.84590037480333,46.93533590766539,30.92086366847054,24.82976777899153,93.7095828968519,11.2045645451604,91.0022446,30.924244836998703,72.4121874752151,3.6013993607877,9168.45418897141,,11427557.0,51.7835143952326,28.724388436827,4.27167538984344,0.5893402,6.7026,2.3199445530888
ECU,Ecuador,2010,2.419,36.469,,,,,,,12.26726842608918,44.66444819073729,22.4130618602179,15.05191552673779,98.0369371404011,1.46796098216486,29.03,11.8,62.7405258611644,0.243419054034351,5022.20374387205,11.7907315375663,15076695.0,65.7773849135062,33.9061751825852,9.01371738601253,-0.6609602,11.7374,2.3452107773344495
ECU,Ecuador,2011,2.511,38.48,,,,,,,12.63908424261374,26.18500861025806,22.66356202116036,15.48337029120884,100.042332662827,4.29931645929556,31.3668083587433,13.2,62.7949053547691,0.817966548837347,5359.45724615639,16.5773760059007,15326227.0,70.0356837525249,37.4057005178901,6.83751222954146,-0.7429017,11.7096,2.3866704352074635
ECU,Ecuador,2012,2.408,37.493,,,,,,,12.88347277797987,28.63199330429099,23.89815010665635,15.98053014127193,105.680291422005,5.41801624099982,35.1351464545516,13.2,62.8408732819135,0.646739602691481,5579.85624282158,14.5265186334151,15572194.0,67.0029290916898,37.0917503800762,5.00323590794862,-0.660745199999999,11.5625,2.362393692816782
ECU,Ecuador,2013,2.511,39.685,,,,,,,11.92257382859355,31.5703965567462,24.83076858812246,15.77811433371098,105.181656022524,6.69604876989672,40.279121941,11.8,62.8837286624122,0.752903273859877,5893.32172683036,12.8813253368088,15807128.0,63.4333003342414,36.8322936524171,2.66686728017176,-0.2633528,11.5398,2.411702317410126
ECU,Ecuador,2014,2.729,43.76,,,,,,,11.53731386894922,35.55936492532622,26.14320512311426,17.17702649988739,103.558519410265,8.22960271464069,45.5903906666095,12.2,62.9232432195799,0.751953401658059,6055.04172761485,11.5903571785583,16035124.0,61.4263766217565,35.7119955282529,2.05296051570632,-0.0167487,10.3257,2.4884861569869434
ECU,Ecuador,2015,2.539,41.298,,,,,,,11.47193802796692,38.41019733986206,24.43037738088471,17.23777278365981,79.5746462378333,9.14528109625927,48.9404337892669,13.1,62.959188676731,1.36067004574537,5976.1596805651,4.63202397853143,16266225.0,47.8280397077826,28.0900423392523,-5.47563265671535,-0.1822625,9.4576,2.4214193396574277
ECU,Ecuador,2016,2.386,39.375,,,,,,,10.91448929808055,39.46333591705056,28.68180988843288,18.66413337512037,84.1088342242983,9.75202935279733,54.0629247288864,14.8,62.9913367571804,0.78469706502846,5849.13587933672,3.75806780861528,16505139.0,40.5344917996647,27.5339637947157,1.17114450392724,-0.1672879,9.3785,2.3627945535613732
ECU,Ecuador,2017,2.339,39.196,,,,,,,9.639748359503647,40.80329911277876,28.67681597605402,21.08403760280974,87.421387212843,10.6125181754918,55.79999924,17.0,63.0194591842425,0.605279629548276,6104.27253521751,4.98372023451617,16759519.0,43.6177233172817,28.4680086969835,0.932031656124835,-0.1273984,9.4574,2.3540488513783773
ECU,Ecuador,2018,2.255,38.451,,,,,,,9.42822615398014,47.56124024719888,28.36052966899699,19.28394727252762,92.5117717203865,11.4584100093686,57.5,16.3,63.0433276812321,1.29341012436864,6063.0956178776,7.0964207852671,17049547.0,48.0093476154836,28.0147488586162,1.81939670683758,-0.0672488,8.9401,2.3259999896175123
ECU,Ecuador,2019,2.312,40.083,,,,,,,9.643107259895697,54.5233742454446,31.21710027905357,20.76488774923712,91.4249181128443,12.0672172196331,59.2,17.7,63.0627139714638,0.915058228783613,5971.38938386723,5.82070104913459,17340021.0,48.0828494933307,26.6504631266844,-0.0565742583910378,-0.209832,9.2833,2.337643434800876
ECU,Ecuador,2020,1.851,32.473,,,,,,,9.585767102560972,57.51460261536583,38.54499303377982,22.88470585661528,88.2554920433727,13.5146940353863,70.7,20.2,63.0773897782521,1.16754746598289,5355.68934196443,2.92430668533391,17546065.0,43.9893109378389,23.9811344799811,-1.82595653187617,-0.1513823,9.5339,2.1564957523684276
ECU,Ecuador,2021,2.159,38.185,,,,,,,9.198461778825124,60.10323821762231,37.8736909929889,23.76371715538163,94.950621672761,14.0284374555704,69.1147995,18.9,63.0871268249117,0.607504922954352,5815.09477390949,6.69943720189179,17682454.0,53.261275610573,27.3494898826986,2.1747440659329,-0.1983083,9.1851,2.2785968088683055
ECU,Ecuador,2022,2.36,42.066,,,,,,,8.993795411040178,64.71163850606882,37.46220624421176,25.20853812560501,98.1309025742238,15.1128846850944,69.71811356,30.720446722577897,63.0901835932266,0.759637557255968,6107.49495006543,,17823897.0,61.880792818786,29.5835905417542,2.34806843439985,-0.2336288,8.7595,2.3340200275567375
ECU,Ecuador,2023,2.481,44.6,,,,,,,8.906707907962634,69.01400815278957,38.04834198559194,25.88698314018474,101.031752745524,16.0678902316524,72.6943146,30.512026972805806,63.1307729554263,0.398026146047552,6165.40977555695,,17980083.0,57.1626938264309,27.7143991387368,2.14029219720726,-0.3543579,8.5377,2.3760528342854546
ECU,Ecuador,2024,2.535,45.98,,,,,,,8.036324478607867,69.81602510252883,43.45661080343445,27.98015858933914,101.598265014024,17.246394056997,77.17273115,30.32019919320264,63.2376932397602,0.360313100049938,5993.74697758454,,18135478.0,57.4436448205751,26.6798793373704,4.52354895601171,-0.7210909,8.4405,2.3864351706799547
ESP,Spain,2010,6.033,282.585,1.04953913144559,0.185041657010677,0.271381400933513,0.409886478550454,0.0605825470656522,2.49420144695876,96.0761502918472,149.6685332438318,79.27114617809116,149.554899758157,109.711571858447,22.7418123101281,65.8,14.4,78.5138156234888,2.51885825626411,25766.2515825743,0.058346056568316,46576897.0,52.6933699734019,22.985948966945,0.292837731273394,0.0213027,26.0145,4.47063266196465
ESP,Spain,2011,6.027,283.275,1.03674408269503,0.179726642475521,0.222739771947582,0.444159632270608,0.0646401277778485,2.38433434410749,88.4886964336795,147.3452333857274,77.79471829997475,143.7064770887722,111.899355043358,23.7622851657887,67.0899993926581,14.7,78.695397956495,1.73938048405349,25510.5579678829,0.065256205028861,46742697.0,58.5118228859632,21.8871702738867,-0.145958771821014,0.2026668,25.376,4.33234460127409
ESP,Spain,2012,5.901,277.432,0.77000124265453,0.165762184303364,0.184328446197115,0.380431200643444,0.0464489186275193,2.23371325549163,83.97134709663675,136.280706389293,80.36669227888228,132.8862779015487,107.756074158579,24.5107487138578,69.8099999420024,15.8,78.8455680301618,1.44631700014204,24763.568274484,0.0730629225763844,46773055.0,60.5540346961864,20.7992748782776,-0.202954992229195,0.1447381,24.9445,3.7806852479176
ESP,Spain,2013,5.38,252.109,1.1514206325806,0.170912786616438,0.191474919133992,0.408020118687821,0.0722810755611478,2.04955088249654,73.75452577699453,130.9779518637015,84.61680960013727,120.9415084258598,107.038567264134,26.1458798389403,71.635,16.9,78.9858086902112,3.4608559063245,24498.5559507945,0.0627348719312166,46604197.0,61.6687726441327,20.0279432010078,0.438175032697188,0.0980042,25.0296,4.04366041507654
ESP,Spain,2014,5.429,253.658,0.850374631378828,0.169826140032258,0.211546445407581,0.405313986542431,0.0583216068806151,1.95925921948599,69.83412912113081,118.9197028626469,82.51954619524155,110.4135044164824,108.745818831037,27.8358661570454,76.1867089778712,17.3,79.1196713833488,2.31642230011085,24947.8512505913,0.0606477510711108,46460733.0,63.39926213895,19.8695989889783,-0.22068679671149,0.4826214,25.805,3.6546420297277
ESP,Spain,2015,5.789,270.248,0.965541082152185,0.159674713530801,0.251074537477678,0.415337905533764,0.0576225104396993,2.07794806259557,67.61960735975426,116.9576179165528,78.67542626702677,100.3313366056119,109.391040801705,29.0099329346016,78.6896318703515,16.3,79.2454892743023,1.97131692755332,25982.4416197775,0.0478922611851597,46422303.0,63.5820412248232,19.9230622051822,0.552441816045786,0.4353383,26.9674,3.9271988117297
ESP,Spain,2016,5.554,259.555,1.144089360498,0.172950320500916,0.235067181449207,0.427544938448834,0.0693818194928414,2.03358185904492,61.95958972839482,113.3113414864675,78.44567115507401,93.92137079718282,110.247061960011,30.1986308494311,80.5613329432179,16.7,79.3615955277997,3.61722479660389,26719.2442268615,0.0419317249195144,46458139.0,63.1886778507294,19.7937250159622,0.372182539615821,0.425985,27.1163,4.08261547943472
ESP,Spain,2017,5.835,273.484,0.914238262343712,0.181032045969073,0.256165482450301,0.422881922769932,0.054203736829731,2.07314532025899,58.68042797235854,112.0116047995437,77.344139949266,88.13622626544414,112.030085134191,31.2964612808116,84.6022457016524,15.2,79.4663233085683,2.54039212306223,27426.281015093,0.0530656069147325,46571232.0,66.167446137857,19.9047199031815,1.25794431812474,0.280621,27.4576,3.90166677062174
ESP,Spain,2018,5.702,268.521,1.26664427949252,0.162943008992509,0.299673725890941,0.432740871651503,0.0790037811458273,2.18534690296641,55.1237205139697,108.5315567894558,77.5565960226879,82.0368463947154,115.009066880916,32.2277444368856,86.107235525659,16.9,79.5580057813361,4.46748509754483,27956.7225466484,0.0630077839936006,46782011.0,67.0094103982921,19.7385743840512,1.18735470237598,0.3346558,27.8145,4.42635257013971
ESP,Spain,2019,5.285,250.674,0.874140117841462,0.160908313960908,0.247133571573898,0.45057775249833,0.0592486116956809,1.7793033786899,49.54299188567608,106.051920440271,78.96283829593766,78.14965183335859,116.69612128516,32.9220023670648,90.718665325267,16.7,79.6349761108307,2.16052375036307,28301.4393949563,0.0390101070611282,47118501.0,66.3662250440692,19.9779055762497,1.42867123652391,0.267048,27.9823,3.57131174626018
ESP,Spain,2020,4.441,211.765,1.16193532997031,0.147367493196735,0.215920498115362,0.403531451614205,0.0787803780016575,1.46333775645011,45.4169375768741,103.1435756012976,95.66999700676756,89.87702950902133,116.712041523767,33.9527590155171,93.20564892,19.3,79.6955674617799,2.92165980781023,25077.019882928,0.0381216045324834,47359424.0,59.4461280147076,20.1193927811735,1.13391454164042,0.2956928,28.4399,3.47087290734837
ESP,Spain,2021,4.793,228.806,0.999421322601807,0.150020894036969,0.234254705701386,0.408995923273271,0.0722878352916707,1.5782019677161,37.19410347129297,95.95745731002216,92.29908990395587,82.14381767645455,118.999806936801,34.9302420932073,93.89752157,19.0,79.7846242983598,4.42272902452136,26705.3629138959,0.115181021827658,47443821.0,66.524588943191,20.3165748530524,2.55611236501613,0.38323,28.6348,3.4431826486212
ESP,Spain,2022,4.897,234.223,0.690913982149792,0.15715102970338,0.29631835456806,0.404590921870629,0.0527515524398321,1.62582102245855,33.4857995602912,89.81295422351212,85.35659919818232,73.21614278673499,123.399528756795,35.7846414290159,94.4855432,27.593221307693284,79.9548794567814,4.65609043363165,28203.1093419474,,47786102.0,78.4657338703054,21.2234793725829,4.69383953106939,0.1569762,28.0827,3.22754686319024
ESP,Spain,2023,4.497,215.461,0.79522242262673,0.162853182839168,0.245000168223821,0.398044816611285,0.0463762135791344,1.56649310847696,32.36949881857887,86.95770776544634,78.05917318283629,64.40706843112704,127.715490236713,37.2148181549182,95.44564516,28.39635097246704,80.128491001856,2.89981565316893,28558.6319817501,,48352528.0,71.7976366055733,19.9575232630573,6.24520480258481,0.1484475,27.4713,3.2139899123571
ESP,Spain,2024,4.599,220.341,,,,,,,31.32676103502451,84.18272918064497,76.874481269795,61.00556223285983,130.260997343256,39.2337541858756,95.7574516,28.452011036826562,80.315199821207,2.47896679493344,29245.2192451729,,48848840.0,69.9502612382631,19.4537517327028,2.89236477965287,-0.002992,27.3302,3.19336400358732
EST,Estonia,2010,14.244,18.965,0.494401457233786,0.145194665029568,1.62989318872334,0.011316059556311,0.0656464566697918,3.14095199944571,19.49298739778365,88.78169714808735,50.73808815500999,92.311790568561,124.136203591879,26.1281702327091,74.1,25.3,67.8048042926262,13.2770330129027,14657.939813612,1.55961226751735,1331475.0,143.671762256978,24.0345491849484,1.81653769106526,0.7732081,0.8001,5.48740382665851
EST,Estonia,2011,14.275,18.948,0.532605025925967,0.157744391884379,2.08595823787428,0.0156542977762623,0.0692575786787126,3.02263249726337,17.37074606018117,87.9226992892247,47.61986701883781,77.24929231214453,136.065402099509,26.2887630917959,76.5,25.2,67.8775556334506,4.80240449251588,15820.922342204,1.78519042769438,1327439.0,166.7460724339,25.3466745057015,5.53917467550018,0.7183725,0.8239,5.88385202940297
EST,Estonia,2012,13.429,17.761,0.674174799326558,0.154473113181735,2.71459765850298,0.0238621261793821,0.0840924171595827,3.23051121343141,16.03267441131423,83.6565245819413,47.93146440765961,71.78141688729089,151.196568013694,26.4254326274595,78.3899259259259,25.0,67.9629593320316,7.6916567949516,16460.6843479001,1.97052610513419,1322696.0,169.156067773865,24.6316781428684,4.20552981379841,0.704313,0.8413,6.88171132778165
EST,Estonia,2013,14.898,19.634,0.49071109632986,0.12611066215212,2.50617691374526,0.0674286111052147,0.0848180990651412,3.19900672260449,13.95691006617376,79.59940966772649,47.53334718051195,68.29584593114052,146.247455268495,27.3877226142123,80.0043,24.5,68.0923458296768,4.31393930629533,16809.5326683781,1.79924267656066,1317997.0,164.601632156916,24.6780044555117,4.12395389036655,0.8630858,0.8775,6.47425210500209
EST,Estonia,2014,14.29,18.784,0.807833491345528,0.115700770856848,2.44503705902162,0.0792685686548862,0.0957363351151976,3.18964919072646,12.39013925793014,76.692248837407,48.25564700258991,65.94023490482422,144.360615678625,28.2253745287009,84.2415280294352,25.3,68.2668382808032,6.58511618123403,17413.6867560212,1.76557781311429,1314545.0,157.953944842229,24.1060210413845,2.85654308393384,1.024732,0.9287,6.73322541572053
EST,Estonia,2015,12.004,15.78,1.09301586137071,0.142370583327126,2.98002973793989,0.0774266473554236,0.114945110742251,2.72399952735556,11.13371043120046,72.50489475928103,52.02540206530994,66.94623597572497,144.802963084675,29.6882797190881,88.4097035040431,28.2,68.4796609690553,-3.06910519292015,17722.1557669523,1.44592002735328,1315407.0,148.507157123558,23.1154851402023,1.30643907694559,0.8918499,0.9424,7.13178746809095
EST,Estonia,2016,13.248,17.433,0.316629576166335,0.143044277506513,3.1395438940494,0.0702229457751828,0.0778375665669672,3.16009330138472,10.42353071270665,69.97361487138723,53.5200467569458,67.50412295745272,144.235470787302,31.4989029896287,87.2402327514547,27.2,68.724038178078,3.7692325610639,18264.9873304279,1.24687276023764,1315790.0,147.7462327097,23.2340417592371,2.43852660721117,0.8731492,0.8691,6.90737156144912
EST,Estonia,2017,14.131,18.616,0.7501323274926,0.160418302584837,3.42563590708401,0.0808018662566254,0.0996834941084206,3.03555809805363,10.06370962843152,67.81670992852953,53.35141735136307,62.07402246985848,144.556616126155,32.5220031500844,88.1024568740199,27.5,68.9931941915158,6.31892721219604,19270.8141210511,1.73343641223467,1317384.0,144.635650944133,23.180862044638,3.74109847269489,0.8425161,0.8797,7.55222999558012
EST,Estonia,2018,13.465,17.801,0.450088000061888,0.173422610788113,3.5550024699874,0.0738628017881129,0.0720889053289652,3.05627172298342,9.677565233120788,67.92384570162348,53.45995685077206,60.2417385568308,145.543490183174,33.3725174267095,89.3570077747426,28.6,69.2803532930133,4.08015832167199,19914.3454922878,2.01785330968871,1321977.0,143.485224864735,23.288660554967,4.84907461768212,0.7988248,0.8774,7.3807365109379
EST,Estonia,2019,9.261,12.288,0.95700075220832,0.172232220023697,3.22168414799604,0.0545031694019529,0.11631307896092,3.05236480613952,8.928386225754696,65.65520376110524,53.17390590838879,57.65536448830889,147.04692867619,33.8508104327483,90.2289281997919,31.3,69.5787397662154,9.76819364646981,20579.8756732376,1.80772963579084,1326898.0,140.352147998549,22.313384878363,3.8226798680774,0.8235862,0.8842,7.57409817473046
EST,Estonia,2020,6.918,9.198,0.878023983319591,0.174361333421372,3.9185044868097,0.103169507276038,0.117282765069538,2.47433034411897,7.921005967757905,64.62820778238836,64.6079750431813,61.85253119524266,144.832210121466,34.2700326171401,89.05828666,40.4,69.8815778947665,12.0147752855703,19946.945696898,1.43024326219824,1329522.0,137.392641283846,21.7717078135052,0.753338456718083,0.9178902,0.8816,7.66567242001521
EST,Estonia,2021,7.802,10.391,0.738871674054325,0.206962300507306,3.45354377385542,0.0942529618014337,0.0970118228737148,1.28874803577109,7.457959124992699,62.44917580566176,66.62053148402352,58.79868326780314,148.739589817601,37.357189680638,90.97970174,38.0,70.1777274135822,20.2291128645653,21570.6658455268,1.72122598420606,1330932.0,160.471922305927,22.8309113256209,4.29149270003289,0.8879044,0.8722,5.87939056886329
EST,Estonia,2022,8.863,11.966,0.873813122168535,0.186086641649756,3.08678643324943,0.102938084619347,0.105729781740059,2.68701183016932,6.814876964919315,59.20977518871456,58.62057748800861,56.55047405923804,152.270772859015,39.7219150412824,91.52016546,8.329564859853896,70.4892333736738,4.52988372813183,21023.2994937246,,1348840.0,175.68711950524,23.0907684533786,16.844809078341,0.8742633,0.8641,7.04236589359645
EST,Estonia,2023,6.396,8.744,0.476920549251408,0.173293510841372,2.76832494362265,0.151871720244576,0.0843693534668669,2.95316987611309,6.513385006187716,58.01254912177859,57.16858889401269,57.37002570809301,150.195729068839,35.2539796781149,93.18342241,13.84098343591615,70.6770085523126,12.540812828973,20126.3730486957,,1370286.0,154.592617111149,21.3455594501819,8.6352827532792,0.8473511,0.8412,6.60794995353996
EST,Estonia,2024,6.105,8.307,,,,,,,6.220624827204866,57.19518938346696,58.79006066300043,60.4326794580016,151.131825017309,35.3527186879385,92.23796204,14.487140251166785,70.6981161541961,-7.97097840452121,20078.1397620993,,1372341.0,151.037702410455,20.148164473251,3.98984389478063,0.6995763,0.8405,6.56333551523119
ETH,Ethiopia,2010,0.07,6.344,0.237092451614829,0.115080650260519,0.464878655836267,0.0004454816106885,0.0279586438088926,0.0605233371787072,1.348834692272418,0.2949940126387642,24.755196891351,12.21708259934574,7.57025899497312,0.004536191084382,0.75,94.1,17.4937839508057,0.963030625359937,421.898622378633,15.8199957578791,90538514.0,,9.43512813822331,1.44457232747229,-1.5760665,62.0157,0.905979220309904
ETH,Ethiopia,2011,0.079,7.355,0.233657329442524,0.109450036341696,0.455785018185328,0.0004122658582433,0.0324978673847903,0.0647246479116135,1.874030380206103,0.3133175139320549,26.70699491107902,12.3909258095244,15.1655003216856,0.0068201846978587,1.100000024,93.6,17.863790512085,1.96735663905254,455.909628648555,17.4282532150132,93149970.0,48.232935411689,9.6646421928884,20.0618750792177,-1.5281949,59.9761,0.896527165124195
ETH,Ethiopia,2012,0.083,7.988,0.231616332777933,0.107395368347754,0.448235718480086,0.0004164120248504,0.0377668704293369,0.0748088744386633,2.886943740401195,0.4541471549847832,24.05462463449275,13.26702204663429,21.4239594545095,0.0089093004714768,2.900000095,93.3,18.2061367034912,0.643172898229037,481.639999909808,14.9281805721075,95798767.0,45.3979041835072,9.47613796506918,33.541405015827,-1.613535,61.9633,0.900239576498623
ETH,Ethiopia,2013,0.099,9.744,0.249562341758966,0.101843362164676,0.441283780040638,0.0014247611245819,0.0450076932818872,0.073662707037966,,,,,26.0536269908585,0.241842767793752,4.599999905,92.4,18.615514755249,2.82040845857162,518.324662208106,14.0104012014584,98438751.0,41.4717870807625,10.9445569914695,4.9019792971925,-1.3952471,63.8195,0.912784645408715
ETH,Ethiopia,2014,0.114,11.543,0.255773710602461,0.100219450688021,0.435428098957721,0.0015648472353218,0.052526931482577,0.0890663097771718,,,,,30.1536033852735,0.466085305720848,7.699999809,91.4,19.0262870788574,3.33569111068815,556.362532243867,13.3844820157845,101115610.0,40.7410841498626,13.4713245062584,10.9817882891146,-1.1765231,65.644,0.934579348743274
ETH,Ethiopia,2015,0.121,12.564,0.275796414871647,0.0986446488688642,0.427157227199542,0.0020339267988414,0.0595856848013131,0.0873907786990319,,,,,40.7363012371526,0.460203316477344,13.8551755555556,91.5,19.451566696167,4.22926466080082,597.912113218663,12.1932229078984,103867135.0,39.6561241449515,16.2977936386153,10.8365427851017,-1.26354339999999,67.1516,0.950608681239239
ETH,Ethiopia,2016,0.134,14.323,0.281602207872312,0.100928068050112,0.419601473199706,0.0020757295127196,0.0637068493007309,0.10061196916715,,,,,47.9993274246983,0.523809621083991,15.3669238595896,90.4,19.8763618469238,6.0502150951561,636.835680951429,11.2339790417281,106718162.0,34.8990210816111,21.9325618536317,10.3979572690542,-1.43965759999999,69.253,0.968526297102731
ETH,Ethiopia,2017,0.133,14.603,0.269941200544218,0.09862082268834,0.412799644819472,0.002018964227143,0.0689071803248315,0.0936987999378561,,,,,36.1094836260863,0.0574013129864174,15.62440014,90.8,20.3084850311279,5.26039764214773,678.98541915757,9.87787063669115,109666481.0,31.1036494929016,23.5819066692345,6.67682221960871,-1.5195725,70.8807,0.94598661254186
ETH,Ethiopia,2018,0.143,16.117,0.304639058156947,0.0939835689561699,0.404055897904336,0.0011309143576156,0.072860882574634,0.0926577722099291,,,,,,,15.88619995,90.0,20.7838096618652,4.03228222144798,705.96881207336,6.36887574699294,112664152.0,31.1993689777881,27.3057073073258,12.382276100107,-1.2054246,72.7047,0.969328094159631
ETH,Ethiopia,2019,0.148,17.177,0.298516473075518,0.0911833627850663,0.398895275276035,0.0014182585547191,0.0767463358473983,0.0953935282646619,,,,,36.2199307720652,0.137379985514274,15.98460007,89.3,21.2486705780029,2.77536541538477,744.702789740042,5.50373971369559,115737383.0,28.8152939292608,24.8223642567601,12.8604326446626,-1.1789771,79.1187,0.962153233803399
ETH,Ethiopia,2020,0.141,16.735,0.313129679866603,0.0890049678087129,0.390358392871837,0.0011405427154704,0.0801739811859437,0.0876034921730808,,,,,37.4208472347226,0.178274598062049,16.06959915,90.7,21.6260051727295,2.4279259279615,768.705424484873,5.49770060254135,118917671.0,24.0061143414049,23.1022952225268,18.2545726747735,-1.5934093,83.8146,0.961411056621648
ETH,Ethiopia,2021,0.147,17.906,0.321197550665597,0.0865011574624019,0.383030364321453,0.0021121838432647,0.0787550579417164,0.084949102888349,,,,,52.8088633217211,0.399382380284272,16.6981031,90.6,22.1067085266113,3.90520609775086,790.657019602458,5.86707347361267,122138588.0,24.3450574655662,21.8500262627975,21.7632725692023,-2.0139565,78.8757,0.956545417122783
ETH,Ethiopia,2022,0.135,16.96,0.289637541395767,0.0845830237278007,0.380053827324326,0.0040492543209566,0.0844569911570097,0.0844734493840512,11.87045704354878,9.129696290904135,28.19558575426844,26.82573483130416,56.9642988837987,0.45157652011053,17.9836998,54.60565330711681,22.7367687225342,2.98033315911234,811.177729337321,,125384287.0,26.5954996964257,22.7175269594537,34.6666049998359,-1.8659545,80.1631,0.927254087309911
ETH,Ethiopia,2023,0.137,17.571,0.27231284749207,0.0830589477344843,0.374483412524293,0.0041206952223935,0.092191107335406,0.0836057340257062,14.2622087274824,10.07030606348788,,,59.8748744402242,0.534823180349513,20.33749962,54.53249021695189,23.0586471557617,2.40146315356828,842.446604881663,,128691692.0,20.5982015071406,24.4836822236256,32.9130722705635,-1.86375129999999,84.7101,0.909772744334353
ETH,Ethiopia,2024,0.135,17.837,,,,,,,,,,,65.0825091944922,0.593917449513598,21.94129944,54.3759507621164,23.6222839355469,2.68582028017543,883.458588614999,,132059767.0,17.4004358586815,25.3549716563985,25.5387817874959,-1.88497389999999,87.1101,0.894324672755485
FIN,Finland,2010,11.95,64.092,,,,,,,15.50721208257613,36.84638721061676,33.14231824464913,49.95179417711683,156.432080695834,29.0751116373162,86.89,33.4,69.7855798796947,4.89959763196754,43556.5385834368,0.504266194230253,5363352.0,75.4612085231229,26.1853763280839,0.348872946424805,1.4608384,2.6556,7.064774465900843
FIN,Finland,2011,10.513,56.646,,,,,,,17.0225059306544,36.46727445457424,32.65219391330348,48.10871372992841,165.916854869706,29.8056452931485,88.70999491353,35.1,70.0583261874252,-2.18405747554129,44391.4535667984,0.532649114502575,5388272.0,78.7159444486606,25.0390832511194,2.60092840038482,1.4052403,2.638,6.630384142021322
FIN,Finland,2012,9.449,51.154,,,,,,,15.49590088105581,35.72236208814007,31.90216895805428,50.5303859403727,172.147209506663,30.4323757921866,89.879997974222,38.7,70.3661363168712,1.91512248449208,43507.9345371578,0.577535778021198,5413971.0,79.4303765882482,23.3588517701544,2.94534602282646,1.3727278,2.6347,6.239911846853639
FIN,Finland,2013,9.509,51.719,,,,,,,14.1010213891156,36.34147790143364,31.85620762039244,50.74246411070433,136.259014207069,31.6268291557372,91.5144,38.5,70.6742118159277,-1.83489440736896,42883.6384986417,0.498563334062492,5438972.0,77.485171771574,23.2981321591964,2.56139415952232,1.3332335,2.647,6.232981126996535
FIN,Finland,2014,8.719,47.622,,,,,,,9.418014866445978,35.85416357295829,31.98408695208278,50.19833487402298,139.198825856641,32.1970293411336,86.5303927529377,41.2,70.9879168940753,6.41537482088507,42502.4880199858,0.483087058776792,5461512.0,74.6277719754196,23.0618639333511,1.64467051608914,1.3181701,2.649,5.954796883599039
FIN,Finland,2015,8.065,44.192,,,,,,,8.487438155158223,33.73156654980621,33.73470075848272,51.18605149621774,134.974123663686,31.5690938053918,86.4221333325445,43.2,71.3054930040604,7.53800542922806,42560.3456767103,0.445868402403852,5479531.0,71.9618253787014,23.3039316434498,1.63270237918134,1.1347824,2.6577,5.740962564451163
FIN,Finland,2016,8.598,47.252,,,,,,,7.303984214698877,31.67233631195317,30.01684344245933,36.95243043197337,131.382780978293,31.152937083259,87.7036499599455,42.4,71.6158383428171,2.18951964860612,43529.6761616969,0.410118656271692,5495303.0,71.7222101178859,23.4765920163918,0.05519539775689,1.0609919,2.6443,5.957235791764608
FIN,Finland,2017,8.107,44.657,,,,,,,6.455889807926446,32.45276151769737,29.58441353673689,34.40614778013938,129.983392624641,31.0435197469463,87.4689290730615,44.4,71.9563038312956,6.66136555422276,44862.220404205,0.453771651187102,5508214.0,75.9387822310041,24.4706416384075,0.836045933090816,1.1388152,2.5779,5.851051150127354
FIN,Finland,2018,8.292,45.736,,,,,,,4.795619137112584,34.69263213604869,29.84615717299325,35.11053276970311,129.629119305202,31.491717515124,88.8899599985585,44.2,72.3423467740343,-3.84456657280518,45337.2409550575,0.563372986587861,5515525.0,79.1436148422846,24.1107349992454,1.98705901186365,1.041505,2.482,5.931912423373532
FIN,Finland,2019,7.687,42.444,,,,,,,4.477942901922286,37.69652894839386,30.79394122412145,35.01448961387401,129.487723024493,32.5439773811208,89.6073851129779,45.4,72.7431214358314,6.09707710249334,45898.5708448954,0.365206984679912,5521606.0,80.5641502947367,24.1466052876512,1.48185903627636,0.9978349,2.4444,5.757117527835874
FIN,Finland,2020,6.821,37.72,,,,,,,4.009779573625342,37.24592042453059,35.95380071333449,36.90420582949147,128.761294644181,33.3838974597133,92.17027106,47.3,73.0849439791673,-0.939114055968044,44690.9801103074,0.289254242774969,5529543.0,72.1845955995888,24.227220617039,1.63841596860614,1.1572607,2.4296,5.420311053565166
FIN,Finland,2021,6.825,37.82,,,,,,,6.14768664472711,36.67265852653186,37.08353011344889,36.15906713132125,129.036333202492,33.6396818306917,92.80806082,50.2,73.3710215780329,8.01406291677223,45792.0454180872,0.448312840515242,5541017.0,79.7892781913782,24.2326060040842,2.49284202465265,1.1287431,2.4002,5.463358387813194
FIN,Finland,2022,6.525,36.337,,,,,,,5.965505367468762,36.00532776949117,35.16326562160558,35.310105683886,128.023293416281,34.2951599474189,92.98879471,33.198786663313086,73.6967597835949,4.66691154081507,46016.1492103929,,5556106.0,94.5625340522667,25.1808292783738,6.17278075702792,1.0892287,2.3602,5.407520683095132
FIN,Finland,2023,5.677,31.799,,,,,,,5.873742329660946,35.30561249763945,32.03143902456907,33.75112727379373,127.47302579722,35.3318092510781,93.51385075,34.29943783167858,74.0062548602828,-0.0388895700301826,45196.4814400136,,5583911.0,85.5141847218915,23.47832457281,3.92171117971077,0.7648776,2.3467,5.094689162211013
FIN,Finland,2024,5.301,29.775,,,,,,,3.781967495859577,33.45586630952703,31.43946526077951,32.71005025853454,125.860954798649,36.4765341417867,93.72405196,34.82611283795938,74.2637190463636,2.9263489451501,45075.1684940688,,5619911.0,83.4510295550974,22.7817372179729,0.717232367777584,0.8325695,2.3551,4.966268169269389
FJI,Fiji,2010,1.131,1.03,,,,,,,10.78574125006741,32.03999606637672,43.80890420589668,46.32956343705093,76.6592085622115,2.5537691985778,20.0,28.0,52.0415147785104,5.67141021084985,4272.35916210382,2.20907223915836,910419.0,121.227903395671,16.972580397166,4.2297847294785,-0.177588399999999,0.7176,2.18318600461481
FJI,Fiji,2011,1.019,0.931,,,,,,,10.5529593175543,35.28153562883825,42.48448901516986,43.25780218600778,79.6285606945976,2.54658051739944,28.0,33.4,52.5335449475105,5.74582849158733,4375.58083514077,1.96316771746732,912989.0,124.476834805196,17.4133402875203,9.39134128198071,-0.1217703,0.7104,2.79329740512818
FJI,Fiji,2012,0.993,0.909,,,,,,,10.17768675272292,35.54361373643236,41.15434968205464,43.55003015187166,93.8673192570263,1.47729086103891,33.74240112,33.3,53.0383211294771,6.9816643965711,4427.97841523552,2.02960687281076,914918.0,125.285791685112,16.7229680523622,3.57651375541231,-0.1223286,0.7098,2.92629725215723
FJI,Fiji,2013,1.132,1.037,,,,,,,10.75422999713221,40.36732709068465,42.96469097114718,46.94154626405218,101.533690110351,1.19244569772315,35.20000076,32.8,53.5552726299291,5.81824859099488,4630.3512738488,1.35539287248447,916352.0,126.348386724849,16.3372143531674,3.62129566799582,-0.124034399999999,0.7162,2.69267153454058
FJI,Fiji,2014,1.286,1.18,,,,,,,11.95318078797852,43.6213480704151,45.38000739521231,54.73963392047484,95.4871755750148,1.35431594893116,37.40000153,33.2,54.0838287543856,7.77972455296746,4883.24299340799,1.17576954969857,917585.0,110.812306063192,15.0127657452154,12.5054061344817,0.3275632,0.3254,3.17121702646111
FJI,Fiji,2015,1.592,1.462,,,,,,,12.06699969523091,45.17389629496698,49.14481839246196,58.16537984321078,105.157101519958,1.38627313086096,42.5,32.7,54.6234188083653,4.38599233241205,5097.53106864695,1.040825064872,918578.0,101.189048956211,15.1712702717256,2.53089781689621,0.3263655,0.3134,2.9803909707071
FJI,Fiji,2016,1.463,1.345,,,,,,,11.72052711528526,50.27489262609205,50.2799322798079,60.45220801615883,113.655748798367,1.34165101842322,49.41999817,27.7,55.1734720973874,7.94325933214602,5218.85824573477,1.01936465398214,919166.0,97.1744905841206,16.2026860305427,2.63332641507768,0.7205988,0.3195,2.92562020981546
FJI,Fiji,2017,1.583,1.455,,,,,,,11.53363515575021,49.97908567491757,50.47485114451987,60.4896068657403,112.533863613853,1.32080338804844,53.6473999,28.6,55.7408343449609,7.24021289135771,5500.67840280072,1.26650249477929,918759.0,97.0216625258442,15.6940487656539,1.69845777309494,0.3819841,0.3449,2.98254074242112
FJI,Fiji,2018,1.614,1.48,,,,,,,11.35401195546772,51.86021676956879,49.78654099129193,60.44899621371655,110.665300159184,2.08214309077826,58.2364006,25.8,56.2328347385698,8.40038118168196,5720.21445752907,1.19164257504239,917180.0,103.235419948556,15.5373182374238,1.42571828371834,0.6984111,0.3462,2.68891184324333
FJI,Fiji,2019,1.65,1.509,,,,,,,10.87232824018351,51.91153906228466,52.59283154783743,61.61336085146749,112.580732955222,2.34495829594305,63.21789932,26.5,56.70989552257,6.02971795135456,5701.10434532357,1.15438142466978,914899.0,110.696192117501,17.0371781659464,-0.307833387791391,0.6881602,0.4226,2.57208649267292
FJI,Fiji,2020,1.498,1.37,,,,,,,10.36616970029574,51.37351748528919,67.49485514681791,73.73697861108141,108.365037711907,2.52053908190823,68.62560272,31.8,57.186684691874,5.66217121930221,4721.12281287253,1.45148578020456,914963.0,78.0763651830605,18.7117601509417,-4.11799767852848,0.6004415,0.3582,2.57800048921247
FJI,Fiji,2021,1.187,1.088,,,,,,,10.30370160480152,49.09410764640727,80.98206731271586,80.66352549010833,108.158405429846,2.51573287546457,70.56800079,29.7,57.6618364761928,9.85590435372296,4507.33353013335,2.25290361305504,916711.0,87.2159321837078,18.1141496835627,-1.81417619251238,0.6663534,0.3049,2.31062534500111
FJI,Fiji,2022,1.51,1.389,,,,,,,10.22985583425227,48.74225426908432,70.3915604221546,72.29483939348697,111.749120643187,2.53376577893503,72.56549835,28.4,58.1352701465266,2.08084502833913,5291.51692439451,,919422.0,119.213746657784,17.7938183842384,8.07405268028066,0.782553,0.3287,2.69064846212961
FJI,Fiji,2023,1.496,1.382,,,,,,,10.13314656553389,47.23834501873887,69.68580389080049,70.42466982744982,361.048644963723,1.82947481185312,74.1160965,34.34707498954626,58.6069049738768,1.65373894455648,5761.56947891018,,924145.0,126.282134510517,17.2796027005972,2.75299054492405,0.782933,0.3916,3.1257225232047
FJI,Fiji,2024,1.556,1.445,,,,,,,10.18982612316989,45.48502095559894,66.61780136187879,71.96948760995863,574.152332512188,1.80009560888215,74.7052002,34.09260474962167,59.0766602292457,3.41161017865705,5935.20895738332,,928784.0,118.962880886427,16.4638965835642,6.10727357070493,0.6984398,0.4004,3.13713836239411
FRA,France,2010,5.946,377.079,1.28708607127052,0.307883333755964,0.59289614662824,0.194852083947401,0.144701064935513,2.98549449415829,41.61308906730051,106.1667030352544,30.75220119484488,40.01903736082061,91.1185789923179,33.64535986777,77.28,11.9,77.0962844808803,1.46961673029144,35578.1968010183,0.0546571274665138,65026211.0,56.587555247796,17.5945885002022,1.089446423803,0.7401354,49.1258,5.51291319469593
FRA,France,2011,5.572,355.127,1.19329265765131,0.282919892772075,0.542670335577099,0.210540228876607,0.1367833366498,3.03769743877444,41.4226375362333,109.2917324571457,29.71411751184812,37.37435994919843,93.8529031474159,35.6937891818337,77.8199989926706,10.6,77.1182717387509,1.54005293306163,36269.9561530888,0.0486924296380263,65340830.0,60.6056354816406,17.6800048726048,0.851478363204762,0.5880869,48.088,5.40390389030134
FRA,France,2012,5.59,358.1,1.27394071166679,0.286595395311473,0.538837012100574,0.17949049541105,0.14257592331736,2.93832898111548,39.02729364199302,109.4372052995307,30.88813941761836,36.70400668107401,97.1924631662654,37.4345529509644,81.44,12.3,77.1669464919916,1.22790071519382,36161.2918253465,0.0483609619788124,65657659.0,61.6589570771102,17.4684347699959,1.08204690089583,0.6152427,48.0136,5.35976851892273
FRA,France,2013,5.591,360.013,1.17679604375046,0.284195317134895,0.5368867023087,0.193549988151353,0.136370673359903,2.89782532727262,38.62136084523781,108.9156560607669,32.45291347851677,35.96412293807821,98.347924466483,38.7340855946258,81.9198,13.4,77.2440721470918,1.18823404938295,36256.086680981,0.0481698364814291,65997932.0,61.8192338733962,17.5699939241217,0.747875807422233,0.4916417,48.0604,5.22562405197793
FRA,France,2014,5.067,327.809,1.27035749985544,0.281237135202856,0.52410742209198,0.209508426972373,0.145229614589926,2.65278147181109,38.01914247017087,108.112434715891,33.14900222079524,36.09969295172614,101.132290573498,40.142215573606,83.7510996681821,13.2,77.3524296788613,0.176974174772525,36444.3949089146,0.0462251783929265,66312067.0,62.1992669379507,17.3416195349368,0.570795054388284,0.3877863,48.2015,5.08322157052366
FRA,France,2015,5.116,332.131,1.2688675579731,0.267042954729727,0.512106145449669,0.211414136564569,0.145405450102085,2.63633973963434,37.55429216224719,107.0881814922185,34.22150974697034,37.14319329227465,102.718366606519,41.387117104083,78.0060377071902,13.3,77.7610919150066,1.76596182973896,36702.4323733379,0.040991340666787,66548272.0,63.5046871956484,17.236441547058,1.13444009013935,0.1735665,48.6274,5.0411759844535
FRA,France,2016,5.155,335.496,0.928896923433,0.263157663612025,0.524822333648569,0.219101786562249,0.114751311003025,2.59935992795342,37.11423316754447,104.5331177295091,36.03867517930441,38.32963156958517,103.816661597799,42.5277884451476,79.2698113207547,14.2,78.5999114705779,1.44200321416196,36920.5342846914,0.0401901593813067,66724104.0,63.3427564383351,16.9433572396904,0.517258232209031,-0.0415329,48.3747,4.65008994621228
FRA,France,2017,5.183,338.368,1.25801862831187,0.257581817329269,0.519369452016999,0.217801360636151,0.14096025232327,2.70305569118642,35.90385095112976,101.9685390639652,37.55788872884141,39.31393592738256,105.718368398783,43.6242593525939,80.5024597243607,14.1,78.6467804026368,1.68928072199317,37580.5979329356,0.0362250443838789,66918020.0,65.3958481559711,16.7483032647876,0.586343157961707,0.229972,47.6113,5.09678720180398
FRA,France,2018,4.931,323.102,1.10600310834108,0.256230975908797,0.530122312913564,0.217922148452453,0.131093750404173,2.5105504011779,34.68389659565295,97.79632285826052,38.33192590696211,40.21741022509057,107.482434668386,44.4142292018123,82.0431867788484,15.2,78.6714432536599,2.78594184568695,38062.4435961412,0.0429051117731693,67158348.0,66.8022607812266,16.725283255726,1.11459331332806,0.1043516,47.0763,4.75192269719797
FRA,France,2019,4.812,316.321,1.24603450470695,0.251989178015572,0.531083914489555,0.209163627301594,0.133971207919864,2.54045874128555,34.02560553851034,95.82662787105224,40.82358121656586,42.15998062664897,109.600780374596,45.2765022757908,83.3397440866883,15.5,78.6890784549356,1.96486943301562,38705.2072940618,0.0337878193709454,67382061.0,66.4289607281749,16.907003960354,1.21052308336793,0.2040672,46.1117,4.91270117371908
FRA,France,2020,4.272,281.515,0.953615772892801,0.245049894669122,0.507265300794945,0.19289466927194,0.119527331776894,2.24910418923531,33.37093095024931,92.99067470163432,49.88193812988617,48.47559134460263,110.387215275645,46.471240838575,84.70639801,16.8,78.7119131765249,0.731471704018579,35709.2045925926,0.0266318650223516,67601110.0,58.8388907240647,16.272651205236,2.97797868174696,0.1270887,45.2754,4.26745715864101
FRA,France,2021,4.65,307.272,1.15318569381668,0.252576254594485,0.533852656501849,0.211504858636023,0.138652599910452,2.55352249776505,33.00312045047113,89.03486329309193,48.42458560297787,46.29612352288703,113.952719366702,47.6442336298287,86.09548575,16.2,78.7364603392338,3.30405312221271,38030.8571685178,0.0325366370984223,67842811.0,63.788482630872,16.0877289574672,1.22181614073425,0.1241525,44.1227,4.84329456122454
FRA,France,2022,4.456,295.304,1.01677314388901,0.264605475934274,0.522829662893272,0.211835723025158,0.126949795964028,2.52303466816897,32.03855747337912,84.28869373419808,47.21189002794214,46.22016264916792,115.950519429629,48.250226559098,85.33331734,27.060782028081405,78.7591921123356,4.0180319137717,38868.3303330557,,68184457.0,75.9630077981996,15.769153788105,3.01818420778099,0.0198376,42.9762,4.6660284698747
FRA,France,2023,4.068,270.263,1.13971228503378,0.251744479334038,0.49614884229831,0.196026289597773,0.137314958095928,2.32387990117913,31.11274668114278,77.6463643558859,43.79183018977408,42.8850641897486,116.687800394775,48.6688340139444,86.83635789,28.317664918553156,78.7804323126547,0.590645170561014,39319.4152227295,,68372286.0,70.6261450610225,18.1109847493837,4.99026368272813,-0.0187716,42.3267,4.54482675553895
FRA,France,2024,3.969,264.156,,,,,,,30.05352264413105,,41.97594995619799,41.36087385019711,,48.9251978969333,88.65381638,28.85183815229596,78.7999750964116,1.64700185498585,39683.3953489029,,68551653.0,68.1081875443744,17.2101481972036,2.08759965215148,-0.241365399999999,42.2515,4.47596019032439
FSM,Micronesia,2010,0.954,0.103,,,,,,,14.45608962775569,8.673653776653415,53.75097219504736,19.56629078385083,25.588618188581,0.92802678073275,20.0,2.0,22.2903529875138,,2901.24604798215,0.0272732816714997,107540.0,107.534246575342,7.18561643835616,3.64347905227073,1.2088755,0.028,1.8125518507054577
FSM,Micronesia,2011,1.089,0.117,,,,,,,14.3775250528374,8.626515031702443,55.88777315603363,18.24195438921656,25.6272168471095,,22.79999924,1.6,22.2914664135472,,3006.53976237006,0.0354254343191027,107698.0,108.116883116883,8.1062012987013,1.63607121069269,1.0812283,0.0298,1.861692118347701
FSM,Micronesia,2012,1.188,0.128,,,,,,,14.28775539362766,14.28775539362766,59.99568570365764,17.60038129237512,28.9303920659931,,25.97439957,1.4,22.2942568788425,,2952.58709656817,0.0282034652210159,107890.0,112.654320987654,8.29851851851852,6.92640692640691,1.08067,0.0298,1.8919260119723231
FSM,Micronesia,2013,1.254,0.136,,,,,,,14.17474627204173,14.17474627204173,70.11266532954393,18.1655541990182,29.0350625687887,1.90804746533976,27.79999924,1.4,22.2986323961146,,2837.15746729135,0.0266740121867941,108121.0,114.331210191083,7.27149681528662,0.641025641025635,1.0789642,0.0307,1.9084220709685744
FSM,Micronesia,2014,1.284,0.139,,,,,,,14.05619667430387,14.05619667430387,77.1568433611359,19.28921084028398,,2.8525037824274,29.64999962,1.5,22.3046193122479,6.39534810126582,2757.39654878889,0.0406003278508593,108396.0,106.645569620253,5.9379746835443,3.28528327187396,1.0732124,0.0311,1.9145608558021707
FSM,Micronesia,2015,1.314,0.143,,,,,,,13.93728222996516,13.93728222996516,74.91684701385518,24.97228233795172,20.7007248243129,3.0142757275838,31.50110054,1.7,22.3122336099411,,2869.86276169101,0.032192134954101,108716.0,106.410256410256,6.02211538461539,-5.41431762578452,1.071904,0.0315,1.9287563084739037
FSM,Micronesia,2016,1.31,0.143,,,,,,,13.83317194632729,13.83317194632729,86.8227887000942,22.92855335389812,21.4641301856521,2.90534036213614,33.35219955,1.9,22.3214896137555,,2896.47282245468,0.0360496232316334,109075.0,100.611620795107,6.00996941896025,3.50303223747208,1.0686461,0.0322,1.9282203530420081
FSM,Micronesia,2017,1.305,0.143,,,,,,,13.74041605979829,13.74041605979829,82.62388106155984,19.96281690077956,21.1123391273372,3.44900028315415,35.30410004,1.7,22.332401189542,,2945.60147384462,0.0385320066214341,109481.0,102.216066481994,5.3993351800554,8.15370080306306,1.0690453,0.0317,1.9290794665132074
FSM,Micronesia,2018,1.3,0.143,,,,,,,13.64033173286774,13.64033173286774,82.64372248653387,18.75961798774082,,,36.61460114,2.0,22.3449820355433,,2946.05827846428,0.0165045161037463,109909.0,105.837563451777,4.84175126903553,8.69940673118978,1.2058557,0.0318,1.9269081174792921
FSM,Micronesia,2019,1.296,0.143,,,,,,,13.5475655024792,13.5475655024792,84.400483878297,20.27639252331459,20.8556246712972,4.533831450282,37.97370148,2.0,22.359245777081,,3043.07718989012,0.0147433271606052,110282.0,106.582278481013,4.80572151898734,-3.27074079949237,1.009383,0.0332,1.9297692967004214
FSM,Micronesia,2020,1.288,0.143,,,,,,,13.40985892828407,13.40985892828407,89.8357692090157,20.91698506956186,19.8348299614122,5.40949908038516,39.38330078,2.0,22.3752060036598,,2963.44360529022,0.0200730721927284,110916.0,93.858263831289,4.87352330782266,-3.61151184173897,1.1206831,0.0325,1.9237531287177103
FSM,Micronesia,2021,1.28,0.143,,,,,,,13.26999124180578,11.9429921176252,111.8482692429778,20.17354627898459,19.7090231491436,5.37518813158461,,2.1,22.3928762855411,,3035.92251779232,0.0178477556025635,111624.0,90.3979270784948,5.00232506532782,1.85723057439542,1.2268624,0.033,1.9240729462766395
FSM,Micronesia,2022,1.291,0.145,,,,,,,13.17870321560358,13.17870321560358,104.818553006753,20.67521917105678,19.9885830493962,5.81818506163369,39.0279007,2.0,22.4122701819053,,2928.52464245951,,112114.0,104.760485019371,5.02739546890432,9.44262482657663,1.5042238,0.0335,1.92322883682422
FSM,Micronesia,2023,1.279,0.144,,,,,,,13.0816425310362,13.0816425310362,95.51339731005442,18.9224655048221,,,39.39889908,46.14545876086484,22.4334012451903,,2948.07720975276,,112630.0,95.2648407722683,5.04131604539844,5.4881901840749,1.5046321,0.0388,1.8369324440999786
FSM,Micronesia,2024,1.331,0.151,,,,,,,12.96663684340193,12.96663684340193,96.09161677885638,17.60619027073969,,,39.52360153,46.06424215951591,22.4562830235421,,3001.79669747008,,113160.0,96.4413755948864,4.89271624432342,6.16796732200359,1.499468,0.0401,1.8562871660436207
GAB,Gabon,2010,3.214,5.528,,,,,,,4.453884204578036,8.44382213784586,15.12325874175446,8.243449800357848,93.6112366044355,0.237342278148637,13.0,85.8,86.1852592472945,3.64540417621404,6481.49612073562,35.6548863864577,1719879.0,89.1576627248353,55.1924628115731,16.5643202141089,-0.0009299999999999,0.1001,2.5406205210016513
GAB,Gabon,2011,3.057,5.447,,,,,,,4.999415246966649,9.641729404864252,16.0249231361075,9.403288958636384,133.010491109633,0.252527378176584,18.0,79.7,86.5665383650315,6.16978545780463,6699.23394606512,39.1459946806966,1781985.0,90.4983773331323,60.8812104614947,12.68122777311,-0.0247919,0.1011,2.51037567159817
GAB,Gabon,2012,2.716,5.016,,,,,,,8.503605872469963,11.16635114566763,18.20480192422181,15.47567064113395,138.488452744047,0.270725528171969,24.0,75.5,86.8838635787001,3.94472371225415,6803.22668079211,40.6293332424739,1846889.0,92.3428089420545,58.8246016166913,-2.9419027036061,0.0644217,0.1033,2.411873806791111
GAB,Gabon,2013,2.713,5.19,,,,,,,8.84905253111848,12.23981097762182,20.1908115436892,19.86523829479045,143.499442515887,0.465223498072982,30.53800011,82.2,87.1482480671637,1.84153865698512,6938.25753862236,32.806984483505,1913059.0,90.6350361478645,56.6086168756874,-6.15792493444491,-0.0012508,0.1065,2.4039876002479392
GAB,Gabon,2014,2.863,5.663,,,,,,,,,,,148.237590091786,0.545895949199327,38.07120132,81.3,87.6236017962969,6.93864724297156,6998.60545439576,24.7540184011901,1978399.0,73.5203290162438,52.7222416503812,-0.851390333321461,-0.0865664999999999,0.1077,2.4569468927536855
GAB,Gabon,2015,2.828,5.772,,,,,,,,,,,138.244498133013,0.542972059134077,45.78450012,81.9,88.085308383892,0.289976985604188,7047.12654634355,12.5534347249347,2040989.0,73.9497814588281,48.1836272968661,-8.92717245327955,-0.1148078,0.1087,2.4464556910368316
GAB,Gabon,2016,2.672,5.613,,,,,,,,,,,141.050208874326,0.715038665794413,48.0522995,81.5,88.5445883406178,8.86815381799839,6991.3251446736,11.6621945364629,2100306.0,70.1333810645308,45.0378509048684,-4.26975397974572,-0.534579199999999,0.1097,2.394058290190614
GAB,Gabon,2017,2.55,5.501,,,,,,,,,,,123.475497241411,0.683712735870926,51.60490036,90.2,89.0009733256896,8.80157025688894,6840.05959347802,17.699784026005,2156900.0,75.0687404456638,45.4673089938161,3.82030214446843,-0.4524644,0.1094,2.3314599211102305
GAB,Gabon,2018,2.515,5.563,,,,,,,,,,,132.465314660912,0.953117951397584,55.42020035,90.3,89.4539949981866,8.17598940777917,6724.5961429108,21.16026297404,2212318.0,77.0365976973024,47.1270856238547,7.17665749439934,-0.393451,0.109,2.314885192015264
GAB,Gabon,2019,2.473,5.607,,,,,,,,,,,131.975264871196,1.07496298020996,59.51760101,90.2,89.9031850170394,9.20409837955739,6817.56879468764,19.1754988018892,2267706.0,73.4280894486644,47.6788640928906,1.54748519798422,-0.2805716,0.1102,2.305353393117036
GAB,Gabon,2020,2.427,5.636,,,,,,,,,,,131.301562643297,1.9206136043356,63.91790009,91.3,90.3480750410147,11.1881442291207,6534.27966529444,13.4988249621846,2322539.0,70.1140546463796,41.6943815016922,-9.00986856167656,-0.2194997,0.111,2.2761206505176563
GAB,Gabon,2021,2.333,5.545,,,,,,,,,,,132.30865873249,2.65142494578668,65.76809692,91.3,90.7881967286967,7.86436710821205,6479.0490069252,18.4933440925176,2376722.0,85.3483122054787,50.0677458026055,20.3384091823719,-0.28203,0.1118,2.243146650743853
GAB,Gabon,2022,2.379,5.783,,,,,,,,,,,123.233187164275,3.3054859267542,67.67169952,20.967371328611023,91.2243355459988,5.40389729404727,6527.48207901861,,2430747.0,92.0630888496921,56.1297414411451,14.7583426835175,-0.1324826,0.1118,2.3927239940084197
GAB,Gabon,2023,2.141,5.321,,,,,,,,,,,122.606627765979,3.97293291301595,68.19789886,21.24207744528156,91.6375962797313,5.93517225575899,6541.25368618042,,2484789.0,91.4786533179144,53.869796194007,-9.95804918444996,-0.2702052,0.1125,2.315397515902155
GAB,Gabon,2024,2.126,5.399,,,,,,,,,,,125.337107593999,4.6941021334787,68.72090149,21.213959669892354,91.8632094677575,5.47750591310442,6618.9868586134,,2538952.0,92.0468055146014,52.9002411657459,4.19791300217591,-0.276887,0.1132,2.3138525179789293
GBR,United Kingdom,2010,8.125,511.905,0.72427824528025,0.305457729300586,0.520592790795333,0.0767025294585248,0.198418844548806,3.36501876691897,24.77796040349155,122.3112002824643,149.0105082020922,158.0032488826915,121.780844361683,30.3960911450969,85.0,3.2,80.995165116277,2.67286674184503,42762.720840223,0.861239087184779,62766365.0,59.0511802227821,18.5566755103695,1.3283713684016,0.5937485,32.1842,5.19046890630247
GBR,United Kingdom,2011,7.396,469.713,0.708206927578224,0.284315951798265,0.487703269851548,0.0791467637487603,0.195158494377166,3.1139741685623,24.1131939087078,123.7062388387353,140.7683193090299,146.0844826445486,121.49766447536,32.4187258603211,85.3799985496322,4.0,81.1359685592627,1.00957357920277,42791.0934313474,1.07544716241254,63258810.0,63.3240615708901,18.3010218899425,2.47595818739667,0.4317992,31.8505,4.86850557591626
GBR,United Kingdom,2012,7.622,487.477,0.670366977986078,0.283185563646976,0.437188589352711,0.0788053102424079,0.169807128601438,3.14190498846371,22.13670720316771,126.2277111721239,139.1488082907601,142.332709931348,122.465231814068,33.9047903389849,87.4799984242111,4.2,81.2905667759508,1.71895853790766,43136.7006795996,0.866071942237571,63711000.0,61.9688704472535,18.2827169299324,1.54776864204749,0.4684142,31.819,4.78125855829332
GBR,United Kingdom,2013,7.418,477.611,0.71054764099719,0.271826559259592,0.441715010199889,0.0810028814910539,0.171173732201504,3.11049621535227,25.21813401400102,128.9131283936481,134.5684002288138,133.5049436919299,122.184696024755,35.7819878642114,89.8441,5.2,81.4573768694887,1.94762104828418,43585.8731772281,0.717358769907282,64138000.0,61.7195395154583,18.592711752238,2.15708778775598,0.4599947,31.943,4.7867620395015
GBR,United Kingdom,2014,6.765,438.807,0.742711667767677,0.267325213772609,0.457010647717291,0.0735492663026083,0.20244973060214,2.90687085035072,,129.9572694847618,126.6291689619514,121.6889107947645,120.958261038047,36.5828488416012,91.6133009176453,6.6,81.6355750750722,1.90870445734316,44628.5724578217,0.569359660800821,64619000.0,58.8210228333296,18.3478341562377,1.5960156271688,0.5436244,32.3888,4.64991737651305
GBR,United Kingdom,2015,6.461,422.461,0.748853915715828,0.273528235506664,0.469089808827275,0.0703274417749967,0.201428417397833,2.81563620768232,,131.8638916177597,123.9953434760398,119.912692784736,121.211739725133,37.7214944577347,92.0002998740234,7.7,81.8243772295647,1.53903424150931,45256.040227057,0.337710045585096,65087000.0,57.125044605439,18.1397353548933,0.669172003330104,0.537112,32.5791,4.57886402690492
GBR,United Kingdom,2016,6.062,399.43,0.667844591326086,0.266091581023337,0.462462831976168,0.0791552453541244,0.177307142244227,2.67738487941078,,130.0772047779687,129.70198002154,122.3579001277838,119.786558760596,38.6588569366885,94.7758006318882,7.7,82.0229991698295,11.9998637298189,45888.7099614563,0.273025131582337,65606000.0,59.8395315138259,17.6677948178206,1.73539354292218,0.4498582,32.9791,4.33024627133472
GBR,United Kingdom,2017,5.838,387.367,0.728598092136164,0.266377627326897,0.460816637631718,0.0730774310433372,0.183489108620415,2.68351285349529,,128.7241780750419,131.4410880862356,123.1155899546791,119.206737402819,39.2489467665261,90.4245504868553,8.8,82.23065673273,4.64443540147576,47019.4510419999,0.397885220213493,65964000.0,63.1899245764158,17.8215277161884,1.54252781517637,0.4406625,33.2436,4.39587175025383
GBR,United Kingdom,2018,5.689,379.73,0.698914804298508,0.27515232545398,0.455307196140913,0.0724658166063104,0.172019674815446,2.64070030843382,,116.2717639304701,132.7320861737004,125.1073268460218,118.184381927412,39.8293995840604,90.692008988783,10.2,82.4465657551295,-0.864867036878713,47516.2099770322,0.626195352812848,66287000.0,64.9097721959201,18.0023660420923,1.96276612181809,0.2825929,32.8477,4.31456012574898
GBR,United Kingdom,2019,5.435,364.753,0.736576809427682,0.263208228022224,0.427763106238739,0.0718592616127258,0.193036826763346,2.46756059944427,,111.0614855915472,127.0741445198823,123.4281337612207,120.250108782533,40.022769455921,92.5166285497138,11.4,82.6699420738913,0.688204352262878,47866.9140354078,0.540491129160741,66628000.0,65.0035664177054,17.8736338534045,2.46133048824501,0.5681497,32.4799,4.16000483150899
GBR,United Kingdom,2020,4.844,326.263,0.655536473701576,0.244240900778657,0.389237133357681,0.070949081272324,0.150476539363751,2.12466906015539,,99.67986059504643,150.5942516375198,135.6980269894832,117.304850715261,40.5775246507294,94.81820132,13.6,82.9000015258789,5.77039185007421,42985.0392148248,0.28397504842807,66740000.0,59.1598893030611,17.4957170827215,4.84234085720969,0.5102213,31.9897,3.63510918862938
GBR,United Kingdom,2021,5.059,342.366,0.687216324175765,0.252487966594522,0.389135552943179,0.0847331906774138,0.174376422398956,2.30060990760961,,97.02973762121744,147.0697908462414,127.7711997899711,117.887430294308,41.1134869970784,96.19650269,12.2,82.9886431523641,3.20643815254935,46491.5068836685,0.588544260440276,66978000.0,58.53838629291,16.9553165949957,0.711756533859329,0.4363658,32.1678,3.88855936439944
GBR,United Kingdom,2022,4.563,311.118,0.698211611439328,0.231780502322842,0.37542037445195,0.0907472455346534,0.177563780450146,2.26448829485682,,90.28530965572668,137.7289596220435,118.5789976995188,119.833999505569,41.2867157729584,95.46530151,31.52146937121374,83.0753982997505,2.91635435189931,48410.095170282,,67636000.0,69.1989264413981,16.8198596717719,5.67864204313082,0.3676912,32.191,3.83821180905574
GBR,United Kingdom,2023,4.482,307.826,0.668277226539627,0.224687548553562,0.338480965723867,0.0910764803796537,0.167040282548752,2.15669379230361,,84.30069638407419,127.6343001307546,112.1806516338797,122.781542240418,41.4367685540411,95.44719696,32.144609248844255,83.1601932891335,0.403116734836793,47911.1540134832,,68526000.0,64.9923841747803,17.6714033030008,6.34491419212233,0.3683427,31.8257,3.64625629604907
GBR,United Kingdom,2024,4.526,312.906,,,,,,,,77.68013638267854,124.0352733735556,106.3789442891572,121.643331373201,42.1648283773461,95.4720993,32.76977157951965,83.2429544416085,-0.350561573947678,47900.9680144146,,69281000.0,62.839052044584,17.0865837277153,3.93792722917763,0.2577085,31.5477,3.43902121232075
GEO,Georgia,2010,1.614,6.29,,,,,,,21.36716803316029,48.63543558382463,21.78916975613481,27.99349275288757,102.112900017326,4.68263634438548,26.9,39.1,55.1969344748228,7.41065931415781,3090.06513662318,1.33825248615574,3786695.0,81.6733870603639,16.8779105151474,15.9058283591544,-0.5609883,2.3675,1.9611885484761975
GEO,Georgia,2011,2.02,7.814,,,,,,,23.75653672888196,51.30888373400401,21.68168155518579,29.50228958712119,114.516931163867,6.42340988915208,31.52000046,31.5,55.6899257648533,7.56100540937968,3362.1030031968,1.89851691683121,3756441.0,85.4659350932986,17.6800367830185,9.17171128297396,-0.622573199999999,2.3734,2.119151478920732
GEO,Georgia,2012,2.16,8.294,,,,,,,28.13902724735327,63.76640054998108,22.77571718318316,31.13114852810795,122.384147980521,12.0611334421058,36.93999863,28.7,56.1683526759979,5.73087327277528,3609.780798626,1.08428994137279,3728874.0,89.7348800946338,18.8467444528085,0.291166471422628,-0.5006273,2.6533,2.180576637852705
GEO,Georgia,2013,2.108,8.028,,,,,,,33.01052330453549,68.37184616235284,27.23957574732051,35.60379284584415,131.083096511666,13.5708594493486,43.3,32.4,56.6182119019407,5.97432640298838,3806.50600649051,0.797121774570139,3717668.0,93.8139137895532,18.03372091427,-0.650965016455302,-0.225994399999999,2.732,2.1651508997760986
GEO,Georgia,2014,2.388,9.058,,,,,,,32.52992171906695,71.30027740056715,29.15055143865611,40.29895559893216,142.390867606876,15.8407410024372,49.1024547144647,30.7,57.0237612994258,10.2241873429056,3960.35080091901,0.522067118215896,3719414.0,94.9506979383393,18.1712886955425,4.58990448370156,-0.0248029,2.7784,2.2659412436015987
GEO,Georgia,2015,2.582,9.791,,,,,,,32.34779711834763,70.52552677604731,32.8873803328151,45.16817694912627,146.396495596946,16.7646515047976,47.5697596438736,27.5,57.3803800455672,11.3986492046024,4086.6223465965,0.53409410608162,3725276.0,97.0163115086257,19.7698929026282,5.37742167651898,-0.090598,2.3239,2.3404261897004144
GEO,Georgia,2016,2.648,10.043,,,,,,,32.96642979924281,74.96934289370954,37.37556944686084,51.15772818192871,145.88058671059,17.9595929069632,58.4592896118725,27.2,57.6984032005062,10.746989399988,4225.09154904806,0.572435838705115,3727505.0,94.9262528383443,19.1221601510136,2.27481842989697,-0.0614684,2.3542,2.3683753136816357
GEO,Georgia,2017,2.652,10.06,,,,,,,33.52403138414236,76.6984108196878,37.95718747728259,53.13257091569142,145.072490171662,20.4644306577176,59.7055045962571,27.5,57.9996827205757,11.7183676491747,4442.50744127374,0.472314027913239,3728004.0,102.584277697146,21.2674893565554,7.54674499838114,-0.1125587,2.2839,2.3784336892017444
GEO,Georgia,2018,2.606,9.888,,,,,,,31.81466169565392,78.35458082156804,37.44191182321368,55.88523578260501,143.858127681082,22.5911406351247,62.7179081974285,27.4,58.3038181862576,7.28401976586955,4713.65354845303,0.451235879680756,3726549.0,109.847740556266,20.9042764578834,3.48481628679124,-0.0948569,2.173,2.3753048791908373
GEO,Georgia,2019,2.77,10.517,,,,,,,33.90750954603309,85.90581247348324,39.68774837994973,61.67152662322706,141.755414275788,24.6806060596483,68.8467135616978,24.7,58.6304091780343,7.92523222582948,4975.81148194814,0.603605792551493,3720161.0,117.810080239714,20.0073713952459,3.99568034557234,-0.134771,2.1002,2.4449398668042823
GEO,Georgia,2020,2.734,10.378,,,,,,,31.96264586782494,91.56958012984316,43.25366174555156,74.91785513337126,134.366007864735,25.5120429077493,72.53157487,23.4,58.9990552763878,3.47997036066188,4659.60925318234,0.925523673088172,3722716.0,92.8910841752194,21.0709552310751,6.84793338769904,-0.1271941,2.0901,2.422125454532722
GEO,Georgia,2021,2.838,10.75,,,,,,,31.60732482649323,96.49812049300584,40.52952121007889,69.44619470117749,146.566472682371,26.6463786914494,76.4427093,25.2,59.4293560618005,6.84360165773215,5175.19865185825,1.38946631019879,3708610.0,101.60090754891,21.0675612607865,10.229587650373,-0.2017684,2.2082,2.4746564333517287
GEO,Georgia,2022,3.162,12.0,,,,,,,31.31028768548611,99.19481971973876,38.35638483218906,59.7312099596296,154.013561773213,28.3337075311796,78.71127536,30.404415660281785,60.0101622679115,9.03652531888906,5736.30449578597,,3712502.0,114.695437688718,21.329779714521,8.13545014384806,-0.100034699999999,2.2059,2.5941929838130324
GEO,Georgia,2023,3.131,11.922,,,,,,,31.4277290057146,97.01010493521012,39.39447012331255,62.20102019142225,155.249965068869,29.3086367614167,81.88425624,30.344803971990643,60.7523077799724,6.86202066832702,6180.6206023429,,3715483.0,107.151179161579,18.8799548618776,2.94809953907664,-0.120908599999999,2.0591,2.6032841606911274
GEO,Georgia,2024,3.095,11.784,,,,,,,31.61801044356632,104.9580477115778,37.59406618461685,65.02994342420745,161.201784818537,30.4157660721649,83.79855689,30.434479549097787,61.0789605093733,4.68837816824546,6606.35772271858,,3812518.0,103.456471463024,19.5837680181964,4.85867391433284,-0.6127592,2.061,2.609574416705885
GHA,Ghana,2010,0.351,8.943,0.431815128772954,0.0637664156526559,0.634662280795888,0.235828594823522,0.0493024133586516,0.285634131819911,5.419348356804436,3.972368694786123,16.27127877308695,10.90753524789713,68.4473107845556,0.204455388509399,7.8,51.9,50.7296926788704,7.84948455261709,1381.2279503506,10.1146292384946,25474995.0,75.3778157916824,18.0149428066597,16.5956447322347,-0.0543989999999999,3.459,1.70100896522358
GHA,Ghana,2011,0.396,10.329,0.407340222637547,0.0680481306952871,0.634782966215848,0.246306544471887,0.0552657239848381,0.369595068758825,5.440210095859428,4.110085378045387,17.48628651613726,11.40868635128107,81.1104488323626,0.249660012642992,9.0,50.1,51.3304086646488,8.2558797134245,1537.81834019283,16.0706874677608,26095088.0,86.2954538549695,23.8636600934779,13.9148221759821,0.0898514,3.5918,1.78133865676423
GHA,Ghana,2012,0.473,12.641,0.461168407974302,0.0687500655138976,0.633463606809064,0.224838612912228,0.0581740232942564,0.373567644483119,5.736525468844282,5.522621129328055,19.24450974707244,12.56431298741505,95.8261770997433,0.254848945181518,10.6,46.5,51.9197918381031,7.98251565917851,1640.54072088003,15.8226771827735,26734268.0,93.1680351286831,27.1365335859295,15.2052787396605,0.0333979,3.7013,1.81996236098687
GHA,Ghana,2013,0.46,12.61,0.464469704470146,0.0697455636217737,0.643760674451656,0.24313294048658,0.0614571400378803,0.358422821541274,5.901370160410488,8.188624976329756,18.74370167805292,13.66751929664454,102.337999297675,0.251203224924326,15.0,46.2,52.4985794475913,5.13479660884921,1718.59704769958,10.8892140729202,27386193.0,60.7593219028775,34.0898222065997,54.0129117583926,0.0303364,3.9178,1.84098884460931
GHA,Ghana,2014,0.473,13.257,0.460354806949991,0.0745306936797485,0.641468366237164,0.231024610463629,0.0622008911310008,0.336046168111873,6.129088332913845,8.241929838631885,20.4357470642876,15.18979253080655,108.270496910446,0.250235435990938,19.0,47.7,53.0663398797148,6.15120635162518,1726.36930134647,12.249534681472,28041592.0,63.8365624430783,33.8982030516643,23.9399587593999,-0.0929878,4.0903,1.80562553657341
GHA,Ghana,2015,0.508,14.568,0.516608311345103,0.0754503277859234,0.655144409665783,0.246228906917959,0.0635849983650455,0.347945595838462,7.217664711972545,10.32810591064291,22.47770608319066,16.40230180672539,121.997156544235,0.254850246382187,23.0,44.0,53.6226415210752,6.45737614178894,1722.77282833606,10.5635168212992,28696068.0,76.5212709243242,31.1193795046839,13.2529666807363,-0.0228697,4.2781,1.90496254991828
GHA,Ghana,2016,0.474,13.914,0.452804930530267,0.0700660915219033,0.641785406348889,0.245711352702911,0.0624525452582924,0.348459258372653,7.212814169827903,11.27843124041216,23.52715276240855,16.12471344923782,130.481366086196,0.294978237026438,28.0,45.2,54.167052758274,6.20782671803196,1740.81101902928,8.64980290681468,29356742.0,67.8769994445865,27.6932546491989,15.7486203078991,-0.128208,4.4952,1.82127958473492
GHA,Ghana,2017,0.414,12.437,0.501380679755348,0.0714216111999342,0.653176599862652,0.204918389309193,0.0646425678096969,0.376590838603462,8.684419314080174,11.64760700654847,22.14983164126757,14.39489755140163,122.471765695646,0.189313949042323,37.88420105,45.3,54.6991419779128,5.39035841681501,1841.44636153249,10.3700404312643,30008354.0,70.5483652904116,29.9522176933621,10.6773082339139,0.0663948999999999,4.7305,1.87213068654029
GHA,Ghana,2018,0.496,15.19,0.45912931184836,0.0734028082060703,0.670279621483665,0.203018274143462,0.0644962628492395,0.385280518321725,8.817350501183315,11.88425502333403,22.12977556392956,11.82708105882841,133.609992432498,0.199976597372149,43.0,42.1,55.218477566593,4.4440435772374,1915.4532323781,9.7904078745383,30637585.0,67.9585174644902,31.1777436281076,10.5684824952629,-0.032042,4.7263,1.85560679685252
GHA,Ghana,2019,0.525,16.415,0.518786410449923,0.0726927301421581,0.643990040184775,0.221465093073643,0.0690084829499556,0.403826536450576,8.576095472867852,11.50888159854516,23.40797028913939,12.6688385721045,130.70523333401,0.187204014722826,22.0732,42.6,55.7246279109161,5.67619931009197,1999.55372220211,9.76736656039863,31258945.0,76.824802732152,31.1077243700312,8.48107029698721,0.0133997,5.1027,1.92976929325103
GHA,Ghana,2020,0.601,19.164,0.578346993245823,0.0869401945001766,0.653491485992106,0.199388259230729,0.0699455741564057,0.41474119948077,6.345294760356988,11.82868698243215,26.48560309333195,12.18782113501054,126.887391353856,0.245771040587956,62.51760101,40.0,56.2171613974837,2.67937438514205,1970.19411460398,8.48657958474163,31887809.0,66.5754987162431,29.8767542337189,9.36557496583738,0.0588855,5.3938,2.00285370660601
GHA,Ghana,2021,0.632,20.556,0.591721597189691,0.0882680778290042,0.666687425938291,0.176475329531109,0.0714207037212212,0.456978607514655,11.86892130435783,11.75028367289315,26.22004974744582,11.64563710314818,124.402625384529,0.352237707175248,68.6,39.0,56.6952556826536,3.18633188953992,2030.04866500967,13.3474845007777,32518665.0,62.7078309128346,28.4050146696866,12.1061016311773,-0.1622488,5.7423,2.05155174172397
GHA,Ghana,2022,0.626,20.745,0.547690870828975,0.0824974853859225,0.673607840186224,0.191544930494277,0.0708943699291971,0.428983413507413,6.107924354590538,11.35983292988974,25.7046576716967,11.39444838108189,120.803416027053,0.62494509663475,69.91329956,38.87873101292499,57.250609602871,1.93240124333448,2067.20895855521,,33149152.0,70.1154557937915,31.4700505018425,28.1838728518082,-0.1877453,5.936,1.99521891033201
GHA,Ghana,2023,0.596,20.136,0.56325459740201,0.0818617452924181,0.6731884412838,0.165124802295734,0.0718693208970251,0.422661304316157,5.846573519457288,11.24568010008311,24.16099817006649,8.674720685615661,98.8059221412722,0.555476730525596,70.67430115,38.798095986927855,57.8074737774654,1.63794208218413,2091.81335596465,,33787914.0,64.3878615301086,29.466622381614,40.105798183836,-0.0688107,6.1507,1.97796021148714
GHA,Ghana,2024,0.611,21.022,,,,,,,5.893520369749958,10.96569437990151,23.4796355758234,8.122658470544627,113.647966704673,0.664728986034211,72.17569733,38.73150186887758,58.3654868038581,2.11980137105215,2173.00329800201,,34427414.0,68.9668717609486,29.1998890155684,25.8753849206534,0.0114605,6.2048,1.93993977016873
GMB,Gambia,2010,0.224,0.432,,,,,,,6.826883331369435,2.992606391833177,25.97175228242753,12.23310334056212,76.7322734515709,0.0181664356934128,9.2,56.6,56.0110896605662,2.40659689644853,701.014524591061,3.03032430579774,1926630.0,41.0125150279466,9.82816623642272,5.64433086097335,0.0735716999999999,0.7391,1.3759786836128878
GMB,Gambia,2011,0.223,0.443,,,,,,,6.602660057976782,3.617895922179059,29.80146782666795,13.12809225579755,70.6308247268856,0.0220286079532852,10.87030029,56.2,56.6696692994225,2.55921826982754,625.464360270983,4.46743879941924,1983784.0,42.6397020468894,11.5126603208193,4.57212350369147,-0.0174454,0.5839,1.3731048930171563
GMB,Gambia,2012,0.221,0.451,,,,,,,6.5649076798916,4.639201427123398,29.05680850045133,12.04314542517243,74.6999893299085,0.0244726870129323,12.44919968,57.0,57.3207304207091,2.91048196914862,639.139881889048,5.78123297887422,2043094.0,47.7006731141985,11.9583688371148,3.84516021372072,-0.221411399999999,0.6009,1.371468520076925
GMB,Gambia,2013,0.204,0.429,,,,,,,6.611245219561149,4.916054137622393,30.71349649044297,12.23526071354403,87.8808072933996,0.0208192716106891,14.0,59.3,57.970305611505,4.96800325180048,638.522368532214,5.90666401996967,2103820.0,45.4619193623296,11.8946963108623,5.93313138058191,-0.2420331,0.6516,1.3615149520055512
GMB,Gambia,2014,0.234,0.506,,,,,,,6.570167333949287,5.174006775485063,32.85383448151105,10.56927949179773,105.505264889158,0.126725087409357,15.56000042,53.2,58.6141799655551,1.8718835765044,611.879472952196,5.2409154628157,2164528.0,58.2579307752264,13.214834279827,5.21172310682789,-0.3503537,0.6959,1.3815562554198388
GMB,Gambia,2015,0.262,0.583,,,,,,,6.689357391660283,5.255923664875936,28.23096671171964,8.388376491800114,122.078516396055,0.160618270204614,17.59950066,49.0,59.2458499408388,5.22255647330922,619.536364296461,5.55888177634649,2224529.0,44.5223730803813,17.1434530643603,9.72036242675256,-0.210501599999999,0.75,1.3988372620066896
GMB,Gambia,2016,0.258,0.59,,,,,,,6.567398506650843,7.03097957770855,28.78244677724395,6.92810095900746,124.273821038818,0.164202246374305,19.90640068,48.6,59.8652472486563,4.70370236790454,615.193365494386,6.56105812711213,2283769.0,38.1140879565948,20.9355929614924,7.82062274860979,-0.446274,0.6854,1.3980408329946432
GMB,Gambia,2017,0.255,0.597,,,,,,,6.524394862376515,8.174241839069426,31.99215844465417,5.946492552257244,126.633674737607,0.17078041097452,22.5156002,48.0,60.471712657237,4.27524164277035,628.777299272925,6.49323709656864,2342189.0,55.7335796090833,17.8927550195818,3.92171862000133,-0.196953699999999,0.6282,1.398716313183015
GMB,Gambia,2018,0.27,0.649,,,,,,,6.261727086265484,6.989834886994029,33.78175121647542,6.886624291259708,132.57837035012,0.184736659621142,28.30900002,48.1,61.0645869348107,4.89653501762191,658.127833258563,2.72252448983926,2399632.0,64.8124640003735,17.3104257988738,6.95176403794258,-0.115459499999999,0.5393,1.4045986351532003
GMB,Gambia,2019,0.289,0.711,,,,,,,6.07972355638378,7.56430721550075,38.58304610668968,8.095269586485376,105.204644657943,0.203513124968455,31.11829948,47.4,61.643210849607,3.9194379121789,682.797642940426,2.81390983977653,2456844.0,55.9979116186993,17.2826008332323,6.25220639943007,0.0678807,0.5635,1.4130886988907405
GMB,Gambia,2020,0.278,0.7,,,,,,,5.898426354717644,8.024603296534469,45.2331365463212,7.931013755824084,106.448259811355,0.198749231337348,36.01100159,49.8,62.2069251698555,10.4612755737217,670.758642891251,3.03439304457224,2515733.0,47.3955201736291,16.8536853891411,2.18875895856547,0.1363877,0.5376,1.404408670593464
GMB,Gambia,2021,0.282,0.725,,,,,,,5.85195096065095,8.511928670037745,48.35380838819742,8.874076113512185,108.847403542688,0.194098625393535,41.67309952,48.6,62.7550706637859,12.5026201279668,689.49323955737,2.85673041093642,2576010.0,42.0979827971754,15.8821231471213,7.3821228563862,0.0231959,0.4755,1.4087093321056032
GMB,Gambia,2022,0.306,0.808,,,,,,,5.803995212348838,8.512526311444963,44.61604509326712,11.9734213968438,106.782250509204,0.215818879031432,48.22539902,47.7,63.2869880996278,10.4995860985808,710.686979216316,,2636470.0,44.7219215369466,15.5889695262957,8.81707580376896,0.1344853,0.5138,1.4190489317922745
GMB,Gambia,2023,0.286,0.773,,,,,,,5.691092502141977,8.317750580053659,40.03356541365062,11.52813993317996,117.115660832998,0.502141524068284,48.72829819,32.42466462851747,63.8020182456108,8.62799548450681,735.612384062616,,2697845.0,39.9620173467122,16.4224206550964,13.719183938301,0.1359932,0.547,1.4423536211747827
GMB,Gambia,2024,0.291,0.803,,,,,,,5.639275553194741,8.428594644022247,38.31253347563105,10.81940686158207,126.243773523653,0.518552979215852,49.49430084,32.24655240809048,64.2994103409645,9.66186336562045,758.965888826955,,2759988.0,42.1706172080435,15.3332836015651,5.79689364240312,-0.0180453,0.5387,1.4452488297312154
GRC,Greece,2010,8.751,97.354,1.16235240672299,0.419083242665273,0.291851684164935,0.102493001721858,0.0541965044671666,2.92749700456516,41.121011003873,78.21839849251047,89.81097318535448,110.9382934750806,110.499601336489,20.2491669415812,44.4,11.4,76.3631476983077,0.179789223267027,21547.724178239,0.271313475376967,11121341.0,50.9225181997227,15.0655277858101,1.18092065228493,-0.0107333,4.8786,4.95747384430738
GRC,Greece,2011,8.507,94.505,1.1442451779659,0.387166098660653,0.263083614897991,0.094462226528747,0.0535694300933961,2.72657766661379,39.47961603699563,74.43310826857407,81.74962427816685,117.4926745202113,109.174140891708,22.183064232426,51.6499951676815,11.4,76.6352609929407,0.38562256563474,19448.255802525,0.357427754438088,11104899.0,56.2929957941907,14.3792409788507,0.976657802861098,-0.0776492,4.8507,4.66910421476048
GRC,Greece,2012,8.272,91.393,1.16085727999454,0.348978295189972,0.277150862873797,0.0872331076428683,0.0592483907363681,2.29214174991776,37.61415684392502,72.7666819846651,82.8827440535247,117.7848158071686,120.926137220412,24.3424643325153,55.0699934418411,14.2,76.8679797449322,0.695897838082299,17924.6620496886,0.234074144784244,11045011.0,62.3942117351318,14.7998191105367,-0.334569925784251,-0.1628976,4.8226,4.22560968635531
GRC,Greece,2013,7.45,81.713,0.973724835210522,0.33084095936126,0.277880610460847,0.0934584580968904,0.0505144478000405,2.0429422833991,32.48666390387538,77.39092762890313,87.49943395917332,118.0322942022436,114.142688333026,26.5619364050644,59.8663,16.6,77.0951999650171,1.24506178790059,17644.8766635021,0.161354239227532,10965211.0,62.9547272215374,15.064315279116,-1.9603216018036,-0.152352,4.6785,3.76936159432866
GRC,Greece,2014,7.219,78.636,1.20992404641014,0.319894971797709,0.273444229975561,0.103240038747426,0.0663737133329354,2.09575640839443,28.15067479392448,74.52028573741063,86.76643221685698,116.1828967388702,111.488230327161,28.9729450556431,63.2073404784561,16.4,77.3130486275866,1.15314480305525,17903.5252440012,0.12477838312053,10892413.0,66.4335364513677,14.144282569928,-1.92347455777482,-0.0700276,4.6007,4.0686334086582
GRC,Greece,2015,6.924,74.927,1.14090970669412,0.323891175422894,0.275291198470725,0.100327830849073,0.066403297608654,2.22912096078665,26.81135214911737,57.1997125857631,70.62787168779712,112.4546332742672,116.133089816996,31.7813956931321,66.8349594911035,17.5,77.5194426317545,0.652184629866422,17980.7298238137,0.0713511198951637,10820883.0,65.2716454619318,14.4406143927451,-0.174753732642159,-0.1201405,4.546,4.13594416983212
GRC,Greece,2016,6.622,71.36,1.13187479637428,0.334279310109842,0.275915033145465,0.110392714610219,0.0638897858149555,2.14434081814036,24.64157463132538,57.59100408993741,73.20321287386743,110.0220543676346,116.365109232942,33.5485838991847,69.0879154723892,16.4,77.7122988766348,1.3975055397238,18049.928997892,0.0905977627072228,10775971.0,63.6575490882866,14.3053359941807,-0.489961144384012,-0.1537754,4.5148,4.06069245819513
GRC,Greece,2017,6.96,74.842,1.20196543537852,0.345571688075897,0.303486696142963,0.0955818698381194,0.0639304488697082,2.13279205526929,22.9143164281307,60.11612745227461,73.7826811028394,101.8694790808931,120.305633506681,35.1351318678243,69.8929706543154,16.4,77.8895342613411,1.7162955046024,18352.0884461258,0.107741216363758,10754679.0,70.8824967397253,13.5438938901132,0.2036135315862,0.00694,4.5646,4.1433281935745
GRC,Greece,2018,6.689,71.778,1.05669294809855,0.338410610071973,0.305228101974518,0.100992287344592,0.0602453913309568,2.0742072263821,20.94502881981563,60.94187346482459,77.17161243457795,92.50692047375836,113.418450589721,36.9203391643751,72.2383733920483,17.9,78.0490656849874,1.88723349665643,18769.0389621976,0.107923693978732,10732882.0,79.2379908638706,13.6804076386379,-0.234800451317412,0.351321,4.2431,3.93577656520269
GRC,Greece,2019,6.133,65.736,1.15670992057641,0.348619520327041,0.308077421171523,0.106091469431477,0.0644684508616709,1.96208442130414,19.32775121179341,62.11869589916486,80.12343585633963,81.52152704729853,110.855033355177,38.3565690069278,75.6712066931757,18.5,78.1888100466875,2.41172201156202,19216.6759579785,0.0704760678864166,10721582.0,80.5900949510457,13.4139572418293,0.245015781395267,0.2789347,4.199,3.94605120367226
GRC,Greece,2020,5.194,55.577,0.999714281894634,0.331886380863183,0.299979545209772,0.0982797731687724,0.0771872093702253,1.60424271352339,18.3608608303378,62.50969226935884,96.55469725049916,83.46035302698886,106.669795200072,39.7876360746134,78.11584474,20.1,78.3066842455552,1.72637818314203,17486.951333323,0.0388459707205932,10698599.0,70.2937464580745,14.2956021874194,-0.363959702932064,0.2996221,4.197,3.41128990402998
GRC,Greece,2021,5.438,57.528,0.982429761806136,0.331426073887637,0.303116316247835,0.0970242706270723,0.0703995413116187,1.7027929098238,17.0461066923411,63.08930256113076,96.67548243366096,57.79298397504315,108.643525000707,41.9213046741732,78.49426371,21.5,78.3884898647442,3.0165221032062,19231.2888803517,0.0875219452812631,10570130.0,88.0126654490379,14.7711977789358,1.39275644673982,0.2270172,4.1691,3.4871888737041
GRC,Greece,2022,5.533,57.609,0.703727905992618,0.335593229747978,0.30829383761004,0.112055705422758,0.0497959130924212,1.92811683388603,16.33754865814675,66.4734706124868,89.9787884969368,54.07541247663025,109.026956114201,42.923040428409,83.17066333,23.968323825106424,78.5502190980809,3.69648293387112,20550.5049158297,,10437805.0,108.121843229922,16.7201143496111,6.28541243425478,0.236947,3.9692,3.43758342575185
GRC,Greece,2023,5.076,51.988,0.786101836689133,0.340568955681127,0.30954402118271,0.0908674559145987,0.0534608868137596,1.87175771886654,15.64759002646856,67.2724037456349,85.80448887173847,51.28609985306192,110.79216956747,43.8539621755853,85.0102229,24.806089426453383,78.7746303842088,1.94366777616511,21050.8648111581,,10407351.0,92.4710882947018,14.8477611524462,6.26971104079917,0.3853039,4.1487,3.45230087514787
GRC,Greece,2024,5.311,53.361,,,,,,,15.22938470401863,68.08300314149041,84.98438672006209,50.48175048216677,113.597610306796,44.6759828527928,86.26968886,23.99150315290789,78.9967856500534,2.6312519942121,21494.6856060599,,10405134.0,89.7765279446168,14.9985220031197,3.20936406384638,0.1394204,4.1006,3.58450992208816
HND,Honduras,2010,0.969,8.107,,,,,,,19.12734527116438,16.30939127561443,42.12580898273758,46.88069449483972,113.617136181044,0.0119533179900544,11.09,53.6,51.3273733161098,3.83460574737835,2108.47314459603,2.36463288147641,8365878.0,109.441838241682,25.5871307044098,4.67604329499009,-0.6306269,5.2327,1.6773329220161226
HND,Honduras,2011,1.037,8.857,,,,,,,19.38985951522731,21.41119622144792,41.81646202708999,47.77141435034287,94.399047465495,0.670797298029889,15.9,50.9,51.9908892304951,5.88681418228473,2144.56265540491,1.7044807548954,8540583.0,122.216902597337,25.8142160143128,7.8072052366428,-0.5252471,4.836,1.7058828002713253
HND,Honduras,2012,1.045,9.108,,,,,,,21.26435570999704,21.88176655042394,41.57621189068226,51.69605488850569,84.5664914453988,0.703114924069509,18.12,49.3,52.6641557109031,5.83610988955542,2188.39378817891,1.63060548730794,8715076.0,121.188215808285,26.1135718011836,3.57978742613756,-0.511655899999999,4.9539,1.7131932066740252
HND,Honduras,2013,1.049,9.328,,,,,,,21.57722840853661,22.9698763205255,43.3586361218972,55.97692776379895,87.3775687969259,0.776114775575699,17.8,51.1,53.356379133253,5.77862113948416,2205.40126728067,1.78208817924239,8889278.0,116.306049247436,25.4093197152808,1.37403051856492,-0.535936499999999,5.0061,1.7116428565715354
HND,Honduras,2014,1.049,9.503,,,,,,,21.41769015604611,22.73596524958372,44.63761694159227,56.48089577474058,85.2365443166273,1.74169563203497,23.0,52.2,53.8768089124249,8.62899693066618,2229.24772232218,2.2661279184441,9063122.0,112.97509728471,24.510778796214,6.84935672480186,-0.6895701,4.9772,1.710406783739965
HND,Honduras,2015,1.18,10.898,,,,,,,19.39333135519136,23.35183295256318,43.05116055687859,55.80655861630168,87.1291789109486,2.13675958518204,27.1395454833776,50.8,54.3828473751434,6.27594328427599,2271.20265980349,1.56846231223826,9237305.0,107.26440535424,25.6499709386427,6.9327703694637,-0.6604916,4.9929,1.7572308102789602
HND,Honduras,2016,1.056,9.939,,,,,,,19.59429463287696,23.91085953962461,45.55233793789607,49.32773240511258,83.2180808679633,2.34144817782537,29.5282180796457,52.7,54.8868414578857,5.28156973350556,2315.72983058198,2.01566335667541,9412380.0,99.8157169505924,25.8278974975697,3.67806814426042,-0.7047922,5.0089,1.715076916401451
HND,Honduras,2017,1.064,10.198,,,,,,,19.50294541660336,23.79673904461362,55.35798205126766,49.40530179935886,85.8717287831828,2.48526903610159,31.7357924661485,45.6,55.3877322339915,4.10592046689605,2383.37398439714,1.72906722467945,9588137.0,101.813111079622,26.5389223099615,4.5128429763521,-0.9065696,5.0282,1.7337780672752234
HND,Honduras,2018,1.011,9.876,,,,,,,18.93126282091439,24.3533235317588,56.33541500662194,53.03019780487546,77.7100953282111,3.63393106753465,36.0400608231468,48.9,55.8852577716247,5.99386120691106,2430.13503657762,1.07184110988038,9765210.0,103.551162215452,26.5924587973715,1.94721691531043,-0.864353599999999,5.051,1.7121505420536751
HND,Honduras,2019,1.102,10.963,,,,,,,18.42312391685767,25.44003497109033,58.85341252519157,54.87967318294041,76.0268304351136,3.92589911554459,39.3883521850111,46.2,56.3791561389766,3.83846408231678,2447.61649282181,0.916855208806467,9943633.0,99.4595352452417,26.7243168964313,3.35874088466439,-0.827137599999999,5.0752,1.7473730280264586
HND,Honduras,2020,0.986,9.977,,,,,,,16.12974434136659,24.91586524276139,74.71320032792038,59.48470558538768,68.7836128557933,3.92223438778455,45.24829865,50.2,56.8691654042685,1.0106822391556,2189.43168668222,1.23326098347167,10119640.0,88.0008563836292,25.357857215276,3.40198228348704,-0.666353099999999,5.1003,1.6908740737789336
HND,Honduras,2021,1.075,11.06,,,,,,,15.54078366004116,25.14159776349463,70.56382980139887,57.72795485498926,73.4771659564055,4.0958409901304,51.95159912,45.9,57.3550236357547,2.84361329738544,2423.76634916911,1.22455313744521,10289877.0,103.372643459918,25.8201593146773,4.60572808888793,-0.806377,5.1148,1.7377736021155359
HND,Honduras,2022,1.122,11.742,,,,,,,15.53002224902022,25.43302298359723,68.55617689003437,59.7776385812016,75.8551423411907,4.40980164894983,56.88069916,33.599423279308596,57.8364689017254,2.41292398026651,2482.22384904714,,10463872.0,112.698524913966,25.9084247689488,9.31239503002736,-0.4781621,5.1403,1.7785616680783067
HND,Honduras,2023,1.165,12.404,,,,,,,15.80590296700351,25.73053971372664,70.25059260030365,65.09253537836643,74.4148227156961,4.36212775547539,58.0685997,33.36829200173224,58.3132392705102,1.68381240542467,2527.27366333188,,10644851.0,98.7919798336365,25.824819269639,6.04752279899292,-0.3507671,5.219,1.794710872465739
HND,Honduras,2024,1.187,12.855,,,,,,,15.99043077235245,27.53389744981255,70.72661840406408,68.92772497658537,70.9397440517258,4.57914834722512,58.62269974,33.17674789831272,58.7850728104829,1.29157460831069,2575.32081187859,,10825703.0,91.6694117874122,26.3187129347364,4.70034716242627,-0.5671583,5.2174,1.8040899537391593
HRV,Croatia,2010,4.877,20.978,0.788712648714065,0.140922816809771,0.47763183929907,0.0716870798302466,0.0947617930769949,2.18278660237478,36.11374345060497,104.2736245445931,58.79669336713252,68.71431397397915,114.582326334034,19.4799756808943,56.55,29.8,55.2824979327886,2.61983395656206,11965.1414956676,0.917408126030443,4295427.0,72.6475745178258,21.3685204333948,0.920955278990149,0.6992294,1.4162,3.75650278010492
HRV,Croatia,2011,4.816,20.615,0.816138319495861,0.144196731470076,0.531556919413286,0.0708944386661781,0.0957082029903976,2.26466922659201,35.78841886765443,109.4299730760972,59.73078262971054,70.42459214860185,119.489612280253,20.8566154553422,57.7899789891444,27.2,55.2773793281248,1.98600142929806,11993.1337166457,1.29394046574726,4280622.0,77.7839261603843,21.5033533278736,1.67118441203004,0.6832234,1.4799,3.92316383862781
HRV,Croatia,2012,4.473,19.05,0.784561044837149,0.154103642869963,0.635633835158686,0.0730076722412266,0.0931141948465607,2.16023299903297,35.52130201717939,112.6911236489071,61.61953412742186,66.03172203525205,116.719313041118,21.581851768721,61.9399731527956,29.4,55.3042888624873,2.5458971283455,11780.5853491253,1.2944420673614,4260368.0,79.0091759505258,21.0399410595879,1.4097508285585,0.6651026,1.5388,3.90065338898655
HRV,Croatia,2013,4.337,18.401,0.865956096272073,0.176180849755887,0.526211056096819,0.0765065215588173,0.107329394561287,1.98391368435685,34.71130562750111,114.3088762797021,64.35000157693229,64.54619892860958,111.281756214292,22.5042534905966,66.7476,32.8,55.3659479687433,1.59392354890083,11838.4554388595,1.1084798242986,4233922.0,80.919621854334,20.5073010518841,0.738572400563456,0.6983074,1.5271,3.73609760260173
HRV,Croatia,2014,4.183,17.65,0.800991788680635,0.156934988025787,0.404259702938852,0.0776459186433195,0.108414773359171,1.93949903457678,34.1244742515077,117.8033771789579,66.09728197236606,63.40769139992534,105.732295385283,23.3319089868678,68.5678992528467,33.6,55.4591834926844,5.34791756323206,11862.7815706266,0.867348745330344,4201598.0,85.2166354640278,20.6516894000178,0.129745689649098,0.6331008,1.6293,3.48774620622454
HRV,Croatia,2015,4.253,17.794,0.754856958649005,0.195846227778207,0.47593095114483,0.0720077477236934,0.106455196789075,2.03874538834669,33.93862384663692,124.6391023727697,68.71482466746824,59.95162839080266,105.543643003646,23.5726310188829,69.8450359238281,33.1,55.5812594509004,0.958162552964542,12283.8750299177,0.698157062296322,4151725.0,90.6517861027716,20.3715789931689,0.123740124401735,0.611397,1.6831,3.6438424704315
HRV,Croatia,2016,4.371,18.079,0.87733753372679,0.171588697254402,0.430784053693716,0.0751139922123756,0.128899102522546,2.10261853154651,33.32235890375425,129.7263091283025,68.35532899601021,55.38780478398663,106.718403536951,25.2341141328155,72.6972696701463,31.8,55.7294398599808,2.99037238331044,12848.473748279,0.511310613664342,4106867.0,92.1393432283564,20.2770886767859,0.0142096735846025,0.6354526,1.69,3.78634191095633
HRV,Croatia,2017,4.587,18.713,0.709174646694872,0.207097642876788,0.471110917805821,0.07561333421527,0.111767560715983,2.23269474529608,32.96122103655799,143.1119447641767,66.93459340275052,52.89863804110604,105.794763679153,26.865096097274,67.0961920368478,29.8,55.9009887365155,3.24022473811694,13485.3711360576,0.658339390527416,4041407.0,97.2452344566878,19.7719778010134,1.22924105074425,0.6251591,1.71,3.80745884760482
HRV,Croatia,2018,4.396,17.695,0.825680395680103,0.190815675406776,0.592423428797712,0.0797813779666439,0.129820550266404,2.2544260281211,30.8121646426009,151.0676415048661,67.52196753817474,51.82846083964628,109.034035401906,28.0156020023514,75.2946259897258,32.8,56.093170097094,2.6691078382689,14061.0597402919,0.773060031000923,3988775.0,99.0845893099948,19.2887373843767,2.02671225148859,0.7689202,1.6049,4.07294745623874
HRV,Croatia,2019,4.47,17.82,0.841487132193578,0.228343221649226,0.648646393109689,0.082206587352886,0.130233189839475,2.33228717660707,29.18219346994353,161.3464219668147,67.36048146289573,51.21860321010436,110.493802074789,28.9682951804841,79.0797836757554,31.6,56.303247958306,6.47280555618669,14641.8735578488,0.619466125649912,3949390.0,101.395111645358,19.5752741048337,1.98558869883709,0.7476171,1.6298,4.26320370075192
HRV,Croatia,2020,4.267,16.87,0.881536767890095,0.209471474225718,0.634281266592238,0.0862571357283485,0.133543388851895,2.10208410902738,27.9823946837631,146.2132383902926,79.41858865795918,57.32111335689669,110.666299439701,26.0744550144438,78.32090004,32.4,56.5284863367411,2.53925977136019,13545.7402289427,0.439094632914067,3914206.0,89.5475327132272,20.096957275737,0.796428912481801,0.6477441,1.6191,4.04717414231567
HRV,Croatia,2021,4.434,17.403,0.853399703637435,0.232907728310708,0.549375409536382,0.073357375300331,0.128792616419669,2.30000396115024,26.94823710353723,141.2750038992142,77.28104341557047,51.02818892980205,112.169438491978,26.7157501000099,81.25396608,34.1,56.7683502560171,7.42755621800021,15395.2861605128,0.681198197003712,3878981.0,102.327614281062,19.5841831924995,2.0810342109412,0.6364386,1.6247,4.13783679435477
HRV,Croatia,2022,4.501,17.585,0.806411482941515,0.262647881216547,0.613334282479327,0.0824196233723515,0.114900430570487,2.7011358338034,26.29947077232981,126.6248397139562,77.1767142857385,49.29370972156824,114.677195729643,27.6606739600213,82.07155532,28.074077494116565,56.9977571733605,5.51627272111755,16618.3333786183,,3855641.0,125.410793782261,20.0656678449411,8.0097126152175,0.7321186,1.5753,4.58084953438363
HRV,Croatia,2023,4.74,18.468,0.787230543336126,0.28892390280915,0.711861604930625,0.0804861200801591,0.103034813066651,2.75558339936043,24.71347158795672,129.0592405148851,69.67091509643942,46.29824009276224,117.112604314708,28.4709561519529,83.24117599,27.24885254855615,57.2431560672198,3.90313322235581,17225.4504515697,,3859686.0,107.277801631602,21.1552547167429,12.870303820317,0.6832484,1.512,4.72712038358314
HRV,Croatia,2024,4.765,18.465,,,,,,,24.15874821626407,119.5016687264704,65.99277412720598,46.26359032308796,121.732525659138,29.5997367962687,83.63240029,27.319238421243362,57.5158981711443,4.87790164584768,17854.3262648378,,3866200.0,104.912403236133,19.1921308422094,4.48761487628609,0.5814089,1.4934,4.7273117956936
HTI,Haiti,2010,0.217,2.129,0.29086407974968,0.0573626943294062,0.115778380127257,0.0142242283280272,0.0538401639530473,0.192624619567875,2.511993971214469,,24.94595442447251,6.463983237983692,40.8026118567902,,8.369999886,79.0,46.0679741838751,1.50093014768549,1317.58389339746,0.665741356287765,9803294.0,44.7215241260457,23.5332687261618,7.39382346704139,-1.30874809999999,3.0582,0.724694166055293
HTI,Haiti,2011,0.229,2.272,0.269162660563906,0.0570374015952112,0.112263180885002,0.0173045552866258,0.059853206650299,0.205576485330517,2.67286099581996,,25.86200955835871,7.646205802012264,42.360470661138,,9.0,79.0,46.7523749519985,0.91476918408797,1369.16921255852,0.530247287448995,9914904.0,44.1635704019387,24.5925802703743,4.32073061328364,-1.26130189999999,3.0728,0.721197490311562
HTI,Haiti,2012,0.225,2.262,0.278013914080354,0.0553314706964671,0.106623832392407,0.013603556819404,0.0659208913578385,0.184540072074185,2.770038768231472,,25.76139169561122,9.098365364104644,60.5271659107243,0.0,9.800000191,82.2,47.4314843495779,1.13794476642421,1354.88546124499,0.493447395435744,10069771.0,40.2582414988129,25.3732825170097,8.20779379091175,-1.12059439999999,3.0861,0.704033737420656
HTI,Haiti,2013,0.264,2.703,0.297525536540678,0.0545018476296886,0.105046228217351,0.0187162929914536,0.0637520348832481,0.196565054841785,2.757566090797459,,22.66235692129585,9.67287183227956,70.044477000521,0.0,10.60000038,80.4,48.1049430223048,1.0865204500402,1392.38204736859,0.586507266755589,10222362.0,40.3325097562551,25.6899193261312,8.07714884191483,-0.915407899999999,3.1013,0.736106995104205
HTI,Haiti,2014,0.26,2.698,0.280062272882256,0.054280553858694,0.101798485901184,0.0198672721492487,0.0557152691051209,0.22901740492793,2.745738827389424,1.107152752979606,23.32086509366782,10.0919363098205,65.2574823572396,0.0,11.39999962,77.8,48.7723916158687,0.653599798370867,1411.76834802154,0.699288591917661,10373235.0,42.3515259071619,26.5606297593527,2.21898603934831,-0.9222469,3.1077,0.740741258824434
HTI,Haiti,2015,0.252,2.654,0.299111666245516,0.0531280185487091,0.101173702646552,0.0203975930524911,0.0602141777815039,0.239767434270286,2.734248018863707,1.316489786860304,24.92561971914138,9.395800890672476,69.3702568086907,0.0128097405723445,14.19999981,76.1,49.4334707759572,0.711667596569424,1411.12684746796,0.574767533630933,10523242.0,41.9457381172044,26.0556909416746,5.20596329822199,-0.925938199999999,3.1264,0.773792592545058
HTI,Haiti,2016,0.279,2.977,0.28661422833563,0.0526601356984125,0.100021795466819,0.0169568205016141,0.0572829478959966,0.218521433848852,2.667055186620803,2.057037245000087,26.16000565766711,9.412475939574596,60.9477225087446,0.0126318271253869,22.79999924,76.1,50.087821148256,0.745596209929376,1416.74881879698,0.790216838420377,10671457.0,41.4109022161974,24.4486778891376,15.7032145295515,-0.894686099999999,3.233,0.732057361747323
HTI,Haiti,2017,0.29,3.133,0.300366298371702,0.0528224787246553,0.103306412089837,0.0217973806284869,0.0547340082793774,0.234450535297224,2.700936069260911,2.297187893959022,24.67931212653079,8.831600657254935,58.2917858919698,0.276397485097184,27.20000076,76.2,50.735083378449,2.48360915333592,1432.67228609541,0.657342723836906,10817754.0,42.0745477868911,23.7054083866046,13.7798773975934,-0.834199999999999,3.2008,0.767477113391282
HTI,Haiti,2018,0.31,3.401,0.281199123707866,0.0557877644693251,0.102020737685617,0.0210016163380313,0.0471541811844494,0.248312491059642,2.733957377331092,2.146156541204907,24.85409484461645,9.496656924395683,60.232256515521,0.283697984065843,32.4736271300557,76.2,51.374898112219,0.640093066153268,1437.35251928349,0.44034486815939,10962362.0,45.1385763027223,24.1385210331551,6.5357588755091,-0.7667849,3.4277,0.755475914444931
HTI,Haiti,2019,0.281,3.119,0.305521535989622,0.0481277224818176,0.100247774404973,0.0179844850688767,0.0673328099977353,0.215736828382315,2.765855062750001,3.866826495495147,26.08477382699788,10.0281376067544,61.6234088594647,0.280049919123204,35.76409912,76.4,52.0069059952475,0.499464210439719,1394.42114071112,0.443318678876138,11105163.0,44.5687187758294,23.3823262210182,19.8003879006213,-0.9509746,3.1731,0.754951156325339
HTI,Haiti,2020,0.29,3.265,0.295619449366886,0.0466528426891259,0.0981639197553231,0.0164732687584928,0.0567309098955163,0.199231466813625,2.665525856788421,,20.24989067572219,7.42263020071308,65.0933737275708,0.275706324027148,39.38809967,76.3,52.6307476732151,0.17231607778598,1331.69778506932,0.577844130610775,11243848.0,37.4138801252638,23.327525652015,18.6851861283427,-1.0389171,3.1513,0.712871857278969
HTI,Haiti,2021,0.308,3.507,0.265945832630588,0.0424879696786353,0.0980615077266755,0.0191305067091098,0.0587194463544374,0.212078340700707,,,,,64.3451990252656,0.272537391690564,43.37919998,76.7,53.2460637918026,0.247164798843834,1292.71954963551,0.327641965983974,11374586.0,33.4120026772124,22.3971130643091,18.2625872591215,-1.2132391,3.1665,0.696423603800153
HTI,Haiti,2022,0.25,2.87,0.244599255075228,0.0414332139970289,0.0922891012887317,0.015205986981758,0.058908839455057,0.185888418278132,,,,,65.1889329311174,0.306790757611135,47.77470016,45.513924828450484,53.8524949966907,0.195958763168676,1256.72143592448,,11503606.0,29.7746074753724,26.3278652106582,30.0605378947089,-0.947002399999999,3.1704,0.638324815075935
HTI,Haiti,2023,0.246,2.865,0.267388125127942,0.0414183363606735,0.0921459365142164,0.0167139288779388,0.0596604475980753,0.162326523671488,,,,,,,47.99269867,45.29024224769435,54.4496819335618,0.1208234771512,1219.11871645847,,11637398.0,25.2478984941791,29.264427213971,30.5743109073361,-0.971741099999999,3.212,0.639653298150334
HTI,Haiti,2024,0.252,2.971,,,,,,,,,,,,,47.8614006,45.083229244385976,55.0372652481002,0.0824597396111034,1154.68841945337,,11772557.0,18.6547617785224,28.260417382654,21.284237094326,-1.2013046,3.2236,0.629848695992247
HUN,Hungary,2010,5.21,51.993,,,,,,,16.75279683195116,56.58904850092949,36.70065290504023,54.58923232431948,120.369453085535,21.639373536508,65.0,13.5,69.5305480957031,-15.8854380283338,11287.3686666108,0.502154293766183,10000023.0,157.838960085896,25.2266979655838,2.53120833175369,0.7770358,3.2789,3.52303458498967
HUN,Hungary,2011,5.042,50.156,,,,,,,16.4097411416156,57.59842616731597,37.76959604793881,52.47754757999498,117.526065994308,23.2549245597223,68.0199878861296,14.7,69.4779934082031,7.45442145492381,11536.3578996772,0.675554220375786,9971727.0,166.754347209897,25.1359185300274,1.92745966857339,0.7163601,3.2106,3.476888407191165
HUN,Hungary,2012,4.711,46.72,,,,,,,16.05328653914244,56.39866085888147,36.84396733836824,44.7465923702156,116.767825095297,24.1618038721448,70.579998153838,16.5,69.5772326660156,8.30549850772091,11440.7622718825,0.61841992081818,9920362.0,166.17569860957,25.0498656722544,2.87712453550428,0.712188,3.182,3.3618855667049923
HUN,Hungary,2013,4.397,43.487,,,,,,,15.42597291066562,57.18146520223711,34.80134184287665,41.14744243086721,117.200126277309,26.2621916555453,72.6439,17.2,69.9277636266638,-2.74986395257086,11729.5720798501,0.507806206790584,9872734.0,164.476024791467,25.0561210392632,2.83480957212036,0.8127253,3.3341,3.270964760173459
HUN,Hungary,2014,4.425,43.639,,,,,,,15.55134327105385,58.02030211218867,33.23529945529213,38.37356036247246,118.895659080821,26.164233392363,75.6531974544103,15.7,70.3071053512008,9.1265022330579,12287.3779441033,0.403352372971262,9833038.0,168.358355086413,25.6873886769853,3.69012110404373,0.805848,3.3483,3.3068586276678986
HUN,Hungary,2015,4.733,46.567,,,,,,,15.20658939475268,57.54393051185452,34.11875712381701,31.37934132511886,100.623739037612,27.6322359587573,72.8347370323805,15.6,70.4847717285156,-4.3672559097876,12782.9412577973,0.285147410110642,9797755.0,167.290738494524,26.3916783181703,2.81115788673696,0.843542,3.4265,3.4284283837272835
HUN,Hungary,2016,4.795,47.039,,,,,,,14.8139873764692,59.86720626655637,35.20655350223929,29.42760297304337,101.442011503556,28.6887907811727,79.2594121273057,15.3,70.4733810424805,53.8467636785015,13145.6559885563,0.227029691782411,9759755.0,163.97194450015,25.4486066021034,1.32255007729512,0.6277681,3.4885,3.4647397906435833
HUN,Hungary,2017,5.051,49.424,,,,,,,14.76016535715811,61.43452687775588,36.2107192848848,28.61613718046184,101.629260697653,30.2136178819417,76.7505471201922,14.6,70.4542541503906,-8.6313549623639,13734.2442804335,0.282558589313256,9726756.0,165.032855840268,25.1587549896178,4.03729273738615,0.7324048,3.5175,3.574531215222941
HUN,Hungary,2018,5.051,49.366,,,,,,,14.3219876990039,61.08544753438784,37.60210530850037,28.84239597190696,102.737202940663,31.5062908247816,76.0743606365063,13.6,70.4711761474609,-40.1082460169744,14533.7783144312,0.347622949150536,9706964.0,162.700858777925,24.9697501840475,4.84538395103071,0.6616322,3.596,3.6107321843287616
HUN,Hungary,2019,5.031,49.159,,,,,,,23.63517145276877,61.50214430636204,39.17616734235123,30.87432407110765,105.141557934591,32.6466329851573,80.3716936050482,13.6,70.4565277099609,59.5775493833952,15290.8085466331,0.303895061476493,9694824.0,159.925556464831,24.6337376234071,4.75293653395626,0.7326156,3.6067,3.636717358590769
HUN,Hungary,2020,4.832,47.105,,,,,,,23.45499593834023,60.56181613800542,47.64675828501616,34.55339806872169,105.981902376717,33.4922037196533,84.77115202,14.8,70.2917327880859,105.635755544096,14664.2971195385,0.204655214271402,9670419.0,154.527002936377,24.3596848911298,6.42661364413084,0.7938892,3.6804,3.5429404722772886
HUN,Hungary,2021,4.978,48.326,,,,,,,22.62960095214471,59.78249574844245,49.27347882969088,33.94444648245715,105.137285804787,34.8391868436369,88.64083466,15.3,70.2059275331413,18.2639108972104,15787.9535427563,0.402362635857113,9630932.0,159.187527332834,23.8976973303284,6.16694892296121,0.7337253,3.5988,3.6376814594014966
HUN,Hungary,2022,4.674,45.267,,,,,,,17.520605291832,57.72783579464535,42.50877748491586,31.3582012112388,105.793848314995,36.5338104764554,89.14282688,27.71953027648989,70.1585064243445,-1.05246677407293,16487.7973935944,,9605074.0,184.969952581351,24.2154788875959,13.9678909516068,0.6701403,3.5552,3.545522473440111
HUN,Hungary,2023,4.165,40.344,,,,,,,16.23852788235699,59.26087390100398,37.16468875377459,28.46273429979457,105.054424922699,36.7901885342462,91.4500713,28.52664837399675,70.2923026891431,-33.2799471781632,16375.0462724192,,9592186.0,158.618825607913,25.423282000701,14.9923041737904,0.5841522,3.4621,3.3737719586108588
HUN,Hungary,2024,4.136,40.017,,,,,,,15.69904934620484,62.79619738481937,37.3959326780982,28.13086221080228,104.58063059269,37.542262483936,93.77898628,28.563497760546447,70.491825943218,-27.5090725956422,16543.1049095203,,9562065.0,147.926666538068,23.7847283321129,7.57999001730845,0.4363288,3.4449,3.37151826011045
IDN,Indonesia,2010,1.808,445.37,0.367396964693821,0.0344557380019242,0.179804671156499,0.165033673276963,0.101363489869258,0.52227823805273,7.862876392608971,12.64233811560396,34.0731150886337,25.72567985314854,85.7838690956097,0.925808659546544,10.92,36.0,49.8521375148888,2.02517914569356,2670.8129098953,7.13560902238893,246305322.0,46.7012738758737,42.7758663362749,15.2642936576449,-0.778454699999999,85.5298,1.37033277505119
IDN,Indonesia,2011,2.006,500.458,0.385221841538885,0.0287954443771144,0.187718521892947,0.172313731743015,0.0985252021529158,0.564082470830621,14.29013525718952,15.9822567610972,35.55936155069776,28.09207350972187,100.134519965107,1.09687683849738,12.28,32.4,50.4830017089844,2.30298429381592,2799.62468790318,8.5631139337506,249470032.0,50.1800131841104,43.9134234267133,7.46594303367513,-0.7510901,86.0697,1.4366572125355
IDN,Indonesia,2012,2.041,515.77,0.382915880352455,0.0251382651049384,0.183330894675205,0.176348640142219,0.102713795967834,0.593313244292396,16.41869880580493,34.77116153881277,37.43394138243263,31.42937408992579,111.581048999,1.18045801810675,14.52,30.1,51.1593933105469,2.30978031853073,2930.518445323,5.94561486320563,252698525.0,49.5828982992627,43.5937444233376,3.75387875323653,-0.5992727,88.2999,1.46376072053505
IDN,Indonesia,2013,1.929,493.435,0.373525833311072,0.028338732116001,0.203968021239703,0.19336248014126,0.105303028754538,0.560160594738646,17.19632942850186,40.95660328990576,38.38169026456658,34.49431911617834,122.424816798816,1.27096683417948,14.94,30.6,51.8307495117188,2.55135633401058,3055.24246006469,5.38990903395495,255852467.0,48.6373726752893,42.6356774375889,4.96599029131677,-0.6180612,81.3579,1.46465869030122
IDN,Indonesia,2014,1.924,498.029,0.370728225159721,0.0361084992236743,0.195538422128057,0.191444225554072,0.105337004253797,0.626623284739303,17.42307650478832,48.08234619578779,38.92653468777412,34.76263429974722,125.767185647597,1.31336301010966,17.1431598350566,29.3,52.5002136230469,2.81997260412102,3170.72103011429,4.79162103687978,258877399.0,48.0801755855227,41.9283421270033,5.44317454935612,-0.385008199999999,84.6487,1.52577966105862
IDN,Indonesia,2015,2.105,551.16,0.360418738475849,0.0321320126717903,0.191036510129743,0.185798293429156,0.107921391939427,0.604652435981477,17.29415341926077,51.92691554676036,38.28673449526956,35.20551199097271,129.468797674053,1.52139473860752,22.062742603379,26.6,53.1720771789551,2.29761639380441,3288.22269725538,3.08136736381978,261799249.0,41.9376402415294,40.0478624042506,3.98024266013961,-0.5390218,85.3642,1.48195938262744
IDN,Indonesia,2016,2.071,547.969,0.385688510312225,0.0361371420765517,0.189126116100433,0.186237900422805,0.107712680337157,0.595711202729989,16.95040944739426,53.3701027412795,39.000679937321,35.29503784592341,145.704251250337,1.9753784545485,25.447353701827,27.8,53.812557220459,0.487372471368879,3416.81005170972,2.66818993930963,264627418.0,37.4213418023318,39.3084439802081,2.43892408688207,-0.463383,83.0212,1.50061355197916
IDN,Indonesia,2017,2.136,570.928,0.381779335846907,0.040021496807735,0.170521231473735,0.201664774400856,0.110224599814033,0.63792158633117,16.49819090621001,54.32316244388923,38.92035729265667,34.86410943763341,162.782511760443,2.32504234259027,32.335806250688,25.2,54.4541015625,2.01948919812582,3553.51999262321,3.08016177152276,267346658.0,39.3554970704606,39.3791548040237,4.29267812199525,-0.5816146,86.0784,1.54213302467444
IDN,Indonesia,2018,2.25,607.378,0.397722087858383,0.0410307879554853,0.183940558093134,0.195041250074237,0.110089691240186,0.685600828854748,15.95291662904392,53.75686359101702,37.94420316989355,35.68278822817897,118.330216938024,3.28729591276809,39.9046386385762,22.0,55.0956840515137,1.81428979349441,3701.32155461912,4.21663374449654,269951846.0,43.0743089552002,39.7297374523848,3.81832356943335,-0.5428012,87.3651,1.61342520407617
IDN,Indonesia,2019,2.441,665.049,0.39533011583787,0.0444550695636391,0.173950103633307,0.197641703684566,0.112519453661988,0.661903791758394,15.51057909680811,52.95603771474495,37.88781676201345,35.47725139668419,125.244348145809,3.77422560918071,47.6906489788375,19.8,55.7382049560547,2.23336204282241,3850.90321738979,3.23583967668836,272489381.0,37.6277775357108,38.9517679950779,1.59848849984144,-0.5802685,85.8895,1.58580023813976
IDN,Indonesia,2020,2.268,623.304,0.394241303950065,0.0394558139879742,0.158446514945478,0.195513849423424,0.111861426852572,0.620255522630719,15.13212545524064,51.34678222530166,43.16025227111422,35.49462182783031,129.40362112725,3.92993769121646,53.72649449,21.9,56.2785287648768,1.81058402027127,3739.44906563161,2.43866732275102,274814866.0,32.9721754002427,38.2383937187942,-0.401651435218994,-0.539945999999999,86.2864,1.51977443179023
IDN,Indonesia,2021,2.287,632.946,0.4268674662621,0.0415810388427193,0.109925152343696,0.207859228278668,0.115000910754865,0.684748699582862,15.76537104135492,47.99230818067497,44.05708945877578,33.97932453227424,132.199444256099,4.4874632789818,62.10447842,20.2,56.8761702464027,1.7878556314554,3850.68877253903,5.15704008451705,276758053.0,40.2047582749671,39.8448191919686,6.00397322136207,-0.6496757,85.7957,1.58598249606491
IDN,Indonesia,2022,2.719,758.021,0.413112572853993,0.0421473517069585,0.11335343519091,0.217065869499412,0.115518637659823,0.757028534123723,12.23035001070318,47.31503574167769,41.62445618711515,32.79259117936137,122.873012230307,4.82151507878823,66.48461277,34.87713661398151,57.4934704226599,1.87264100861425,4024.91225288391,,278830529.0,45.4646701959453,41.4292641760979,9.56898756346934,-0.7624666,87.6006,1.65822640103482
IDN,Indonesia,2023,2.711,762.358,0.42299289167699,0.0427869396869961,0.107576103382582,0.238572542934468,0.114125485953293,0.747317102371365,11.55079726866023,45.47596403024595,40.48338116967688,33.93703391705001,125.238194847046,4.81663955789733,69.20836554,34.6513812355718,58.1179353397878,1.57116966408747,4192.64401034181,,281190067.0,41.4604765447233,40.2157519921814,1.53014176760928,-0.613745,86.8193,1.67337106600569
IDN,Indonesia,2024,2.865,812.22,,,,,,,11.2296186853482,45.63705057461623,39.91042857372807,35.54537965994276,122.514946500491,4.92196685438436,72.78075544,34.200831914610994,58.7509635387997,1.73855290316368,4367.94741847938,,283487931.0,42.809937870822,39.3184354184745,0.8898087547351,-0.609127499999999,88.3989,1.67196529324484
IND,India,2010,1.35,1678.53,0.213596424729403,0.0103620303135573,0.133110255098444,0.0138989656695465,0.0685105333721596,0.476434236708335,9.996895747646548,7.242560514179934,59.74257545055518,43.81665393930423,60.4906435106584,0.883808841093522,7.5,36.2,30.9042190810094,1.6350340943491,1235.15939132939,4.49751864332879,1243481564.0,49.2552064974161,30.7250782285817,10.5260308557326,-0.942319199999999,519.7861,0.915912445891445
IND,India,2011,1.4,1765.695,0.209651358650822,0.0106238049208551,0.132073584971395,0.0121991105689626,0.0712579928613317,0.493473019211242,10.44451380917268,8.803005285276608,61.69125136069723,46.65170615120995,70.8725652125021,1.05858887089543,10.07,35.0,31.2746502853309,2.0020634629993,1281.61054354937,5.30507567095095,1261224954.0,55.6238800135298,30.1616797630407,8.73357890528597,-1.1659038,524.1318,0.929278871184608
IND,India,2012,1.507,1926.986,0.20570354637103,0.0099380311477724,0.129034418442018,0.0137289309396605,0.0731147541152348,0.53428984006346,11.10232531676153,10.91542088890101,61.12467002748388,48.30311815856983,67.6263517922249,1.17169600055105,11.10000038,34.8,31.5898935604399,1.31293453035323,1333.09626557649,4.02383769335832,1278674502.0,55.7937217287511,29.3985276965289,7.93438747794815,-1.15725679999999,521.738,0.965809521079176
IND,India,2013,1.54,1995.337,0.208275866903535,0.0100056791579544,0.127733477132623,0.0142861469050052,0.0774180655523405,0.527874483134571,11.75619437515474,12.76076195005389,62.42585049031826,49.18598112791004,68.3966708179098,1.15197793176359,12.30000019,34.9,31.9096789235237,1.5162764665975,1399.4537980281,3.67308833438322,1295829511.0,53.8441319466777,28.4048995600246,6.18650400086563,-1.17090389999999,525.1112,0.965593718786029
IND,India,2014,1.637,2148.052,0.214541854030687,0.0105224389945558,0.12720043647186,0.0145645902730905,0.0784594123935663,0.562938380963247,12.7611941613764,17.62767712611363,63.80932578465122,50.38580830785469,71.9366825449914,1.20020374567342,13.5,33.9,32.2288233408821,1.69565958990806,1484.31640682961,2.81368985123428,1312277191.0,48.9221857470669,27.6564012026443,3.33175691698339,-0.817516599999999,525.559,1.00822711312701
IND,India,2015,1.681,2231.817,0.214573508925735,0.0101607040192365,0.126053372417886,0.0142525566321163,0.0766950950992521,0.568546148929483,13.43791455311242,19.50516035578758,64.78503795708208,49.94581362298657,75.379332347226,1.27578595315943,14.89999962,33.4,32.5472990022299,2.09211521443253,1583.99815907985,1.77764002432658,1328024498.0,41.9229138658647,27.34739147794,2.27958810853136,-0.7619187,528.1427,1.01028138602371
IND,India,2016,1.75,2352.54,0.227644544057893,0.0096128180390849,0.125059640296086,0.0165642080623042,0.0814473355826209,0.555084493883881,14.10110353462896,20.99403896467033,62.36835314166689,48.87477902008034,83.917838213735,1.38795276378032,16.5,33.0,32.8650780972823,1.9373641224439,1694.46534973787,1.74839023532939,1343944296.0,40.082485713276,26.6189999399789,3.23797495083078,-0.7362183,533.1175,1.01541303992187
IND,India,2017,1.784,2425.722,0.232949443826425,0.0092598770247153,0.123773516992359,0.0151803691455582,0.0859691157162608,0.594368518702463,14.3494268669433,21.76842642104085,62.78528012865973,46.33030993022837,85.9703537817688,1.31327377028949,18.20000076,32.5,33.1821328157539,1.50731583255894,1788.69770318481,1.98393401607656,1359657400.0,40.7424969545225,26.5000166464804,3.96925793347947,-0.572111399999999,535.7919,1.06150084140778
IND,India,2018,1.888,2595.227,0.23272944087868,0.0093162772996644,0.119367404931983,0.0148344828539857,0.0912027831635878,0.610913179303022,14.28004310377412,21.38678122525114,60.50079676311809,46.38690824707521,85.5500756367908,1.3217822859385,20.0813000379384,32.9,33.4984353473598,1.55821483801456,1883.35772705055,2.25531632110711,1374659064.0,43.6169693323889,26.4120919013735,3.88424027199079,-0.6785888,539.9492,1.07836356843092
IND,India,2019,1.88,2611.175,0.239956459586164,0.0083312231393832,0.119219167538839,0.0151543103582128,0.0941817621163876,0.606430065225706,14.40204117513965,20.67220448539766,64.15148258843321,49.23297342613926,82.898144918237,1.37913181839908,29.52350044,33.5,33.8139578818147,1.78482633957161,1936.03067741063,2.01224538396897,1389030312.0,39.9054035306442,24.5914753075066,2.40551716106347,-0.590466199999999,541.6916,1.08327298796469
IND,India,2020,1.727,2422.732,0.22602978755281,0.0089737973656126,0.113270035106379,0.0129977765855292,0.0945283280894551,0.529303673145647,14.54690227247736,21.20303229293632,70.65942035347862,52.98055124382369,82.2540479927426,1.63622632751685,43.40544313,36.1,34.1286726088333,2.40620322673636,1806.50110583865,1.78466920695081,1402617695.0,37.7581053292768,25.1229058078344,4.81485791893965,-0.720631199999999,550.9323,0.985103397845434
IND,India,2021,1.892,2675.778,0.219013664045928,0.0099682144749337,0.111668975628199,0.0131508512020636,0.097844827482597,0.589043891345146,14.39315725718604,21.16854094645052,66.52905023434785,46.94606058294558,81.603974311212,1.9487996093033,49.2580986,34.9,34.4425517181304,1.41217101040888,1965.30943437472,3.15934537555664,1414203896.0,45.4230887840446,26.466523606501,8.35490771482719,-0.6015988,551.1906,1.04069042417887
IND,India,2022,1.986,2831.132,0.22016127009366,0.0091881980860793,0.113578564340732,0.0139397415681877,0.0983919692283336,0.655107331280355,14.26709129239177,24.56163942322872,64.23608663738491,45.58770447634422,80.1818007717416,2.35231555917724,55.9,35.69967849985085,34.7555673994206,1.53665241748393,2098.21124476122,,1425423212.0,50.6979382758042,25.6040259797277,2.85360507817299,-0.7535037,556.7311,1.11036707459735
IND,India,2023,2.13,3062.756,0.229856990318116,0.0096032395614098,0.114373793234805,0.0147590750865182,0.100654721690977,0.680392329468057,14.4058133124175,24.84765260437983,63.19313075474655,47.13350082462016,80.5631998772888,2.74534696441771,60.25230026,35.13141008968774,35.0676918424186,0.802254995836756,2229.71491223037,,1438069596.0,46.3229520582338,25.5525555206094,3.51112810294656,-0.837974,565.9067,1.14964014935988
IND,India,2024,2.201,3193.478,,,,,,,14.62037401589779,24.4668640479183,65.3543265457211,51.14072515765235,79.3526921826412,3.15046250037677,64.9434967,34.86963010851446,35.3788972368389,0.721648483526777,2366.8328910323,,1450935791.0,45.9166907678748,25.1722625905927,2.46685658180814,-0.785762499999999,572.2699,1.13913071038266
IRL,Ireland,2010,9.167,41.791,,,,,,,28.0950474072662,90.7322747623384,69.10048612687075,129.5265339273557,103.123305579196,22.3721452573765,69.85,5.3,61.8910689348512,17.0242973051905,46991.6464673949,0.108587847065061,4560155.0,190.08027278672,23.3585048483704,-2.9689268813618,1.0812782,15.118,6.361603281145374
IRL,Ireland,2011,8.31,38.054,,,,,,,27.0964263533846,88.61864028688898,63.56788556926981,111.6022609297497,107.134899495633,23.3814204815178,74.8899729670944,7.0,62.0872735820277,9.83474085171317,47539.9181739968,0.0962427963966132,4580084.0,186.304879179038,24.3019357364641,1.86791206145536,0.8737859,15.0554,6.1034012468915755
IRL,Ireland,2012,8.309,38.224,,,,,,,24.47977026677134,84.76535835586775,63.12933169016473,108.0285368638846,108.989828987516,24.1750019347271,76.919992540097,6.9,62.2529318511038,25.5993064499855,47147.1604669421,0.058557220023201,4599533.0,190.355682317985,24.0639568673216,2.43747909951173,0.9454027,15.7257,6.086397089166569
IRL,Ireland,2013,8.061,37.279,,,,,,,22.78469155258249,84.63672605747693,61.94832771994563,100.2178030819955,105.53780299895,25.7144376937159,78.2477,7.7,62.4047157756118,29.8612971089447,47928.0346487005,0.0370891175584479,4623816.0,199.742586224446,23.8396733678378,1.33716015656439,0.8948024,15.9794,6.037766401881962
IRL,Ireland,2014,7.911,36.85,,,,,,,21.72527069823927,98.40591167843976,59.41818254248851,76.50371727774763,105.460883393918,27.0221858517779,83.4917223351728,8.8,62.535401730577,39.3649751606697,52044.6201181887,0.0353958706182933,4657740.0,211.181602002085,24.4288440676474,0.259310565967979,1.1679817,16.1179,6.163486112318214
IRL,Ireland,2015,8.233,38.715,,,,,,,21.705078528866,91.41541168695493,45.82929728777739,49.71894446401315,104.242903808134,27.8462651784045,83.4947916666667,9.5,62.6392123492764,74.8169261487244,64250.1385181257,0.0187707084805869,4701957.0,223.702938290642,38.4401729288171,8.91781250799578,0.951695,16.3963,6.790292759376964
IRL,Ireland,2016,8.492,40.369,,,,,,,21.41000885958949,89.82084562611361,46.85633186824327,45.75135949255266,102.558386941167,28.6147710435862,83.5,8.6,62.7229399123734,26.1253590357369,64205.979777351,0.0652248713159719,4762722.0,239.708527798768,36.5192338386058,0.11646501817107,0.8856802,17.0465,6.874196376112723
IRL,Ireland,2017,8.116,39.04,,,,,,,20.49047166864759,88.46014367436605,44.11617896824882,41.06941437294992,101.842124574945,29.0794615926246,84.1140070623844,10.1,62.9035196521232,20.4170966260237,69748.6221034014,0.112833072357874,4827445.0,233.304083346711,36.2543208523413,1.49398382531361,0.9418026,17.3515,6.986856274047037
IRL,Ireland,2018,7.988,38.922,,,,,,,20.13300138768386,77.59701557861783,42.33902516230373,38.0734383305561,102.030494877842,29.3513301848147,87.0001401148942,10.8,63.0844503476779,20.3601504375203,74029.0550611436,0.126075695067046,4898022.0,222.453716000399,36.848503844665,0.921717914808411,0.9855531,15.5296,7.127468513898124
IRL,Ireland,2019,7.54,37.2,,,,,,,19.54234060178795,72.10972191047335,43.12889255516601,34.50938337801609,104.597515228061,29.6453160652366,87.0000552425146,12.3,63.2737009154127,7.67467578422042,76485.635854651,0.0671703776701016,4976456.0,257.652772910421,35.880910077936,3.39701463997982,0.9409046,15.5657,7.084345133739987
IRL,Ireland,2020,7.035,35.053,,,,,,,18.8243708550064,58.83236748748043,47.3315437224952,30.92154492603465,105.045612677382,30.4353384554187,91.99989097,13.7,63.4713366724915,8.0934578228257,80927.936475395,0.0367626864571587,5039747.0,258.780437026252,37.1803685713508,-2.06419100307969,0.8785787,15.583,7.108077599647457
IRL,Ireland,2021,7.452,37.474,,,,,,,15.66473370684695,43.82221454438805,44.885879207599,25.23746875118261,106.86972424373,31.3616427884193,93.50610352,12.7,63.6774229356985,14.6537815105934,92781.2322150786,0.10098823103923,5110585.0,231.032350863586,38.0466211469982,1.04875097676076,0.7362963,15.916,7.753824515387025
IRL,Ireland,2022,7.177,36.676,,,,,,,13.14712056624077,33.20124287923846,40.62149669057235,24.32755655205246,110.608851322579,31.5362809040128,95.03690338,52.98298816227514,63.8920250215059,-6.48790793588936,97793.5366671697,,5212836.0,237.755419559378,40.756447602572,8.00407718550366,0.8053599,15.7284,7.803393792167199
IRL,Ireland,2023,6.46,33.568,,,,,,,,30.5007710110994,42.50654963604418,24.62898468875502,110.798344311602,31.8907830651788,96.8660965,52.72790966955765,64.1152082461268,-24.6702589530642,93541.9643678381,,5311538.0,239.649627585111,34.0037014019007,3.39258154333999,0.876648,15.5842,7.388408125924759
IRL,Ireland,2024,6.339,33.311,,,,,,,,30.14657488354431,42.82267679456513,23.59629126956157,112.638817343502,32.3023693358176,97.18769836,53.171306748355164,64.3470379255585,0.791076186083952,94474.9879707069,,5395790.0,246.169874857401,33.6325795420542,4.53690860398667,0.7099699,15.5829,7.388182701226121
IRN,Iran,2010,7.253,561.496,,,,,,,24.88095541789005,28.90658501218622,35.22840470447298,28.39293495734319,69.8155207353596,1.27555962256262,15.9,0.9,70.6092626774386,0.74916862626536,5249.06133369759,23.0680430493324,77420842.0,43.7706437371399,44.2093794197457,15.8826259725109,-1.52478809999999,24.8972,3.880641004097176
IRN,Iran,2011,7.353,576.366,,,,,,,28.00428393994417,34.31564751595179,34.54669953596288,27.93209976798144,71.4983841389879,2.70427494282669,19.0,0.9,71.204050944517,0.679834574763516,5321.75870744453,25.3461464486072,78383598.0,41.2194147918578,46.2322885720868,33.4095331560984,-1.35645059999999,24.4911,3.915238995493442
IRN,Iran,2012,7.55,599.278,,,,,,,28.09780150057697,43.72484294297851,36.4465351533004,29.58808076422608,73.2734207057577,4.79231977390111,22.73,0.9,71.7633634041294,0.723850091355471,5058.64637811835,21.1187189284557,79370580.0,44.0893466807452,42.0941632127045,18.9538841448278,-1.2630067,25.0293,3.966928870542817
IRN,Iran,2013,7.586,609.997,,,,,,,27.79672616048089,48.9215246407017,35.63040767563777,25.61187076745376,81.1371930246672,6.41817590383926,29.95,1.0,72.3030873515412,0.609501593960532,4916.97291948475,24.9467390294435,80414686.0,47.0867179194755,42.7788684660118,36.7756318862083,-1.1808701,25.1456,3.9712601373715657
IRN,Iran,2014,7.904,644.228,,,,,,,30.57169698150351,54.10563968748718,44.67499059749042,30.42195623281732,84.5268986808859,7.53995804645147,39.353614505223,0.9,72.8324070385223,0.45545387401938,5093.20319702187,24.8607811408678,81502045.0,45.3514201413161,39.2282280462408,9.75876873256342,-0.726596199999999,18.111,4.081198156778363
IRN,Iran,2015,7.77,641.959,,,,,,,29.65693005247829,63.94726040425681,55.44790145977863,36.28226049641892,89.8322296412795,7.99892645019457,45.3349761533285,0.9,73.3561403575949,0.500987695412685,4952.73355532178,15.2302994765894,82619362.0,39.42258866118,32.1747396532204,0.197001678736953,-0.7896962,19.4391,4.030449004494068
IRN,Iran,2016,7.692,644.68,,,,,,,29.94545991581152,68.74637439722495,61.08380852601296,36.05412546641338,96.0721972454902,9.07810254131414,53.2267716709857,1.0,73.8796100096595,0.70452835935243,5312.61724954192,13.1358103039789,83812228.0,39.8772417738866,34.3222829592861,14.0650205569588,-0.6448832,20.9469,4.0190914000648075
IRN,Iran,2017,8.19,696.407,,,,,,,26.99772001395536,73.21064613286327,65.4339536691782,39.41345155217801,102.375956866471,10.1144035205672,64.0439736249513,1.0,74.4011840820312,0.983654956177998,5395.2398398598,17.4677964309489,85026754.0,43.1556931383906,36.1413931191139,12.7875737214138,-0.699442999999999,19.7272,4.183184887234223
IRN,Iran,2018,7.716,664.523,,,,,,,29.33304045088585,83.63306748712846,61.39481393481346,36.40483725234915,103.024273741245,11.3875742908004,70.2005650008363,1.0,74.8034286499023,0.576106085876311,5127.22495367018,34.2395948033408,86117998.0,56.6153496142829,37.1484284566829,32.9114031837064,-0.9686014,20.3611,4.016505741610727
IRN,Iran,2019,8.354,727.269,,,,,,,,,,,135.622267599115,9.90926903532027,72.4509047672065,1.0,75.2038879394531,0.433347777066285,4952.45669081078,27.8006661533715,87051648.0,48.5917712137038,33.4149250633862,30.9338554764076,-1.2556127,22.0102,4.2153498878972275
IRN,Iran,2020,8.499,745.596,,,,,,,,,,,145.485569917724,10.9026671467968,75.56986637,0.9,75.5986404418945,0.47769170946132,5132.82430762118,23.2391718001181,87723443.0,43.8844674905013,37.2091421301924,46.5767903520112,-1.2213247,22.9604,4.269685296711922
IRN,Iran,2021,8.813,779.525,,,,,,,,,,,153.624638869213,12.068102546673,78.5957366,0.9,75.9926376342773,0.34982143161472,5300.62271961895,30.4480600937139,88455488.0,42.672379536261,39.2258766162135,55.8629923089886,-1.1577773,23.533,4.378148092345731
IRN,Iran,2022,8.57,767.178,,,,,,,,,,,162.712943709127,12.2102486068411,81.71649933,14.294682295613626,76.3342208862305,0.354893288694741,5465.31447539413,,89524246.0,48.9183508223052,41.2187779051327,51.0776555189838,-1.1448403,24.4404,4.279864006097679
IRN,Iran,2023,8.715,789.676,,,,,,,,,,,166.279821209677,12.0205942239083,83.71050262,13.984686517947061,76.6759567260742,0.310885408088419,5687.84396268742,,90608707.0,49.3935500960203,38.7761581460708,37.2937420752896,-1.2694112,23.5079,4.33596917428928
IRN,Iran,2024,8.656,792.631,,,,,,,,,,,174.066388972063,12.0603874696566,85.3404007,14.007033003573675,77.0201263427734,0.304914200880697,5834.44296939863,,91567738.0,52.0621306794348,36.0697233713856,28.3706105011951,-1.58118839999999,23.954,4.322030748079228
IRQ,Iraq,2010,3.672,113.983,,,,,,,5.016071163083821,2.110587319986089,23.60897330144633,5.304874000973396,74.9368134361824,0.010040145766038,2.5,1.7,69.0582953378474,1.00796493975113,3881.94327045302,43.5682899383508,31045366.0,73.4974796202443,55.7934951548678,16.5867407502258,-2.187694,4.6532,1.60880915269329
IRQ,Iraq,2011,3.841,123.526,,,,,,,4.85499501940837,2.068650051747914,21.53881518049414,5.553177026272793,79.346611020706,,5.0,1.1,69.1252233869916,1.12086339764167,4030.01686860986,51.1945404105542,32161424.0,72.1713282233655,62.5480287876873,24.6894374235643,-1.91313499999999,4.8658,1.66503119073809
IRQ,Iraq,2012,3.983,134.04,,,,,,,5.243571441798974,2.063209492454491,18.96537710173844,7.799159299646107,79.5011903487766,,7.099999905,1.3,69.2222213745117,1.55961531280073,4387.90469058707,49.8510176490635,33654842.0,73.6086845912812,60.576988513607,2.66976938276827,-1.97642609999999,5.0098,1.77564633253837
IRQ,Iraq,2013,4.016,141.704,,,,,,,5.113761073591044,1.019879315238663,20.58925060097366,8.280667275385445,91.9732728220056,,9.199999809,1.5,69.444450378418,-0.995279210263068,4504.82687537354,45.579366576846,35281989.0,67.4100184095672,57.69152678908,-0.0113328650677573,-2.1039641,4.6557,1.80158125574326
IRQ,Iraq,2014,3.762,137.513,,,,,,,5.008430474000256,1.534321387159232,21.50819823558826,9.088893816398574,90.2871319578445,,11.6453267304545,1.0,69.6666641235352,-4.45521124532956,4446.97343234862,46.8543961454295,36550059.0,68.9824868569036,55.3075963759279,-4.80663703991596,-2.2538271,4.7129,1.62359167568111
IRQ,Iraq,2015,3.795,142.53,,,,,,,4.68409716416095,1.795049628210393,24.64760957121245,12.12624743458975,89.3464376905175,,15.21440029,0.8,69.920524597168,-4.54159235443502,4440.14189252367,37.5037172137922,37560535.0,69.5917685983115,45.340288824262,-28.7601353853759,-2.2449091,3.5215,1.54547913309674
IRQ,Iraq,2016,3.981,153.132,,,,,,,3.917208858114964,2.303474976366607,24.94786986354791,12.46994523228506,86.9439155206782,,19.87719917,0.9,69.9123778259643,-3.75180911604806,4932.9272911439,33.2189217237902,38469627.0,54.588320188677,46.1825020614016,-11.1041709203303,-2.22917579999999,3.6616,1.63558021499893
IRQ,Iraq,2017,4.257,167.472,,,,,,,3.846444860074181,2.766741039702481,23.92572057554047,11.47606390309722,84.9464629712121,10.910523135606,25.96920013,0.5,69.8944511190753,-2.68799428357231,4736.32710809857,39.2005542312932,39337353.0,59.7809123923157,51.3296814634291,14.6503597888451,-2.1677252,3.811,1.75603018540085
IRQ,Iraq,2018,4.623,186.156,,,,,,,4.249082005890914,3.540901671575762,20.56920687428134,8.093657835065715,90.7159740030354,11.1567326014866,33.92810059,0.5,69.8765148865842,-2.14854834807913,4749.00921836896,46.1477869076682,40265624.0,65.8017917701083,54.1699427538136,18.2039920993937,-2.1719253,3.5972,1.80926036642938
IRQ,Iraq,2019,4.656,191.778,,,,,,,3.814997422492366,4.029591027507562,33.60249576252327,15.03176485517039,90.3685290100393,11.0677657654898,44.3263465511579,0.9,69.8683395385742,-1.31640616709339,4898.14897668582,40.609902398822,41192171.0,68.9899384202806,53.1094032824868,-2.67444003904906,-2.2227253,4.3728,1.9162658005879
IRQ,Iraq,2020,4.086,172.098,,,,,,,3.729160420837684,5.172955449195131,44.39162206003015,22.91383351911572,88.9799284628949,14.8494851377503,53.67779922,1.1,69.8683166503906,-1.58049696252586,4213.99843766061,27.4170131896725,42116605.0,57.742316395146,39.9040972152303,-11.2201963844719,-2.1814743,4.3477,1.78138035969325
IRQ,Iraq,2021,4.484,193.115,,,,,,,3.666031571054214,5.870148711933435,35.75442862523876,17.33403885393272,94.6092832170426,14.8275236561145,65.00219727,1.1,69.8682708740234,-1.25770209772783,4182.50064045825,43.4458576871878,43071211.0,61.5032683117218,54.6088877710074,38.8998331529519,-2.1722684,4.3621,1.8745733734276
IRQ,Iraq,2022,4.939,217.644,,,,,,,3.439283128331215,8.081951790993964,34.56685317901846,14.50275911468853,99.1323661916548,14.4912960130678,78.71560926,27.40276523147189,69.8682861328125,-0.726653366772653,4412.99733146512,,44070551.0,68.75879409409,65.2721245594509,26.9416109492506,-2.2294281,3.9153,2.03091154422124
IRQ,Iraq,2023,5.056,227.91,,,,,,,3.219838890970401,14.18069242123985,41.70036851179309,19.43239363072837,101.388721479182,17.2312565041583,81.80889893,26.957128515951922,69.868278503418,-1.99474822313262,4337.0870532422,,45074049.0,69.4613207990167,53.9604851597879,-15.5347237850155,-2.2246949,4.0318,2.08855581804328
IRQ,Iraq,2024,5.074,233.635,,,,,,,3.32543084021685,,38.5378202551505,20.28300173417004,100.080276677726,17.6333290365333,81.47450256,26.953470538712047,69.8861494108913,-2.73525447039729,4180.29619477317,,46042015.0,77.1389393108395,51.5717701751509,4.36968125765785,-2.0642762,4.3001,2.06190210029827
ISL,Iceland,2010,11.399,3.627,,,,,,,57.65957785235967,81.51871351540505,59.10272951831059,154.4062409049196,107.203653530636,34.3263410003835,93.39,76.0,93.4588348107886,1.84577695426496,49528.4864733411,0.0,318041.0,92.4901528110187,21.8808159157527,6.55205467002804,1.0867054,0.3124,7.06679375440619
ISL,Iceland,2011,10.978,3.503,,,,,,,52.26625698368263,76.0236465217202,55.02911424907363,128.9545394664497,107.817332368231,34.9642943312747,94.8196868008949,77.1,93.41106112427,7.19083904863249,50058.8302665144,0.0003814338588799,319014.0,100.133252648313,22.0771278433327,3.45265873897714,1.2313176,0.3118,6.950658163353868
ISL,Iceland,2012,10.906,3.499,,,,,,,47.18576248260025,73.92436122274039,50.98551879088719,112.0673451612271,109.747195651429,35.3508435642577,96.2097995545657,77.7,93.514892578125,6.85345908435807,50375.4117054195,0.0003591955292899,320716.0,102.433137099998,20.8895082082453,3.50731498685953,1.2316756,0.3094,6.939706731529167
ISL,Iceland,2013,10.772,3.489,,,,,,,43.17403023737938,76.23522456330052,48.6091528764015,101.1314109017205,109.997066860151,36.2681198573568,96.5468,76.8,93.6166725158692,2.90937107233191,51696.0876507326,0.0003660941548138,323764.0,97.6980221861272,20.5255897728386,2.4929901742132,1.2538154,0.2982,6.954503445575982
ISL,Iceland,2014,10.519,3.445,,,,,,,40.31437533835279,78.70901851773641,48.25266462283594,93.8006165949788,112.987310388627,36.5320965338675,98.1580233097118,77.6,93.6196716315805,4.24755010057716,52102.575810195,0.0003471327872405,327386.0,95.2879194201667,20.7117389535413,4.21244297049653,1.2726864,0.3164,6.888211540353545
ISL,Iceland,2015,10.699,3.541,,,,,,,36.36170809123759,73.48095176770929,45.5922313526463,86.96557474364388,116.004435688559,37.5994101863714,98.19999695,78.0,93.727919768566,6.47308431453939,53505.6964079339,0.0002995919855369,330815.0,94.8888027460231,19.9283981400908,6.75163006077506,1.2622879,0.3247,7.0061310681413165
ISL,Iceland,2016,10.411,3.494,,,,,,,35.35186267103789,88.56571911270547,45.36161025765349,84.1862741706395,119.679414972554,38.150452657238,98.23999786,80.9,93.7822647094726,-5.05739639771987,56049.2928672039,0.0002523353870072,335439.0,87.7600165983392,19.670587955545,2.69882350135961,1.2205951,0.3218,7.016172542237932
ISL,Iceland,2017,10.511,3.611,,,,,,,34.38901578636819,88.32547212498778,46.85408980843382,87.48801566966029,116.796155223255,39.1883119718453,98.2552011867973,80.8,93.7718982310092,-27.9324374411863,56657.9800322797,0.0002173865852928,343400.0,86.3585336945067,19.3779709215617,1.57374573541453,1.2503574,0.3168,7.074957557509844
ISL,Iceland,2018,10.388,3.665,,,,,,,31.21996393918772,85.59181124900903,47.47140123977868,91.11015599732563,116.581078859812,39.1065426493677,99.0109539916991,81.4,93.8526667025487,-2.33423231382448,57731.6523639512,0.0001965373961622,352721.0,88.934996973139,20.0111909462277,3.10462412667793,1.2958486,0.3127,7.079899292902901
ISL,Iceland,2019,9.849,3.553,,,,,,,30.0839273199665,77.26099516264124,47.63441017031823,88.047759237203,114.623232603271,38.6029941779872,99.5049411693787,81.7,93.9770847416131,-2.22712995709055,57118.8452777198,0.000108843842062,360563.0,83.7923659518443,19.2362119584581,4.83678918109088,1.556416,0.3072,6.8778851859706425
ISL,Iceland,2020,9.107,3.339,,,,,,,27.86796627640322,72.5238640446156,55.35180241112999,100.8854006840172,114.939418571031,38.6826471438625,99.5327519,82.9,94.1367102874722,-3.98671122506617,52464.3073240589,0.0001087940988939,366463.0,68.6550233460548,20.0383006267798,4.34111989139939,1.3289196,0.2976,6.434845412895907
ISL,Iceland,2021,9.367,3.491,,,,,,,26.39018549001626,69.9339915485431,56.05863410077838,99.99594754550508,117.34255750797,38.4077027940877,99.68701957,82.4,94.2108206403841,1.52832650765088,54285.0209203242,0.0001069677377933,372520.0,76.2317249850944,20.3153423071081,6.14860765111416,1.3382488,0.2913,6.5983681221721735
ISL,Iceland,2022,9.458,3.598,,,,,,,25.33699811095039,68.31367845104347,52.17235971241498,93.87131744755092,120.114839781678,37.4212579793667,97.58339691,24.73595532559453,94.1787071228028,4.73857488658574,57626.2533717585,,382003.0,93.0164295134303,20.8737317050656,8.8329211005173,1.2672872,0.2836,6.879970244213981
ISL,Iceland,2023,9.052,3.508,,,,,,,23.26836804973846,57.0850629486917,52.23249687441514,88.47987740777465,121.475495280706,37.4245919320463,97.94860077,26.24075020786809,94.1518261784801,5.96234250051157,59951.7537739692,,385663.0,87.2388810922276,19.7443213827779,5.48749978861929,1.2058266,0.2848,6.844943250895028
ISL,Iceland,2024,9.667,3.803,,,,,,,20.43656100764267,64.6155973035761,55.4529652515865,89.84038432878496,120.927513243653,37.5242757933482,98.209198,24.84911231900991,94.1819039916522,8.53649263499069,59053.5648370451,,386506.0,86.1815792789281,20.0701397970196,6.05506051944884,1.2056034,0.2793,7.00889134499077
ISR,Israel,2010,9.308,68.287,0.851418625057412,0.246095969192177,0.388801921899497,0.0843360436394862,0.0657496205855205,3.88375729701693,21.76227834117898,122.1055031611758,94.71615068503851,79.26980016604288,124.183304971489,24.0161325167121,67.5,8.6,91.7316426703946,2.91791645550029,33307.1044316197,0.173972024779987,7623600.0,65.717030394986,20.8568652254978,1.18942752190121,-0.756258099999999,1.5074,5.52015947739103
ISR,Israel,2011,9.181,68.595,0.816655872564978,0.26820824283342,0.329964588567316,0.0816500357372612,0.0659546819769612,4.46846477225567,22.07151457131677,123.5861610708605,97.19353588010983,78.98869050577622,123.142439797067,25.1508929901568,68.8738779907441,9.1,91.7304024673781,3.23187455100204,34499.9509262825,0.280630419352341,7765800.0,69.0009721692523,20.1387855782418,1.4455674143889,-0.8097795,1.5702,6.03089819393561
ISR,Israel,2012,9.83,74.781,0.814917039973735,0.222653373339955,0.325841325596642,0.071143648891755,0.0716050573402401,4.75347698333798,22.02436260403961,123.8078786000246,96.27100333928252,76.3299573193649,121.257449610793,25.460778308521,70.8,2.9,91.7276502819515,3.42638899025665,34685.0915981013,0.270058995740021,7910500.0,70.0759039186632,20.4673367409591,3.43266900813816,-0.776944,1.5648,6.25963742848031
ISR,Israel,2013,8.142,63.095,0.769416019067457,0.242188492439791,0.319373981318441,0.0819054908440932,0.0716322722196746,4.18819905880896,21.63282563579687,123.93950342298,92.63158617454908,72.98200024402985,122.590468216873,25.8472324040417,70.250311945,3.3,91.7227831465406,3.9732882944923,35436.2912873273,0.262662457508262,8059500.0,64.2271703557815,20.5754790666646,1.88331817464342,-0.8855141,1.6608,5.67271531469842
ISR,Israel,2014,7.633,60.279,0.791977274288481,0.214103665563844,0.329078124440836,0.0854514886054484,0.0691356262048872,3.14110045599102,20.97626273879788,123.8396497828948,93.97913075263972,72.48474642737685,120.296120931284,26.9843193373229,75.0177531628076,3.7,91.7151980935716,1.92409260277085,36055.08530225,0.240636647906702,8215700.0,61.8390527979395,19.9649384224167,0.773465651393423,-0.592453,1.7425,4.63084663509452
ISR,Israel,2015,7.815,62.936,0.738893031740899,0.205840208475374,0.297059428666821,0.080582026498651,0.065356267403041,4.20916015346405,20.17192533627082,102.0569709717181,95.4867063815032,73.16595811990159,131.256932278377,26.9840410445519,77.3520896572253,3.7,91.7042921554705,3.7432820780929,36138.13561386,0.225690565978892,8380100.0,59.0201557126784,19.9967940857239,2.35883888047258,-0.6113908,1.8279,5.59689111624884
ISR,Israel,2016,7.45,61.164,0.785540183527242,0.269922418584148,0.290810520982331,0.0860352604289444,0.0635026025256356,3.17133624006602,18.95101407496056,111.5533014395269,97.44665685190591,71.94702381682205,128.745353991867,27.5030283172787,79.6531241815281,4.0,91.6894623646632,3.73360294740648,37044.0118623764,0.184759592739644,8546000.0,57.9533051643572,19.1747519313502,0.21600593575144,-0.354649699999999,1.7814,4.66714722611432
ISR,Israel,2017,7.038,58.849,0.81297145369902,0.255642265582772,0.286063014901062,0.0901843205759182,0.0480525032231659,4.04527313055374,17.96257673883101,121.8991961946849,97.13485090674608,71.72408321882268,126.049460421008,28.00833361537,81.5811835871611,3.9,91.6701057535759,4.72701516315835,37911.0217281157,0.175795530138224,8713300.0,56.4519373834561,18.6810595382266,-0.0288593821728256,-0.4501475,1.8502,5.53818668853568
ISR,Israel,2018,7.049,59.986,0.788165592972905,0.236146895954738,0.30198161248174,0.0780071535068953,0.0413683184166634,3.15385228172233,17.42042542529123,128.8735162650482,95.27671166557744,73.02092192307322,125.733440171505,28.6131707306182,83.7331569615326,3.8,91.6456193546346,5.73001193313582,38695.0100079706,0.243287805206997,8882800.0,58.8734013354625,18.8779508643639,0.722196889708471,-0.3446955,1.9581,4.59952185505527
ISR,Israel,2019,6.809,58.95,0.805361237506599,0.275005232689268,0.270474691595515,0.078949325398144,0.0456469509052645,3.20517398725699,16.81108474369473,133.5974138589415,94.07999282904402,72.14723461651035,135.143345507015,28.6567652412239,86.7878776180583,4.5,91.6154002002652,4.34923898223678,39322.038041422,0.189655855195189,9054000.0,56.5281618447823,18.9502208227104,1.90408243415214,-0.4361137,1.9834,4.68061142535178
ISR,Israel,2020,6.737,59.285,0.771733344763536,0.264480151356772,0.265481844202541,0.0781730407285129,0.0574233899632207,2.88110818172228,16.1949497994254,133.7063499734683,110.8786841805636,76.32188291836364,139.425860895034,29.5678161933081,90.12734091,5.6,91.5788453228939,5.10300458684,37938.3809354755,0.272440677318125,9215100.0,51.1403984551453,19.4824194045547,1.22885977110781,-0.567841399999999,1.9456,4.31839995273686
ISR,Israel,2021,6.592,58.95,0.773491386736189,0.307864667772484,0.261026150210858,0.0891787386149862,0.0569136728399823,3.08090360577081,15.23837392777899,131.7697290664504,115.2817242233575,78.00777533551916,139.775312861878,29.7078785417387,90.29689758,6.2,91.5353517549466,3.86941902029446,40788.2391785198,0.441424749575518,9371400.0,54.8184036562688,18.9071512661919,2.28740044336007,-0.699899199999999,2.0593,4.56937822194531
ISR,Israel,2022,6.84,62.267,0.778117804221736,0.321144184339638,0.256204055491382,0.0983243945423167,0.0658333595340058,3.07051652708567,14.43441233464011,128.2575794794829,110.8686066519611,80.13083112107603,151.1379631075,29.1676695245416,91.85079615,20.3674682105245,91.4979834273327,4.35745092445992,42539.2748766689,,9557500.0,60.6358428266501,19.2164026469324,4.85619044785726,-0.904996799999999,2.0836,4.59014032521475
ISR,Israel,2023,5.983,55.382,0.59877758358291,0.229723423552188,0.251621517194598,0.079626189209996,0.0555087375941251,2.7398177525196,13.9846662412822,132.9034229048635,108.2562409063589,79.83265304601376,153.336641345572,29.4357235504327,87.03842615,23.999205941836728,91.5089569794505,3.14968991459396,42131.7415675806,,9849000.0,57.977782328645,18.1095322410277,4.55842305298835,-1.0423159,2.029,3.95507520365342
ISR,Israel,2024,5.607,52.637,,,,,,,13.70396758095774,129.3131172036304,109.7625767972802,81.71075554568522,177.393104798636,29.1837101461688,88.18242225,24.272246043423365,91.536188843818,2.7251194069041,41882.0474698252,,10002200.0,54.3822563777332,17.2250963788776,5.55250612227391,-1.03750149999999,2.0301,4.03643508204755
ITA,Italy,2010,7.241,435.672,0.821264762458518,0.421274437427274,0.550430483694779,0.142159723612986,0.117079081233026,3.07337759967745,57.88446458445426,99.05854805709588,51.763410847347,81.65826505738147,155.684057564253,21.7704634480966,53.68,12.8,68.2163741829857,0.462974196548407,31928.5543621096,0.107793453561972,59819407.0,51.6621118138339,21.369080166955,0.597839702916559,0.5591006,23.0391,5.12558608810403
ITA,Italy,2011,7.022,423.897,0.776036765431476,0.424032990500226,0.507971658152825,0.13311158911059,0.124879495722162,3.00487544523413,57.34132460765198,100.4495091804238,50.09328076787087,78.79214076345421,159.092737727414,22.393878996579,54.3899983018814,11.9,68.4015073889511,1.49396922230512,32039.5032494316,0.156005817179348,60026841.0,54.4722149449288,21.2407342221272,1.72878370885738,0.4456142,22.3271,4.9709079441514
ITA,Italy,2012,6.665,403.444,0.758073478190278,0.37442741572657,0.463047159353125,0.124888385500497,0.116994019138623,2.63877865686939,55.8364059160133,98.20278342735767,54.60166244207388,81.3786400751057,160.558717223582,22.7375144996784,55.829997993283,14.4,68.7608794235259,0.0016635941816029,30953.4147447427,0.169645844218462,60191247.0,54.8844952702204,20.7948320119101,1.70237982317502,0.4718772,22.5139,4.47620911477848
ITA,Italy,2013,6.091,369.461,0.709018585481835,0.369635535959883,0.463134670523597,0.12651394182574,0.120097746680437,2.49967747817413,53.21702081760328,92.30588470961678,55.36625172242364,78.52845499370244,159.698153133449,23.1031860985354,58.4593,16.3,69.3073989916076,0.907076904789878,30330.0221599668,0.155477399468545,60311613.0,54.0341846317499,20.6001539419293,1.12578403623358,0.3827968,22.1614,4.28807795864562
ITA,Italy,2014,5.759,349.389,0.76708797589618,0.365191040167994,0.465507350763307,0.134119659431546,0.120917975143599,2.37256081507603,51.19677955096123,93.15536071759524,56.72987462328914,77.25222664392648,148.21699121216,23.7083714537202,55.6384602242293,17.1,69.5807638614879,0.783743281747353,30325.0287793923,0.138451592682719,60320707.0,54.4545299332032,20.1870844682284,0.902550708834269,0.4893962,21.7309,4.22538481647865
ITA,Italy,2015,5.964,361.244,0.740245705772788,0.355802027401416,0.457084293663364,0.138093660297084,0.123046610554783,2.4184606099368,50.22894517137179,97.04272227106712,58.97576953461778,76.64671810725567,144.763979440074,24.5977602494059,58.1417349568747,16.6,69.6100006103516,0.720886367724088,30639.8829751432,0.0819093188563771,60229605.0,55.4356858148221,20.2895283210976,0.782776477740896,0.394629,21.7541,4.23273290762624
ITA,Italy,2016,5.922,358.133,0.746189590830714,0.353405233950137,0.460931617851703,0.143337288592358,0.123334072251862,2.34618270678795,48.00575322406539,94.83960186186968,60.92074638561849,74.10303274880694,142.127307324616,25.7337403103573,61.3242527666303,16.1,69.5969232525286,1.35957350873308,31077.6792675211,0.0473051811205066,60115223.0,54.4321467018313,20.6626457226581,1.24817184167345,0.3518422,22.1116,4.17338051026473
ITA,Italy,2017,5.84,352.666,0.718765271408763,0.344169989905374,0.457471257244671,0.141931364995778,0.116197601725056,2.41266707094409,44.96728556851095,93.11160761740584,62.21970382242645,69.99725995044982,138.882433107903,27.4652917045411,63.0773469984291,16.4,69.5180784259382,0.44334154868577,31635.52277108,0.0639986448910056,60002252.0,57.5829940274911,20.7926142437946,0.709821715080693,0.2543499,22.1356,4.19120255622373
ITA,Italy,2018,5.791,349.048,0.72058309229131,0.342010561745496,0.500511116021389,0.13888975769348,0.113326229147155,2.43614792033242,41.01841063975157,91.33976845930016,62.59180174423314,65.91117731236893,138.264671531909,28.4648521996575,74.3871829234822,17.1,69.4800033569336,2.10769610409512,31963.6417148824,0.0992013245530201,59877221.0,59.2749835128154,20.9865490224579,1.07058151640653,0.3723628,22.8164,4.25146867723125
ITA,Italy,2019,5.648,339.638,0.724696980625042,0.350841028814086,0.561785870451477,0.139679326771487,0.113527651006229,2.372959151338,39.09333792851854,90.8757931757034,65.16051501384648,62.55390595033003,132.181234381376,29.0544644701951,67.8507102874836,17.3,69.5050010681153,1.77066894209208,32180.4341017428,0.0824926231070219,59729081.0,58.6941902594738,21.0122984359559,1.04700690430435,0.3223326,22.7972,4.26349000900632
ITA,Italy,2020,5.051,302.6,0.755698251475564,0.300688596704836,0.474330515821633,0.128687794784181,0.116833189651653,1.97793338651969,37.63371548602303,90.3151273640728,78.98782823846281,70.08167002292797,129.49000571147,30.2586365187027,70.48342785,18.7,69.5187492370606,-0.893869914296462,29469.7989238626,0.0559705463881882,59438851.0,53.9394839042764,20.9642039077686,1.57740278796771,0.3322841,22.9137,3.75417173495755
ITA,Italy,2021,5.624,335.93,0.705532332105542,0.319074041813923,0.469675383463895,0.139882842582971,0.113070380785208,2.37013828630926,34.3656364381177,88.19378023394178,76.55363046110544,64.16594346724327,130.781488497698,31.2852927413407,74.8623274,17.5,69.4812507629394,1.20474315612308,32267.7091050201,0.112009125283042,59133173.0,60.3019776202798,22.5572771105288,1.28332187292641,0.4392226,22.5396,4.1173732670608
ITA,Italy,2022,5.705,340.115,0.699867055741964,0.329636437764416,0.535342440813941,0.139495373940203,0.106650147214759,2.4483306295772,33.07415317982645,90.32531891800558,70.45581940991114,59.04281727585392,131.673965640047,31.19136706407,85.06074504,28.023234268989313,69.4839779766539,2.94181405797187,33891.8866526216,,59013667.0,72.0165023032697,23.2791441111799,3.45535917134771,0.4124684,22.1422,4.25932208505248
ITA,Italy,2023,5.249,312.291,0.734454004529922,0.335439368806294,0.462022935277692,0.14642199044363,0.112831108716632,2.30326400519735,31.40323693360241,88.40987483236236,56.89735013425505,53.54001213292165,131.871674517747,31.8410876819321,87.0278292,29.505017159827077,69.5381540123301,1.81363348239025,34221.7182928271,,58984216.0,65.1028419441908,23.667517226973,6.26000409007918,0.4737389,21.9723,4.09443341297152
ITA,Italy,2024,5.088,301.93,,,,,,,30.32639754645763,85.71858919466665,56.06453116781872,51.09477730169179,132.575141676252,31.7807732477772,89.2207202,30.312279294892456,69.6047535143071,1.19623307999136,34508.1235191237,,58952704.0,62.5926144915658,22.7249414086413,1.96841034856486,0.3087035,21.9227,3.96816900485683
JAM,Jamaica,2010,2.793,7.677,,,,,,,6.27530354290689,25.54945013897805,32.88519925744721,21.80303266885269,115.769193267185,4.24530155339071,27.67,8.9,53.7535679480806,1.4052035043033,5271.57221477938,1.66861545913939,2748568.0,,17.9863304478474,9.81023516712179,-0.412128599999999,0.4439,1.77809582703013
JAM,Jamaica,2011,2.98,8.226,,,,,,,6.133536410634865,26.79128704165309,32.24961977201635,21.44292389072969,106.698112729098,4.28434186055105,37.438613414848,9.8,53.956586109128,1.19599317121359,5339.62170188798,2.25616145768344,2760494.0,,18.2490235366752,5.79618846935178,-0.120367599999999,0.4494,2.01587679448792
JAM,Jamaica,2012,2.845,7.887,,,,,,,6.044808959857633,27.3225364985565,33.84723675449444,23.39800247312851,97.9262957044903,4.43820042345524,33.79,12.2,54.2478817703732,2.79145695894721,5284.00852557589,1.83117834623622,2772430.0,,17.9938605582722,6.57190361630897,0.0478137,0.4598,1.81456278217657
JAM,Jamaica,2013,3.042,8.467,,,,,,,5.723918250999539,27.95180079238108,34.03905883404465,25.28573503452283,102.24554700295,5.05861470775989,37.1,11.4,54.548819811983,3.81898294324016,5289.88438546111,1.78135528369404,2783687.0,,18.0990659844033,8.41581565821529,0.1274496,0.4586,1.88543819727481
JAM,Jamaica,2014,2.747,7.675,,,,,,,5.181696176426391,30.52490111203911,33.96173429846106,24.6995433564887,107.579098909745,5.42475361959861,40.4027351046672,11.9,54.8660395670395,4.18835617241287,5307.19165380801,1.78235182739347,2793749.0,,18.3652279034414,6.92994588894376,0.0349026,0.4606,1.66275729021328
JAM,Jamaica,2015,2.843,7.966,,,,,,,5.264099401103877,31.16533185255304,35.39550165484007,24.93075459863576,111.942013905986,8.1672514945403,42.2212211907441,12.1,55.1995248014924,6.18152374482186,5339.30718256806,1.26600183802715,2802534.0,,17.2364205205086,12.478319848914,0.0607252,0.4454,1.63423689312389
JAM,Jamaica,2016,2.895,8.134,,,,,,,5.211542505894116,32.5144908553571,37.90491063189426,28.13123411746334,116.279104528073,10.1806638279094,44.3668563671334,11.1,55.549259277615,6.22844979056863,5472.28314023034,1.28914557442918,2809915.0,,17.0837288086486,3.62433342172675,0.0960441,0.4468,1.68784285518588
JAM,Jamaica,2017,2.759,7.768,,,,,,,7.949688522979854,34.03745948057466,47.12433202728196,32.44827704119998,109.782709062265,8.49218897606476,55.0720670507751,11.0,55.9152267548307,5.63139063640052,5586.1365723133,1.52838623760003,2815764.0,,17.3098108220914,5.93805194018499,0.1291365,0.4492,1.97289268051778
JAM,Jamaica,2018,2.858,8.061,,,,,,,8.105738681852927,34.77769445621814,48.20442441513162,35.35995286227507,105.137305560766,10.0973831751177,68.2145170876072,8.9,56.297410990325,4.59566903085149,5717.87621107532,1.72957545790371,2820097.0,,17.881931896287,4.90856937919466,0.169434,0.4491,1.85885962668505
JAM,Jamaica,2019,3.343,9.439,,,,,,,8.128343398707369,36.46527535773693,50.88833092545463,39.92801311389653,107.105304450051,11.2602367962551,70.8410169743356,9.2,56.6957957395074,3.90817004443178,5814.79275311692,0.364234398807819,2823271.0,,16.6720709416832,2.63698828375445,0.179033,0.4481,2.01938430110962
JAM,Jamaica,2020,2.425,6.866,,,,,,,7.738364990213637,40.07049917346257,63.8202623075171,47.20565806170841,101.50208125864,13.6219905826712,76.38400269,11.7,57.1103647563627,1.76731178461616,5317.84145033966,0.32243252555047,2830739.0,,18.0639893861305,2.63100051026382,0.1525241,0.4477,1.6334613437038
JAM,Jamaica,2021,2.577,7.313,,,,,,,7.537080452383503,39.97737994334407,64.39978712516724,45.52668296671054,102.38666630017,14.5717525783368,82.36071561,10.5,57.5411017937226,2.00753132739669,5607.45378253877,0.457652062306756,2837682.0,,18.2161735064365,6.61078657393632,0.1423135,0.4453,1.88587355415736
JAM,Jamaica,2022,2.785,7.908,,,,,,,7.095168102927239,41.16949393056546,58.43755048594208,43.68419051903075,105.762018411183,14.9601781381994,85.84329987,35.834696976057785,57.9879906034775,1.69418617103882,5965.46127464873,,2839144.0,,17.4494491248565,12.6568969893701,0.4525342,0.4347,2.15448283245468
JAM,Jamaica,2023,2.841,8.069,,,,,,,7.010918743887219,38.58182613095699,56.7887679546442,42.79080480422512,115.092228780619,15.7852035329423,89.47304282,36.33583167583441,58.4510149367429,2.29897230060895,6127.90771263434,,2839786.0,,16.7222407974085,11.3334713237078,0.4762874,0.4331,1.95634258858566
JAM,Jamaica,2024,2.959,8.402,,,,,,,6.931865395304788,38.99174284858943,58.04497347408328,43.01991535897722,117.693907561175,15.981614377416,90.10870361,35.9830608425964,58.9301585439922,1.38581611857042,6096.4327030963,,2839175.0,,16.4757266922324,4.86255391750686,0.476823,0.43,1.94658161246952
JOR,Jordan,2010,2.856,20.838,0.411778891336354,0.134180871866879,0.15326523280781,0.0316316657312634,0.0464838543802731,1.02542137207878,16.25109678844926,23.95912688573745,116.8180638463535,74.39916947832857,90.7216800010634,4.0191074658598,27.2,3.0,82.2601083887084,5.59019642688163,5066.49720027725,1.66596420639584,7297043.0,,28.2254980108813,7.15189052811934,-0.407725,0.6048,1.80276188820136
JOR,Jordan,2011,2.862,21.409,0.46319005701574,0.132666067848779,0.177876355767802,0.0271175110602311,0.0442755965172104,1.05907989866677,16.50170832069619,24.81475484908711,116.3239457784626,75.06386510925645,100.02856789936,3.96517630551423,34.9,3.0,83.5505043825064,4.5528280155948,5085.98005025386,3.31767245058233,7480424.0,,29.0139578202987,5.01734838569215,-0.6339348,0.6233,1.90420548687653
JOR,Jordan,2012,3.172,24.069,0.525834953652327,0.170548409072281,0.17934415915668,0.0325478231253396,0.0410670330039393,1.26328222149684,16.72549005279896,25.65657697419647,111.1727500763561,78.86720443943022,118.414414309923,3.95794086483593,37.0,2.9,84.9592629639423,4.4426748997237,5135.0327939589,2.90847924194887,7587127.0,,28.1081114632299,4.27473924097556,-0.5975891,0.615,2.21262459950741
JOR,Jordan,2013,3.011,24.061,0.43400001245254,0.129723892320207,0.164928825293521,0.0295357619887829,0.0358484553471684,1.20349917311523,16.25260310605304,25.74289380864193,112.7964468281237,76.9581382229644,129.056838070079,4.10898208403129,41.4,3.1,86.4627110188335,5.1397527233423,5007.76162067161,1.27909933438596,7991809.0,,27.649231876622,5.78226260942591,-0.6862202,0.6551,1.99753612051744
JOR,Jordan,2014,2.976,26.165,0.480959832394334,0.112080088186448,0.152494834871881,0.0268245915190144,0.0385463994400282,1.16278911331944,15.21113581026573,24.89730734921656,115.6685140145013,73.24028938342616,126.168902295458,4.00130350068417,46.2,3.1,88.0371754329978,5.37423314588782,4703.39944986815,1.19542288638141,8791710.0,,27.7526247466984,3.58595847076866,-0.609596,0.7174,1.97369485973114
JOR,Jordan,2015,2.703,25.799,0.431473164222605,0.142531796273262,0.124133771482435,0.0268332510475624,0.039403660355715,1.07027125518306,14.36771680105196,22.99798964463686,118.9847423731028,76.61481509330108,144.561128974956,3.24499522197016,54.22000122,3.2,89.8881391939133,3.77477904735167,4441.61896013754,1.39974257822882,9544729.0,,27.8075756380239,2.0126394512362,-0.6404285,0.7022,1.83464689856464
JOR,Jordan,2016,2.493,24.949,0.546453891012275,0.137391136853404,0.129742839943979,0.0257733490940678,0.0350851998846528,0.974830682753979,13.96714701352358,25.11341826558225,116.1535688650957,80.47074341602848,98.1219857316846,2.97134814263758,56.15000153,4.7,90.56272794707,3.554614581726,4326.17261571505,1.12573697471708,10006367.0,,27.2809702412381,0.922232751710013,-0.538077799999999,0.8106,1.84927709954236
JOR,Jordan,2017,2.548,26.08,0.417933546729307,0.128655074968724,0.132519995430127,0.0226403450044579,0.0370516587205002,0.945467403549626,13.62767126082799,25.98006534164379,112.3756008394828,83.3525150632997,94.8121235548248,3.24328385947311,64.5,5.3,90.8764609714428,4.45743038303198,4335.92512689541,0.869000683008148,10234226.0,,27.0180054886121,1.67813531749078,-0.444359699999999,0.7655,1.68426802440274
JOR,Jordan,2018,2.43,25.419,0.402453640083416,0.121839650800077,0.127070519691542,0.0219474980719292,0.0354750861226556,0.942912085996328,13.72665981198802,27.78495111103037,109.919943676096,83.91755094936174,83.4592297338656,3.81938742759006,65.2,7.2,91.2008859099729,2.01309678009089,4320.029787425,0.719072817629181,10462306.0,,26.5225865984798,2.27703005774214,-0.322432699999999,0.7579,1.65169848076595
JOR,Jordan,2019,2.302,24.57,0.390017770813585,0.114563474805073,0.123843848666572,0.0225628762485441,0.0404984804589148,0.822865708514646,13.56738143077728,24.6347691817633,111.7347962505467,83.83037198936358,72.8902684631993,4.28692534434619,70.08470154,8.5,91.515966492507,1.50023479065386,4313.80791426608,0.0428576620025569,10671891.0,,26.6766263222712,0.670284452265065,-0.2846298,0.758,1.51435215950734
JOR,Jordan,2020,1.898,20.622,0.358617580554752,0.110862085178644,0.126272306919726,0.024712694525917,0.0406628941547314,0.648634417217707,13.22475240591137,28.69702750049576,118.5701936909048,91.0163256806029,64.3142601333354,5.80332966781737,78.4178009,10.7,91.8216722992319,1.58617483665323,4188.21240095719,0.0516759121146319,10865228.0,,25.9968690119366,-0.307587493593047,-0.3260056,0.7536,1.30976197855148
JOR,Jordan,2021,1.915,21.19,0.357595292991998,0.113299310907134,0.127976821463094,0.022511597854512,0.0396983570140487,0.698167159689093,12.92466098828079,29.33777752769012,120.2364205433243,90.14537161882603,65.7448847660422,6.45876564968631,85.999997,11.5,92.117972910453,1.22641995478769,4266.3790298994,0.0776640966166585,11066356.0,,25.9424024132434,1.95608358662869,-0.390988399999999,0.7761,1.35924853991988
JOR,Jordan,2022,1.992,22.428,0.331913711919268,0.0803261654064188,0.133135502944533,0.023393137979084,0.0355230699063395,0.74832364260952,12.54106972195979,29.27987795792276,121.8932657015376,93.1973247961797,67.7457074341635,7.0736531298176,90.4999984,27.23957045056261,92.4048379066163,1.79856207883079,4309.61432856804,,11256263.0,,27.2393929604017,2.72815241329238,-0.311462199999999,0.7574,1.35261523076516
JOR,Jordan,2023,2.021,23.119,0.344074421789791,0.100008010366182,0.118760565902077,0.019979809761946,0.0420176988082695,0.765664932777855,12.08819731802179,30.20142673777052,120.5971854407791,91.00477988753012,67.545678186078,7.03749462484875,92.53443944,26.974496789450114,92.682236868336,3.57486440635924,4373.38088482368,,11439213.0,,26.790780203604,1.68866056665853,-0.3007473,0.7564,1.39050543940612
JOR,Jordan,2024,2.01,23.219,,,,,,,11.81054684330051,30.36284347030322,123.2797044993522,90.82864573818668,69.6426153972396,7.01801006087142,95.62244985,26.98472420433231,92.9501393764286,2.78862682935517,4441.03974922351,,11552876.0,,26.8665066748688,1.84224442720932,-0.3501687,0.7562,1.37254204717429
JPN,Japan,2010,9.448,1211.09,0.41693480214196,0.113373562617078,0.347324620536812,0.370209273226952,0.104921660983429,3.40110559117195,33.82460842249425,130.9521693519466,121.0484192252655,86.88528449118608,96.1788512760143,26.6035065260031,78.21,4.7,90.6228586840649,0.128037155210339,33311.2872381879,0.0200968819164694,128070000.0,28.2400150860666,28.8406153923357,-1.89954665192971,0.9967916,42.006,4.75386951067818
JPN,Japan,2011,9.846,1261.181,0.411705220359747,0.114881196284622,0.376122839293109,0.358614219430315,0.105897681090526,3.36708664366062,33.89428724554092,128.5547073553526,126.5598081411361,88.98090055462971,103.641547955059,27.8666731326287,79.0541135244739,4.8,90.8631654434251,-0.0135476953217396,33306.1802259719,0.0216769702777793,127833000.0,29.9713853558472,27.2220248951395,-1.56653332931775,0.9897212,39.9703,4.73430780011894
JPN,Japan,2012,10.178,1302.113,0.417166744799457,0.11145384160498,0.37275600771387,0.339128595002355,0.107984726631999,3.58992490562171,33.93179186308193,127.8426653794393,128.8611050390969,89.846517685413,110.319058838317,28.2442659182057,79.4964,4.7,91.0265277326652,0.008635611369413,33909.4911855243,0.0200901706635674,127629000.0,30.174299547803,27.15018151792,-0.79080486054049,0.9655197,39.7882,4.93841482137437
JPN,Japan,2013,10.271,1311.876,0.414240898485397,0.116536917943301,0.373238261091574,0.3257735648795,0.111842345366053,3.56185436584704,33.88245407556971,128.2114445701099,131.8593687524646,91.85141515461156,115.787169243408,28.9051021054089,88.219428911,5.0,91.1516595654317,0.201969683435447,34636.6924746166,0.0232126866090988,127445000.0,33.5913694460807,27.1266358606582,-0.178007772161564,1.0478848,40.4523,4.90348635361287
JPN,Japan,2014,9.886,1260.272,0.402733369245778,0.116375509599812,0.369737984563742,0.330344069463382,0.114154436691355,3.40634409932631,33.85473293409545,127.3560885407976,132.7909522367582,94.23256364407008,123.822099584501,29.6414897863191,89.1068330166075,5.6,91.2548945132333,0.396173028620197,34996.8796756631,0.0280708839630582,127276000.0,36.7643250218282,28.0999841731293,1.73355678464,1.2105334,39.8246,4.73968946889038
JPN,Japan,2015,9.585,1219.982,0.398254618786125,0.112620093446593,0.356059267682139,0.297815671362014,0.116053195172337,3.15085216517877,34.08340283033746,127.4364425937419,132.9518445357566,94.2685236056416,126.150959704287,30.5419859940146,91.0580283929962,6.2,91.3532644103625,0.115829519336403,35664.6446110613,0.0289687122696025,127141000.0,34.7276305886293,29.3111606151366,2.07231814786138,1.2226375,38.9517,4.43165501162797
JPN,Japan,2016,9.436,1199.933,0.39168396692321,0.113436942540795,0.361484002258139,0.27559432070117,0.113379205490236,3.11519278383162,33.99941089808252,127.4040192879484,135.776114023579,95.0063982852669,131.214861037498,31.3035556297124,93.1827212821617,6.4,91.4541254852142,0.801395644123668,35934.4467886662,0.0251768652546394,127076000.0,30.6562793068554,29.3147155622977,0.585173227788843,1.1198832,38.6827,4.37077122174517
JPN,Japan,2017,9.321,1184.392,0.398238613705724,0.123488968156457,0.366963937220362,0.266817778129707,0.114170965777618,3.24501185039093,33.86786816355777,127.172353473842,141.7304406470755,97.4906748295433,135.985843116605,31.8990791226107,91.7265472366635,6.9,91.5498419685883,0.37319148031924,36547.7357437305,0.0384458694582766,126972000.0,33.6888336792782,29.4414450761698,0.0216801045433073,1.169376,38.5742,4.5146921133808
JPN,Japan,2018,8.971,1138.55,0.408837507565723,0.129989182830928,0.356263457606584,0.250456703529598,0.109349402183349,3.18497081647364,33.8584695786116,126.801874479418,145.4657410729316,99.76224785544296,141.728728918149,32.6965336498031,88.7463508901772,7.3,91.6377318609728,0.490646618599307,36899.3847079435,0.0367554022408906,126811000.0,35.8035749582494,29.4467134085972,-0.119228874726346,1.1378638,38.6666,4.43986707018982
JPN,Japan,2019,8.698,1102.063,0.415284419132479,0.132212582829806,0.368136115410205,0.256778979267594,0.114310493142359,3.07643589248232,33.74158482270281,123.4635262830717,147.226358187302,100.7785293314757,147.209910756974,33.545921250597,92.7303978145525,7.8,91.7164207898107,0.761769170240795,36837.2583653113,0.0932286615908601,126633000.0,34.3582972799989,29.1175822523162,0.782576522359648,1.1161393,38.5527,4.36315848226477
JPN,Japan,2020,8.213,1037.285,0.406368134506137,0.127088013563451,0.308394219761303,0.240785457358322,0.112286653238026,2.74777652426322,33.71891905109001,120.9806411936088,156.3372551010746,109.2591422415542,154.432206765516,34.8370612448992,90.21945812,8.5,91.7809926267889,1.20605775501323,35363.2996951789,0.0969972012044505,126261000.0,30.5192226892273,28.9859809440754,1.22953979029026,1.1325471,38.8558,3.94269900269046
JPN,Japan,2021,8.422,1058.502,0.39442777879615,0.124146916624981,0.332412834942455,0.235319963722968,0.116862921570907,2.96529286214667,33.79707796175946,116.6084679759863,168.3353936575284,108.9853097709632,159.516123485628,35.9391724358064,82.91407928,8.8,91.8741049279527,0.67025659122188,36792.556429474,0.0473044627668744,125681593.0,35.4253927340539,28.4504840570129,-0.0442460376247027,1.1600529,39.1458,4.16846327780413
JPN,Japan,2022,8.237,1029.645,0.400791867382177,0.122098567374735,0.34209447608454,0.224918235270112,0.116529841619904,2.98596623489735,33.75481255656178,113.0691467430428,171.3807462848214,110.5131941499218,168.602943650636,36.8414210393741,84.92343147,16.463044483781786,91.9776532428406,1.08260095152642,37448.3504824849,,125124989.0,44.86063102004,27.0576060274173,0.635554490955357,1.2758787,39.062,4.19239922262881
JPN,Japan,2023,7.935,986.91,0.385885812334046,0.111686097547089,0.316528572041783,0.23191830066359,0.115372250500137,2.85113004707988,33.74288382478083,109.829582665584,167.3619158237071,110.3904546702426,178.432441299977,38.6312383711286,85.00990295,17.757237922460583,92.0826903891473,0.456297698647986,37902.5492204411,,124516650.0,43.5950833802735,27.6517978744645,4.56896444973532,1.2674256,39.0971,4.01252108016653
JPN,Japan,2024,7.772,961.867,,,,,,,33.70662017911495,107.0389430454934,166.5861983753413,112.5603553206704,,,85.54153081,18.218855805946937,92.1901718034531,0.450454817292247,37976.6371788298,,123975371.0,44.8529388577573,26.7781043350478,3.20102026212403,1.1343228,38.9033,3.96100129111871
KAZ,Kazakhstan,2010,14.735,248.093,,,,,,,3.215282844213736,60.52531195605313,28.61611131196203,41.50002476677495,115.239169415109,5.16487386862476,31.6,1.4,54.2054127497102,5.03630628288047,8704.70655484556,21.7441441579602,16836810.0,74.1382658957842,40.6024221199984,19.5422853937296,0.4331905,18.9699,6.5231784520082705
KAZ,Kazakhstan,2011,13.955,238.157,,,,,,,3.281998977215511,63.98320121446585,25.58194770940663,37.00002473882692,147.90107255349,6.99285046374658,50.6,1.4,54.3996086425518,7.14351039762779,9223.3021336315,25.7688205419371,17066002.0,73.1178570509129,37.2660880953566,20.5429582655299,-0.4304921,19.5876,6.291710377146995
KAZ,Kazakhstan,2012,14.172,245.263,,,,,,,3.24820912142518,67.71928992426663,25.09331415283745,37.54933738751922,174.709434924298,9.46082267148947,61.9066274652008,1.3,54.69208192838,6.56164821145973,9531.91477617058,21.9826967680593,17306106.0,73.7237324891671,36.3028533254093,4.78556981066754,-0.3923638,18.6576,6.375399108005222
KAZ,Kazakhstan,2013,14.441,253.533,,,,,,,3.230866204549246,69.62672000909613,25.12513254675647,36.18601444514122,172.955295992334,11.1572510287072,63.30422443,1.2,55.0779764821252,4.23069709209016,9959.72586930534,18.2187488150502,17556502.0,65.4076093299538,33.6988156382046,9.49908144359215,-0.4514259,18.7347,6.481087521075297
KAZ,Kazakhstan,2014,16.79,299.137,,,,,,,3.336984492732502,70.94752711338434,24.89119702414314,34.74386436952691,160.502596360577,12.0563854922617,66.0,1.3,55.5524361787178,3.3006311188168,10226.7100539683,17.2500802611251,17816285.0,64.9720346513507,33.2094258316125,5.77123952478276,0.0295973,19.2694,7.25541088172281
KAZ,Kazakhstan,2015,16.758,303.052,,,,,,,2.91293044472573,69.92562164688066,33.8921682993212,33.40904381880756,145.482493555551,12.7238359694604,70.82993359566,1.7,56.1106048930882,3.56737402233377,10196.1226255982,9.32876500546085,18084169.0,53.0497288072652,30.8547873936113,1.82354987628641,0.0342151,20.4084,7.242661791593834
KAZ,Kazakhstan,2016,16.431,301.739,,,,,,,2.894743343113322,72.45194006153527,33.15012925593689,29.21247953477826,139.051166437953,12.7965104881396,74.5877264735738,2.1,56.7476265001667,12.5466202801438,10151.423313302,11.0336820575133,18363600.0,60.3115965864153,31.9797903606788,13.6384336176426,-0.0865605,21.0828,7.133431221993067
KAZ,Kazakhstan,2017,17.034,317.72,,,,,,,2.738165442656702,72.75268072023204,27.99747274942773,25.30832666438122,143.112796203246,13.8114386119057,76.4267482325439,2.0,57.4586448748837,2.85205738000704,10404.2718646317,14.897596398127,18651931.0,56.825387935971,32.3252253010728,11.211105653729,-0.0563947,22.0516,7.340111104753632
KAZ,Kazakhstan,2018,17.408,329.572,,,,,,,14.74975388017576,81.73945598485732,25.17492427474706,22.3078891242406,137.674831523214,13.0002402717791,78.9039190578816,1.9,58.2388038921695,0.196995426846668,10670.2120148279,20.7829646926253,18932727.0,63.5279565118188,33.4962004017876,9.20560599766662,-0.1086366,23.1242,7.472943977351209
KAZ,Kazakhstan,2019,15.411,296.04,,,,,,,14.23421673967356,82.97793014394966,23.77799656843111,20.68119853288443,133.879728083238,13.0799490149564,81.8776204746284,1.9,59.0832474269546,2.05367649290766,10989.6840718388,17.9259738525419,19209555.0,64.8586165517565,33.028795913527,7.63328623733945,-0.221063999999999,23.9794,6.837403902962581
KAZ,Kazakhstan,2020,14.464,281.789,,,,,,,13.56653661112266,92.29015392109524,27.55751542275179,21.44196179868449,124.698460644703,13.4502836627046,85.94259898,1.8,59.9871193541692,4.21199990309163,10565.0359816235,12.8406951964892,19482117.0,57.0264423660931,33.0977971542858,4.21085829258907,-0.2842993,25.2396,6.511348794424531
KAZ,Kazakhstan,2021,12.404,244.904,,,,,,,12.63398379316294,89.3716090610156,28.415337535616,22.44934192824822,123.943942754522,13.946795830528,90.9239507,2.0,61.030254280267,2.31675874599247,10873.3915275276,26.8423173327291,19743603.0,58.6686085779207,35.2669295966944,13.9300750551614,-0.2325504,26.3572,5.854497709461771
KAZ,Kazakhstan,2022,13.694,274.346,,,,,,,12.18521815299612,87.88535397775027,26.78190073380687,22.32097686787281,125.641583521795,14.4739535470844,92.29685266,13.080097350717786,61.444157327248,2.25355434978679,11058.3482413407,,20034609.0,68.3343147415612,34.9793974237581,19.7690064802492,-0.5795614,27.4674,6.260432708951379
KAZ,Kazakhstan,2023,14.076,286.175,,,,,,,,,25.61864413006005,23.67822171161973,127.114775212168,14.3457210056574,92.87846096,12.43000858697345,61.7560919499181,2.18589516942702,11453.3952725363,,20330104.0,62.3342837675021,32.4284843310401,9.52224688275005,-0.2021045,22.0829,6.402426351086277
KAZ,Kazakhstan,2024,13.937,287.006,,,,,,,,,27.91946042536834,25.35766666084819,127.085151242164,15.3162031103353,93.39167254,12.700359222170917,62.072531584162,0.71809281452939,11872.7842626298,,20592571.0,57.1613431963924,32.112807813811,8.9933163485769,-0.2827558,22.3279,6.37445830725156
KEN,Kenya,2010,0.285,11.857,0.200305689901628,0.250214676213993,0.286492260620119,0.0581753937014099,0.0886762487116648,0.197836175870522,4.716247361289451,8.916521909996602,26.38042285036215,21.9052544445456,60.0234402305252,0.016505376254908,7.2,74.0,31.8713287706458,0.392164287395035,1340.16467408856,2.67307931109746,41598567.0,50.3942873502834,18.5746727706851,1.63919964802533,-1.3827355,41.2284,1.08170044501934
KEN,Kenya,2011,0.286,12.218,0.226060731097382,0.243882058508075,0.27968938716795,0.100235070348772,0.0852813511403182,0.206505759160246,4.985893971615959,9.1160001719844,27.83966500628807,24.86333880000326,65.6730161546273,0.126627569687319,8.800000191,74.7,31.8673949025409,3.09471103381268,1370.58000874482,2.9431872828815,42758461.0,58.4022059745625,19.6629008334867,10.0650129672316,-1.4963456,41.0958,1.14165435742274
KEN,Kenya,2012,0.256,11.246,0.240612019511451,0.23657603346458,0.263659205165915,0.0919726285922542,0.0926851869010193,0.203132050102536,5.272370245965895,9.54639814117475,28.43351369983101,24.35794830842711,70.0226527327794,0.123832539161972,10.5,76.2,31.8558130142761,2.44725940988928,1396.30178709756,2.90888320855534,43888303.0,51.6236920232481,19.26155255789,9.52297221154848,-1.4931583,40.2654,1.12863712373775
KEN,Kenya,2013,0.27,12.163,0.23547912246155,0.22975288703247,0.257311483490072,0.0790104021737611,0.0966666840846605,0.213403820157224,5.385984959374507,9.671440140046498,28.8099657083437,29.45842951932585,70.7541086893706,0.164812822501609,13.0,74.3,31.8324454433988,1.81417037253291,1413.94142522583,2.66940200706872,44986791.0,47.4646425127304,19.0802591143975,7.3375622336044,-1.1667366,38.7502,1.11162439939974
KEN,Kenya,2014,0.287,13.214,0.252913966957018,0.225331340857839,0.256876134071934,0.072661773462792,0.0995940285764052,0.238136550422375,5.606353968438415,9.85827921906432,38.17889720162762,32.70126500541033,73.0327455558393,0.221085377569084,16.5,71.8,31.7931545274563,1.20220842439576,1450.59338202277,2.64310943602707,46051440.0,46.170489362216,19.0360328023672,7.63503190149002,-1.26316649999999,38.5628,1.14551379434836
KEN,Kenya,2015,0.323,15.212,0.272647897321713,0.220452543539944,0.250373529067515,0.0708912780540754,0.108531703765612,0.25730020121349,5.73377573965524,9.951725709056795,36.10989835912842,33.80821771594775,80.0958263165851,0.286921276745847,16.5878548475992,69.2,31.7338026039958,0.883799936312692,1489.11959777284,2.70967011611946,47088526.0,40.3273846919019,18.8940456983605,9.23865468396285,-1.2308131,38.9977,1.18019715296235
KEN,Kenya,2016,0.338,16.289,0.242255105643714,0.214814344841838,0.245926245185149,0.0342132627759091,0.0971999121758397,0.256787719282048,5.527463143792265,9.435052769866488,33.97701310101447,32.46697835096346,80.9772361004341,0.275660288360412,16.6,68.3,31.6502520105647,0.627591266355583,1517.97796057742,2.65839831359762,48139687.0,34.8650195731824,18.1621592865164,5.84962894648808,-1.17914689999999,42.4456,1.0911965899045
KEN,Kenya,2017,0.329,16.181,0.272043162246446,0.209871189102075,0.242374549655921,0.0277621084563144,0.102341758663569,0.280689589757441,5.375604884770808,9.734669102229187,35.674685403581,30.29752306127616,87.026530838819,0.586008315906052,17.82710075,68.1,31.5383650847102,1.64083690398642,1542.33773973372,2.31435620783369,49197766.0,35.9950578754074,17.5035092078691,7.58193402820181,-1.1322093,39.2062,1.13508235788177
KEN,Kenya,2018,0.339,17.003,0.271186167925236,0.204501319930133,0.238379460573268,0.0306176390133559,0.108468379819853,0.27199532059435,5.177802666314166,9.475914052757126,34.89697301657538,33.49913889268189,98.5944679106884,0.739931101786048,19.5,68.7,31.3940041639796,0.832686217791619,1596.69045914945,1.36132463517161,50207107.0,34.4147531767425,17.313146131064,4.21502841459056,-1.1196296,41.6681,1.1251482878562
KEN,Kenya,2019,0.355,18.159,0.25917131569817,0.202458014583219,0.233580332971413,0.0234552574895908,0.108134290987241,0.271800191953808,4.97258291221738,7.98666321433216,35.1495934741557,26.2842446518906,106.547822056778,0.959288829892146,22.6687733618171,68.1,31.1895566421135,0.468168547481475,1645.70961777862,1.22718421158535,51202827.0,31.759461841481,16.9305452274709,4.2752342393575,-1.07516719999999,48.2539,1.09859940368344
KEN,Kenya,2020,0.383,19.99,0.277290523166817,0.199039011170301,0.216115156751099,0.0188293494028163,0.116062973741423,0.245120898173853,4.860556592712609,7.60782771033278,37.43963672506361,27.19800068862598,117.602526394779,1.29112489733773,24.7227993,69.0,31.2063494632616,-0.0053684543935162,1609.33414078281,1.26881196888613,52217334.0,30.3991387830411,17.4002876322786,4.94885283291357,-1.0502651,57.5322,1.07245791240631
KEN,Kenya,2021,0.387,20.59,0.231225588962436,0.195413770249343,0.216211875519042,0.0159973909921725,0.0981573242265,0.265706900698866,4.590864767527863,7.02420697408135,37.92619879075418,27.06618293729904,122.297519656734,1.48254108303764,26.96290016,67.7,31.2879334021971,0.382593996518954,1698.89578271444,1.22792857770901,53219166.0,35.0020477795269,17.1524357767952,4.3307475585662,-1.11021939999999,50.2455,1.02271285064836
KEN,Kenya,2022,0.379,20.544,0.237614642902193,0.188802595744075,0.213086830490961,0.0191924919246675,0.0993696402264507,0.257282724655792,4.506237776011528,6.848648033423069,37.05551183889569,26.91139018113523,121.168999135357,1.47646942688922,29.40589905,51.700911914551014,31.4307820066946,0.691645983068062,1747.53198804428,,54252461.0,40.2753238373561,17.5274480968435,6.95705445631218,-0.962236,52.0852,1.01534892594414
KEN,Kenya,2023,0.383,21.186,0.271059245132198,0.181458253314903,0.210125765689689,0.0123672672055679,0.106048249421846,0.245486095099687,4.477680582257939,6.592301347556527,37.03090350295738,25.16230105557653,120.612416887959,2.38882511128724,32.07040024,51.594107304521444,31.6330340816429,0.472521238226254,1811.21651838425,,55339003.0,40.9337677377556,17.1222148239844,5.41580564449526,-0.971652,48.6276,1.02654487586389
KEN,Kenya,2024,0.376,21.225,,,,,,,4.519533474172956,6.421609014513902,34.73648011224543,22.14818902871388,126.477706000949,3.04382666975517,34.97622513,51.5982754888805,31.8937831721599,0.384924569449646,1858.87650030024,,56432944.0,40.0062529666939,16.3272229835646,3.16564640311221,-1.3556816,50.0244,1.00478885207067
KGZ,Kyrgyzstan,2010,1.157,6.356,,,,,,,6.110486512740102,7.343073920889393,15.45816068753678,11.97174542915007,96.0616640090492,0.419774276411519,16.29999924,25.6,35.267768240398,9.86092233978431,962.764789828724,9.80889830136341,5467059.0,133.232850492333,26.2652737926744,10.0339035419669,-0.9344437,4.4139,1.7451835562681692
KGZ,Kyrgyzstan,2011,1.362,7.62,,,,,,,7.150794450672602,11.917990751121,13.52334127419542,10.91547625416493,112.200710157323,0.697823858461874,17.5,26.0,35.2466507961984,11.0646449339785,1005.4831781815,10.2034319238732,5546587.0,136.179840420492,27.4490880946162,22.4818422448936,-0.997080699999999,4.5364,1.8127951540581477
KGZ,Kyrgyzstan,2012,1.771,10.087,,,,,,,7.6913052477188,15.58703056846667,16.3143355682828,12.91757834541872,119.333438543784,0.958725846433585,19.79999924,22.4,35.218916221918,3.95036874399421,985.8472865972,3.5809218517523,5652076.0,139.675937840309,22.2571297250342,8.65631680881187,-0.8759479,4.6292,1.9515389280787478
KGZ,Kyrgyzstan,2013,1.679,9.734,,,,,,,7.81693394213257,20.56029570631654,18.95163763674841,15.18783850981917,116.217890810688,2.34937399187793,23.0,24.8,35.1850529225105,8.34375023535304,1069.78404438716,5.71912349278664,5777150.0,134.026785643922,24.843594671242,3.17518813604272,-0.816344899999999,4.7777,1.9205859650651715
KGZ,Kyrgyzstan,2014,1.735,10.236,,,,,,,7.832798174488552,24.65972422126049,20.59792642265669,19.65497961037602,128.230500927468,2.89414662041846,28.29999924,26.6,35.1455493029297,4.59301012553734,1088.58214229508,4.07203515798825,5905848.0,125.126181075833,23.8882289228189,8.41522543621389,-0.7066273,4.9452,1.9360608206974737
KGZ,Kyrgyzstan,2015,1.71,10.265,,,,,,,8.205558464725446,30.00612503668831,23.89784403006206,21.82481525639656,126.284372135274,3.52424456195573,30.24699974,23.5,35.1008937681291,17.1312307587207,1105.65193844261,4.25309870186703,6040036.0,110.961570714633,25.0780623169816,3.42728750288953,-0.7293545,5.0328,1.9343726668375905
KGZ,Kyrgyzstan,2016,1.575,9.622,,,,,,,8.317486812970227,30.98204256980314,22.48002149927403,19.62898943004363,124.639033524314,3.94326755245428,40.52619934,22.2,35.0515747230627,9.08868385870298,1128.3161612818,5.61349048423669,6175338.0,105.823574017406,26.5464240007793,6.05056427055605,-0.5531495,5.1603,1.8937836707736682
KGZ,Kyrgyzstan,2017,1.505,9.364,,,,,,,8.04267668696897,33.03576208920684,22.92224383137974,20.42034368387637,136.137649413599,4.14801893845004,50.80530167,24.7,34.9980805726839,-1.39184288798722,1157.18275758067,8.75574116357044,6306696.0,100.617445813258,27.3080934715766,6.32714586262388,-0.2975366,5.2882,1.8674226210840914
KGZ,Kyrgyzstan,2018,1.762,11.175,,,,,,,7.934487732502276,36.3014279784714,23.37924202870603,22.45965895519662,137.74227608483,3.95179108798669,62.8,23.4,34.9408997219466,1.74369178553725,1175.0712778747,4.67048081477686,6444079.0,98.8755599017608,27.4785136821163,3.44744511589256,-0.323764,5.438,1.9540116551000801
KGZ,Kyrgyzstan,2019,1.393,9.047,,,,,,,7.813203638656219,38.54814014230388,23.08104284894296,22.39069842719252,132.776694304851,4.14366414717506,64.1,28.3,34.8805205758044,4.3096066288398,1201.87701429721,7.24320231053747,6590211.0,94.4302823542939,26.5803149529246,9.81131194747459,-0.206819199999999,5.594,1.8258579462148434
KGZ,Kyrgyzstan,2020,1.253,8.348,,,,,,,7.41933412029952,41.10532575306241,28.2837039459512,25.41082948797274,109.780106660424,4.33664358791982,72.0,30.0,34.8174315392111,-4.85484703138398,1093.32856461422,6.52758010092793,6726596.0,78.9922784304738,26.9042468476068,5.34018553508729,-0.5068231,5.7064,1.7723584849938125
KGZ,Kyrgyzstan,2021,1.516,10.338,,,,,,,7.298769122502759,41.61387768352319,31.0334912639555,23.2205732790891,108.171654806063,4.43257724274204,77.11769867,27.6,34.7521210171204,2.44569276771409,1132.5546781282,11.5065410174076,6851224.0,100.261376861569,23.7483015677374,15.992797923604,-0.3876484,5.7876,1.863900014384304
KGZ,Kyrgyzstan,2022,1.655,11.513,,,,,,,7.288143707660373,43.62199796872382,33.20690485284713,19.98847979357128,106.925973017004,5.60484304582026,84.1937027,40.485130226773876,34.7003053497743,0.451992680624909,1212.17812721768,,6975220.0,133.786718048766,24.1941421977643,19.6572842421774,-0.422477,5.8449,1.8880600282846332
KGZ,Kyrgyzstan,2023,1.576,11.144,,,,,,,7.175517552508366,47.27892031681897,32.34098342929603,19.32788122704071,108.59118718329,6.44652532064676,91.04440308,40.64940208408739,34.706439175362,1.04867105609341,1298.25724482211,,7099750.0,132.373403912336,23.5839337797005,19.8591989518512,-0.509667299999999,5.9069,1.8656392992463715
KGZ,Kyrgyzstan,2024,1.638,11.77,,,,,,,6.648853195571823,51.73830686646505,38.89204520364411,22.36886992218867,107.49229509732,7.79695655822307,92.0286026,40.57632989739379,34.7219977865937,1.40593817941355,1423.58624650541,,7221868.0,130.100743509033,24.7001721894187,6.3962577960575,-0.5045251,5.923,1.8911717645713657
KHM,Cambodia,2010,0.349,5.067,,,,,,,4.061649850437237,5.177828435290218,28.1335693382999,21.77945902183051,56.2093511731757,0.245960098825397,1.26,64.8,21.1232251168762,10.169807189939,1155.85236856699,2.69595952988072,14500726.0,109.998400607758,26.0088985136981,6.26499886932319,-0.3874276,19.7841,1.14489055757461
KHM,Cambodia,2011,0.358,5.271,,,,,,,4.213257089209202,5.940995607805781,30.4410594127691,25.61173936305399,93.4414773928272,0.149430290226227,3.099999905,64.0,22.3824788531276,9.59845134883877,1221.38839852454,3.05094914293833,14722584.0,109.790505166814,26.6606926732023,4.95076723151411,-0.3236001,20.579,1.20421328223834
KHM,Cambodia,2012,0.373,5.572,,,,,,,4.436240480278485,7.090062910445079,34.39119538811222,32.12255916039598,127.835438875055,0.198955041072031,4.94,64.4,23.9411047582349,11.1524912445112,1295.25271477893,2.30628839011523,14945085.0,116.740233418212,27.6110297650086,2.63843608534771,-0.377158799999999,20.3413,1.26289031092725
KHM,Cambodia,2013,0.371,5.626,,,,,,,4.735359062247219,8.410853365182431,35.29789983255548,32.50464362724331,133.580989792625,0.215211287808315,6.0,65.0,25.7644735090271,10.4430587644193,1376.29557595926,1.91421458050803,15170208.0,124.887552768657,28.9581198037895,2.8690452471251,-0.3707293,20.2545,1.25773827813595
KHM,Cambodia,2014,0.435,6.702,,,,,,,5.6680060556862,10.86766085213357,41.14972144959302,40.00804940292241,132.832921082419,0.429382210764698,14.0,63.7,27.8179557823331,8.40902020300656,1464.53115866927,2.54882052672262,15396772.0,124.454908526693,29.9169916479613,3.29936912050763,-0.2628078,20.387,1.3193815988948
KHM,Cambodia,2015,0.524,8.186,,,,,,,6.112007904612808,13.3147741429719,43.34680586447575,46.04085962140837,133.45841400103,0.534485428160887,6.43319107021405,60.6,30.0669222549819,7.54029662001984,1547.32010444393,1.81768657277543,15623251.0,122.109596815379,31.4639051712341,3.06935934141643,-0.1585169,20.3656,1.32573301101119
KHM,Cambodia,2016,0.671,10.644,,,,,,,7.245015697534011,14.49928428867918,51.67142012171061,50.82375241463481,125.627644524442,0.615922622642822,32.3984517141849,58.0,32.4767436038024,9.32318507305764,1645.46671578126,1.84795765204296,15852803.0,122.704555602667,33.0562094608004,1.58007480575829,-0.0778582999999999,20.954,1.41680034317138
KHM,Cambodia,2017,0.752,12.087,,,,,,,7.533615456756182,16.76161117343576,58.59563068115285,54.50193643724204,115.551192369591,0.831393686402579,32.9002785437986,56.3,35.0127905056235,9.49760203098743,1753.93530504662,1.93735308627642,16073372.0,121.155451298689,34.2980809169165,2.07650709154852,-0.153852799999999,21.5549,1.42425140458097
KHM,Cambodia,2018,0.856,13.938,,,,,,,7.861097635371063,19.50916239645741,66.02746940506847,59.39677948854492,119.309943480982,1.02122815035674,65.0,58.1,37.6404336372742,9.69240300027112,1884.28374817086,0.878243793336486,16274522.0,118.43765541305,36.8714237524226,3.81658094506807,-0.1054427,21.9265,1.4169872127559
KHM,Cambodia,2019,1.13,18.626,,,,,,,8.331302780746793,23.35945339585845,69.50154344236996,66.92361961937137,129.957441474291,1.11871609188205,52.305878224498,53.0,39.5830241256026,9.98500044202808,2008.32094006706,0.714485690319546,16481304.0,115.736679072448,39.0455946521572,2.79255741070172,-0.1935314,21.8539,1.68121779077965
KHM,Cambodia,2020,1.255,20.991,,,,,,,11.62431195350553,26.3975979660577,85.08644929063311,86.96026330963683,126.075894769858,1.39770029835926,56.37590027,51.4,39.832658030922,10.410239809326,1908.63427518336,0.939357675669705,16725474.0,122.105396346568,37.4576122779361,-0.824281402832511,-0.2401873,21.8476,1.64198757379642
KHM,Cambodia,2021,1.224,20.775,,,,,,,12.37510421812321,31.59311338216875,94.78123712301915,103.0329405814467,117.234785164989,1.98089406311481,60.76269913,52.4,40.1091858128847,9.4684591111041,1938.76436741728,0.835283715830679,16974305.0,146.179846509715,40.3205085730071,2.64573403501885,-0.1486895,23.2932,1.65412956190998
KHM,Cambodia,2022,1.213,20.865,,,,,,,12.50518367448271,37.81647790331537,94.49551885804637,111.9845286081442,113.391506572248,2.9638308346303,65.49079895,45.072016472786856,40.374616187368,8.94830125779534,2011.27433313262,,17201724.0,145.873632761406,40.8649626222158,3.48890016581984,-0.0739156,22.3042,1.68507649488806
KHM,Cambodia,2023,1.229,21.412,,,,,,,14.19837136714878,46.18371345797845,105.824489924493,118.7878685575381,120.80911943838,3.64181801068419,68.92549896,45.182891856861424,40.6290788072508,9.35096701989758,2085.05748462122,,17423880.0,134.206842395931,40.5173741615592,1.01760752524498,0.1346422,23.624,1.62740955927356
KHM,Cambodia,2024,1.241,21.883,,,,,,,14.08308877021446,47.61117625526632,113.6036450951664,112.6552048349692,116.091961125929,4.14566160137529,68.47530365,45.236551692727474,40.8727033252729,9.48089832015712,2183.55682401667,,17638801.0,143.447009703011,41.7506561774631,2.31446297896073,0.1284232,23.8279,1.59111001557398
KIR,Kiribati,2010,0.539,0.059,,,,,,,,,,,9.74665145716809,0.778260229614366,9.07,50.1,48.4603839564718,-3.99041060819927,1328.78776438805,0.0626677431300746,108704.0,85.6972657116246,11.9775912538253,-0.858180747963971,1.5510465,0.0028,1.519465198537286
KIR,Kiribati,2011,0.497,0.055,,,,,,,5.681011219997159,9.941769634995028,16.47228672837127,11.7461431740001,12.4612506439397,0.768208808191817,10.0,50.5,49.1228169536795,-0.177954446979993,1348.0602369873,0.0736138842102225,110647.0,93.4314038207066,13.2156192725983,1.99868992907571,1.5457577,0.0028,1.5058850208340708
KIR,Kiribati,2012,0.489,0.055,,,,,,,5.571185826903256,9.7495751970807,18.53469966571833,9.034009193429734,16.0307790958641,0.712479070927292,10.74680042,48.7,49.5800786695548,-1.15262125678328,1405.5029344967,0.0589178981070894,112284.0,96.1286959983954,13.4930420468352,-0.542072006291406,1.5451994,0.0029,1.5091398334805033
KIR,Kiribati,2013,0.483,0.055,,,,,,,5.468141242088283,13.67035310522071,22.28018223455376,13.24646012957124,17.5688258753668,0.614908905637836,11.5,46.2,49.9687043258795,0.415473344082877,1493.49148676402,0.0557002717308784,113838.0,96.7814166724492,14.377002462176,-2.97924243453944,1.5434936,0.0029,1.515674928808936
KIR,Kiribati,2014,0.477,0.055,,,,,,,,,,,26.0132147130742,0.433553578551237,12.25,48.0,50.3909308922385,1.31418451065811,1492.8508200481,0.0889050775265575,115326.0,104.187967755713,14.1150891146503,5.00431379686643,1.281381,0.003,1.510300858303343
KIR,Kiribati,2015,0.502,0.059,,,,,,,,,,,35.0982322475709,0.100158370072337,14.89999962,47.5,50.9541970402064,-0.427973964466896,1639.85274740652,0.0732783582600832,116815.0,109.889098401931,14.7267580401502,3.13925995519007,0.9559309,0.003,1.5256696007542512
KIR,Kiribati,2016,0.464,0.055,,,,,,,,,,,43.8900048954236,0.0928442411249346,19.41939926,48.1,51.7710553002321,0.875179449056022,1731.43702001694,0.0826063804854857,118478.0,111.269790749303,14.6506451638455,1.71661841384096,0.951395,0.003,1.5161136533384423
KIR,Kiribati,2017,0.579,0.07,,,,,,,,,,,38.3479526086053,0.0922885055082104,25.30960083,42.5,52.9734697275451,0.351879895773833,1768.87874841933,0.0929519614955758,120275.0,100.49175257732,12.4081786941581,1.02299152323913,0.9519508,0.0031,1.5656429972507668
KIR,Kiribati,2018,0.57,0.07,,,,,,,,,,,43.6895907735657,0.0712624094885489,32.9864006,42.3,54.5004023142497,-0.48933912768022,1802.34850714657,0.0420866204186192,122084.0,83.2436102236422,11.0654952076677,3.99854350151341,0.95586,0.0031,1.5645240731967178
KIR,Kiribati,2019,0.562,0.07,,,,,,,,,,,44.1071327700713,0.0847314014573801,41.79299927,42.2,56.2846727145489,-0.257400772595406,1834.42627824847,0.0427412418710569,123921.0,98.3565819131955,9.56855769230769,-3.51437699680513,1.0992501,0.0031,1.5634809704192774
KIR,Kiribati,2020,0.552,0.07,,,,,,,,,,,43.3476871347116,0.146710124584652,52.95090103,42.2,58.4123714112748,1.18785979525366,1779.62973024917,0.0569939081063946,126099.0,78.4012076801363,9.86383177570093,4.22077922077921,1.1749608,0.0031,1.5578715624015749
KIR,Kiribati,2021,0.542,0.07,,,,,,,,,,,40.9979980837689,0.0864640862459786,67.08760071,42.2,59.6364645301985,0.361313798304443,1895.61362957222,0.043500143330191,128377.0,74.450510015529,10.7722894736842,9.1648478743448,1.1647191,0.0032,1.5595904058536547
KIR,Kiribati,2022,0.534,0.07,,,,,,,,,,,49.1120496056535,0.0689819037472503,84.99849701,41.9,60.5739126559419,1.5744619490777,1960.15475844976,,130469.0,107.219771673316,10.1573424452337,-2.08876893087421,1.2429196,0.0032,1.5603194112175571
KIR,Kiribati,2023,0.523,0.069,,,,,,,,,,,51.2540556855052,0.039990945446314,88.0,33.262741976935274,61.5244676194408,1.75226954200024,1990.14605922104,,132530.0,106.479772480068,11.2569231735681,8.86450664820337,1.2433279,0.0032,1.574311206754319
KIR,Kiribati,2024,0.539,0.072,,,,,,,,,,,53.5244353915461,0.0349395619917037,89.44029999,32.922744752359776,62.4620431275642,2.35252841903892,2052.81298774256,,134518.0,102.110426164684,11.7785492304388,13.1379183921241,1.2381638,0.0033,1.5828344283077511
KNA,Saint Kitts and Nevis,2010,4.69,0.22,,,,,,,66.7631022588183,77.89028596862134,85.08622709587121,82.5637529248217,170.772317807283,31.1659479998292,63.0,1.0,31.3056125693165,15.7969193594166,17688.0690103409,0.0,46846.0,,22.5446364872963,0.628549213284927,1.0581227,0.013,3.662785218347417
KNA,Saint Kitts and Nevis,2011,4.842,0.227,,,,,,,55.16176186667402,85.50073089334472,87.8990221134468,61.99660390323603,164.228127799343,26.8736936398925,63.20000076,0.9,31.2000648379646,10.5862643242429,17958.6813977053,0.0,46886.0,,20.9395556933708,5.65965351498537,0.9304755,0.0128,3.7239757494987473
KNA,Saint Kitts and Nevis,2012,4.75,0.224,,,,,,,57.42254792048344,87.50102540264145,89.00630454780014,62.76794328150591,161.588671783641,27.6401675419386,64.0,1.3,31.2035138804223,13.793834368349,17770.4963640576,0.0,47033.0,,18.6845911299958,-0.643441223095877,0.9299172,0.0066,3.6852530173187077
KNA,Saint Kitts and Nevis,2013,4.746,0.224,,,,,,,56.98778833107191,111.2618724559023,93.30712928038336,56.33414189134843,163.589623743865,28.2563895557586,64.59999847,1.4,31.2131485582887,16.4870548666494,18773.8926898397,0.0,47069.0,,19.7121899986448,0.313904254767678,0.9282114,0.0062,3.726803593150451
KNA,Saint Kitts and Nevis,2014,4.822,0.227,,,,,,,51.17155938594129,105.0363587395637,93.25133278415892,44.52917359610811,138.036484104568,29.7691605258128,65.38179779,1.6,31.2290015317909,16.4538142918271,20187.8061975481,0.0,47089.0,,21.3786128291905,1.20095646597851,0.6712051,0.0051,3.811771027061029
KNA,Saint Kitts and Nevis,2015,4.9,0.231,,,,,,,50.83884087442806,107.0291386830064,131.7435438991637,55.1704147461871,155.051288041285,34.7781765667806,66.17310333,1.6,31.2513929695583,13.4009221512864,20328.8003530109,0.0,47087.0,,22.7382472431805,-0.156232298668698,0.663933,0.0057,3.843165691480898
KNA,Saint Kitts and Nevis,2016,5.057,0.238,,,,,,,47.91949524798339,103.8255730372973,124.3996132111198,52.65351143269984,162.682952734997,30.1178969729156,66.97389984,1.7,31.2806171906169,12.0592980087624,21133.6575914414,0.0,47075.0,,24.5143300679441,1.20132522527356,0.6608669,0.0053,3.928519100792102
KNA,Saint Kitts and Nevis,2017,5.137,0.242,,,,,,,42.4358158285593,103.4373010821133,114.5539582443886,50.43988269794721,163.396386822529,62.2146652497343,67.78440094,1.3,31.3169642505921,4.54372053093376,21191.6047083703,0.0,47050.0,,26.2859866005102,4.75051936491064,0.6612426,0.0053,3.957755687864973
KNA,Saint Kitts and Nevis,2018,5.297,0.249,,,,,,,42.31908590774439,105.797714769361,108.3342452930832,52.44649549354229,152.301735874745,34.8472600408441,68.60479736,1.3,31.3607229995076,3.72038789959679,21635.4972146482,0.0,47008.0,,24.5506901344489,-0.14899986700226,0.6638851,0.0056,4.028789522521045
KNA,Saint Kitts and Nevis,2019,5.538,0.26,,,,,,,42.23641835172377,113.5103743202576,107.8937491218797,52.93021202004456,138.916340092009,43.4039018572159,69.43499756,1.3,31.4121818392285,5.63784923158187,22297.7644995701,0.0,46952.0,,25.3018009434309,-0.0292580452551192,0.6646782,0.0058,4.1355120836560015
KNA,Saint Kitts and Nevis,2020,5.157,0.242,,,,,,,42.17852058839036,118.6270891548479,127.6980801622351,66.40832795622335,133.400896095584,45.9569020695541,70.27529907,1.6,31.4716289738952,0.321150763222841,18918.8263456611,0.0,46870.0,,23.1359387242886,-5.79863650623996,0.9164728,0.0059,3.8662018571535017
KNA,Saint Kitts and Nevis,2021,5.012,0.234,,,,,,,36.87704140764935,118.5333473817301,138.6298403550924,73.99629896431391,121.256121292475,43.0254688535808,74.37159729,1.6,31.5393525093972,2.23512681815828,19031.8211910603,0.0,46763.0,,22.5775143640975,-3.21801999787145,0.9147636,0.01,3.823929005685574
KNA,Saint Kitts and Nevis,2022,5.364,0.251,,,,,,,36.81207436039021,118.3245247298257,127.4061648539923,68.16839380193672,116.923933289088,46.7447387013209,75.76229858,1.5,31.6156404983167,4.1869384420309,21050.758653729,,46709.0,,21.7505830496705,3.45975195657428,0.9177056,0.0151,4.025102936357152
KNA,Saint Kitts and Nevis,2023,5.347,0.25,,,,,,,34.04478198245384,117.8473222469556,115.3514663241834,66.13267447242389,118.893023653706,,76.58950043,42.02574953724548,31.7007809622822,2.82603990513145,21664.0333984701,,46758.0,,21.3250720986857,4.40820443649315,0.918184,0.0102,3.969473603592741
KNA,Saint Kitts and Nevis,2024,5.542,0.26,,,,,,,33.92218772016805,125.251154659082,111.5963679024657,68.8975375634522,,,76.88400269,41.659835394654216,31.795061903951,3.74957950139418,21692.2406392872,,46843.0,,20.8513587091026,5.99094720553852,0.9121334,0.0111,4.034740582713665
KOR,South Korea,2010,12.187,594.339,,,,,,,18.24157580955621,266.2864592575201,63.35018581906169,71.56046256354477,104.09665032935,35.2563205089625,83.7,1.3,81.9685075986486,0.796207328344812,26623.0487122927,0.0746400306743559,49554112.0,88.0278677123124,34.4083287071276,2.71891067295891,0.5807388,21.4315,5.59532575556897
KOR,South Korea,2011,12.69,623.443,,,,,,,18.25902068867376,281.8210165085518,65.42988398880362,73.39571552939898,106.878306781378,36.353305205381,83.7591201534472,1.4,81.9615408086376,0.747683727442323,27393.455357272,0.0914175988735794,49936638.0,101.68061646213,34.8688946576209,1.27525816333896,0.5406915,20.8178,5.692848610452
KOR,South Korea,2012,12.66,627.943,,,,,,,18.32745044800434,288.6825938310032,65.81312857049909,73.09103014400262,108.114681779859,36.8000321131758,84.07,1.6,81.9087898200378,0.711120351080011,27944.0564190045,0.100818097512262,50199853.0,101.51727207905,34.7007966708538,1.29208290653879,0.4992315,21.1253,5.59632829143783
KOR,South Korea,2013,12.674,634.581,,,,,,,18.02701123864947,288.6831358913193,64.27276797220718,73.50768945001715,109.206248930023,37.4217663483917,84.77,1.9,81.8269383502703,0.889863368558993,28732.711152033,0.0723717153476114,50428893.0,94.1675235855873,35.1987111905484,1.07703832086861,0.5061279,20.7423,5.59985212202809
KOR,South Korea,2014,12.453,629.366,,,,,,,17.19992639561475,280.8601681123424,65.94771584087933,76.29630131448275,113.358579550833,37.9883114555998,87.5568264944747,2.9,81.7315682816954,0.595893048504325,29470.6732991655,0.0640735784174601,50746659.0,86.9342577972039,35.0245177739824,1.05128607800876,0.5969209,20.2633,5.47333204297089
KOR,South Korea,2015,12.439,634.177,,,,,,,16.7479911048346,275.8235929187093,66.8510710166041,77.36870223394624,115.595447050042,39.2759563055891,89.8962557995106,2.7,81.639489860678,0.266636382581676,30171.7906545222,0.0367480142308671,51014947.0,75.3881774564907,35.113231110723,3.22846300743112,0.667684,20.6368,5.43158849609874
KOR,South Korea,2016,12.435,637.914,,,,,,,16.21092938425419,271.1150622653821,67.7007997429388,77.69386858291465,119.489512998783,40.0712454963259,92.8430256796075,2.6,81.5559241797057,0.766507046338007,31005.4072876388,0.0331101931364819,51217803.0,69.8997221316919,35.226493712639,2.0624563522338,0.5156398,20.5901,5.50494995336226
KOR,South Korea,2017,12.713,654.537,,,,,,,15.3995066248767,271.9355899519652,67.49744175200321,77.7741151160674,123.642066127533,41.1680978249153,95.0694218761004,2.8,81.471030429984,1.04741749331971,31979.9027302467,0.0386022741681957,51361911.0,73.1921408264016,35.6298842658067,2.01882021582307,0.6254761,20.4581,5.66071356579224
KOR,South Korea,2018,12.977,670.169,,,,,,,15.2351489722182,266.2797560670538,69.50697333189967,79.73596178048292,128.494634504197,41.2189959375994,96.0228595797887,3.2,81.3823523035196,0.66781363782051,32852.8887488942,0.0471215171527114,51585058.0,74.7075162140824,34.9767074768513,0.566582073981039,0.8705137,20.5407,5.73464300604672
KOR,South Korea,2019,12.481,646.102,,,,,,,15.02406364486254,263.3225200656824,74.26853539677143,83.24108814770285,133.079790493891,42.0373507524342,96.157579184239,3.2,81.2901063535619,0.550202642546341,33496.3113815643,0.121453005220381,51764822.0,71.4470632403511,33.6464921028153,-0.624210765169693,0.8544821,20.7129,5.55235879443099
KOR,South Korea,2020,11.524,597.634,,,,,,,14.285571292025,258.1917258884229,82.47974973215499,91.99645017315316,135.973274343048,43.0540600860627,96.50506052,3.6,81.1759595622913,0.502554290313687,33215.9298928108,0.113270922936166,51836239.0,65.544957860621,33.3563261777639,1.58718957511546,0.8679972,20.9987,5.07569201266404
KOR,South Korea,2021,11.882,616.075,,,,,,,13.5740244244837,256.8552327448044,84.11777148790254,92.29441476781494,140.516382791931,44.2526082339633,97.57132698,3.6,81.1616526507785,1.13577953855347,34792.9397214598,0.049812574781783,51769539.0,75.3063047610912,33.152604676808,3.1805178629799,0.9005342,21.7034,5.48993863113809
KOR,South Korea,2022,11.72,606.877,,,,,,,12.89363376941866,252.6339539754512,84.25979809203233,93.2041631280738,148.68360770138,45.4542124182774,97.16855335,9.899845759272502,81.1624941626873,1.39186469730544,35809.0138105144,,51672569.0,90.5851475278549,32.5112580507246,1.80785031900311,0.855673,21.8349,5.41529178557541
KOR,South Korea,2023,11.385,589.178,,,,,,,12.70001381427875,244.4692927697455,83.0028651634061,94.38942217552685,162.11365652794,46.5676352036327,97.41597478,11.227027196630026,81.1645551720421,1.03221435142435,36347.7036392553,,51712619.0,82.2580090716629,32.5234690063974,2.03849717899953,0.932168,21.5088,5.25898245091506
KOR,South Korea,2024,11.286,583.679,,,,,,,12.39360106450143,,82.38204648371494,93.71844573699472,172.520241179065,47.8014965507867,97.89563777,12.173658682049421,81.1682528469686,0.685857996519477,37048.4264001496,,51751065.0,84.6424951192038,33.9025438024037,4.06639736475807,0.6393495,21.0197,5.10847045943491
KWT,Kuwait,2010,30.482,89.721,,,,,,,15.92781039816879,50.82780492712034,57.7453739672482,67.60655519648358,135.190013358828,1.56283337614138,61.40000153,0.0,100.0,1.13036730425536,32568.4981754501,48.8263605663801,2943372.0,97.0280216600064,66.0655582815397,11.1033505813839,0.576776,0.1869,12.681077322737458
KWT,Kuwait,2011,27.819,87.151,,,,,,,16.0167463523816,50.97360407261803,48.98204015384073,54.648059936723,157.499296159938,1.50024865823506,65.7690706867398,0.0,100.0,2.11573865053541,33545.346271839,59.0696960166924,3132814.0,99.1164927646913,72.7249733972566,17.2275371301277,0.326635,0.175,11.857404618377824
KWT,Kuwait,2012,30.327,101.201,,,,,,,14.76337652261738,54.90130644348337,46.59477609795945,51.18816473804549,152.830739955499,1.40844015253107,70.44999695,0.0,100.0,1.65046109668041,33578.3309651964,58.1449073185752,3337109.0,101.011435104032,74.8123207433144,7.48725236096612,0.0971713999999999,0.1728,12.673608481951963
KWT,Kuwait,2013,23.675,83.047,,,,,,,14.61735599072236,53.90150021578872,51.35223780272999,55.37109098197691,182.738430889808,1.33989177095491,75.45999908,0.0,100.0,0.823130244872496,32311.1800008536,56.3426547447197,3507844.0,97.6054913328151,73.0986938777857,0.223022545889435,0.1094954,0.1821,10.457430035925253
KWT,Kuwait,2014,20.458,74.994,,,,,,,14.64142145488905,57.02816184815972,56.19315112887545,63.38554607324187,207.323653501069,1.3094125484278,78.69999695,0.0,100.0,0.298681408941651,31073.1537300624,53.9714223132032,3665876.0,100.037189841844,70.5483167543953,-6.75796239806364,0.0855674,0.2061,9.35875816246975
KWT,Kuwait,2015,24.337,93.317,,,,,,,14.14105906526933,56.96445491386794,76.27932341841367,92.86897395955712,199.89137958103,1.43436327571018,82.0,0.0,100.0,0.248414926379679,29882.2126495698,37.3135995019662,3834574.0,98.6999884455485,55.9358456541559,-25.958330821238,-0.1466244,0.204,10.568023932102262
KWT,Kuwait,2016,25.979,104.019,,,,,,,13.76300675820978,63.43089457313812,79.3083210813231,99.29876148815032,191.294217665413,2.5322361225893,85.59999847,0.0,100.0,0.266918369047007,29454.4426388829,32.3641255908565,4004096.0,96.1576723758617,52.134780154177,-6.83784298382099,-0.0213093,0.2169,11.083084161839924
KWT,Kuwait,2017,24.072,100.01,,,,,,,13.1951809117472,64.38391057402406,73.25747187972883,93.08779424538248,171.826095119125,2.83340373578262,97.9999893344615,0.0,100.0,0.0936402094114043,27048.3706935958,36.7579336114171,4154812.0,97.840046457409,55.6192158978196,16.2308752938419,0.0018547,0.2282,10.360018607829518
KWT,Kuwait,2018,23.697,102.453,,,,,,,12.71883204782281,69.68982168138857,67.11795743949017,85.50081093798892,164.219580620472,2.40138113937059,99.5988495907557,0.0,100.0,-0.0154187787915342,26706.0191660864,45.1522896110691,4323515.0,102.785630655,60.1276537174576,11.2991701077361,0.2360921,0.2314,10.223295548479749
KWT,Kuwait,2019,23.559,104.654,,,,,,,12.04781619124203,76.00921771597272,69.28465869764484,87.09804141646558,164.941648203568,1.90435176851799,99.5426764518489,0.1,100.0,0.366059041832984,26580.2264741607,39.8386703389064,4442316.0,91.6857123895953,57.7186566770031,-0.110446283802503,0.2460837,0.2555,10.172741416458317
KWT,Kuwait,2020,20.477,90.103,,,,,,,11.65204197025437,61.6098140540231,97.68400096454134,114.0549082803522,153.866464370257,1.68058136279176,99.10587017,0.1,100.0,-0.502546857177858,25541.5378987908,29.2848672951013,4400267.0,82.0125101293052,48.4612101735294,-16.4587787703847,0.1554026,0.2478,9.12670047882957
KWT,Kuwait,2021,20.15,87.869,,,,,,,12.19570986492319,63.9055196921975,76.77237353651157,92.17522112827338,158.646854136291,1.61587179429556,99.7,0.1,100.0,-0.183575378772919,26203.2617257856,,4360865.0,82.0003751775886,58.3067931153035,29.4279300898412,0.1542148,0.251,9.048863032145578
KWT,Kuwait,2022,25.242,115.849,,,,,,,11.38171298556356,62.54547965289551,74.19428137265518,83.22969127507247,168.350157565806,1.36328249349441,99.74729919,0.0,100.0,0.409943823254394,26579.8321646876,,4589643.0,90.9188102023425,65.7663289580606,17.6335216930828,0.1041664,0.25,10.71966859531721
KWT,Kuwait,2023,25.454,123.169,,,,,,,10.75800661478186,58.80199850856059,87.68744643322323,94.85619743993064,167.68428501222,1.01366418243269,99.74731125,0.0,100.0,1.277994317906,24722.8143701857,,4853420.0,96.0343509693162,60.2656226708529,-8.04648319014426,0.2906988,0.2555,10.708628833426438
KWT,Kuwait,2024,26.248,129.519,,,,,,,10.23710125242195,58.95072209016639,93.7677932355147,101.6186174405364,,,99.74729919,0.0,100.0,0.381956730773215,24140.3257964584,,4897263.0,93.9909162684119,57.7073494929421,-1.45951565156486,0.2939367,0.2602,10.941617447740953
LAO,Laos,2010,0.474,3.001,,,,,,,2.502835514393411,8.57407017802099,27.88495545381883,20.59568789409845,63.2029110570342,0.0929084268653597,7.0,64.8,30.6468600890172,3.90935018167503,1564.91068311647,14.8104375708519,6334194.0,84.7203378916677,30.4660210858755,9.19657111138675,-0.2200354,7.3324,1.40358698252754
LAO,Laos,2011,0.482,3.097,,,,,,,2.511578618931217,10.67420913045767,31.11541474791336,26.55201883832956,85.2839686365553,0.10185806158476,9.0,63.6,31.2146877128668,3.43702755895922,1666.40086189871,15.2722808030825,6426590.0,91.6986958680216,30.815970194642,10.4687175993929,-0.072408,7.3522,1.4176911095361
LAO,Laos,2012,0.511,3.328,,,,,,,2.66318676928813,12.70316520925931,36.36676973902152,31.32709685873566,65.961259571669,0.116245215124211,10.74769974,62.4,31.7422801040872,6.06067602678934,1774.63585203672,12.1203041098296,6518978.0,98.1851264313662,32.4366446720109,7.52885930495688,-0.0728091,7.9591,1.46684607543178
LAO,Laos,2013,0.635,4.198,,,,,,,2.693787504371649,17.59020216529863,37.5954108024193,37.73859123681682,69.7677113040611,0.136506949754098,12.5,58.6,32.2264033448341,5.68624628337024,1890.27861294875,12.5380892460783,6611385.0,98.1791466159604,30.4277075542967,6.47397208343337,-0.0505462999999999,7.9144,1.71353239181514
LAO,Laos,2014,0.654,4.383,,,,,,,2.835972100336693,19.46917354596222,43.06808578255909,37.72612456771321,68.9014991708403,0.240468243989562,14.26000023,58.2,32.6638235172635,6.53385086120159,2006.31195444447,8.12984913076319,6703172.0,99.0597382933399,28.815000545489,5.72655918174564,0.3772453,8.2667,1.79611423212762
LAO,Laos,2015,1.35,9.185,,,,,,,2.862679467982031,22.63718840835022,46.14844260992617,41.18555870144018,54.7979496136596,0.213918838751508,18.20000076,53.3,33.1240204432199,7.47075777292731,2121.01339097363,5.52476230566431,6801645.0,85.798321703681,27.6933442499915,2.34849600685918,0.4046383,8.4821,1.72048566625201
LAO,Laos,2016,2.375,16.407,,,,,,,2.953510451977645,23.60652514536877,47.17926625942354,46.2142070874836,57.2966195875928,0.353548994456637,21.87000084,51.7,33.8267455533474,5.87774436155716,2234.76098741846,4.35259193269181,6908802.0,75.0918909204124,28.7595046372574,3.02230644256338,0.3452009,8.7499,1.92046576877864
LAO,Laos,2017,2.796,19.625,,,,,,,3.040970103251494,25.36253537503503,48.353332022492,47.57666785884786,52.8887895907566,0.387808918792952,25.51040077,50.6,34.5115346444216,9.87799160512334,2351.57441747595,4.97088233452954,7018147.0,,30.91247539947,1.85209676121123,0.2776591,8.8012,1.70236646229582
LAO,Laos,2018,2.873,20.481,,,,,,,3.125476065890831,25.35568331600178,48.33725587100052,45.30593719121349,51.3792491489602,0.636626171692238,36.27130127,50.2,35.2050070032013,7.4856486219066,2459.97874636195,3.8787583779558,7128045.0,,31.533192488879,1.91988919391754,0.2651475,8.5668,1.96460555434373
LAO,Laos,2019,2.534,18.34,,,,,,,3.125428731701021,26.48496425240151,53.69137860264845,45.76164683903325,64.0668582946144,1.0539352904733,47.03229904,50.5,35.9072880879451,4.03149139231071,2554.95638019245,3.10453941803438,7237636.0,,31.531381987864,1.19742392109292,0.3582008,8.75,1.63279473960484
LAO,Laos,2020,2.49,18.294,,,,,,,3.144585243138137,26.98770626389439,61.14476412316528,46.6621020595014,63.1139885984314,1.67210846259045,54.0,50.6,36.6185033569111,5.09807193491087,2529.74622698761,2.81746694955522,7346533.0,,32.4163678323352,5.03450412544517,0.5456553,9.1073,1.4517168412246
LAO,Laos,2021,2.93,21.837,,,,,,,3.06488159113035,27.64249893656417,70.89857108574756,48.29771381635775,64.7101497693472,2.0226898696049,62.0,51.5,37.338778268357,5.69344695957329,2556.58912640405,5.38276112647354,7453194.0,,34.1299777246213,3.71344836687553,0.583086,9.1031,1.08722629659199
LAO,Laos,2022,2.983,22.549,,,,,,,2.968213686873755,27.46076404501267,82.9575126819355,59.147774193562,63.3546046458219,2.38186047453058,64.54000092,49.2,38.0682382805397,4.69509225789707,2589.05015191628,,7559007.0,,34.1089797342112,15.7739459226011,0.7033051,9.1783,1.09422783238035
LAO,Laos,2023,3.152,24.157,,,,,,,2.818092151613358,28.66939082241323,86.96800263941206,59.26685120590629,64.7588066942788,2.72021122524182,64.39800262,45.07001531977333,38.8070088517156,11.2425630959408,2648.88726608035,,7664993.0,,30.5335808308347,24.4217202066693,0.7378068,9.5865,0.974084475538336
LAO,Laos,2024,3.14,24.4,,,,,,,3.023901544715852,28.30298092157825,84.17912992929062,58.20424340275592,,,65.59269714,44.93663238438735,39.5552154401406,5.98958863567394,2721.07810663122,,7769819.0,,29.0463781785597,14.0488821191484,0.5576599,9.6266,0.949514846720014
LBN,Lebanon,2010,3.967,19.997,,,,,,,26.03846576831264,34.63708955722748,230.7751596093453,78.85923663595266,56.8042135263845,6.56754781714514,43.68000031,5.7,87.6392192810679,11.1327936305686,8955.54336184707,0.0018807991655535,5041288.0,95.0966529416243,13.809376206629,0.578606723263135,-1.43369559999999,0.2665,3.76668666410044
LBN,Lebanon,2011,3.976,20.264,,,,,,,26.62070123496674,35.22859265226138,236.5599601262668,85.71925735171955,67.8303852810625,7.89496509040388,52.0,6.2,87.8270813653079,7.85693989450406,8936.20027462737,0.0019349819850085,5096020.0,102.139882412503,14.506216070168,2.96508062083976,-1.4563703,0.3357,3.57001699450065
LBN,Lebanon,2012,4.265,22.332,,,,,,,26.19349932002604,36.94417768267452,229.2579669957049,85.98060432522041,71.7218113497571,9.09489046633696,61.24980164,5.6,88.0195066808075,7.06847166156729,8920.8056984673,0.001904777259377,5235742.0,88.5455019230591,15.4855197381508,7.48605187549234,-1.5792359,0.3546,3.64820613504313
LBN,Lebanon,2013,3.859,22.164,,,,,,,24.40421252810528,35.53966012738483,229.2671704126104,88.05645404686439,67.6382047262301,8.35736656593718,70.5,5.9,88.2165478464663,5.67636791033718,8443.53856528784,0.0015553293883068,5743436.0,86.1743285920565,16.3437962275105,2.57845109226618,-1.6105378,0.3757,3.3244994887802
LBN,Lebanon,2014,3.78,23.992,,,,,,,22.75573423334555,33.93250416377016,236.6619778560887,93.0805156738342,69.1237106092809,17.8374158459364,73.0,4.2,88.4182574811842,5.95175528625723,7830.4151113336,0.0022937612324339,6346990.0,79.8171565925627,16.2094101272442,0.105278623259466,-1.49478389999999,0.3736,3.29350564018873
LBN,Lebanon,2015,3.975,25.731,,,,,,,22.73662328663303,35.54158969806097,239.083663146357,94.90938155258544,71.9609626558273,,74.0,4.2,88.6246882038608,4.32469174487594,7714.1099998804,0.0022882837514628,6472469.0,71.8390426347811,15.7051846447457,3.33578444902192,-1.3952938,0.3814,3.29197740175686
LBN,Lebanon,2016,4.181,26.438,,,,,,,23.76270638748423,38.52308549074071,250.7081651765682,98.5555615414543,67.6419803070033,,76.11000061,4.0,88.835892633396,5.02174040562454,8019.1416913426,0.0013728364357897,6323060.0,67.7236177908116,15.9539038084869,0.87129520217637,-1.3333648,0.3815,3.48497619662062
LBN,Lebanon,2017,4.516,27.821,,,,,,,24.75450486434909,42.26487275762295,251.2494289218568,100.7879225773364,71.4122336418984,,78.18080139,4.0,89.0519233886895,4.756779140202,8305.57405425721,0.0019955562575097,6160128.0,68.4554292593276,14.9268797796791,2.7485363221939,-1.3393518,0.3878,3.79595346710229
LBN,Lebanon,2018,4.313,25.812,,,,,,,26.00933018487589,46.02891205436848,246.7304005920663,94.35078962313167,73.9321026202855,,80.90000153,4.7,89.272833088641,4.84140308956364,8388.7235123835,0.0010675072128695,5984119.0,68.2573073043718,13.8056023781184,5.52248710107466,-1.2146005,0.3889,3.66266014293556
LBN,Lebanon,2019,4.339,25.141,,,,,,,26.45172070238535,47.94823218721977,234.7982397568298,82.46606081746042,73.1364785867655,7.24813507210341,81.48120117,5.1,89.4986743521503,3.69413245000342,8064.04873416236,0.0013134050460189,5794594.0,62.98091601016,12.4991181838946,4.09482315573024,-1.3398887,0.3911,3.82464438701868
LBN,Lebanon,2020,4.155,23.694,,,,,,,25.28734848886797,45.60971228887254,171.4883297958847,49.41544383216725,75.2003104658777,7.57698778654173,82.0664978,6.3,89.729499798117,5.06712986613403,6440.82843092922,0.0022371878422748,5702398.0,50.1298042879627,6.63816639544826,85.5420423400206,-1.3492491,0.3892,2.96282913556306
LBN,Lebanon,2021,3.406,19.474,,,,,,,22.68147718011508,41.6430954829802,63.4828209242096,15.15386631822846,74.9935205999452,7.55615217723581,82.65599823,6.8,89.965362045441,2.5929006838647,5973.41933892988,0.0027640383924288,5718122.0,78.8286204025241,2.7586320737767,150.000716803737,-1.3231817,0.392,2.56989931665039
LBN,Lebanon,2022,2.674,15.361,,,,,,,19.79521988472871,36.21951464415941,22.83568921328944,4.066253160879039,74.0148340435503,7.29166684799988,81.46479797,24.199298601081253,90.206313713022,2.50966160641735,5909.03651555028,,5744489.0,114.888278265666,2.39076209975393,112.149478998819,-1.34257539999999,0.3904,2.25000495299301
LBN,Lebanon,2023,2.695,15.559,,,,,,,17.51335836727285,33.60863103679082,52.96803572324019,5.21927668664574,,,81.7059021,24.04547432409703,90.4524074197598,3.26435467389127,5834.63415739394,,5773493.0,104.206410069182,2.0863020184691,202.907703485723,-1.2764099,0.4029,2.25119937615657
LBN,Lebanon,2024,2.696,15.65,,,,,,,15.89047194701683,32.94764521172946,236.8754642362813,17.51229515569444,,,80.63400269,24.0495073245184,90.703695784554,7.09437049742925,5391.22914209501,,5805962.0,82.2323604617121,2.63395915623125,45.1609829107474,-1.3896806,0.4058,2.18282490226335
LBR,Liberia,2010,0.175,0.709,,,,,,,3.506590658788815,1.428611009136184,,,38.7127515158085,0.0045825336483619,2.3,88.6,48.1407517057907,103.337387099033,621.783295071575,18.3646624868945,4058890.0,,4.99961461461461,6.51200368905668,-0.393152599999999,0.3815,1.27396221447448
LBR,Liberia,2011,0.195,0.822,,,,,,,3.5542271746291,1.363831357706515,,,47.8690308724247,0.0014924743756363,2.5,87.1,48.6583302770849,86.9894467611897,646.908727016597,23.2729658968842,4221178.0,,8.30011676396997,10.9234453589782,-0.473186999999999,0.381,1.17334450785826
LBR,Liberia,2012,0.209,0.915,,,,,,,3.453149689276065,1.270124023641771,,,54.4220580497379,0.0119825028018247,2.599999905,86.2,49.1773247639526,82.7471577822006,674.360011422232,26.7116015359801,4373043.0,,14.5889259761557,7.79715716365929,-0.3877254,0.3666,1.1981194382723
LBR,Liberia,2013,0.196,0.874,,,,,,,3.616667470370549,1.555555901234645,,,57.0612667465878,0.113640456360387,3.200000048,87.5,49.6977986242077,62.9068538615833,717.007280358975,28.3711783328734,4470239.0,,19.5182541497806,4.71530813283255,-0.364639999999999,0.3556,1.29322975876332
LBR,Liberia,2014,0.161,0.734,,,,,,,3.580770955223983,1.714198861543396,,,70.6628167823582,0.131455189226459,5.409999847,91.2,50.2198153156642,15.558740639735,707.157694930142,26.1806367790867,4564293.0,,18.554810004303,0.817921326764434,-0.510413,0.3668,1.26546510989653
LBR,Liberia,2015,0.15,0.699,,,,,,,2.943511773488199,1.937501420523878,,,78.3786689834016,0.150232936167528,10.0,91.9,50.7434382961363,7.21023781604438,692.590082351257,19.4462580281234,4659431.0,,16.8248454785241,0.062713425558087,-0.5851773,0.401,1.26291397770091
LBR,Liberia,2016,0.136,0.647,,,,,,,2.877354058052621,1.893954569857422,,,65.5437117609357,0.168222443902021,15.69999981,92.8,51.2687310234384,9.1719033259717,668.031513175601,20.1143619477823,4755608.0,,13.7704420019235,6.97295697153928,-0.453136899999999,0.4475,1.17041072230698
LBR,Liberia,2017,0.138,0.667,,,,,,,2.922423901150794,2.672948690076945,,,54.8575199657656,0.185608150260109,16.29999924,93.6,51.7957569553849,7.30948578439651,671.260899835355,21.3240563239483,4848925.0,,15.4416514284322,-2.61793415299387,-0.2701752,0.3724,1.30859906884595
LBR,Liberia,2018,0.123,0.609,,,,,,,3.135794537167179,3.344847506311658,,,,,17.27770042,94.4,52.3245795497906,3.77268493884788,665.875439637137,14.0250297312743,4944726.0,,16.9238649522893,-0.209872797387817,-0.0185577,0.3768,1.28885599013489
LBR,Liberia,2019,0.185,0.932,,,,,,,3.061615001913509,3.639920057830506,,,38.4041861157665,0.21809295161251,19.89579964,89.7,52.85526226447,2.61121194879185,636.699384824869,14.2604895547102,5043721.0,,16.9896070200098,-0.560426634044902,-0.2571938,0.3871,1.28215080817351
LBR,Liberia,2020,0.151,0.777,,,,,,,2.881957027701901,3.643853713186312,,,32.1004345501657,0.252453508259017,22.91069984,93.0,53.3878685572381,-2.96003538007919,605.025475431411,17.4661654481066,5149463.0,,16.8438326901547,-1.38060188980627,-0.220102599999999,0.3864,1.34661312257602
LBR,Liberia,2021,0.149,0.783,,,,,,,3.091473811835514,3.799936560381153,,,31.429900768597,0.247180102838331,26.38229942,93.2,53.9224618859098,-1.11842850292887,621.927983063426,21.9156000871056,5259323.0,,19.1148288687649,5.35427604467455,-0.2103506,0.386,1.37520508740743
LBR,Liberia,2022,0.161,0.864,,,,,,,3.001909965215368,3.814927247461197,,,32.0638885570006,0.274673226516174,30.38010025,92.8,54.4591057083,3.09332516183889,638.005183858289,,5373294.0,,20.6885472727514,8.66620854081535,-0.2807974,0.4012,1.42763830901315
LBR,Liberia,2023,0.152,0.834,,,,,,,3.00364442189857,3.822820173325453,,,,,31.22410011,41.97926079885865,54.997863482224,7.11347042965831,653.329188343162,,5493031.0,,23.3467448747153,4.8121348688661,-0.174047999999999,0.3831,1.51798739902913
LBR,Liberia,2024,0.153,0.859,,,,,,,,,,,,,32.23360062,41.90972716915826,55.5387986654968,9.86626133953545,665.101337624192,,5612817.0,,21.9697403860887,4.6586819825385,-0.228549,0.3841,1.48405650972701
LIE,Liechtenstein,2010,5.296,0.191,,,,,,,,,,,98.6138503847329,42.3622878413289,80.0,52.3,14.4154354105611,587.838615656588,7721.128623804219,0.0092406353821315,36022.0,,,,1.644869,,3.3355396094168226
LIE,Liechtenstein,2011,4.869,0.177,,,,,,,,,,,101.929969671905,37.4827681279294,85.0,55.3,14.4099998474121,460.213518331784,7650.9629414368865,0.0081728906806275,36312.0,,,,1.6405927,,3.1881145647714986
LIE,Liechtenstein,2012,5.059,0.185,,,,,,,,,,,98.5900098371407,39.3922833096513,89.40769958,55.5,14.4124545370445,540.366945866089,7972.405933173224,0.0065523869477647,36657.0,,,,1.6401413,,3.2632676194835932
LIE,Liechtenstein,2013,5.212,0.192,,,,,,,,,,,104.109997290707,40.6827418043891,93.80000305,53.5,14.4201755971624,18.068983064869,7824.299075969811,0.0052938315075899,36984.0,,39.3045826652038,,1.638762,,3.310404549242051
LIE,Liechtenstein,2014,4.334,0.161,,,,,,,,,,,109.388370153109,42.0041439065737,95.20999908,55.0,14.4336985145967,140.293444143294,6804.396780812513,0.0059928843723109,37248.0,,39.647172626367,,1.6435264,,2.9785124868868245
LIE,Liechtenstein,2015,4.266,0.16,,,,,,,,,,,109.491978609626,41.9679144385027,96.6411972,55.5,14.4535587761782,1282.60722939224,167187.15730982,0.0019411089416187,37494.0,,37.2602648896845,,1.5056039,,9.834827561493661
LIE,Liechtenstein,2016,3.976,0.15,,,,,,,,,,,117.766848331783,42.3634188488635,98.09390259,55.8,14.4802918687379,972.693538598386,6435.958083777772,0.0020723262556876,37716.0,,41.9543783150565,,1.5021925,,2.8448635493713605
LIE,Liechtenstein,2017,4.105,0.155,,,,,,,,,,,122.594451783355,42.9405548216645,99.54660034,55.3,14.5144332791067,602.374526148965,6543.319029298738,0.0018650693100522,37962.0,,44.078617141423,,1.5026105,,2.892331060655824
LIE,Liechtenstein,2018,3.736,0.143,,,,,,,,,,,123.979123501797,43.8301555246663,,56.8,14.5565184941154,-1303.10826691135,6289.558819353162,0.0032783809389003,38246.0,,41.7550346850839,,1.5055506,,2.758706868845633
LIE,Liechtenstein,2019,3.865,0.149,,,,,,,,,,,124.214360041623,44.6748178980229,93.14610291,56.1,14.6070830005951,,6363.823157067582,0.0017966893294533,38563.0,,44.2952285660684,,1.6431087,,2.805131719775031
LIE,Liechtenstein,2020,3.65,0.142,,,,,,,,,,,126.104676657982,46.5602187427451,94.34999847,55.2,14.6666622853765,,5890.623028033973,0.00147146668515,38901.0,,40.3036198267405,,1.6427344,,2.7166641477077724
LIE,Liechtenstein,2021,3.727,0.146,,,,,,,,,,,126.070587030017,47.5207458252228,95.56939697,53.6,14.6989159370696,,5712.0262581543575,,39182.0,,40.7763902142195,,1.5846135,,2.737041941566998
LIE,Liechtenstein,2022,3.262,0.128,,,,,,,,,,,126.306686674975,48.9304880840349,97.88069916,56.9,14.6923070071538,,5641.661678333847,,39493.0,,39.3533011817131,,1.5871411,,2.5766941564572203
LIE,Liechtenstein,2023,3.312,0.131,,,,,,,,,,,127.059447446841,49.4065356836204,98.13230133,44.550366031383156,14.6783761234077,,616.0441410817293,,39846.0,,39.1138727542888,,1.5875521,,2.4006611561027413
LIE,Liechtenstein,2024,3.299,0.132,,,,,,,,,,,128.901429646351,50.0050163029847,98.2641983,44.57200763000442,14.657584904886,,590.7117666784507,,40450.0,,,,1.5823538,,2.395308689723711
LKA,Sri Lanka,2010,0.608,12.697,0.306731040273705,0.0110341069154578,0.175125779048872,0.295900393483196,0.170507951729331,0.4232464769876,13.85203343933532,,32.48165248722145,26.61052590798301,83.1420949448513,1.09351514330917,6.912399769,61.9,17.2486209380693,0.814446067583227,2993.01410960302,0.181247741101714,20879089.0,,27.7831982979266,26.9348761761573,-0.779023999999999,5.5499,1.38254574843816
LKA,Sri Lanka,2011,0.689,14.476,0.326061873108627,0.0124391976768576,0.17498638241071,0.286458503122079,0.165680187149221,0.529013685210233,15.46118102774154,,34.15668466922862,31.09158808856604,87.1978920701214,1.70878756619529,7.956399918,56.4,17.7881192817964,1.41088360151362,3232.37349786435,0.161869001521806,21009048.0,,29.0731497644916,3.97992934293185,-0.7674257,5.555,1.49463982867773
LKA,Sri Lanka,2012,0.727,15.389,0.30038731832199,0.0118166722567572,0.169097547801953,0.258173408072477,0.162831919100979,0.55457339990529,16.24438115189645,,34.05489162060543,31.48945127155938,91.3242275735165,1.67222042245956,9.00039959,52.9,18.2617686748284,1.33591734742632,3484.79048392653,0.137234670569948,21169458.0,,30.9698538095878,10.4634471800904,-0.9606693,5.5569,1.45688026545945
LKA,Sri Lanka,2013,0.662,14.143,0.309126341890711,0.0099485277123982,0.159629370677863,0.257134907956076,0.169233919500188,0.465631894139107,17.4170005087086,,35.74461746822171,30.98531452057124,95.1136033828075,1.98679918143445,10.04440022,56.9,18.4323136480916,1.21148000059153,3728.93585962083,0.111206626762233,20585000.0,,30.7956807276274,6.2528852580252,-0.8585581,5.8668,1.37070496187634
LKA,Sri Lanka,2014,0.792,17.076,0.360512727517397,0.009768090704503,0.174323926150123,0.245583470219843,0.173701207875326,0.569685712867826,17.68091936680784,,36.90505725495466,32.05359462242949,102.671053139637,2.63419031926553,10.5000026214106,54.2,18.6153877203724,1.08277813405104,3929.92061307909,0.106716230120525,20778000.0,,30.5178954291897,1.92062880344315,-0.553597999999999,4.709,1.53357513533502
LKA,Sri Lanka,2015,0.883,19.179,0.353667273177515,0.0114679372388062,0.173394821780997,0.249864802396655,0.174493050233253,0.613562193463896,17.8192583883019,,40.10531003449732,36.81450940088374,109.984693490847,2.88043182386208,15.26249981,51.3,18.796256612131,0.798746316666859,4057.71582716521,0.116815682766825,20970000.0,46.9179708088698,29.5354178731659,3.01438080403958,-0.0885947,5.7698,1.57645007829112
LKA,Sri Lanka,2016,1.02,22.339,0.326500929561697,0.0127116353996785,0.173065288439341,0.245036283720108,0.177449448749367,0.582495412780316,17.89305472278002,,42.5304312410218,39.08164971067607,117.737517418373,4.07189669081491,22.19,45.1,18.9747679368162,1.01937184801285,4214.74117217382,0.120808775080832,21209000.0,46.4715370250761,30.48271772947,5.44322171864214,-0.1436337,5.2773,1.51725899865051
LKA,Sri Lanka,2017,1.004,22.168,0.380351503717388,0.0130458370738944,0.169235414565806,0.222240857082672,0.159943645773808,0.699561018235087,17.71747819996573,,44.65343657146964,40.25220897837047,127.669744935625,5.5257624644358,25.07550049,45.8,19.1507693078088,1.45462805110061,4436.00789131029,0.0888765377568958,21453000.0,47.1404098001494,31.1282786463629,5.4728452958847,-0.179121299999999,4.1333,1.64437827644865
LKA,Sri Lanka,2018,0.905,20.137,0.350894865722854,0.0130364704129473,0.161062060288846,0.217093379273635,0.171302049206536,0.661370968915196,17.61595613620854,,48.25330144723134,45.47233629091162,136.084228735946,6.93976008216017,28.33620071,47.9,19.3241083384127,1.70888696252064,4493.03574617534,0.064834147164453,21670000.0,49.8093967520437,30.0568195253216,4.29530619321299,-0.2597255,5.212,1.57475979382001
LKA,Sri Lanka,2019,0.942,21.106,0.324383346653365,0.0130736401335387,0.156486455559863,0.229587942599331,0.185143528902958,0.667121445011106,17.62025932119528,,49.55531932170597,46.27235088899638,126.514451763616,7.43541256815093,32.02090073,46.1,19.4946326418437,0.835367460265196,4455.78188788143,0.0722571812304566,21803000.0,49.4255238852768,29.1910098708421,3.87052761265055,-0.173798099999999,5.0349,1.57579635886016
LKA,Sri Lanka,2020,0.905,20.412,0.361913847444829,0.0134315563387735,0.147422175998967,0.202018518591038,0.195365942248573,0.555263009709331,17.49023308249915,,61.27544781488577,52.98083709626068,131.773421339878,7.8962203692284,36.18473435,49.3,19.6621898312161,0.514700553944402,4227.23314530167,0.0850400982115445,21919000.0,37.0891188568192,28.2358328750276,3.10430535317374,-0.1154138,5.4708,1.47541505033151
LKA,Sri Lanka,2021,0.917,20.823,0.352111740457941,0.0117845180714674,0.14895934731145,0.16867091723543,0.18710358332003,0.583854354779454,17.24261556114102,,62.89986719561308,55.52598969928522,135.522602889503,10.5401488574725,44.45308724,48.8,19.8266275195269,0.668825708548416,4357.97224978578,0.0832444969793704,22156000.0,41.2288463294978,29.9540097665519,8.02109164462597,-0.510938,5.6974,1.45248446117577
LKA,Sri Lanka,2022,0.805,18.377,0.314325520323651,0.0076775301255761,0.132309874691861,0.146405973311321,0.162489837958158,0.475344348489923,17.19727661384982,,55.75279390131688,42.87305778434272,151.72675762805,9.63609972688813,48.3,55.26528133894975,19.9877933196367,1.19249322162632,4033.14560306744,,22181000.0,46.6826080179359,29.8058315779478,47.4638849830734,-0.7621199,5.3637,1.23855308490049
LKA,Sri Lanka,2023,0.834,19.166,0.318168966150653,0.0093330776385511,0.134012959050946,0.172572571138363,0.170587351066565,0.439457366923541,17.25967351220504,,52.95873913248979,36.66742324999843,142.277402587724,8.76545173115153,51.2,55.12080304914102,20.1455348442463,0.848017076796717,3977.13564995085,,22037000.0,43.3476681195134,25.6710307504815,16.8150738738861,-0.670013,5.5032,1.24413229196862
LKA,Sri Lanka,2024,0.901,20.826,,,,,,,17.3281096583173,,53.37482941070918,31.84725164903399,132.548743018664,8.4682688580745,54.59,54.90263633123202,20.2996997058686,0.764077754153862,4198.74513727898,,21916000.0,42.1196098331113,25.4835532853095,4.08757566272939,-0.350302399999999,5.5702,1.27811539476947
LSO,Lesotho,2010,1.14,2.275,,,,,,,3.394409013655786,7.26245649433331,32.74330594974803,10.23007072375911,49.4651223718861,0.0200375604069829,3.859999895,53.0,27.4004815007995,0.425490583298807,995.233432451681,3.93439968984273,1996251.0,150.102435487333,31.463352131548,5.33711013720971,0.5816165,0.9989,1.6930733917984424
LSO,Lesotho,2011,1.37,2.759,,,,,,,3.441546505852584,8.056347502336733,31.17385819071028,13.58498615654863,61.1891009424486,0.0664843106460795,7.0,42.3,28.6150355175921,2.37160157638289,1031.99721564343,3.88951380908295,2014009.0,149.796606699153,33.1996499097292,9.42640700324388,0.6423581,1.0064,1.7895433039171542
LSO,Lesotho,2012,1.372,2.792,,,,,,,3.406991456194607,9.214363256526324,30.38098309298144,17.35783683227946,75.9363906183486,0.0804186488683877,10.0,40.8,29.8970340055453,2.28650169667391,1086.39034816283,4.7058759222187,2034354.0,150.208575358438,30.8179398182836,2.18204801752952,0.2654833,1.0276,1.795328828758643
LSO,Lesotho,2013,1.033,2.125,,,,,,,3.677648021501982,10.95632639739132,32.93400418919934,18.3846090111509,87.055264662748,0.110624632872098,15.0,46.1,31.2407460933407,2.13033827559342,1093.95323489272,5.10158145699247,2056504.0,133.36548975517,29.0232445602992,10.2798956437383,0.3249377,0.9503,1.6754703590382583
LSO,Lesotho,2014,1.078,2.242,,,,,,,3.638866735602975,11.44726827241769,29.52279172118411,17.84581215688293,102.821994635806,0.0722084487731054,22.0,43.2,32.6404409096604,3.86963158626918,1100.04993684215,5.59052228450031,2080089.0,126.292475360578,32.1608736210412,14.0351521545479,-0.172191999999999,0.938,1.6957934981473128
LSO,Lesotho,2015,0.971,2.045,,,,,,,3.823799327011318,13.34580941584343,30.80784206718391,17.35741230239436,101.688197961524,0.0979753503141436,25.0,46.0,34.0903875831861,4.79809498524625,1121.19851342518,6.21135692867531,2104611.0,129.722773082867,33.7385657003649,10.2030391854904,-0.208938699999999,0.9157,1.656619732281769
LSO,Lesotho,2016,0.951,2.026,,,,,,,3.924731063357748,15.10651201745246,28.35497163903747,18.16485331999296,107.157971519258,0.10467409743234,32.4538569477365,45.1,35.5077950709441,3.74733138412509,1147.58748801671,7.27012601835192,2130422.0,136.31524774176,30.5866475742865,-0.292451232749613,-0.2746129,0.8911,1.6529174120246362
LSO,Lesotho,2017,1.06,2.286,,,,,,,3.868918133692291,14.818686436595,35.12099157028765,19.38859005086637,110.370078484639,0.223493470430344,39.0,41.5,36.5283648068846,1.82806623182623,1097.82166812752,6.29773888103094,2157110.0,146.366771329494,28.5730617255808,2.01891023820184,-0.2021614,0.9983,1.692959799529285
LSO,Lesotho,2018,0.992,2.165,,,,,,,3.809838728807772,14.66428491842992,36.42636748236604,19.13440476922832,72.4555241955612,0.263921601133539,40.79999924,42.5,37.569092747415,1.59898721077784,1068.44462913373,3.60958084633478,2183603.0,144.434955465602,31.139042579725,11.7230687269439,-0.1397918,0.8888,1.6676854631742741
LSO,Lesotho,2019,0.99,2.187,,,,,,,3.823184783724561,14.23074336164142,37.17641794608332,20.56137622245573,76.1124827725111,0.209015549435255,42.301733569273,41.6,38.6040920446259,1.49464849213428,1040.99351014117,3.73425482845294,2209405.0,140.51663349168,30.5436539026894,3.57545446932066,-0.287980099999999,0.7686,1.6675243567026896
LSO,Lesotho,2020,0.888,1.986,,,,,,,3.83437454031078,14.0826119480505,43.02734759018865,20.43466425702601,69.8944012395073,0.226324591508713,43.65750122,43.2,39.6329305425532,1.36347415769606,944.834128375429,4.55548495060365,2235727.0,141.096605062998,31.0792075147298,6.54820418786271,-0.1451933,0.5808,1.6272057367218133
LSO,Lesotho,2021,1.369,3.096,,,,,,,3.70752056815693,13.93753102473809,42.55338298907258,20.60856456688652,80.5368195682415,0.353652507890634,45.05670166,33.6,40.6551760851997,-0.512915958026648,955.221236301503,4.31788190525398,2261542.0,139.186479465407,32.0714579927576,3.12378243029553,-0.1334002,0.6564,1.802027821840799
LSO,Lesotho,2022,1.116,2.551,,,,,,,3.650651573701247,14.06176902462703,41.32772647180781,20.47647652134781,68.1001351640997,0.39753117741491,48.06959915,34.9,41.6703965165322,-0.332065069453934,967.51928598325,,2286110.0,142.373981074229,30.4887414630726,5.53005496706199,-0.128161,0.6991,1.7178596015683776
LSO,Lesotho,2023,1.079,2.494,,,,,,,3.589895640404142,14.2931030127202,61.03532638161789,23.56579606375983,69.3513051423509,0.383738154734299,48.98590088,38.620864069735134,42.6781596804785,-1.20419550100532,973.116561960912,,2311472.0,140.722487877528,28.522771885001,0.322460813518347,-0.1357263,0.8065,1.69903044380895
LSO,Lesotho,2024,1.1,2.572,,,,,,,3.528118121394704,13.78579488174597,63.22114808042894,22.69878332408177,70.328049309004,0.379434958926989,51.79660034,38.24195306916219,43.6780334209246,-0.525747492760171,1012.59379523386,,2337423.0,152.474389103105,28.0994911212337,5.99538721882942,-0.2588663,0.7882,1.708231704287852
LTU,Lithuania,2010,4.455,13.802,0.721775637346836,0.24718927468351,1.23588047400967,0.32381165225747,0.0671245989745252,1.5697710125574,29.10706580663573,59.6182534318445,39.16669559431861,58.03758063582979,157.889641413685,21.9297095928618,62.12,21.5,66.7712860107422,3.00969561169119,10884.1161852582,0.524773473420892,3097282.0,131.626507396009,26.2116518144494,2.12172150752954,0.7159839,2.4588,4.16555264982942
LTU,Lithuania,2011,4.609,13.96,1.02101749640468,0.295032665454215,1.26405773220538,0.264099221378269,0.0755843654989249,1.59705877190052,19.03888158397291,50.60232274355324,35.70389794472006,48.36372656401005,163.043370593157,24.0272372898481,63.6399774002179,22.7,66.7518340055756,4.35509015104087,11836.7200384033,0.55272441723569,3028115.0,149.645306927215,28.3534317115284,5.62227904002557,0.6843003,2.472,4.51685025284199
LTU,Lithuania,2012,4.703,14.054,1.4880572683429,0.228899791065622,1.29105606009202,0.183028395537405,0.101976329048785,1.64147647178123,19.30414823388624,51.90932543380384,35.85356990295351,44.54111089050533,167.226065135398,25.7287935833036,67.2299893276414,23.9,66.8536758422852,1.5855600934776,12516.6184065667,0.50334215016971,2989139.0,156.638925650513,28.2001999312223,2.50518093222925,0.7176973,2.4871,4.93449431586797
LTU,Lithuania,2013,4.444,13.148,1.16833019130359,0.252171846344804,1.22054658757363,0.241528662086291,0.0937682890956818,1.6039447675067,18.08134389093903,49.89184824173768,35.74976703377365,41.45169068966605,154.341459457267,28.2656607039035,68.4529,26.3,67.0092086791992,1.66003716547754,13145.8069309969,0.451433196719953,2961250.0,156.626637927418,27.6242689150869,0.833827550890589,0.9839797,2.4227,4.5802903439107
LTU,Lithuania,2014,4.379,12.846,1.44470528894716,0.245180475525652,1.411834626211,0.359563988315152,0.103667514854692,1.75474056448951,16.22253329804501,51.13884575280526,39.07639790955503,39.39422134220189,145.49429149643,27.337779493026,72.1335378644566,27.7,67.1514937628023,0.739699359398686,13753.1895982305,0.435666728185002,2937253.0,143.290115780694,27.726441177948,0.609190658206288,0.936572,2.3786,5.31969245834316
LTU,Lithuania,2015,4.489,13.045,1.90596040432087,0.259350037454546,1.26287462381771,0.2135739453619,0.125240493594392,1.71906582330035,14.52310702765505,48.91993946157492,40.08801331082813,40.16124156055038,143.991494147494,28.6774149586821,71.3780590101754,29.0,67.2282485961914,2.49622116332616,14269.8039878287,0.355871871770943,2911109.0,138.195575009601,26.9636978611038,-0.0022527821753755,0.9444776,2.4537,5.48606532784978
LTU,Lithuania,2016,4.566,13.102,1.43609735418941,0.284805795272902,1.53294378735663,0.282547546158804,0.111880935779102,1.70813524137868,13.41135016016169,48.14226303693298,41.44355474486405,41.46573454318736,146.550393676088,29.8964138705034,74.3766455618662,31.5,67.1894226074219,2.7403147410033,14823.107153522,0.3377588483904,2877325.0,134.690449650877,25.9974602207029,0.987472424308564,0.9545715,2.3972,5.35641066013553
LTU,Lithuania,2017,4.693,13.277,1.73337274103208,0.310966388132114,1.5926300887005,0.265564820920997,0.117075405834316,1.83208650807893,13.56024137229643,46.55131641831029,40.88810467657549,39.7314966366122,154.147985747777,28.2319064734089,77.6152565124514,33.8,67.1012954711914,2.89745572307538,15695.9993288456,0.408008846501474,2842639.0,144.918393101325,25.720457681502,4.09579153130848,0.8922634,2.317,5.85169595269894
LTU,Lithuania,2018,4.787,13.414,0.997819025519614,0.305705340919939,1.6716267730378,0.212270884913091,0.0864489862719911,1.98433558714205,11.39874263100516,46.72231869631787,42.18330424640185,38.61018144152221,134.333614750945,28.1444849879285,79.7225827680518,33.7,67.1464742010457,2.39550085067309,16604.9021440809,0.378395633092732,2819200.0,147.202132525221,25.5788787201366,3.59301167619761,0.9070273,2.1705,5.25820659780449
LTU,Lithuania,2019,4.883,13.647,1.25384542167345,0.315388712980227,1.76693340362787,0.261456176914741,0.102142650999893,1.97839504779968,10.01537926439344,44.92253795577309,43.11113367517896,37.18941970858506,132.528841977519,28.2791627222047,81.5818683764046,33.5,67.245735168457,6.23035300556357,17431.7239081591,0.334182488318804,2811089.0,148.374996011818,25.2564149405008,2.37586014042606,0.9825192,2.1121,5.67816141399585
LTU,Lithuania,2020,4.829,13.5,1.76213365467551,0.328442169736737,1.5085283188916,0.245520480473205,0.125818326956139,1.82003797032703,10.35392394854226,43.84698157965668,53.60529326899159,35.4788318989105,131.341332336588,28.4988545174577,83.05554724,31.7,67.4254608154297,7.94344900363669,17443.65526328,0.310782585398606,2810369.0,135.796565563519,24.7876900738526,2.03874418596244,1.1506312,2.077,5.79048092106022
LTU,Lithuania,2021,4.93,13.778,1.40524874994342,0.402196101685475,1.7732836992888,0.245219911215901,0.104020597165415,2.15640995297427,11.07367221846342,42.53296829364359,52.10338797312774,35.52792488190005,133.357273318046,28.712701575387,86.93054425,33.2,68.1912117004395,3.73869903984915,18572.2895051093,0.28612663033099,2808380.0,154.726303914099,24.8458400599847,6.04010883761583,1.0111257,2.0501,6.08637901227329
LTU,Lithuania,2022,4.578,12.895,1.64981617643276,0.378750762108921,1.61489319668384,0.263597641714677,0.101382504830416,2.17672976236995,10.51753768230052,47.14184874201104,46.89404250398086,33.98924798140191,135.834150715729,28.4400438919259,87.72420219,18.956376944806713,68.2866452426813,3.42488723499229,18873.8427527274,,2831639.0,176.631817072239,25.4725274807183,15.4437711325066,0.963939,2.0826,6.18517004414056
LTU,Lithuania,2023,4.382,12.507,1.31982007260351,0.330904357236257,1.40549363624383,0.257536417125219,0.100606975248168,1.98676492415305,10.18784921001208,46.52041988668166,44.4897599707331,32.62311407995556,137.203719983084,27.9638162516437,88.50287484,21.960897051278863,68.575454583199,4.76764051451377,18748.9302647191,,2871585.0,147.990751776428,24.4986518894236,9.97342076445898,0.9517926,2.0255,5.40112638261004
LTU,Lithuania,2024,4.387,12.542,,,,,,,9.660941543997064,45.90976842966672,45.19536963943433,34.26859611109907,138.728835196967,27.8460080234758,89.16116293,21.148477271666437,68.8285833315315,5.49705606704886,19205.4152293136,,2888278.0,142.41991022479,22.9407391077507,3.17004636967202,0.9394441,2.0228,5.64349649021253
LUX,Luxembourg,2010,22.054,11.191,1.20889579398706,0.746947430163901,2.57641478192184,0.136114323616747,0.145955191507466,12.599306775628,88.63528019528508,105.6436718003263,87.35609769838949,79.76815489669431,143.276640192349,33.1818450562661,90.62,3.7,88.48791681658,69.6063943388728,106545.854916218,0.072919743736028,506953.0,293.671876906939,10.997972653402,4.64842633515492,1.4878051,0.4875,17.413634296825
LUX,Luxembourg,2011,21.384,11.09,1.1250615301459,0.77479263174365,2.94054980351748,0.134095365290419,0.130611687573378,12.5380330327758,85.90764461314714,105.9838876477413,82.274057205269,80.93249419885659,147.511878499915,32.7339447418355,90.0298585646936,3.8,88.9562814837254,14.3333707152268,105292.012346074,0.111627780528827,518347.0,308.714453874162,10.708548830545,3.44947467054639,1.3788317,0.4761,17.6431440510467
LUX,Luxembourg,2012,20.45,10.858,1.13146141802706,0.747832957339786,1.86601153091279,0.145342259312187,0.131506029201263,12.378921433669,82.89162317695204,100.605449499698,82.18095393504026,79.52307125220585,143.387946442865,31.9617588949556,91.9499237417387,4.2,89.4405768017292,4.7244838569188,104489.298083328,0.124315483837715,530946.0,311.786835204686,10.4267316863229,3.26617103662434,1.3639242,0.4683,16.4010756284621
LUX,Luxembourg,2013,18.999,10.323,1.16934377848932,0.727984953098179,1.31803402887048,0.140301241106587,0.142459926549411,11.6776404673692,81.73535907074206,97.9052268543848,86.96921845108383,80.17804700589804,145.093438163702,32.4834270107517,93.7765,5.7,89.9413746679705,35.7329034711934,105340.41498623,0.0654807999878363,543360.0,320.533506316768,10.4429358659788,2.2761289412073,1.316509,0.4819,15.1757643954831
LUX,Luxembourg,2014,17.629,9.807,1.20242174786424,0.700470189628017,1.23212391829521,0.150019071830096,0.138299620491094,10.7179927153246,79.67129652620191,105.3647498774703,96.5104177728692,79.69292139799542,144.244165248014,33.580271770101,94.6702052774766,6.8,90.4577807676859,29.1553925693205,105585.401767492,0.0511247766010698,556319.0,333.428836459172,10.8108782853283,2.79670380130254,1.4310289,0.492,14.1413272634333
LUX,Luxembourg,2015,16.389,9.334,1.15019214094621,0.670134397000233,1.2081242606733,0.144256886177202,0.137694945033659,10.5486612791118,77.00934422124827,108.5705508693008,86.10811489701231,88.23583734743934,141.659175188223,34.2910720305652,96.3767141704759,9.1,90.9893679353068,75.6300240002581,105462.012584423,0.0121647269251085,569604.0,351.13195404466,11.5395015328494,2.22059478443452,1.4125194,0.5018,13.8590639089424
LUX,Luxembourg,2016,15.556,9.077,0.981900356435857,0.656602323979568,1.2037451678549,0.146835774536023,0.110940607856874,10.5095992081653,76.82116484712795,110.7128552208608,86.85596356390549,92.40499573014516,130.932672500368,34.8068400324932,98.1366986657616,13.5,91.5357090052649,28.257554145971,108351.452194449,0.0100663139177463,582014.0,348.437409376889,12.0959361207718,-1.10761695881988,1.3457296,0.5102,13.6096234388286
LUX,Luxembourg,2017,15.509,9.251,0.97977584512463,0.566581819866141,1.24395767317387,0.133059969104934,0.116060070305849,10.8942361168723,71.82384551671154,115.6383919461261,90.11875782206268,97.53338559502689,133.110922975046,35.9768313229784,97.3629603241751,15.3,92.0963768119916,-41.6509945601316,107142.05542835,0.0096095712694907,596336.0,353.793991980303,10.8183282634892,2.14297279304374,1.2715421,0.5164,13.9336714944478
LUX,Luxembourg,2018,15.715,9.556,1.02750338998663,0.586612000845282,1.73209733218587,0.133535155525156,0.128536133854815,10.6558095623375,68.61345921615984,116.838919122375,93.53184900670172,102.2786551349483,131.326868398506,36.8853200372964,97.061298705829,16.0,92.6709441899184,-117.233947530512,106788.661202756,0.0131614123128893,607950.0,361.865445198667,10.9720784332984,1.83958475950286,1.3055181,0.4991,14.2640935747353
LUX,Luxembourg,2019,15.722,9.75,0.996159905107833,0.596560790323765,1.29423014246722,0.135694856623973,0.123204069124923,10.0679636370126,64.91498633520332,114.2734226906686,93.0930064888248,105.6941440358888,131.870169616698,37.3611453762962,97.120635693272,16.4,93.2589839734767,234.310617307358,107591.899505248,0.0088735676250666,620001.0,382.66078058442,11.6004638626305,0.916368822113782,1.3055593,0.4977,13.2138134006603
LUX,Luxembourg,2020,12.796,8.069,0.901846525520433,0.517629579043439,0.840480219018684,0.129871521716616,0.114540554077345,8.28469541872826,59.84372669728702,107.9830021162403,94.02287160150824,107.3594711252233,132.908973559976,37.2960860898482,98.45962893,20.8,93.8600689970981,-4.55819523596748,105274.182260744,0.0066635976651569,630419.0,375.581394826026,11.342759831856,3.86906326889533,1.2105167,0.4949,10.7890638181048
LUX,Luxembourg,2021,13.134,8.41,0.904583602408527,0.535788575752144,0.928051858901069,0.128799116372962,0.11061748510204,9.14612059081259,56.68428525762543,99.42981184534295,91.38069126979237,99.8500811204896,136.87108956478,38.0399641403524,98.66086333,20.5,94.5861743396533,28.7187121123012,110873.115269021,0.0047513675751151,640064.0,397.506180867971,10.5920099479324,5.9021312602124,1.1450494,0.4885,11.7539612293493
LUX,Luxembourg,2022,11.135,7.274,0.926805098276884,0.576445250310476,1.20142136441553,0.126370914632502,0.122976127760606,9.04783390919481,52.42101354573551,88.8244951747185,89.0330152102206,99.23212884879938,139.651285065505,38.3269581349215,98.24203749,7.101387783132047,94.7605400940185,-391.555119009248,107467.123965307,,653103.0,412.177169924175,9.11381479201516,6.22005520174665,1.0244114,0.4852,12.0018526645908
LUX,Luxembourg,2023,10.285,6.841,0.824830093024802,0.538550819131037,1.16059473957113,0.124946757625882,0.109671825842298,7.8783284623169,48.30650925755926,76.29219912263972,85.9616825880119,91.26715140649868,144.474949556306,38.3793065082138,99.34785707,12.773156461662104,94.8015300320787,-10.4511316835125,105422.764660192,,666430.0,402.566968197345,9.28618931365795,6.91075240547165,1.0156548,0.4798,10.636922697512
LUX,Luxembourg,2024,10.46,7.04,,,,,,,46.07632903054002,72.18040897559882,84.46994332435195,81.84404905695438,,40.3174570156723,98.7606147,13.12920797205333,94.8438702866393,113.622225285264,104147.111291588,,677012.0,351.267921153192,9.65986070131125,4.57509382798655,1.0730532,0.4798,10.3273802326424
LVA,Latvia,2010,4.078,8.555,,,,,,,34.2188383593178,75.60363475167456,39.96477890893529,96.1913779193782,109.927825454005,20.7297918659797,68.42,33.1,67.8270681752453,2.0239348136408,10500.8666223014,1.28308782693054,2097555.0,110.86235386272,20.8612025977954,-0.483861317727076,0.5895207,1.1317,3.70841428609352
LVA,Latvia,2011,3.791,7.808,,,,,,,32.77871817662011,68.33145568079529,37.21772422474855,82.30372048448938,112.090589002306,22.2055874415821,69.7499545592245,35.5,67.8266897008267,5.71773309105869,11018.5152421583,1.3327725371957,2059709.0,129.734758014485,21.418901034981,4.70810709744489,0.3810125,1.143,4.14210725870266
LVA,Latvia,2012,3.696,7.52,,,,,,,24.62514106359945,72.89960175004965,35.18323760726642,66.58281959141149,129.304547798055,23.4018125136081,73.1199437663748,40.4,67.8331638942219,3.98573894005036,11971.0107466522,1.43134807722777,2034319.0,133.211503650958,21.4155903391561,2.87856729481426,0.4809516,1.154,4.82797466935818
LVA,Latvia,2013,3.661,7.369,,,,,,,21.57794698920754,68.45618222721636,38.52646027099637,59.62406578624481,127.073387613574,24.6397186303098,75.2344,39.6,67.847334482933,3.39352198804719,12353.5386135301,1.14413699673137,2012647.0,129.677184929099,20.8210958976358,1.90052969117932,0.6227437,1.1884,5.14840175154372
LVA,Latvia,2014,3.597,7.172,,,,,,,20.37957848434837,62.84685041271591,38.13317947929495,52.58884014445409,119.549742772481,25.3240856124593,75.8261041383556,40.2,67.8686035364944,3.45179531513632,12731.6771959342,1.13104352407128,1993782.0,130.042252244959,19.6186043266703,1.66994918996278,0.720197,1.2377,5.56186601765008
LVA,Latvia,2015,3.672,7.262,,,,,,,18.0509609009038,63.02942783219874,39.19013981207381,49.06389317516221,130.949148754694,25.4568684345307,79.2005829239344,38.1,67.8965395668259,3.08543258338884,13321.9753140616,1.00340965640665,1977527.0,126.380014406006,19.7834567448988,0.38688741781985,0.7167386,1.2795,6.40822831025087
LVA,Latvia,2016,3.679,7.211,,,,,,,17.13260515739676,61.41194383883769,41.59493711138144,47.60354824268207,135.227462327724,26.4893005276389,79.8420977843089,38.5,67.9307110858472,1.23693505180815,13787.3367440023,0.983550850681886,1959537.0,123.330518429659,19.1654365749872,0.607930583315365,0.6434248,1.2687,6.20079129119937
LVA,Latvia,2017,3.714,7.215,,,,,,,16.48497577624393,62.03235329134752,41.08062898113024,42.72954270052628,126.846989128969,27.0886247975645,80.1140770037369,42.6,67.9706866054779,4.04880019492543,14382.8612727134,1.20722108099256,1942248.0,128.714003328884,19.7767293914993,2.70923995206107,0.6631827,1.2454,6.27045788905549
LVA,Latvia,2018,4.069,7.843,,,,,,,14.67279965031883,61.21886576792686,40.55276622200315,37.41993449669819,107.397431401316,27.2877295355647,83.5771748630956,41.0,68.0160346376376,1.32076900628522,15120.0698171804,1.07351315071964,1927174.0,128.234095559822,19.3453568005874,3.74027873968454,0.6632555,1.1922,5.88206616706334
LVA,Latvia,2019,3.988,7.633,,,,,,,9.69693955885141,57.99515774620747,41.26898128998399,35.13714527304079,108.221910991332,26.5858975490829,86.13545644343,41.5,68.066323694246,3.37100266711483,15328.3859933295,1.18938805075522,1913822.0,125.29163170793,19.5988527886207,4.31638188410186,0.6780506,1.1849,6.80171862601264
LVA,Latvia,2020,3.682,6.999,,,,,,,7.015706412731503,57.12789507509938,47.53571788970578,34.2146302317282,107.902487108935,25.804169430384,88.89796078,43.8,68.1211222872228,2.81413557812427,14900.7295718866,1.27458711674516,1900449.0,123.88319804656,20.3341837659978,2.39332693904262,0.726286,1.1896,7.49012261713503
LVA,Latvia,2021,3.828,7.218,,,,,,,6.570239971697428,57.30007359932276,48.46396618496449,31.97580997874143,114.644670333429,25.9761549056076,91.17964988,44.0,68.1808791463693,9.77936027100744,16070.1680032322,1.16511975350878,1884490.0,136.796615414819,21.0918306682746,3.29734326527044,0.8069842,1.1743,7.26876639305978
LVA,Latvia,2022,3.513,6.608,,,,,,,5.189633643508876,56.83281721793866,47.45749184020879,30.62077485417161,115.202627450543,25.989241189689,91.03009059,19.17666374425034,68.2570218109034,3.20337891789771,16421.3748596,,1879383.0,159.892778190649,20.581400181885,9.69246570259344,0.7798656,1.1567,6.41981390609597
LVA,Latvia,2023,3.501,6.59,,,,,,,4.675155654253286,56.48093452570862,44.45752627646647,28.27360503368514,119.909944560018,25.9948491178264,92.18791291,18.741007423949405,68.3586316343061,3.94830779361871,16229.3844520245,,1883710.0,135.642989154266,20.1348662975065,10.6724737437668,0.8394628,1.0943,6.51926200846394
LVA,Latvia,2024,3.452,6.462,,,,,,,4.443378033716353,55.85960956671986,46.82107614876368,29.20286179426236,121.262202363304,25.7542854181725,92.70757011,19.000979768509197,68.4839492628509,3.44085977034145,16376.2565245797,,1866124.0,131.309582395769,18.5433460399478,2.78829342003959,0.6201402,1.0945,6.47205485469013
MAR,Morocco,2010,1.674,54.365,,,,,,,20.90921225260695,19.77369323514328,76.50136021575024,72.57098441934686,98.5069862903323,1.55388163790599,52.0,13.9,58.3287516486646,1.2299824583835,2767.04223632813,5.52351711568337,32467016.0,69.541979610144,23.7119126900355,0.647501047462967,-0.440469399999999,7.8316,1.9841139463970023
MAR,Morocco,2011,1.667,54.868,,,,,,,21.95428375475405,21.49226843021909,76.54597531487396,77.22361064475638,111.063715196143,1.80844788018493,46.107482597,11.8,58.902576690412,2.29046840496639,2879.53930664063,7.44006663292583,32912588.0,76.8258714906247,24.5065191885483,-0.598844907171141,-0.5060194,8.2772,1.990152670572463
MAR,Morocco,2012,1.707,56.954,,,,,,,22.99923100266044,23.0413078980184,76.18593529993854,78.6863621799762,116.972130406733,2.06726433186317,55.4160531914894,10.9,59.4348555979895,2.65758712641507,2927.45043945313,6.48582252084039,33355241.0,78.2221018956072,24.2659773507632,0.533172461926384,-0.5760215,8.2981,2.006434944301615
MAR,Morocco,2013,1.675,56.606,,,,,,,23.72270026430317,24.39753449520743,74.32543962195805,76.94032039302532,125.560354723339,2.49778239459711,56.0,11.6,59.9083499302469,2.9038626404404,3008.185546875,4.55138703939471,33787571.0,73.8577565315318,24.1531288845084,1.26026248256035,-0.6954656,8.5292,1.9977222178737726
MAR,Morocco,2014,1.672,57.175,,,,,,,24.19076312359091,25.41375418140643,76.86523794402937,76.01824077790891,128.971839608382,2.90442154576056,56.7746379160074,11.1,60.3030486171654,2.95925435484489,3051.458984375,3.52679771804417,34204780.0,71.8935667539398,25.8132675090419,0.215437762428678,-0.4094598,8.7235,1.9991052865668293
MAR,Morocco,2015,1.69,58.499,,,,,,,24.73665981822452,26.22696524085545,75.98530403415577,72.38794919670278,124.480492544005,3.31584217888863,57.0799993486116,11.2,60.6417124737154,2.94611108390154,3146.24780273438,2.61402225287558,34607588.0,67.2886759253849,25.6226817262287,3.17293530967125,-0.4546654,8.7551,2.008406300943502
MAR,Morocco,2016,1.669,58.457,,,,,,,24.93647766673707,26.99011649711418,78.05179625478296,74.09062379769138,118.531797132419,3.58453478764246,58.271236420398,11.1,60.9657656537179,1.93000540251056,3124.42504882813,2.89821223160529,35023457.0,71.1226603816864,25.685104578574,0.969883868049919,-0.4710854,8.8615,2.0003953215400454
MAR,Morocco,2017,1.724,61.104,,,,,,,25.00252403091831,27.37647743516359,78.45904107860162,72.82643096192427,123.894319060738,3.89000663311516,61.7622120123071,10.4,61.2761057031842,2.26092196120538,3242.64428710938,3.29989896331367,35446392.0,74.1733578786573,25.405454806575,-0.0608910142931904,-0.5065227,8.909,2.0242121957986186
MAR,Morocco,2018,1.739,62.315,,,,,,,25.09629024000005,28.02617734937343,77.62544164881108,74.53747666780731,124.827523956634,4.33205746913484,64.8038651924043,10.9,61.5695822753314,2.78337936840164,3304.7119140625,2.41389789515822,35839760.0,77.2548875243989,25.2413538068182,0.939181637531973,-0.426450799999999,9.1004,2.030390712367395
MAR,Morocco,2019,1.898,68.743,,,,,,,24.90693202081177,28.89173753991162,76.7311967066612,75.1038735768279,128.874798962456,4.83650253578356,84.1203630467602,10.7,61.8430450233765,1.33479789567415,3364.73950195313,0.321780512925498,36210898.0,75.9981158798422,25.2499524130611,0.816805456485284,-0.390399499999999,9.2313,2.0846195490085027
MAR,Morocco,2020,1.764,64.542,,,,,,,24.465690145891,28.95892984210606,86.9905663275134,84.07889382704052,135.088404811169,5.74683480916137,84.12036305,11.1,62.0933436005366,1.16907334587558,3090.89428710938,0.296128236742874,36584208.0,68.8438033904364,26.0436433872433,0.142417962079094,-0.409449199999999,9.0932,2.02818014603429
MAR,Morocco,2021,1.902,70.275,,,,,,,22.48729997511588,29.32323235382166,82.70385903398422,78.24755135469225,138.911268095998,6.14617858388986,88.13031937,10.9,62.3173276600289,1.59422321445366,3309.130859375,0.391702933228196,36954442.0,75.5234171756506,25.9539090511005,2.41520355664963,-0.4686437,9.23,2.0823720162741983
MAR,Morocco,2022,1.869,69.779,,,,,,,21.61427395295077,29.54945704783671,84.84312596669969,79.68032960607505,141.870002419562,6.47150166958379,89.9,30.685273313118145,62.5118468550703,1.74814323662076,3334.91162109375,,37329064.0,100.906310201651,26.0855513037114,2.60335130813709,-0.492008,8.9536,2.035054188060206
MAR,Morocco,2023,1.829,68.961,,,,,,,20.91849209040804,28.23189806546072,79.54922828180116,75.93049684356119,148.155101338402,7.02184328513844,91.0,30.723680886224237,62.673750838878,0.725864122672683,3421.21704101563,,37712505.0,93.1178844179777,25.3229740167851,7.05168019026993,-0.534977199999999,8.45,2.025280660237752
MAR,Morocco,2024,1.814,69.062,,,,,,,20.21549541558468,28.45706158151912,82.35007354611722,75.16640439871492,153.057260079672,7.30282126551091,91.2,30.734017900451065,62.7998124018197,1.08850441035779,3516.15405273438,,38081173.0,92.1872446062404,25.6379794827026,3.96532013121269,-0.4408003,8.32,2.024070028196777
MCO,Monaco,2010,17.681726735115085,,,,,,,,,,,,70.602780206857,41.6126405934324,75.0,36.610971235296766,100.0,,141814.720026733,0.0,33163.0,,12.9223473621814,1.06946196046083,0.9409444,,13.141452080884665
MCO,Monaco,2011,18.24015734906881,,,,,,,,,,,,93.6457903729453,46.8980144936075,80.30000305,37.80719802142809,100.0,,148272.642343465,0.0,33946.0,,12.8252023227104,0.948018995559892,0.9310959,,13.59766643746963
MCO,Monaco,2012,18.084505441563785,,,,,,,,,,,,95.6325084267235,46.8381780991616,87.0,37.47376064155302,100.0,,146472.609057682,0.0,34711.0,,13.0162423374648,1.16156649694202,0.9300563,,13.470503910251633
MCO,Monaco,2013,19.009350148082643,,,,,,,,,,,,100.047958924592,47.6655288176715,90.69999695,39.45489810332587,100.0,,157167.901201149,0.0,35447.0,,13.9971636952998,0.778354745078474,0.9268798,,14.226064021089464
MCO,Monaco,2014,19.711523119054007,,,,,,,,,,,,93.2102524357839,49.2692648361382,92.40000153,40.959042309179914,100.0,,165288.122704322,0.0,36128.0,,12.62918561389,0.58684116777053,0.9378524,,14.799710295566769
MCO,Monaco,2015,20.156759589066453,,,,,,,,,,,,92.5537992763283,49.9333460293277,93.36329651,41.912793314857694,100.0,,170437.021128628,0.0,36757.0,,17.5917398696515,1.13341345923507,1.2059066,,15.163449783910895
MCO,Monaco,2016,20.38877217313056,,,,,,,,,,,,89.3255714132418,49.9356154093787,95.20819855,42.40979034364116,100.0,,173120.108465128,0.0,37276.0,,18.2559909686468,0.516331732930951,1.2026488,,15.352994033282263
MCO,Monaco,2017,19.754205284361134,,,,,,,,,,,,87.5258771697011,51.1120547799777,97.0530014,41.05045466212237,100.0,,165781.701248644,0.0,37678.0,,12.801953584793,0.587452398663714,1.5452189,,14.834577624623133
MCO,Monaco,2018,20.381991079275526,,,,,,,,,,,,85.6764690464958,51.5909210043508,,42.39525364535933,100.0,,173041.679774743,0.0,38154.0,,13.1470370674776,1.1147767446366,1.5480267,,15.347452849805897
MCO,Monaco,2019,21.4664362798704,,,,,,,,,,,,88.6483507832795,53.7300900049857,98.0,44.7182871043819,100.0,,185582.66851648,0.0,38109.0,,13.0361610188765,1.20921163106718,1.5488694,,16.23340134914377
MCO,Monaco,2020,19.363451217625002,,,,,,,,,,,,93.2588699080158,54.8672798948752,98.57080078,40.213400424177294,100.0,,161262.850134167,0.0,38050.0,,14.8961444474613,2.97930407095748,1.2062355,,14.515346601836377
MCO,Monaco,2021,22.252642235116618,,,,,,,,,,,,97.1422638668985,54.9173307031433,99.07759857,46.40244487610331,100.0,,194674.686164262,0.0,38527.0,,12.5457762416163,1.22173013647281,1.2044193,,16.875699606344288
MCO,Monaco,2022,23.954829622532973,,,,,,,,,,,,100.061647530246,55.2284811589736,98.75189972,50.04876283610104,100.0,,214359.505134575,,38931.0,,12.2757894484929,3.01745777692324,1.3786309,,18.26631814403509
MCO,Monaco,2023,24.951383233838232,,,,,,,,,,,,104.060991888284,55.8835609405483,98.87049866,52.18351939987429,100.0,,225884.077199125,,38956.0,,11.5023778642456,4.99251887813831,1.3791391,,19.080462620286184
MCO,Monaco,2024,26.792029696321155,,,,,,,,,,,,107.400792109963,55.6780823690818,99.04489899,56.12644485740933,100.0,,247170.10380708,,38631.0,,12.7969646852807,2.38664843637963,1.2387076,,20.584197774187608
MDA,Moldova,2010,1.33,4.831,,,,,,,49.7539824357856,32.43536216664832,29.84781978356822,28.204123562094,70.2257053429633,7.4547521029782,29.68000031,20.0,39.2804946899414,4.25879212676733,2269.51116145996,0.13247898619691,2862354.0,87.9378518951573,20.4338917212317,33.3049320977984,-0.0745102,1.1148,1.8707425140422966
MDA,Moldova,2011,1.39,4.945,,,,,,,53.42370667466401,35.99649594627005,33.03752923261521,30.18390473799861,90.4419573908726,10.0167937961344,32.06999969,20.4,39.3469161987305,4.43147611475958,2402.94446306051,0.168687807572078,2860699.0,98.6175965326556,20.9107204171007,8.19079859862242,0.1492997,1.208,1.8952109621948638
MDA,Moldova,2012,1.368,4.766,,,,,,,54.0052711174566,39.07664096517612,37.70471243101765,33.16452315158934,102.918975508711,12.0173397889983,34.65000153,22.1,39.3614196777344,2.88432657387508,2389.08666147529,0.168529747001159,2860324.0,96.3064098336294,21.3145109050194,7.42422201997522,0.1385944,1.0728,1.8842624428070969
MDA,Moldova,2013,1.437,4.899,,,,,,,55.01901311392366,42.56667296342824,43.41060522082119,35.2850898478813,108.451690919044,13.7695240878002,37.43999863,23.8,39.4275512695312,2.54698521289676,2605.85029986142,0.282675631947635,2859558.0,95.6872968332383,21.6032575380958,3.92385122182326,0.1501042,1.1018,1.9127778197214136
MDA,Moldova,2014,1.423,4.755,,,,,,,57.52004373565456,46.03305275294248,35.41818209719294,30.05468791688936,111.829207986696,15.2330041292856,66.9999982002077,24.3,39.6298484802246,3.67896919655633,2737.80185056647,0.305194557556724,2857815.0,94.2282919690928,21.1263772009346,5.14320721702923,-0.0788413999999999,1.1124,1.9129466274313858
MDA,Moldova,2015,1.456,4.785,,,,,,,35.5768144390981,41.95907933241509,32.11594502031492,24.8055264723011,112.958678058046,16.2569619282762,69.0000044661932,24.7,39.6954040527344,2.89663554883048,2749.55137054338,0.329718543865743,2835978.0,88.9664154565323,21.1076657265026,11.5743149591168,-0.1714471,1.118,1.923442947982878
MDA,Moldova,2016,1.516,4.907,,,,,,,35.76902078026498,45.90723403209469,32.57642806594988,20.97665402057258,117.008370513998,17.2155177259579,70.9999991066624,25.3,39.7373237609863,1.09561343852844,2910.95486872376,0.268595627765572,2803186.0,89.0046837188671,21.1944646085144,3.5508738308871,-0.1842961,1.1017,1.948766928333314
MDA,Moldova,2017,1.594,5.09,,,,,,,36.13660624745809,49.33432331174714,34.03091087765323,19.01812664349369,117.321043357799,18.2974964435539,71.76709747,26.1,39.9736557006836,1.5715119911375,3085.33305844263,0.260534449680804,2755189.0,88.6233902754378,21.0188767695091,6.25246649143298,-0.181840299999999,1.1299,1.9801350299458584
MDA,Moldova,2018,1.697,5.351,,,,,,,36.93636483768188,52.21563128606457,33.5172975968434,17.9424111389865,115.31999925169,19.7583973228257,72.54239655,25.3,40.3258094787598,2.75177990255296,3267.9961042872,0.262039473546905,2707203.0,87.4467874275648,22.1479763600006,3.21103213223728,-0.2383059,1.0987,2.0229988966560355
MDA,Moldova,2019,1.728,5.378,,,,,,,33.96878988759419,53.19905523718263,32.05133343178395,18.74900805370663,116.105189229966,21.54270340639,73.32610321,22.0,40.772289276123,4.44218297010915,3438.67732670712,0.249756859922812,2664224.0,87.6322371148906,21.9233489252916,5.35171200346649,-0.1474608,1.033,2.046659653501807
MDA,Moldova,2020,1.666,5.113,,,,,,,31.87394613208241,53.12324355347068,38.58508077944054,21.95924301143772,111.444672775453,23.4268592640718,74.11830139,22.3,41.3368530273438,1.35047634241375,3188.91691602699,0.245939852669041,2635130.0,79.265722119158,23.1345230028419,5.57500940096507,-0.149089399999999,1.0026,2.0152620908161953
MDA,Moldova,2021,1.905,5.76,,,,,,,31.21300390669097,55.57554945982689,36.79085371679864,22.26710920786386,128.983642317657,25.2112754309344,74.91899872,21.4,41.8115425109863,2.8200678267721,3688.16729442144,0.235942049452034,2595809.0,88.4708865399267,20.6312606801817,6.38172855134019,-0.0451684,0.9491,2.116079271337588
MDA,Moldova,2022,1.702,5.173,,,,,,,29.21894298740416,57.74455512425975,34.48300912201151,21.30717617888418,137.182551887592,26.317794331222,74.91899872,38.5119699598049,42.4048843383789,4.03446735088075,3610.14315344719,,2528654.0,112.117671579766,19.0908218110745,18.9149687443032,-0.2465629,0.9251,2.0145699881207886
MDA,Moldova,2023,1.738,5.329,,,,,,,28.88500817221974,63.21138232054426,37.50938849049374,19.97368112319922,129.546081439289,27.3086365814931,76.50330353,38.287575364683285,43.0011825561523,2.15951089914844,3758.3688194082,,2457783.0,93.9946211488052,17.687867818777,9.29076127122789,-0.2678685,0.9269,2.033122290554923
MDA,Moldova,2024,1.755,5.327,,,,,,,28.33337159816913,68.40709054364592,39.14734665791814,23.7561899605448,120.083487069521,29.6324400873685,77.3687973,38.10795105620087,43.516471862793,2.51754698286646,3855.56940382925,,2402306.0,88.8924378793564,16.8013404052018,6.42522609005312,-0.3449915,0.9268,2.043211317056132
MEX,Mexico,2010,4.017,456.409,0.591715570925241,0.27281789103832,0.268488727110558,0.0815117948909129,0.0351690265343266,1.74407783468235,14.20125722983349,45.52748622508125,19.66486609470913,15.22932079294161,80.4262985351805,9.31394316309963,31.05,9.4,76.5244441414713,2.76223720236461,9389.06722076504,4.9517973655552,113623895.0,59.2733845336286,32.5394870488458,4.3729644012068,-0.8229063,76.761,2.9937808451817
MEX,Mexico,2011,4.194,483.302,0.575369788120024,0.24754801884292,0.263145260842345,0.0700134525210003,0.0304779880110803,1.67662587550519,14.53117510837594,45.22516484012937,19.41709526817503,16.12727272346094,82.0725244522242,10.0362003918243,37.1762954125184,9.1,76.5667802279537,1.9442261568419,9575.93437734618,7.12685649981166,115243504.0,62.1623872764498,33.823102211647,5.66963368639802,-0.7251572,77.5786,2.86318038384256
MEX,Mexico,2012,4.293,501.492,0.581735329627398,0.232652240022263,0.265772454917209,0.0680812841327871,0.0361029741249629,1.75418722507289,15.01334980938629,49.16814778124181,19.47629529550386,16.64247905696636,86.2256233206385,11.1945528217656,39.75,9.0,76.6585199140734,1.45258915061197,9782.51776251839,6.64761771453207,116818208.0,64.2579318938989,34.0963424850396,4.54221493127187,-0.8010179,76.2762,2.93853150789751
MEX,Mexico,2013,4.186,495.412,0.53647152028943,0.240009845091048,0.267166670391382,0.079365353385501,0.0360777547816185,1.71996494270853,14.96103413056557,49.1331403600454,20.20170483842309,17.87426283816553,90.2012422761648,10.7719183026526,43.46,9.2,76.7955768077952,3.83670268116194,9738.71059661101,5.63992841356242,118343573.0,62.6916747661852,32.1682751220869,1.70388281395313,-0.804453299999999,77.6765,2.87905608664751
MEX,Mexico,2014,4.041,484.045,0.549690889876677,0.229369405861075,0.263534536982736,0.0911192320296764,0.0396607211019886,1.52031838808717,14.86625519916984,50.93090486141924,21.04366184594539,18.45292184540025,87.6144646415609,10.8799928230972,44.3856962723411,9.8,76.9741367091766,2.08415748539387,9862.4812534745,4.74356172979305,119784261.0,64.0984090315875,31.9175541245121,4.3683689015276,-0.959658599999999,79.0669,2.69369317393932
MEX,Mexico,2015,3.96,479.434,0.531356298126502,0.22266802043561,0.264162441987823,0.103653943609638,0.0365828788580397,1.48241805004817,14.08043750962955,53.49602939804524,22.3149356962191,19.98569928530408,88.9454290232153,12.1891508368561,57.4310429923633,9.2,77.1903854182753,2.98783786611186,10021.2386113616,2.18360553071428,121072306.0,70.4129746799259,30.8402536108172,3.22542891110768,-0.892263399999999,80.5517,2.64084163306579
MEX,Mexico,2016,3.917,478.828,0.5520084756031,0.226317583422555,0.270765159228986,0.106579908823343,0.0401454890914342,1.46015556870545,14.1967874665804,55.28377456852395,23.24693813863804,20.90245226826842,91.3941924453661,13.0255992017626,59.5404459967255,9.2,77.4405087351486,3.49768027047347,10100.5021195819,1.97524669608099,122251351.0,75.6903034088551,30.6167913885108,6.07758784214809,-0.833912099999999,81.3619,2.65597218487486
MEX,Mexico,2017,3.763,464.407,0.548158185322923,0.221721283860747,0.286874408798191,0.105944794973862,0.0442577115230781,1.4953218845644,14.2327241548633,56.41575033398558,23.40068093848099,21.05912801851246,92.6493518556478,13.7767213511093,53.0317886110982,10.1,77.7206924598541,2.78307493364523,10193.7727188313,2.36148896456378,123400057.0,76.95212604414,31.958684665724,6.56759491106902,-1.0455954,82.4087,2.7022782690432
MEX,Mexico,2018,3.76,468.421,0.548399871501919,0.214215810414613,0.281300602580576,0.101319340377284,0.0447555183577298,1.46032418228482,14.07307564525824,59.73988831378352,23.66817109383554,21.44692710402269,96.4612204576614,14.7373951154108,56.6595667981289,10.3,78.0271223924494,3.0141785043816,10296.8690940459,2.8911069990433,124573711.0,80.212661650262,32.043865451756,5.2044999746979,-0.927316799999999,83.5417,2.65031532551694
MEX,Mexico,2019,3.723,468.236,0.537132049192849,0.20769492270408,0.281390605012396,0.0863883865618356,0.0438235843634174,1.46210705873753,13.96222635337243,62.56174261021668,23.99060833291331,21.51765472419526,97.0358606795758,15.3885155172291,69.6321092705209,10.3,78.355984332992,2.29651449559824,10159.4448367696,2.09126302062882,125762982.0,77.4619722509459,31.8382961469653,4.31901023627729,-0.8974274,84.4681,2.61853660657211
MEX,Mexico,2020,3.383,428.937,0.523259083780351,0.202648528624231,0.263462128503944,0.0789715814549398,0.0395008747324349,1.20795826765869,13.0323300879198,63.30765204592878,27.69877878564905,22.01456409136939,96.9237451881936,17.7520559419946,71.49017499,12.3,78.677960602824,2.81400875229273,9234.64362226594,1.55983378352436,126799054.0,76.8545557151738,30.9999803863186,4.6197901253924,-0.7772933,85.4664,2.31580046475459
MEX,Mexico,2021,3.501,446.838,0.566132780281001,0.205708877707228,0.28296531419785,0.0784337561632307,0.0410341420698529,1.37175747749019,12.25181938095138,63.68817342919288,26.08375909565849,20.79074238546659,99.09481491263,19.2796725887476,75.62650476,13.0,78.9324007418057,2.70530313479407,9728.05680024504,3.64307338835023,127648148.0,83.0692976264524,31.9695289911386,4.48797274268482,-0.736204699999999,86.2644,2.54603234790935
MEX,Mexico,2022,3.528,453.799,0.540429342123453,0.204458923441644,0.272318181255017,0.0832259860562991,0.0418486181193416,1.40436930618781,12.38191712093923,66.46093432276795,25.80196870802229,21.13737509256054,105.720624125765,20.6070256426489,78.63217894,25.87679890711989,79.199683215791,2.67267286267437,10013.2479227064,,128613117.0,88.7984855897261,33.1638305146891,6.66664946787341,-0.5890439,87.0094,2.54665035718357
MEX,Mexico,2023,3.532,458.254,0.545384896120484,0.206868893344317,0.262271321652257,0.0970458285775448,0.0418855533339987,1.47079713554877,12.20290364432475,68.81649245371494,25.76945444591578,21.32624028756004,111.735420288549,20.752917384408,81.18318755,25.55972079054372,79.4734935748046,1.7099038174861,10234.6840265651,,129739759.0,73.7390758255664,32.4707165626052,4.67637404757288,-0.5984727,87.6935,2.62425362857738
MEX,Mexico,2024,3.523,460.988,,,,,,,12.03996799680543,69.97434233623441,26.75829713259579,22.58498202836826,116.486713265167,21.7367225364543,83.12233799,25.312285576065477,79.7538805976118,2.48429388161511,10284.0336925726,,130861007.0,75.4259015415068,30.988479521483,3.74662735889912,-0.7154541,87.238,2.67192784879309
MHL,Marshall Islands,2010,2.604,0.136,,,,,,,19.10645479731236,3.184409132885393,63.3941050491405,41.60044111941639,,,7.0,13.7,73.4115658761809,-5.80799077083683,3441.31888402121,0.0,52044.0,144.804965859714,14.622905027933,0.955505038419616,1.3502698,0.0,2.3497326487446357
MHL,Marshall Islands,2011,2.611,0.136,,,,,,,19.17852005753556,6.39284001917852,56.9916413425003,37.95573669856944,,,10.0,12.3,73.8553711172585,-2.5425891687052,3433.06297801838,0.0,51907.0,153.240162507255,13.5373766686013,7.49236624469398,1.5682717,0.0,2.3542915814685763
MHL,Marshall Islands,2012,2.636,0.136,,,,,,,19.25236643670785,6.417455478902615,47.03712375878182,34.75213378884116,,,12.5,12.0,74.2705132518924,11.8283407902975,3420.91444796671,0.0,51419.0,157.517100166021,13.3474266740454,6.2465252080586,1.5672321,0.0,2.362459308611579
MHL,Marshall Islands,2013,2.746,0.139,,,,,,,19.35046924887929,6.450156416293095,48.69626252309281,39.38385761579231,,2.53349381424992,14.0,12.4,74.6790601806083,17.4614535003172,3602.92811901896,0.0,50681.0,161.91974248927,13.8843347639485,-0.630564720016054,1.5640556,0.0,2.405257518493351
MHL,Marshall Islands,2014,2.795,0.139,,,,,,,19.48494787776443,6.494982625921476,63.90692687741017,42.6816663404846,31.126998152462,2.75524138485019,16.79999924,12.2,75.0790555372177,4.86434681611556,3620.77275283155,0.0,49796.0,149.853494623656,14.5738172043011,1.05832196696491,1.5750282,0.0,2.4223227592826433
MHL,Marshall Islands,2015,2.927,0.143,,,,,,,19.65988400668436,6.553294668894787,83.27270959967377,48.94722067257824,31.7622950819672,2.04918032786885,19.28240013,11.7,75.4702568207363,-2.9361124111434,3764.34426229508,0.0,48800.0,138.489820359281,11.298856831791,-3.06451612903226,1.1425008,0.0,2.4723184683144774
MHL,Marshall Islands,2016,2.994,0.143,,,,,,,19.90379830817714,6.634599436059048,90.83864308865412,50.1148278111052,,2.09604057934562,29.78779984,12.1,75.8524215301796,-1.51429506881848,3946.8444109078,0.0,47709.0,116.326362735382,15.2969772051536,7.16941051513543,0.8824277,0.0,2.501164645415681
MHL,Marshall Islands,2017,3.149,0.147,,,,,,,20.22449185964203,10.11224592982101,106.3192627519647,55.98878650919539,34.3871563970857,2.14919727481786,38.70119858,12.0,76.2253071645634,2.73069605974974,4190.93468589482,0.0,46529.0,125.145250350959,13.0123069723912,2.25841782928005,1.1385207,0.0,2.5621921315928535
MHL,Marshall Islands,2018,3.235,0.147,,,,,,,20.59449440516235,10.29724720258118,99.84529100866696,54.79311734984638,,2.2082367229767,43.88249969,12.0,76.5886712229035,4.43275061931595,4542.34293916308,0.0,45285.0,128.482272727273,12.1986818181818,-2.40704270817953,1.14243,0.0,2.6052120315077953
MHL,Marshall Islands,2019,3.329,0.147,,,,,,,21.00399075824407,10.50199537912203,89.69508027942847,58.24100950008076,36.3578521598836,2.27236575999273,49.75749969,12.1,76.9422712042154,2.21765571320359,5162.81500670348,0.0,44007.0,153.007728638901,14.4171747531129,-4.15426936619718,1.1508696,0.0,2.662184198714821
MHL,Marshall Islands,2020,3.43,0.147,,,,,,,21.46613716861651,10.73306858430825,105.2227986533789,53.85805536608161,37.4654615276542,2.34159134547839,56.41910172,12.0,77.285864607515,1.25933048526425,5172.57528216176,0.0,42706.0,107.825971877585,13.3453680727874,6.78233643895216,1.0394581,0.0,2.695612769305682
MHL,Marshall Islands,2021,3.541,0.147,,,,,,,22.11900022119,11.059500110595,109.7332325707418,47.24665451810237,38.6781734232601,2.27717746029444,63.97259903,12.1,77.6163157431143,0.191172075059349,5455.31704015278,0.0,41367.0,120.056192355466,11.195790932284,5.75824038734594,1.004613,0.0,2.7436230413573446
MHL,Marshall Islands,2022,3.702,0.148,,,,,,,22.89814143418693,11.44907071709346,122.4788053527016,48.9321614129616,39.7060658232902,2.35047533498016,64.26719666,12.2,77.9855966195187,-3.02876794027796,5591.46393193103,,40077.0,128.337974710453,9.59066339161305,-0.266663488511512,1.2819745,0.0,2.801593278192672
MHL,Marshall Islands,2023,3.802,0.148,,,,,,,31.55569580309246,11.83338592615967,111.2879142357089,39.58947839652319,,,64.07589722,22.702921734153556,78.3593928884282,3.46562701866571,5460.11795915213,,38827.0,118.181818181818,11.6729924242424,7.85813849279103,1.2823827,0.0,2.808652726928708
MHL,Marshall Islands,2024,4.112,0.154,,,,,,,32.51635979352112,12.19363492257042,91.28412704000756,35.75386928659713,,,65.915802,22.152256489075725,78.7325660244112,4.68730725530449,5832.53435602429,,37548.0,118.245614035088,13.4123859649123,4.50394354503945,1.2772187,,2.9264034562861623
MLI,Mali,2010,0.131,2.088,0.432047434537614,0.611934746165035,0.152228640204314,0.0262349299698609,0.0135085100032443,0.173944545244446,3.428240229722938,2.550420932146822,25.29531899469615,17.7500817087289,46.6622176783255,0.0502910029715529,2.0,84.0,23.1359461824894,2.92612695497784,821.181286586904,7.66975245102324,15945198.0,48.8166953656891,23.7762389658198,4.20663260033768,-0.130322,15.5086,1.40989880612451
MLI,Mali,2011,0.138,2.279,0.364672097405381,0.600392309484997,0.150622102970977,0.0256331349090121,0.0138590218673138,0.168846691059008,3.989346369810103,3.032364437167795,23.79572003529107,18.36598693420515,65.7107159010821,0.0515026702513302,2.2,83.6,23.6379674039304,3.60372353520623,818.399030997125,8.91011559605289,16469049.0,43.1814699134793,23.9979253886532,12.485597880222,-0.7719954,16.0939,1.32402535769669
MLI,Mali,2012,0.144,2.437,0.450137074586729,0.538225749905997,0.148673799005736,0.0208146417719991,0.0150948243130579,0.147686667213026,4.527118792948506,3.175740048784773,24.10330963610375,18.49218243298554,86.1756593856956,0.02547615493819,2.799999952,81.2,24.1606168848588,2.6890124945952,786.323471337187,12.1110881558093,16957033.0,49.4252356224725,23.4100351455807,4.85459786800335,-1.9634653,16.7707,1.32063275679654
MLI,Mali,2013,0.157,2.743,0.4013091909776,0.526981727791398,0.149391779354031,0.0246288919861914,0.0159676311588231,0.157583974610625,4.757829238761606,3.768903992829633,26.03486552903958,20.55600744688658,113.114584714497,0.0166613066782973,3.5,84.8,24.7033626854883,1.95552894418838,788.819448208696,8.51315574828752,17459615.0,54.603243985999,22.6884096462692,-0.317559104646421,-1.6463052,17.2464,1.27586319587867
MLI,Mali,2014,0.174,3.139,0.481505574527632,0.510900678942761,0.151175417551582,0.0288204430135821,0.0165201268687389,0.157866630858282,5.299263935438119,3.774526022424736,28.35813401388657,22.11425838843873,130.439571178385,,7.0,84.6,25.2656728660325,0.844265987939144,813.97566128646,7.24892090404468,18020267.0,51.0786821873053,24.0582958026283,1.82208435035417,-1.59000419999999,17.8846,1.34678887176258
MLI,Mali,2015,0.183,3.399,0.456951494862186,0.495660950638852,0.149937197806211,0.0318079740033665,0.0175742567635831,0.168969220943196,5.687648021039748,4.074424218708474,30.69792056745144,24.36601431563939,122.082978226993,0.018818888075322,10.32999992,81.2,25.847015486705,1.7680955706499,838.11986940103,7.42711000514874,18593022.0,53.5751760102265,22.3555320283093,2.81854906621635,-1.5535933,18.5961,1.32090109501739
MLI,Mali,2016,0.223,4.286,0.44030181198461,0.453162045641354,0.146177429080663,0.0399482888523622,0.017563231252767,0.180654794197166,5.708135805964241,4.376237451239251,30.42047060556749,26.49864790502592,105.348301513254,0.111738195386459,14.0,77.9,26.4468586077195,2.129006916198,860.75307554569,8.99083015150657,19191289.0,53.6126193604252,21.8908239361417,1.60005889699406,-1.5338819,19.9819,1.27780760100892
MLI,Mali,2017,0.241,4.767,0.448625429395316,0.381144843163353,0.141814604509981,0.0416592297860647,0.0171157076573474,0.191746689669597,4.833070678380067,4.44565018311914,30.77013199052109,26.35809091656488,111.210305187838,0.0777267019132024,18.89999962,77.0,27.0646702892896,3.0627942747803,878.561348378099,7.81614668872422,19813011.0,49.4919984941972,22.1743386291663,1.67388511022737,-1.71864139999999,21.1141,1.22210650418166
MLI,Mali,2018,0.254,5.198,0.443643291416814,0.389073925737491,0.13703128333295,0.0313258181647181,0.0188548422597265,0.185952698315118,4.711060718267236,4.91711108765467,30.6051904015976,26.47900163850984,107.404034726492,0.591594866067607,21.39999962,77.2,27.6999185916288,2.29426079238045,892.978322787306,7.74269774600288,20442030.0,50.6998462523276,23.2080317204235,1.47979493736443,-1.87828559999999,22.1493,1.20588185922682
MLI,Mali,2019,0.266,5.594,0.484067943890415,0.422468300883011,0.134721338554361,0.0370198177424065,0.0188864482312446,0.215403086503303,4.654167721173701,4.98014055767614,30.91409479604493,26.76498403609992,108.814511587375,0.676472661314418,24.96030045,74.9,28.3520715749509,4.19531107984596,909.751069706998,7.85842877214771,21068405.0,53.9987132798636,23.0829741121544,1.00124513666175,-2.05500729999999,22.8058,1.31256693580474
MLI,Mali,2020,0.292,6.33,0.468186901371602,0.377139024436275,0.130916033203816,0.0360230956464886,0.0187177198862924,0.224736541724822,4.379756920868283,4.650759844115622,36.34338041706142,28.06699035374754,116.587405376001,1.12281404354348,29.11300087,72.8,29.0205972994693,2.5936673302322,872.389426815267,9.46967710138959,21713836.0,56.0415474422019,26.7389536942111,0.473313578214004,-2.0594968,23.4767,1.2557193162693
MLI,Mali,2021,0.33,7.393,0.391216393548349,0.37046727714709,0.132356898430984,0.0386584530571985,0.0168856504426955,0.251121533929844,4.283788147112368,4.494604492934827,41.77924528996342,28.83908712627505,108.693122357196,0.648338018002888,33.95650101,71.2,29.7049638253978,2.78245724174957,872.332509422409,18.4178821970492,22388630.0,56.7150525565465,25.7140408570411,3.83078832100674,-2.3319481,24.0787,1.20070620655616
MLI,Mali,2022,0.304,7.02,0.409202452552664,0.371692706637239,0.127301706804868,0.0411587455986615,0.0180080622874063,0.223523542697967,3.988226105397909,4.321934820339367,38.41968993627595,32.02176129533293,112.119852778009,0.774220028570636,35.19919968,71.1,30.4015705681899,3.17422530916772,877.817842434642,,23072640.0,61.5613274861987,25.8229787953173,6.30157800308615,-2.4680844,23.469,1.19088721657881
MLI,Mali,2023,0.284,6.743,0.397900351562101,0.35740882480479,0.123570158667677,0.0429940327212989,0.0181264581554166,0.227863587607925,3.866118212222073,4.227584549137144,35.01960567051122,32.3079235076396,,,36.03879929,51.4475102097048,31.0031889023235,2.83542408045107,892.689219532429,,23769127.0,57.6291572269296,26.8809778070534,2.0382877043731,-2.5578431,25.8541,1.16786341351921
MLI,Mali,2024,0.285,6.979,,,,,,,3.640883572659483,4.240112327326356,33.1822337402938,27.64622702437346,,,36.80149841,51.36604494232522,31.6075621182225,3.44170555566452,910.300376300627,,24478595.0,49.7664846904175,24.4493818887214,2.8071329943578,-2.49096199999999,26.6393,1.13010390386718
MLT,Malta,2010,6.197,2.619,,,,,,,39.54390796226544,52.34589255436576,126.3644180183331,113.3380259111908,107.790825054241,29.7855677615811,63.0,1.2,94.2412435620154,101.626394392913,20750.6382477568,0.0,414508.0,178.232954637612,17.4446150932217,2.76562470872177,1.2175773,0.0557,5.58743354699564
MLT,Malta,2011,6.142,2.608,,,,,,,41.49846145159924,55.33128193546566,130.8156068706632,115.2612899556364,122.871784244091,30.3037011219232,68.0198237885462,2.0,94.3155916422812,79.748918912388,20867.9213022084,0.0,416268.0,192.02734125861,16.4455468006443,1.48263343132071,1.0020842,0.0522,5.68874889613999
MLT,Malta,2012,6.444,2.749,,,,,,,37.94642857142857,60.26785714285714,129.4070459255298,107.0883748913697,124.757214417819,31.8224330830663,68.1998742928975,2.7,94.3626256493653,34.5864948714194,21529.3882643778,0.0,420028.0,199.213864790311,15.0753249163309,2.16063836145139,1.0126603,0.0538,6.03535317311936
MLT,Malta,2013,5.671,2.43,,,,,,,37.98618183820089,58.90610806793471,129.6159618176003,98.49435382685068,129.921671505793,33.3783014199957,68.9138,3.2,94.3906567856206,4.72416532328184,22626.4876843887,0.0,424810.0,187.432252396507,14.5596009832726,2.25515064392079,0.9719428,0.0535,5.29357090069323
MLT,Malta,2014,5.564,2.417,,,,,,,37.16571059222752,55.47924914491934,131.3963234061575,92.75297535899873,125.718724466898,34.8819867199098,73.1141157845193,4.5,94.412512773898,1.31122424310897,23866.0555833557,0.0,433481.0,181.301126701735,13.0760491486843,2.27079151833954,1.0486158,0.0539,6.000502898183
MLT,Malta,2015,3.815,1.697,,,,,,,37.2697542820848,55.37970530647811,129.2875731308823,81.70113683057114,117.794018171562,36.6768468766082,75.9600189752747,6.0,94.4387696268011,32.1027480550593,25529.6693210673,0.0,444220.0,207.196020605057,12.089414407002,4.20061778303513,0.9507103,0.0557,5.56739325892237
MLT,Malta,2016,3.022,1.376,,,,,,,34.34409191914273,55.10432658668423,128.3745846488039,77.72244875417653,128.59869659476,37.6179796999137,78.0751488032182,9.2,94.4800033569336,23.0840309905395,25969.4999809345,0.0,454505.0,213.35947198583,12.2788371002364,2.12536920875499,0.9368787,0.0545,6.08374151841724
MLT,Malta,2017,3.285,1.537,,,,,,,32.12383364336568,54.78483257008101,116.8582528299178,69.7208771747888,129.249073523943,38.7512769768028,81.0119110762945,7.3,94.5691806330314,299.824774271215,28546.6464943104,0.0,467106.0,213.047591305197,11.4557593900339,2.13572793737509,1.082828,0.0525,5.68748553238558
MLT,Malta,2018,3.194,1.548,,,,,,,29.48671539566138,52.26100777442423,111.8316201950492,68.34032722647055,127.093763801237,39.5892751744889,81.6580442928014,7.6,94.7242373261706,452.220863014151,29536.7913868949,0.0,483903.0,228.098551105175,11.5164037845642,1.79830463597945,1.1121321,0.0531,5.88373080270617
MLT,Malta,2019,3.272,1.649,,,,,,,27.31820195726882,48.43815641162791,110.6878074851653,68.57518740321498,125.866492068688,40.1799549616579,85.7785963798031,7.4,94.9332032524644,198.199646841408,29522.6480165028,0.0,503912.0,233.070440941958,12.0663260696716,2.50605980096239,0.9193493,0.0525,5.46181503065736
MLT,Malta,2020,3.089,1.601,,,,,,,23.50249909907087,45.43816492487034,123.8610973835692,75.29808100564492,122.175694268893,41.1094408219109,86.85876183,9.2,95.1841082280263,191.921868144409,27861.80732148,0.0,515490.0,242.361190373928,12.2128635063165,1.93606292720301,0.9914658,0.0524,4.86470508598553
MLT,Malta,2021,3.073,1.611,,,,,,,22.90828456982467,44.70451649062873,117.0590422278457,68.85861287343639,123.941408455002,42.1830899964911,87.46977742,8.6,95.5145343617045,433.606839879867,31419.5031714693,0.0,518150.0,220.072294790099,11.4526696919379,2.46807412821946,0.9318346,0.0525,4.53787897339234
MLT,Malta,2022,3.359,1.774,,,,,,,22.12845350312944,42.52134202562128,110.6767761357417,67.20165845648604,132.861156549134,43.4449972737186,91.54062209,21.248391298290443,95.6003155132879,114.989519881534,31447.3917315418,,531113.0,244.581535518883,11.2878653084827,5.08689483963084,0.9316852,0.0526,4.61999407746256
MLT,Malta,2023,3.317,1.768,,,,,,,21.6643648279037,42.07886245419757,100.9415214001582,64.84757623821648,140.59359496844,44.282454836797,92.07266941,21.024110174103534,95.6272277147965,108.735270770721,33429.8172092336,,552747.0,221.133296375593,11.0677282459092,5.16394498940494,0.9382841,0.053,4.88712627224969
MLT,Malta,2024,3.204,1.729,,,,,,,20.81973144567768,41.23519626134221,100.3492697893164,63.13735148392136,142.070062100751,44.5068355303026,93.86029816,18.604084971434794,95.6546264490509,170.053519530959,34501.7892727094,,568847.0,217.730272683658,10.5680585390311,4.10303845280858,0.8049169,0.053,5.71687169252258
MMR,Myanmar,2010,0.268,13.125,0.546322263012738,0.0066265066734419,0.337082272484842,0.0428554363431867,0.0559738408068414,0.0947812384319009,1.540755659349044,,8.72545703866592,2.747861277405875,1.21164199479353,0.0468134407079318,0.25,84.6,29.1415329218024,1.81897202342465,854.932478016035,7.98804207462158,49024382.0,,26.4680642743774,7.04321189366061,-1.0884224,81.8215,1.08364155775295
MMR,Myanmar,2011,0.306,15.122,0.514960836453584,0.006086160420955,0.352862926488947,0.0425375898825158,0.0563856379188159,0.0983058434394854,1.688876609777148,,11.24615171881358,4.000722645338506,2.51643773692417,0.0443101573417305,0.98,83.8,29.2724765136213,4.20127651183029,895.512538750361,7.3614633514873,49419820.0,,31.2916488307023,10.2545766682247,-1.084601,78.9538,1.0711389946043
MMR,Myanmar,2012,0.237,11.826,0.508117978187555,0.0070631429838893,0.357334025181546,0.0415086174846897,0.0545585637253234,0.108232159791528,1.873724787746006,0.0913337045725527,14.06644182304143,5.668950866431427,7.48356366415727,,1.399999976,78.1,29.3956289363345,2.22540068514517,953.123081923425,5.95623957618071,49837446.0,,32.3730207966326,3.13009695263828,-1.05965779999999,76.8153,1.07681448735453
MMR,Myanmar,2013,0.253,12.715,0.535606653358423,0.0059177835707799,0.357013272294115,0.0401971983442566,0.058895750773924,0.145583131554067,2.76361923575114,0.6117101865694222,20.99156897978121,8.133048824266902,13.5933519472846,,1.799999952,75.6,29.5103946237239,3.74085607932619,1024.69060473254,5.85283366421301,50262658.0,,32.3622196006021,4.37807084310651,-1.2724274,77.9153,1.14321378989557
MMR,Myanmar,2014,0.313,15.849,0.450487634675614,0.0073421530190482,0.361548005524549,0.0430746667100799,0.0551993384277024,0.216791452596618,3.426542847422059,1.701139682709142,24.84364014224644,10.19249315506961,57.2778336231227,,7.400000095,72.0,29.6164342116462,3.31904421407388,1099.24387750099,7.88242876018736,50681634.0,,34.4897147952325,3.91022519271547,-1.1507422,78.9817,1.13444325095361
MMR,Myanmar,2015,0.428,21.88,0.449202111114208,0.0070893494044021,0.356276738277124,0.0461860496075849,0.0563476826297245,0.235453429785835,3.400880447201131,1.978742499820235,27.04251546742955,13.06093079885946,80.2397229653255,0.0644384582091319,10.89999962,70.0,29.7166821191682,6.85124098710894,1166.73305546337,6.61317909325215,51089056.0,,34.4688212621502,4.13669673912931,-1.123947,80.1879,1.15055536081888
MMR,Myanmar,2016,0.411,21.144,0.546243328362785,0.0105360713607221,0.355168098102923,0.0471430438636392,0.058671077374909,0.256991712481344,3.447290040563288,2.699938611922087,32.33063199875247,16.28238159738336,98.2342601991436,0.174162128034933,16.0,68.8,29.8129165582094,5.17880132517466,1225.37913970989,6.8108721648708,51495696.0,,34.8095048832944,3.61567809530786,-1.01961219999999,81.2739,1.27475333154632
MMR,Myanmar,2017,0.455,23.633,0.465712069365752,0.016804385803713,0.357681152596173,0.0450077056158121,0.0577686076527461,0.356023082489665,4.77766857887845,4.447367049473135,32.46285696516105,18.78206018991865,92.3917955157784,0.214986286331048,23.621081950267,59.5,29.9051727703437,7.27335555212816,1290.5640902569,7.82010371696471,51894938.0,,36.8009211203558,5.8734089465466,-1.24136,84.0609,1.29899700352386
MMR,Myanmar,2018,0.651,34.017,0.462682664610484,0.011363407185301,0.354964176779826,0.0463261164528342,0.0578004752966492,0.364568487528899,5.180443009673796,5.730897232151548,35.89866573845928,20.10848072381104,116.972136284863,0.246880529164931,29.37899971,59.4,29.993574050729,2.60563229851106,1361.5683126412,6.70278022169487,52272247.0,,36.9634615021809,5.34109463991011,-1.29787299999999,66.5883,1.29770532785399
MMR,Myanmar,2019,0.639,33.617,0.424811778115141,0.0124371433806325,0.347879129551905,0.0474115475206829,0.0588428316625125,0.352046851465134,5.717396862589927,6.995283427603348,41.91109457761696,23.58469577461357,155.669416939698,0.92296052297012,36.54050064,58.5,30.0782436945232,2.31211211194364,1440.98988236734,5.88188183004994,52640713.0,,38.4126110918443,5.42293300468495,-1.3625611,65.3282,1.24342928169601
MMR,Myanmar,2020,0.652,34.588,0.422858888202878,0.0102516791821581,0.342556693183898,0.0416542579353051,0.0582351090708642,0.327252346195168,5.820821506902335,7.5998258289253,47.15684680649724,26.23153729522475,148.158208114821,1.29924592186564,45.4477005,59.2,30.1593049968842,2.41393222885654,1301.31386350667,4.66301426840348,53016522.0,,37.5439155484288,5.34411000806585,-1.5318775,65.2727,1.20280897377027
MMR,Myanmar,2021,0.549,29.285,0.423941132942941,0.0101006646071858,0.333012611937454,0.0377508788802309,0.0594816568803822,0.287697201075055,,,,,127.240645128106,1.67276170937317,,62.9,30.2368812529698,3.11492561696787,1136.9956605414,8.6785038087485,53387102.0,,37.3108899934826,19.517209372101,-2.09394989999999,67.2703,1.15198414632325
MMR,Myanmar,2022,0.589,31.639,0.40038150030463,0.0121289472758948,0.332301203675496,0.0425477373128234,0.059663821928859,0.276077406494729,,,,,107.535089476237,2.09694638185872,,51.15611239293521,30.311095757938,1.98946076080719,1174.76697945755,,53756787.0,,38.2471357653023,6.16371648905898,-2.2412758,67.6137,1.12310061699243
MMR,Myanmar,2023,0.587,31.793,0.424450292435257,0.0105064552134762,0.327303460923227,0.0406310967053225,0.0601897333220971,0.279054964150253,,,,,121.027626770248,2.79829802446154,,51.06405758479971,30.3820718069466,2.27715131661601,1177.76649645563,,54133798.0,,37.5929250362669,10.7876664463339,-2.2086828,64.3751,1.14213600274963
MMR,Myanmar,2024,0.58,31.603,,,,,,,,,,,114.329042129489,2.86965759378273,,51.16771530402367,30.4499084074136,1.47879223317634,1158.47928097728,,54500091.0,,36.2,12.0402384080935,-2.0903985,63.9133,1.10717244999972
MNE,Montenegro,2010,3.832,2.422,0.737828968584912,0.402713362632615,0.649491641444674,0.0634553808523019,0.0231053661604997,2.11117755713894,39.77271591688102,64.1559889915518,39.94458539978049,66.62645669244726,185.100808748149,10.2303793142727,37.5,49.1,64.3069625751293,18.3288877062171,5917.91510729977,1.13777818472308,619428.0,98.8684992495822,17.1885067406217,1.82373659504221,0.5091882,,3.98777227681394
MNE,Montenegro,2011,3.805,2.407,0.714996781950904,0.330396033105863,0.476130118059528,0.0626412804851615,0.0243343858974315,2.24859716448291,40.20292526037365,66.07609498239628,40.57355942634437,55.24101426343758,183.204359810839,10.2281061123334,35.6115412460109,42.8,64.4210914835811,12.3507044573445,6110.65726880215,1.44368759270254,620345.0,106.752728264703,15.1880842120516,0.342477045376484,0.502446,,3.8570957639818
MNE,Montenegro,2012,3.493,2.213,0.660117713494651,0.353018101153276,0.564149963411972,0.0604475980736657,0.0208321517861975,2.183793307639,40.44224787529514,69.38620958996715,45.32823908140779,54.3010561632223,156.401963569782,13.8535846197557,56.8387825490631,45.9,64.5244008658951,15.1805619585204,5948.37632539014,0.935069599243676,621418.0,108.779987603414,14.8926108798408,0.374220028793729,0.6136633,,3.84235883555876
MNE,Montenegro,2013,3.397,2.151,0.484059699088302,0.357521632125391,0.478338534102639,0.0657730438962489,0.0957550457848142,1.96860151427268,42.28430066904038,71.33005860525037,45.42330636536593,54.05407495239378,156.964444205798,15.1169768888917,60.31,49.3,64.6252987959653,10.0960470508044,6138.24865275199,0.672962195676965,622587.0,103.785966371179,15.5405922471564,1.61820491601587,0.5891056,,3.45004946927007
MNE,Montenegro,2014,3.337,2.107,0.527419864567326,0.503290500299673,0.455032592499429,0.0725359931848839,0.0915832741094676,2.01105293688371,41.77998502226952,70.75006897639037,48.40520761775425,51.99365399219531,160.490358344882,16.450287071867,63.8868840056697,46.0,64.7232143772459,10.8522505113394,6272.08821761355,0.781260837765096,623744.0,100.438431458711,14.3320646687925,1.13546644044401,0.3043294,,3.66091516154449
MNE,Montenegro,2015,3.564,2.239,0.545327937425029,0.449306458844672,0.397163815968012,0.070709027637532,0.0940116252696111,2.16737975890414,42.87827291037261,75.9220795568983,51.20535895763921,50.40240674486771,160.454990487865,17.8930024118635,68.1197860085679,43.0,64.8181652937171,17.4489134239704,6421.00005731419,0.731313641257514,624651.0,104.12510886943,14.4315421692779,2.28621254436099,0.2272366,,3.72389862404899
MNE,Montenegro,2016,3.228,2.015,0.532598487088213,0.411894341947689,0.35993668158126,0.0758662405402587,0.100812686555129,2.18898680085703,44.17559504526526,77.74904727966685,52.29406153134936,49.12033583201912,166.719850572448,18.3977867805956,69.8816468416779,43.9,64.9101692293409,5.2026187262712,6634.38197201003,0.837536371542947,625353.0,104.135954584294,15.5802198596652,5.27643333909262,0.2828464,,3.67009523856958
MNE,Montenegro,2017,3.392,2.103,0.549806796590627,0.479622510158863,0.504820473139515,0.0797057542212299,0.0945247683044859,2.6249314543612,43.51013080478063,80.7485310431064,54.70478345050151,48.64145644393198,168.464830660169,22.1614090312426,71.2723325399382,37.8,64.9992438680584,11.6708896898026,6840.90834101224,1.33941998042343,625982.0,106.711366689116,14.8316847329192,4.65729032085737,0.0506422,,4.33341175677592
MNE,Montenegro,2018,3.903,2.404,0.567065829000577,0.413693597424366,1.16725013680828,0.0814173142424006,0.0956727569861203,2.71142960664991,43.44839329015894,86.70107309702887,52.04579327619003,48.93785933482446,184.219098888429,25.8249904594873,71.5171004874886,40.6,65.0854068937869,8.93817743395497,7159.46778433252,0.837441665171651,626438.0,111.098935509174,16.1079670855784,3.30394789225497,0.131692,,5.03652924111165
MNE,Montenegro,2019,4.049,2.477,0.548815856139862,0.435053983489372,1.03698346571965,0.0867693914451045,0.0903481530492294,2.71672684257242,40.67878816325493,80.77086303569368,47.76906052194056,49.13062087774357,188.173957398388,29.2284854340679,73.4766657478691,38.7,65.1686759904159,7.61521877220221,7470.29237568568,0.616491593549262,626753.0,110.0161238696,16.435437285219,1.98448658135133,0.1956009,,4.91469769241564
MNE,Montenegro,2020,3.954,2.404,0.485533000267916,0.356053620158427,1.04667603109417,0.057865477504357,0.0925511171387785,2.11595898419682,37.96039204866757,81.39960356827685,54.2059555810188,59.81001793550339,177.66521091893,30.2953440746132,77.60879306,39.6,65.2490688418027,11.2142250451191,6351.95187949313,0.723002993565649,626590.0,87.8612027134909,17.6118147973713,-0.460545438758615,0.0295754,,4.15463823036047
MNE,Montenegro,2021,3.993,2.411,0.523562710758481,0.380822947289509,0.834632600751397,0.0730243420401337,0.0971621845319757,2.33740938244294,33.56225012315972,76.93802367414392,53.32387778611036,52.24842364941608,185.488473149833,31.180870777725,82.21969752,39.6,65.3266031317675,11.9139900701323,7198.3012265441,0.637197671980386,625053.0,105.719249175045,14.8673370361287,5.07252156296406,-0.0332398999999999,,4.24661416781444
MNE,Montenegro,2022,4.06,2.495,0.533547011769212,0.428712937710374,0.889192142019971,0.072068182888476,0.0907481798614232,2.30734652589503,45.23952360814705,81.2344489137597,58.54156756444697,47.54642879207997,207.278149444886,31.8922375082974,88.22192026,23.838389907425523,65.4012965440866,13.93925448378,7773.59958791074,,623591.0,125.455937754994,13.4328345905852,12.0678020712969,0.0236518,,4.32161498014449
MNE,Montenegro,2023,3.799,2.407,0.523395862854764,0.43133482983119,1.01745083948168,0.0832501243137268,0.0887269543949368,2.53582147213082,35.34824898521069,82.87200595421616,52.52911023943742,43.08777840245332,207.237922064803,32.0155251660479,88.5515976,23.157959660906428,65.4731667624849,6.88011329539607,8278.02461006262,,623529.0,116.806669538329,12.7498868945047,11.6812783259558,0.262079,,4.67998008300711
MNE,Montenegro,2024,3.722,2.376,,,,,,,36.41703377386197,88.69309838472834,52.44166563897547,47.4235781063571,221.687322527444,32.305369479654,88.88258428,22.688504531229412,65.5422314706266,7.24450579243955,8540.00427762252,,623525.0,109.944104480975,12.1791547564628,4.82717608409683,0.3318563,,4.86669376468812
MNG,Mongolia,2010,5.098,13.772,0.676980381130528,2.4962357595798,0.150902999854073,0.0027676382122753,0.0070768416446535,2.11218331323822,54.21880581813391,18.59654367780855,27.51101873165082,32.94290376474328,92.9207634213904,2.84091834423251,10.2,4.5,67.8298018313254,23.5263365544641,2611.67326563924,35.907762365776,2738622.0,103.350031656557,33.1942474892146,39.1781879703741,0.6671331,8.4744,5.44614693365955
MNG,Mongolia,2011,7.784,21.368,0.679953517943075,2.8495377661988,0.158491403755365,0.0034888192079787,0.007922789906788,2.31126222417299,65.31105511754494,31.60855644620114,28.52388516129343,42.35900089587939,107.181059165519,3.42607770710846,12.4999911084745,4.0,67.9196058798676,43.9121127615061,3010.81642672623,42.2166543859938,2786317.0,126.999228633482,31.3337485626924,15.1192654880847,0.5645353,9.2993,6.01065652118499
MNG,Mongolia,2012,12.519,34.996,0.702497037188722,3.39772006430106,0.169411667918963,0.0050713518750906,0.0085300457009794,2.46612102500118,67.7188735734691,44.83557837896109,26.25590450277002,41.5343322605297,120.738848253543,3.94085550888065,16.4,3.0,67.9522782537785,34.7559826095308,3318.16496597089,22.2729540576189,2839705.0,109.588564338415,30.7715931133163,12.7843788573595,0.604855,10.3795,6.749351191986
MNG,Mongolia,2013,15.245,43.478,0.52168582564776,3.8547326495677,0.166132628689046,0.0041668137293619,0.0075897868807888,2.66277068451868,70.14641074556233,49.75333050819267,26.58364753149596,55.78600619041873,100.901264814345,4.89953823458973,17.699984237,3.0,67.9776750055915,16.3700755246398,3628.90708069575,18.6702255850788,2899011.0,100.311989662943,30.5068923847448,2.90784833783545,0.643466,11.5475,7.21707838903334
MNG,Mongolia,2014,10.171,29.63,0.5516626721583,4.16367177177645,0.163779274186888,0.0041294220727178,0.0095074070499273,2.39658911233975,70.56804426316467,58.36347671563215,26.14173247281625,55.81913517955863,103.920441847843,6.77117608106174,19.9424474349209,3.3,67.9941357229626,2.7625883357052,3830.35892049593,16.08653421855,2963113.0,109.322311877187,31.4976232744188,7.44883659506563,0.887271,13.3357,7.28933965958403
MNG,Mongolia,2015,7.821,23.279,0.24116725502783,4.26938114587281,0.147799968595137,0.0026282519511287,0.0042136424565301,2.15395098641073,69.48051826278076,72.4341435330609,27.67302045988324,50.68993950675964,103.078420951136,6.98959122144406,22.5000041337688,3.5,67.9999999906095,0.811709460633853,3838.92126989984,9.87899879376714,3026864.0,89.653663477814,31.5158775834209,0.609769217723354,0.7608377,14.5133,6.81914125031417
MNG,Mongolia,2016,8.428,25.629,0.509038685131032,4.47315740488884,0.152050902273641,0.0028613742361863,0.0079954317143121,1.93456594302358,69.2081969965869,87.99460435826096,33.61422114312421,51.42304589108845,110.745846833017,7.43705957487671,22.2657705007562,3.4,67.9776754820979,-37.1726532341221,3817.91962716702,10.050012393618,3088856.0,101.055237224997,33.1780715301999,2.99312676057677,0.7157785,15.8487,7.07966974126759
MNG,Mongolia,2017,10.997,34.139,0.361378021114546,4.44253518823284,0.149947441884781,0.0030804958051001,0.0041432638832112,2.24525401695545,69.44731701712053,93.34712168217855,48.59054016167137,48.0550525444451,125.18399904135,9.18362021979381,23.71430016,1.8,67.9260583223672,13.0160280600797,3956.2049437134,17.0883999734036,3148917.0,115.932901867963,37.4184116118863,10.8004464117482,0.716039,17.0491,7.20633842787593
MNG,Mongolia,2018,14.307,45.319,0.591201077152861,4.31385683076917,0.15457514356344,0.0035691611649215,0.0075842456100881,2.53302860165858,68.90803102137471,107.4637150452391,54.11494562908154,52.17284392272814,133.283865358717,9.66655365112798,47.1300018848989,2.1,67.8683444833372,14.8088797144773,4183.85566447661,19.8676151919941,3208189.0,126.355873241513,37.975670332755,7.96061586470999,0.7490657,17.1126,7.60381505991906
MNG,Mongolia,2019,14.578,47.119,0.348655656651767,4.50640856869753,0.15339180040274,0.0049823151130014,0.0086412478749276,2.72563554321735,63.87742767000189,56.91555657220975,50.06274178220096,47.15561264368456,136.719198864644,9.83638257697054,51.079994082603,2.3,67.8277299551557,17.1989395200126,4337.8167085432,14.7739570464507,3267673.0,124.396514621165,38.0926977643653,9.97221325666415,0.7382926,18.3434,7.74771513195731
MNG,Mongolia,2020,12.908,42.478,0.422234653208509,4.6778829976619,0.160966330878474,0.0049667624598709,0.0084065058137797,2.2580714854545,62.67269075497347,48.45734434977977,59.99046264424793,45.25636166974705,132.610273840436,9.3475568899214,62.50002848,2.9,68.0894771770775,12.9130799939653,4066.03410882791,13.4736928829141,3327204.0,112.838647629317,37.0496708511527,3.70672176955705,0.7498288,17.7251,7.53252873547703
MNG,Mongolia,2021,10.771,35.972,0.538998630674647,5.03157805992951,0.174857192419717,0.0078014476291363,0.0120109418076291,2.69096085603343,61.37137036586677,46.21576993093628,59.0593242846076,47.1604083843184,140.352142155192,11.3929982387502,81.60682285,3.0,69.2153244018555,14.217731942267,4063.53669849245,33.1372162654312,3383741.0,119.098078437771,37.0755721187771,14.4200654807454,0.7338327,18.1675,8.45620712849408
MNG,Mongolia,2022,11.944,40.443,0.342339960489141,5.06761519292591,0.182709947598571,0.0073716932851755,0.0084646065425896,2.81659877053953,60.44516803149224,41.04890808168819,51.6200994547746,40.58699846309533,142.808581769425,12.9008288504333,81.07720184,0.0,69.783805847168,14.6053065112102,4205.88554513551,,3433748.0,136.327929944516,35.3122175669446,17.7147124177501,0.6315013,19.5655,8.42510017138092
MNG,Mongolia,2023,12.874,44.184,0.27865242898115,4.3590476925168,0.156183649695913,0.0065661800927235,0.0093745840174754,2.86217110228912,59.57389102796732,30.66115078676342,49.79567349662474,38.29178649472051,141.08481753135,14.5529107220073,83.74320221,0.0,70.4464492797852,11.0581069914836,4456.53627552726,,3481145.0,142.864246599181,39.5354090088486,21.7690280161027,0.6432601,18.42,7.67199563759318
MNG,Mongolia,2024,12.86,44.694,,,,,,,58.99477917124469,25.22968215621315,49.60835026229155,45.26401292252287,140.670025377351,15.7837343261767,85.12349701,0.0,70.9566040039062,11.6924984371367,4626.79609644243,,3524788.0,138.448379141249,38.1408816723984,8.93116519976853,0.4203821,18.6812,7.61416063286411
MOZ,Mozambique,2010,0.115,2.638,0.209486905605559,0.0271066991471469,0.321686590400815,0.0189483747410408,0.0180328612066641,0.183609294436114,3.46288227074016,5.875677556603095,27.67915921773479,22.16992089098927,31.4105056102953,0.0753198965096013,4.17,84.9,30.9861779822921,11.0275561357338,494.162859074785,10.2684840762505,22999235.0,73.8373532681892,16.8681862980766,7.64522798725267,-0.0221082999999999,2.4889,0.77887072553734
MOZ,Mozambique,2011,0.131,3.107,0.21678288702165,0.0270868674880154,0.312303341528216,0.0259062968627541,0.0195585079238468,0.190758381509085,3.708367138027455,6.659446671026145,27.5857255698633,20.79731379282249,33.216339150187,0.119979505298291,4.599999905,85.4,31.2062230032794,25.0623636819297,514.869957191994,11.3709466025082,23649039.0,84.4062119333019,16.5093372512898,2.34836229044998,-0.0890489999999999,2.6576,0.792396282333568
MOZ,Mozambique,2012,0.125,3.052,0.237080510267649,0.028447303688451,0.301930386222967,0.0265263172544202,0.022360586474895,0.21557045635926,3.946118184570116,7.209254375656943,33.39992526793948,22.9364616662216,36.1781646576283,0.120955650717816,5.0,84.5,31.4315251735105,33.767102801243,540.2945177803,11.9192598207508,24337846.0,105.934588060511,16.8740038772507,3.17523457430677,0.0409192,3.0788,0.831915560267642
MOZ,Mozambique,2013,0.143,3.579,0.184534302074936,0.0525555647132395,0.289884315395954,0.0265289446912856,0.0176557966218962,0.253959692493106,3.965299355778893,7.945339601356221,35.17367842458178,27.18534761119341,49.5029641007918,0.115170237953958,5.5,83.1,31.6619153976179,38.9428653441902,559.393953685688,11.6325534065914,25051611.0,109.38537659913,16.4457246085988,2.60123626905104,-0.495572499999999,3.2018,0.825118615990417
MOZ,Mozambique,2014,0.315,8.118,0.17027136655833,0.0574416911647929,0.286853864181867,0.0332928710834075,0.0190845228347333,0.230105080321892,4.219759948584728,9.433666732513991,39.78674616295625,32.0479025104828,71.6701472266196,0.143416778231361,6.0,81.2,31.8972245802342,27.8047100445849,585.266716133984,11.9039028509476,25788475.0,116.356855242217,17.4884683555603,1.0858708962558,-0.6196453,3.4142,0.797049396145023
MOZ,Mozambique,2015,0.254,6.731,0.194600000802533,0.0501386952795519,0.268593384240867,0.0349229027930198,0.019422205516962,0.229114373758582,4.383605426681564,10.93126922856035,44.21479672932423,33.16039933816024,75.8447213176406,0.160353647407002,6.5,80.1,32.1372836259918,23.8654900431928,610.563774706589,12.2160721685778,26547572.0,98.7612036510901,18.6152107018236,7.05995033545015,-0.6842917,2.7943,0.796791562391515
MOZ,Mozambique,2016,0.313,8.548,0.183698630355278,0.05338352356814,0.263168646114335,0.0310029294731382,0.0202121339455619,0.129689584203178,4.470847920174994,11.28132753391525,41.3111295754786,31.87504333807831,54.9641156223382,0.170460624854022,7.0,77.4,32.3819234395234,25.9187724637849,620.779714954555,16.3133886142564,27337105.0,110.394358201481,20.5669830121929,12.1608912915425,-1.2808563,3.2387,0.681155447659631
MOZ,Mozambique,2017,0.245,6.905,0.218599155342104,0.0471138367495606,0.253012216039807,0.0301599042853242,0.0224361862124753,0.193181768885871,4.375638113891609,11.36233409038818,39.26089796605369,23.97051960334364,42.1619694080105,0.218845913283962,7.7963266079129,78.2,32.6274411492675,17.4831119319856,618.397694360334,18.0510410834352,28166393.0,105.745640702087,23.6070708049686,7.97801240165271,-1.06530219999999,3.1754,0.764503067515143
MOZ,Mozambique,2018,0.242,7.01,0.210524610179777,0.0508623562351578,0.254569141412567,0.0296654515050883,0.0241367585408409,0.193607988486307,4.365334875751656,11.14043553551651,39.73712727711603,21.08131337799865,48.5007087167822,0.241713568697421,10.89999962,79.0,32.9902559073541,11.1741431838994,621.153734194787,16.3975888133586,29018644.0,124.607457525372,25.3339200589579,3.7951186149991,-0.798038799999999,3.7283,0.763366306359737
MOZ,Mozambique,2019,0.237,7.097,0.218285691115319,0.0419374819549486,0.255945382856099,0.0388934096966881,0.0249009816915896,0.228049085256848,4.660322715727837,10.73342042795584,41.64590006186961,20.09448913191487,49.4350694242276,0.234152423439938,12.47929955,77.5,33.4177241517032,21.7841914901932,617.13932000195,12.6767242973038,29884380.0,105.591171401921,23.8882628185244,4.67764534705535,-0.8295224,3.503,0.808012032571492
MOZ,Mozambique,2020,0.206,6.34,0.232151793255676,0.0412312216508453,0.251280124091079,0.0381660034157024,0.0236881607840656,0.206727244730041,4.148331043454597,10.13378012043909,50.33583051056931,22.58023534792716,50.2318825476662,0.227393157051228,14.28740025,80.2,33.9044006416285,22.3944370320025,591.804059985932,11.8639361284365,30783688.0,99.906146051979,21.7539907155538,3.17166106815796,-1.34575129999999,3.4329,0.79324454792741
MOZ,Mozambique,2021,0.244,7.722,0.245314593299024,0.04054349435915,0.234746080013962,0.0408117283963234,0.0280197110862694,0.213742334922051,3.904876967376074,9.400417052345048,48.66808473010699,22.12276338538937,43.1636190464176,0.206558007808804,16.35759926,76.9,34.4499259401554,32.7522138534006,588.215854695416,14.9074768559672,31707800.0,112.078964458333,21.9411773134421,4.5505652081862,-1.2675269,3.4242,0.80317794207678
MOZ,Mozambique,2022,0.285,9.296,0.205298098690357,0.0380920893068175,0.23357649548139,0.0408292992023909,0.0321129680412866,0.224616875284955,3.738280532253267,8.750469162551173,48.3689843991562,19.88191036307072,45.8178199662019,0.197784521833894,18.96220016,51.23835915570942,35.0536638047945,16.0036980555879,596.086630918965,,32656246.0,135.274535098995,23.2454561696458,9.15060357156561,-1.3208653,3.7455,0.774525826007197
MOZ,Mozambique,2023,0.27,9.093,0.157171420325418,0.0349083030371009,0.233354898396151,0.0407596181695629,0.0265175673646319,0.140135313986888,3.600299002410424,7.927115740733266,45.28264032970856,17.62043045018802,47.5003032540948,0.149001818335337,19.94560051,51.53325644723186,35.7149783148407,12.8228717557759,610.591041611538,,33635160.0,106.026083626657,21.5320629009049,5.09636214860694,-1.41840379999999,3.9179,0.632847121279753
MOZ,Mozambique,2024,0.249,8.613,,,,,,,3.489725748122309,7.286297724469978,50.37007414511504,25.92698617168943,49.5047696961223,0.141999688956087,20.52729988,51.40323397740765,36.4332337447237,15.4210115464394,605.763481416969,,34631766.0,95.6303976635291,21.9239967009316,6.46415276155608,-1.7581974,3.9276,0.605330420529532
MRT,Mauritania,2010,0.617,2.094,,,,,,,4.622999633312075,,151.979924812058,121.2808666853446,81.8660764708571,0.171308167439062,4.0,34.0,45.9541923109942,2.31890567703789,1463.84763242531,33.2699514566613,3390965.0,93.4207451334608,38.1929057291098,22.3431687302328,-0.815385999999999,5.8591,1.577511312256084
MRT,Mauritania,2011,0.636,2.227,,,,,,,4.581281089082502,4.581281089082502,148.8682902048752,107.6646429808059,94.6316258570616,0.174716820290903,4.5,33.3,47.1350407023691,8.70335489423716,1476.23923867862,30.8504418081025,3502811.0,98.485329604158,44.1079037874106,17.5477655754745,-1.0034248,6.025,1.5854151494947324
MRT,Mauritania,2012,0.676,2.448,,,,,,,5.136842521201824,5.087449804651806,158.2530583114788,104.5190971869779,111.230731736701,0.185049380580564,5.0,31.9,48.2732447351525,20.6013054045892,1492.69966692583,21.4879263870309,3619034.0,110.788122743421,37.4741781305192,0.455837170404166,-1.0990669,6.2005,1.6016330695031087
MRT,Mauritania,2013,0.581,2.169,,,,,,,7.339210137895604,7.051397975625188,161.8667050649302,127.9256589557283,106.798483685642,0.201696802468349,6.199999809,35.1,49.3553973225913,15.5726715114413,1506.66419033006,16.9330193063232,3734318.0,102.398824183169,38.6097701177997,4.4879682733707,-1.1394547,6.3769,1.565202099768071
MRT,Mauritania,2014,0.666,2.563,,,,,,,7.640690028852923,8.61907106913287,198.8696228841033,157.9737724517293,97.5267336951353,0.20787244115521,11.80000019,31.0,50.4694791226856,7.59717456790627,1524.45340969502,13.1805355570468,3848514.0,91.610371363604,28.4373706611028,-11.8763231031193,-0.7612141,6.6404,1.601193282602999
MRT,Mauritania,2015,0.757,3.002,,,,,,,8.051023588142199,10.26731659836112,201.8883171861437,189.4290597470989,91.8941169084199,0.243018145169932,17.60000038,28.3,51.6680350049622,8.11553090859633,1558.84205473416,6.19132704450206,3965959.0,77.3467864944966,22.7465105988095,-4.79390857827042,-0.776510199999999,6.7701,1.6372028796871714
MRT,Mauritania,2016,0.642,2.624,,,,,,,9.392123344034797,10.97210671032102,194.2288484839883,182.2008114489882,88.4383494871236,0.272618915656489,19.23279953,31.7,52.9185627319946,4.23125852970927,1531.87725661699,8.04558334879584,4086657.0,73.1532616736712,25.2197600424352,11.2101297508573,-0.9065538,6.7294,1.5921337175962713
MRT,Mauritania,2017,0.851,3.581,,,,,,,9.406228625835125,11.15127556546969,215.6964970857321,194.0154285495956,96.7595354581295,0.300123497838788,21.01720047,25.5,54.1970448502004,8.6344151052245,1580.01453100123,9.09659277147784,4210600.0,78.8149801833884,23.7456292323677,1.58393832604489,-0.7637873,6.7854,1.6736705669288499
MRT,Mauritania,2018,1.025,4.444,,,,,,,11.88036472719712,11.38534953023058,216.5137249960246,209.5559666003594,105.275094895088,0.304863077886015,22.96699905,21.6,55.1305077000081,10.3390200831278,1606.91539159026,2.808310001036,4337685.0,89.1467294935148,23.6350387192204,4.55445734309518,-0.748524899999999,6.845,1.7385841094038887
MRT,Mauritania,2019,1.033,4.613,,,,,,,12.34694680783476,11.30804513468361,220.267240203753,208.7014459831978,105.441089704161,0.242070430744355,25.0977993,21.2,56.0596215779146,-11.1917343784634,1609.15396170643,2.61191416207025,4467708.0,93.4866941351317,28.5984350915107,5.32804482668664,-0.645438,7.0251,1.7418939132147213
MRT,Mauritania,2020,1.039,4.782,,,,,,,12.14913096956643,11.95567347005104,232.9396959816309,205.648092178781,126.277034284458,0.401227704167555,29.90649986,20.9,56.9836701058893,11.2330815268832,1557.19511875153,2.43870903966116,4600131.0,86.7761681322741,33.6465387739026,6.44087329235201,-0.6263455,7.0949,1.7420380252444687
MRT,Mauritania,2021,0.95,4.5,,,,,,,12.24811764785201,11.8361014578631,276.1224657309366,222.4534337314441,137.540323142707,0.405903092669414,35.63660049,22.1,57.901535141641,11.6066300912418,1524.11753502309,11.4487520863931,4734874.0,88.3068737571235,32.0818928944898,7.46487310663349,-0.5222228,7.1529,1.7092900147480974
MRT,Mauritania,2022,1.08,5.267,,,,,,,11.36884104803335,11.4412540483393,279.3037857253129,239.4129569277966,109.883898247552,0.415227794850191,42.46450043,19.6,58.8120996197226,14.6574727742887,1580.70391528747,,4875637.0,102.025899125696,29.1375503330515,-0.612361651187214,-0.2992865,7.1536,1.758524554537706
MRT,Mauritania,2023,1.003,5.037,,,,,,,12.16366845055486,10.73059256988604,284.860720750946,228.9797268856754,90.7724948884417,0.59041012129361,44.95629883,32.90378184304616,59.7142464747058,7.9377630355791,1638.99221583023,,5022441.0,92.1654445146742,30.9364727932156,3.80594627587931,-0.504269499999999,7.296,1.710761109408922
MRT,Mauritania,2024,1.013,5.239,,,,,,,12.32490197482073,11.14306205942696,319.4937745557062,232.8050748613827,92.0748946443443,0.946513083252489,45.77939987,32.58606102241393,60.6068586411829,13.2389288029166,1692.84166088843,,5169395.0,93.5988355881472,30.5052071100395,3.85657660323908,-0.5595872,7.3317,1.716761747432222
MUS,Mauritius,2010,3.051,3.913,0.521873439860451,0.167968552591445,0.164463281801524,0.488070846828568,0.104438173325651,1.74178914924009,21.08180042629833,40.44056908698574,166.5449720273924,68.16521324946542,92.8425699047874,7.32215958568935,28.33,12.8,40.3046131827718,4.23808594970717,8100.95282599507,0.0974197638212974,1250400.0,111.508202075575,22.1595330116331,1.03189655076208,0.502475,0.034,3.18860344364773
MUS,Mauritius,2011,3.045,3.917,0.502494531841633,0.19014874459822,0.137434661090899,0.578625637665612,0.106726832921445,1.76319526909211,21.41030589597607,43.02164752806459,151.6754853355475,69.51554837940375,100.608971543233,9.1921039721924,34.95000076,12.0,40.1665923228716,3.71075064331171,8423.28220250903,0.11394942379722,1252404.0,115.552473002804,21.3051130600799,3.0667541936696,0.4718019,0.0326,3.27862567720992
MUS,Mauritius,2012,3.075,3.964,0.48748463936793,0.193442355462668,0.164159783496413,0.479566058679811,0.101871450173359,1.87848299923307,21.72756031391341,43.95345916713677,151.2100004195517,74.36664193829682,115.252449250293,10.9217558584205,35.42,11.4,40.0369511615085,4.97804411127418,8694.84560747968,0.0967703151522881,1255882.0,117.447639083027,20.6501837940607,2.47060103460083,1.0701031,0.0329,3.30500728641325
MUS,Mauritius,2013,3.15,4.067,0.495031356839141,0.186947781128372,0.126036050543962,0.616325595378564,0.103634364959844,1.7970930550711,22.07018318252041,44.53624409028783,147.4567513930437,76.51817249629714,118.793106653529,12.5795517217874,40.116825135,11.4,39.9108848558771,2.35929777878695,8968.51243536773,0.0778091714247043,1258927.0,136.552117959236,20.0954005013634,3.84005596982213,1.0531756,0.0323,3.32506820392099
MUS,Mauritius,2014,3.256,4.206,0.518851899617461,0.203644660216589,0.134941244298181,0.768728760128799,0.111737177397677,1.69434609474284,22.31124880089324,44.72078504143798,155.9445740175626,73.42724773232838,127.86328226284,14.0866327916688,44.8032753683379,10.6,39.7887571971735,3.44327494440095,9297.64820128968,0.0835433781723541,1261208.0,135.099064765426,19.4849175221344,2.18235402099076,0.8096197,0.0315,3.43224983640155
MUS,Mauritius,2015,3.258,4.21,0.542005300392487,0.208515576488055,0.0878146899047074,0.663960646413608,0.108989073727998,1.64650612044235,21.56775103983886,45.28251802029516,164.8612052698085,74.53300391222609,136.371902265385,15.2753864309067,50.1393184766711,11.5,39.6709610617726,1.77973545308924,9630.5437837507,0.0279823507404004,1262879.0,133.135069083677,18.9486991254014,1.46746416785813,1.0248107,0.0315,3.2577914073692
MUS,Mauritius,2016,3.361,4.342,0.487760345390578,0.216033868961426,0.127235954898623,0.576107836826915,0.105378199033168,1.89641638300816,20.26664701416047,44.21813893998648,159.8266155019255,69.38206514454225,140.423888162514,16.4576177636993,52.19129944,10.3,39.5578893260494,2.96891288123063,9997.89198315532,0.0271234375700913,1263747.0,126.310008998042,18.3463010991725,2.3699653211859,1.0313567,0.0292,3.40893258811887
MUS,Mauritius,2017,3.517,4.54,0.562607812923234,0.205215970997402,0.137579471741296,0.424672620481852,0.107597691851039,2.13455524522933,18.49140919947608,43.24293088835812,161.6071050477836,66.07864002317805,142.524532117413,19.0600896444054,55.4032403002657,9.4,39.4499348663789,3.45396863043017,10383.8832682578,0.0033925221114426,1264887.0,126.964059884888,17.5282666855876,1.65974275699521,1.0144918,0.0277,3.57222881322415
MUS,Mauritius,2018,3.457,4.455,0.528824659464494,0.24624502161196,0.163266660303935,0.375953797069352,0.088515425991537,2.13483796320203,17.02702418315721,42.95019021481791,118.4296580456277,58.13828537150088,148.816797831837,21.3138552473439,58.596169704299,9.2,39.3474905591359,3.078791712383,10805.4615213739,0.0024072017824738,1265577.0,123.538984386544,17.3385214007782,1.73625196240066,0.8991856,0.0269,3.53764352764331
MUS,Mauritius,2019,3.518,4.525,0.550698060083286,0.228394397870333,0.198078486839095,0.526051126093533,0.0976175964467805,2.19116875394218,16.34384407212576,42.57001246693222,123.9802286592188,59.22425541741312,145.117277088014,23.8830105654334,61.7299551453346,8.9,39.2509492806955,3.03223371830849,11111.3423669526,0.0023597874187131,1265985.0,127.940899064133,16.6696822824233,-0.496769397142671,0.9291254,0.0272,3.79200842127521
MUS,Mauritius,2020,2.961,3.8,0.456668127217182,0.179825331921217,0.145291427678325,0.371185961825882,0.0778725124536536,1.72182146227665,15.39243145646397,41.83341800744503,166.3088175237385,72.34905340272837,149.06995900167,25.1865809761826,67.73290684,9.4,39.1607039074325,1.94246862517576,9533.5982796049,0.0026299613568509,1266014.0,121.12522550435,16.4140798213984,2.09333262333983,0.928832,0.0272,2.95266482337291
MUS,Mauritius,2021,3.101,3.968,0.522219314681054,0.202583733091745,0.144887098100282,0.440251236965932,0.0816256994903048,1.9203989533578,14.92659214635946,42.2450721123381,176.8560683377327,68.45932508367923,154.053185977432,25.7028828022003,71.59999847,8.6,39.077147315722,2.24180552669211,9849.34891121846,0.0027152691322786,1266334.0,135.19300461461,18.0229822432452,3.03342215219872,0.9264413,0.0257,3.31196603568712
MUS,Mauritius,2022,3.383,4.317,0.541392862524148,0.227503771371716,0.168149216180507,0.729202907496664,0.0717460678415755,2.05342195416483,14.43108267792166,41.79391476852637,113.3890675688619,59.44021097423746,164.309278835228,26.1963906498554,75.5,37.282252028455424,39.0000125885784,4.21993412406582,10703.2364271462,,1262523.0,147.663795034012,18.0660918735828,8.87607935854923,0.8607357,0.0243,3.79141677957944
MUS,Mauritius,2023,3.602,4.588,0.533661487386553,0.275016297290674,0.142811689190224,0.650172901210939,0.0806468605998042,1.66662754353718,14.24798475937418,41.80037912849512,109.664175172616,56.24804993441805,165.257524411348,26.9082309192612,79.5,38.69182758379589,39.0039901092226,5.39963130399295,11330.7335655767,,1248647.0,147.321392128852,17.8391234046561,6.44739938659238,0.8348296,0.0247,3.34893677921537
MUS,Mauritius,2024,3.677,4.674,,,,,,,14.32248970099918,40.61179645480689,115.5449137644845,57.6448299268153,172.68356921857,27.9742504733832,73.30793533,36.60378852921216,39.0162147027917,4.56067539257877,11918.8045212095,,1245779.0,145.419812647383,17.793162134291,3.71155377373304,0.7903521,0.0243,3.94980173157407
MWI,Malawi,2010,0.066,0.972,0.284470811879772,0.0388463799058284,0.216644337247177,0.0087027724684516,0.0885148217975415,0.0677296685705465,2.884772527533586,2.985112441534754,12.42970083497418,9.43658761119862,21.025675510066,0.0073179962071871,2.26,81.2,15.4776969380518,0.957814621345542,508.088650552846,6.02572508561474,14826463.0,,17.9317288193438,12.12722206117,-0.0357653,2.1274,0.704908791869317
MWI,Malawi,2011,0.068,1.034,0.276388916784149,0.0424848902854496,0.210890724745794,0.0073678414748543,0.100851434895631,0.0668756291302619,1.071482362974148,3.847595757952621,16.88531014817023,11.24804815201271,25.8864481164849,0.0113330986355604,3.33,80.2,15.5523153908723,6.97752227761724,517.833736624232,5.97687719996186,15265022.0,,18.1661996680566,13.9902377432015,-0.1906666,2.2818,0.70485943731614
MWI,Malawi,2012,0.066,1.041,0.287924515889409,0.0453616440444822,0.20454351125864,0.0108073885488453,0.103739105761687,0.0787165762826108,3.295652255058915,4.358765885723081,16.41607242728428,11.89307210299606,29.5800071510519,0.0078805431871271,4.350599766,80.2,15.6253133040464,-0.101285426070357,512.74031797451,8.95123535585595,15709577.0,,17.7185220797601,17.6397644741841,-0.0861299,2.4341,0.731092741785675
MWI,Malawi,2013,0.069,1.12,0.306142024566583,0.0477705480556421,0.199311292458336,0.009731047783569,0.109832106352365,0.106031705803206,3.285561422883924,4.705107124757117,16.79934761439257,9.481301763331698,32.7317425220037,0.0543070159937472,5.050000191,79.8,15.6966173464742,5.61985138978348,525.357645516557,10.1501360274794,16161816.0,,17.4239449035616,27.0462909977494,-0.203203,2.6154,0.778818725019702
MWI,Malawi,2014,0.061,1.015,0.347832989058403,0.0511029435113834,0.193497940328037,0.010317081396881,0.126203609857362,0.0735234224672868,3.269829548773498,4.976791414912883,,,33.8868400746068,0.05150546237057,5.829999924,82.8,15.766154187056,6.79541385727369,539.562601918057,9.61846301856776,16621538.0,,17.2649267145494,20.9692813058877,-0.0287147,2.7889,0.802477986619352
MWI,Malawi,2015,0.061,1.05,0.318766250859261,0.0554363429740343,0.190026872364011,0.0119071436482322,0.118195904815713,0.0659137202219939,3.324832130834504,5.137401905386217,15.67994698431166,9.16807426992178,38.4341901744435,0.034268649944541,6.0,81.0,15.8338504946918,3.12107477506801,539.605363240686,8.89901041042248,17085587.0,,17.556172133103,19.814669261198,-0.0522558,2.9862,0.760246234883245
MWI,Malawi,2016,0.067,1.172,0.312090849909407,0.0600249141410289,0.186221493678493,0.0124049660729903,0.117579322653895,0.0654138302426727,2.954849893625404,4.883278245254615,14.57195463001971,7.903772517637161,40.8844441758703,0.0495052352697577,6.300000191,78.9,15.899632938282,1.46272973143861,538.221990810959,10.9739875833904,17557739.0,,17.655842210407,20.2926829285911,-0.2578002,3.1678,0.753735376698487
MWI,Malawi,2017,0.066,1.193,0.357762942788797,0.0613098757970902,0.182241555194637,0.016072115967687,0.139009682897243,0.0714460995497861,2.182941950867184,4.896599146669967,15.24249646075342,6.869540750108867,43.0855088342582,0.0599566013099431,7.0,76.9,15.9634281867266,1.0085487596618,544.795729220349,7.00371862797528,18039715.0,45.3003137160008,17.747962478614,10.5769245148986,-0.313000899999999,3.3306,0.82784227219524
MWI,Malawi,2018,0.091,1.69,0.345245822250455,0.0647057018668199,0.178487403045582,0.0163958631066852,0.131410864063807,0.0813557490318519,2.25274220604373,4.776200213672115,15.03783417195358,7.089208591996319,38.1955692011493,0.0613015454757565,8.798299789,73.2,16.0221486554255,0.779538295941585,553.528790902088,5.20814805353589,18528081.0,43.578773489,18.3907940135861,6.15234698561271,-0.3896791,3.7372,0.817601403365202
MWI,Malawi,2019,0.089,1.695,0.342603354926305,0.0747607862561487,0.176111466403524,0.0116428465496677,0.145442125011432,0.0813773098681768,2.230006614442213,4.627963517838233,14.3090108425056,7.716772755116872,46.7841008334388,0.0596980345376099,11.05860043,70.9,16.1383746619001,0.499715595789277,569.866249371948,4.24376277062568,19025752.0,44.1954524635798,18.4990069222553,7.72855642393151,-0.2824512,4.3625,0.831937889015254
MWI,Malawi,2020,0.096,1.868,0.355255578347954,0.0736948472624439,0.172594003299974,0.0130179421390249,0.150660964759593,0.0748524271432399,2.033974026151686,4.445943225305013,16.15279826936337,8.253203541092976,51.2170439392301,0.0627371263723842,13.89949989,71.5,16.2961471756409,2.14268264715469,559.447086086067,4.09928170325885,19533888.0,41.0323429397328,19.0817402966585,6.21829711958308,-0.0766165999999999,4.5365,0.84007576295223
MWI,Malawi,2021,0.084,1.682,0.365942604671573,0.0720425156052136,0.169246309374889,0.0122280237140709,0.159087731323242,0.0860623024591668,1.961841147986105,4.32299509600478,18.17284351994321,8.735791862248574,59.5599408158462,0.0670814931398598,15.30300045,71.1,16.4881925800694,1.04617739110529,569.968967322435,4.22250421289741,20047258.0,44.5957618170542,18.4239731099779,8.15296842929594,-0.102843499999999,4.7363,0.864609487148155
MWI,Malawi,2022,0.088,1.801,0.332352619650211,0.0699558088979222,0.164439546160066,0.0121234168731008,0.157715847563806,0.0500631719454061,1.89223392867534,4.253339981270233,,,59.6495709408963,0.0724060330808983,16.84830093,62.9,16.7146031979436,1.5988861608404,560.635759714941,,20568728.0,43.616624856781,16.9073435383995,17.1668303930955,-0.166924,4.8591,0.786650411090512
MWI,Malawi,2023,0.088,1.853,0.330383352403942,0.0685346362439825,0.162428353664298,0.013324645072267,0.161045924738448,0.0767792523581658,1.695608140760022,4.045236564384623,,7.586690974686004,61.0866071008045,0.079556560544817,17.98810346,57.955739323997754,16.9748746665356,1.60106112476406,557.03523965791,,21104482.0,42.4376683990967,19.2940863985344,29.0332878003869,-0.242439899999999,5.1433,0.812496164481104
MWI,Malawi,2024,0.087,1.881,,,,,,,1.705556734994333,3.878389287795332,,8.819991345592415,69.260530662121,0.0863853749149284,18.96159935,57.90408517384547,17.268503531213,2.28053083149593,551.95152347056,,21655286.0,41.9038196485235,17.0754631156175,24.6442279905903,-0.3802084,5.4159,0.796474490409568
MYS,Malaysia,2010,6.957,199.346,,,,,,,10.74622274386952,50.49126558250726,104.7508839232557,99.61710182642264,118.156632715164,7.32068815724969,56.3,2.0,70.8625314831025,4.26864663854031,8118.92270511981,9.61503786168569,28655776.0,157.944764886771,40.4989323548818,7.26684593389439,0.1752999,4.4534,3.83748399657479
MYS,Malaysia,2011,6.977,203.453,,,,,,,11.06744961039318,55.21443384374131,109.046563856881,101.5706841789366,125.715832147402,8.59576382844835,61.0,2.2,71.4245166681964,5.07446032143377,8400.32248683558,9.94490616865965,29162039.0,154.937684607226,39.8242687277964,5.41240809007968,0.0582972,4.3939,3.69257644257952
MYS,Malaysia,2012,7.18,212.994,,,,,,,10.96853452438569,56.03831674727185,110.5521012660284,105.5810604345571,139.314753874976,9.84700347717991,65.8,2.5,71.9680127926087,2.82905738174529,8710.52671359902,9.20599203286687,29662831.0,147.841754766013,40.1350010090069,0.999932303470885,-0.0196796999999999,4.3714,3.82309665578052
MYS,Malaysia,2013,8.009,241.671,,,,,,,10.77233392068954,56.2715675144859,108.6439105282837,110.5868611972877,142.522112800428,9.73942530166021,57.05751226,2.8,72.4882717118078,3.49431175959971,8964.80724896203,8.46715106760802,30174265.0,142.720991464873,39.8853736547897,0.17447448132144,-0.0428372,4.3894,4.07820574166654
MYS,Malaysia,2014,7.983,245.053,,,,,,,10.59931912833353,54.97790050787154,105.5917985355921,111.3149457296642,146.3656485505,9.97193881432051,63.6654258813225,3.0,72.9802206910773,3.14122940365348,9341.73055971278,8.64507399532146,30696137.0,138.312231176843,39.9244244845871,2.46746678366378,0.0879800999999999,4.2777,4.15753635292676
MYS,Malaysia,2015,7.554,235.942,,,,,,,10.46202124437715,53.11288507974637,104.2358860509575,114.2258122539702,141.210531313909,9.80955980953099,71.0640678111957,3.4,73.4387869957006,3.27094402931735,9648.6797937523,6.5709120658644,31232798.0,131.37007244526,38.4497222119902,1.21805573355338,0.0447869,4.4027,4.00426565137122
MYS,Malaysia,2016,7.464,237.294,,,,,,,10.18042792252808,49.36937506022329,99.1167546175593,113.2803893263727,136.725167298764,8.55245970508987,78.7883099275229,4.4,73.8588978909614,4.47130958598651,9901.47960179812,5.20040474859063,31789685.0,126.8990100257,37.6832749440922,1.65825996642414,-0.0158376,4.3497,3.84849986836813
MYS,Malaysia,2017,7.555,244.457,,,,,,,9.94599165379652,49.45723892990882,94.61841138685864,107.4589029446699,130.853522804244,8.30705146836206,80.1404790103961,5.2,74.2354806421432,2.9358203805856,10293.7629205362,6.23600042741287,32355644.0,133.155173371956,38.114672270307,3.77896094306453,-0.011848,4.29,3.88905518169625
MYS,Malaysia,2018,7.981,262.647,,,,,,,9.925540247277,48.697434628042,95.84912844711832,109.6960088688733,128.873150399987,8.19179819298533,81.2010486181174,5.3,74.5634625145296,2.31458721219734,10610.1950240479,7.32744449685636,32910967.0,130.402625502126,38.2914253580498,0.624674674586643,0.1769644,4.3007,4.07447070614656
MYS,Malaysia,2019,8.303,277.673,,,,,,,9.728263122553903,54.14093200561745,94.27670329739848,109.3034444166802,133.372921941941,8.86497357882019,84.1871450078281,5.7,74.8377707734042,2.50697705748044,10902.9834855856,6.19635932474839,33440596.0,123.028562027943,37.4765336887335,0.0718269093121364,0.1608892,4.1182,3.92510375764061
MYS,Malaysia,2020,7.736,262.159,,,,,,,8.626553696454975,53.42409569909836,103.6599970145718,120.5010459009228,129.017911652905,9.91101742902637,89.55501192,7.0,75.0511895575672,1.20275464255821,10171.4657842762,4.54156531962687,33889558.0,116.788182437638,35.9347266201835,-0.818007729183023,0.1400704,4.0351,3.44910794320575
MYS,Malaysia,2021,7.973,273.332,,,,,,,8.331232121453828,51.9826238217951,101.8938831690659,115.3567700446514,137.684938559871,10.8921782282506,96.7514278,7.5,75.5088628191907,5.41626377085161,10388.2667120857,6.92196634868479,34282399.0,134.035994690727,37.6826861838931,5.67593848764116,0.196108,4.053,3.62591836231465
MYS,Malaysia,2022,8.125,281.884,,,,,,,8.045347372626352,50.66626606763067,92.83788704988564,103.1926149723886,138.208441079076,12.1753566089982,97.3986404,14.403683680102553,75.9741357073003,3.68486215546291,11191.6511756943,,34695493.0,146.424604753908,38.974240550053,6.29629950333799,0.2483001,3.9964,4.15674491480849
MYS,Malaysia,2023,7.866,276.297,,,,,,,7.898201994098182,50.5470274186302,97.32518797629592,106.4272833286802,142.7320920639,13.0287000355119,97.69272633,14.884295014110172,76.4434752105739,1.97990062716743,11445.3925275079,,35126298.0,132.593461641599,37.5648573322214,-1.84898373559957,0.2281849,3.8513,4.12561548635837
MYS,Malaysia,2024,8.162,290.224,,,,,,,7.72357955982716,54.64037010760406,94.8068273922489,106.2192656499096,139.664651283564,13.5464432669708,98.0206059,14.227509711572857,76.9170296648992,3.6930953933026,11883.79127749,,35557673.0,137.362571161559,36.9733732564335,0.7901575555276,0.3847799,3.8864,4.1573371476701
NAM,Namibia,2010,1.322,2.788,,,,,,,12.75402070502726,49.3655624935761,42.17716983868641,46.38181163355862,92.4287530968414,0.447196455037916,11.6,31.2,41.7946176561991,2.51525326747705,4165.12990200988,2.39089689019764,2109811.0,108.072477173606,27.429068418358,3.72589849891101,0.7872857,4.1949,1.929119593254737
NAM,Namibia,2011,1.298,2.786,,,,,,,12.87690706993706,50.99255199695075,44.81199866866681,47.42221241513662,102.24430130572,0.820472202485644,12.0,31.6,42.6276075621535,6.41681322346953,4302.72451368462,2.071941381811,2146325.0,102.189147754138,29.3288911804647,3.81487636243496,0.7152049,4.173,1.9264269676927201
NAM,Namibia,2012,1.455,3.194,,,,,,,12.72875807592956,49.18909900528711,39.73850759435163,46.65760817252325,97.8210232683603,1.09598141666067,12.94139957,31.9,43.3804079185694,7.98613044962652,4420.96741373862,1.73059224032469,2194654.0,100.2134087743,29.9807546724013,11.2603084734349,0.843349,4.9785,1.9818987404916384
NAM,Namibia,2013,1.334,3.004,,,,,,,12.74554431177562,52.80296929164186,42.05133342018303,48.03567300347167,121.105585418565,1.58667582978618,13.89999962,30.7,44.1106769079132,6.45232765797467,4549.26759093897,1.17402632983259,2252508.0,97.7249042303832,26.5483435015895,4.03979089350075,0.8788275,4.4922,1.95028075403031
NAM,Namibia,2014,1.34,3.099,,,,,,,13.22342891691256,55.41570984252532,41.70697093496611,48.90163849738353,115.5200011764,1.78241879056579,14.84000015,30.2,44.8214248210559,3.58316691192793,4701.95694189098,1.64153563776896,2312139.0,103.080137009254,26.630102972046,8.23489179866652,0.6369054,4.888,1.9596574193069702
NAM,Namibia,2015,1.429,3.394,,,,,,,13.20082972853389,56.5181252699039,41.71974756131282,50.37233271790962,107.392368276966,2.96542138735627,25.68790054,29.3,45.5103554445325,7.40068055968424,4774.10650865775,1.8752743624842,2374300.0,97.2390317873478,27.5636536225028,3.86457435077661,0.7175058,4.7822,1.9933028901793852
NAM,Namibia,2016,1.469,3.582,,,,,,,14.85952259584231,65.12347294177845,191.7687261804789,52.50663916367509,109.049558197665,2.63785901436242,31.0333004,29.2,46.1751725648784,3.34570437311555,4648.62713460213,2.60379046438201,2439213.0,93.966187960162,27.5134032744188,7.96867201225912,0.6657313,5.3607,2.001037066393921
NAM,Namibia,2017,1.432,3.59,,,,,,,10.01464405498606,67.2681751617932,107.4058832424567,72.45490373509423,106.914765245509,2.623967181163,36.83739853,30.2,46.8135799686288,2.17505730200543,4476.73324402105,3.35579400030648,2506853.0,81.2196661011436,26.0770180870695,9.91903698902131,0.6294292,5.0383,1.9796815042985694
NAM,Namibia,2018,1.41,3.635,,,,,,,10.80992105072433,68.72898668045751,104.7438944368161,54.21700872022079,107.060260494691,2.43865058644091,42.8207016,30.9,47.4232814423189,1.71299808328534,4400.47537705743,1.26282912430688,2577327.0,81.7138652963804,26.869904619845,4.42848894081101,0.6942559,4.8325,1.967865270546704
NAM,Namibia,2019,1.407,3.73,,,,,,,10.53604524752523,68.18497464165473,92.92045107087496,134.2408146997511,106.53315947895,2.60177914003955,49.77590179,30.2,48.0019807724839,-1.40710628631611,4243.09274481966,1.43731396410693,2650494.0,82.9011507426355,27.0505811124767,0.926315844160413,0.5859149,4.7913,1.9613805208620434
NAM,Namibia,2020,1.261,3.44,,,,,,,10.08561697741638,68.0924891885684,61.09868651283111,62.97051463178186,106.206587456143,2.88695019939445,57.8608017,31.2,48.547381745659,-1.41889955275348,3787.49943973286,1.93029383948291,2728762.0,76.9252424036465,25.8187349480714,4.63153061468802,0.5126308,4.273,1.8924244077873182
NAM,Namibia,2021,1.284,3.608,,,,,,,8.689853999093529,67.87173548311613,53.36492908073143,62.47910768633805,103.727351391971,3.1781346555903,60.25999832,30.0,49.0571881483796,6.77514897706551,3809.80753359714,4.03058059383138,2810548.0,83.5443030923624,24.4475967861445,1.5343303300027,0.5136089,4.8051,1.9030300874949706
NAM,Namibia,2022,1.181,3.414,,,,,,,8.467906633857679,68.46274840576439,52.94559326052484,57.67975297378047,100.557816104444,3.29190749644768,62.99720001,36.991352998433584,49.5291037671807,8.40166893779959,3905.55135268164,,2889662.0,99.2625547814064,27.11172557706,6.41674452090038,0.3736395,4.9052,1.8603988761779868
NAM,Namibia,2023,1.162,3.443,,,,,,,7.157895643263398,67.27345529382893,25.69746932393988,,87.6760954339972,3.52006938690795,63.69549942,36.89578978624128,49.9545837830821,18.3227426104295,3973.49010579998,,2963095.0,109.8175996703,30.6216880290967,7.69752274257169,0.4150583,6.0715,1.8572401113405073
NAM,Namibia,2024,1.145,3.469,,,,,,,7.907431729014933,67.2393532453985,30.46468534350682,,85.1648988113055,2.83462992194067,64.87460327,36.78352522203351,50.4088030252155,14.1844922069439,4032.40150676649,,3030131.0,108.00119146619,29.5325900513732,4.30181944909637,0.5467327,6.3186,1.8543821913455567
NER,Niger,2010,0.07,1.16,0.526783729966374,0.411408783601221,0.266005845709709,0.0185610475664311,0.0092563970559579,0.083216040318346,1.193771425958775,,11.00880020472519,9.270658236917956,22.1684789291814,0.0090640821544235,0.829999983,80.7,16.2416301279116,10.146689915564,441.079166112039,6.88472156897825,16548835.0,51.9459863027627,23.0003411876002,3.47504301438173,-1.0817352,14.5669,1.31523184421804
NER,Niger,2011,0.076,1.313,0.610585476264981,0.491427240249583,0.260511557768709,0.0262988642641026,0.0102899116364617,0.0698131382415341,1.232436200406105,,10.84188946407571,10.31310311196211,27.612953279822,0.012307668661491,0.9,77.2,16.2303066053496,12.1645061403035,434.986264873953,8.1477117559769,17176283.0,50.2463951569345,22.7795105220039,3.97160518256159,-0.758722799999999,15.1401,1.46892618842537
NER,Niger,2012,0.104,1.852,0.477017349146879,0.481554016491315,0.255054276443123,0.0156933408429272,0.0081194652351113,0.0796157725676306,1.519446699584315,,11.81669036669762,10.61165822831429,30.2495367855019,0.0205698689039478,1.049999952,72.7,16.2141284004355,8.92367913404553,463.066265496402,10.3335481762903,17836769.0,45.08596447308,26.5372397334702,5.30833937178907,-0.883146299999999,15.7873,1.31705422072699
NER,Niger,2013,0.112,2.078,0.553476169930642,0.480870043803149,0.25015445785754,0.0140873860320004,0.0093727540632428,0.0759554358760633,1.622020204822736,,12.03968114571689,11.27181893275223,37.8312018781097,0.0345574257482412,1.149999976,78.7,16.2162595696064,7.03516563238375,469.690214200878,11.466881046248,18519898.0,46.2951491493291,26.0465019475956,-0.369174082139452,-0.934017,16.5221,1.38391624756264
NER,Niger,2014,0.117,2.256,0.631167111598362,0.467491252859994,0.245387012538967,0.0193848911635317,0.0115233981675255,0.0793581098517458,1.63282575387257,1.30420673422526,13.8139106386794,11.54578569522245,42.8624011489646,0.155881254433501,1.24867568902241,78.1,16.2450424611665,7.57591181433667,482.74524741946,10.2730531340882,19215909.0,45.7416008365932,23.6059602383299,-0.40567684540504,-0.9806619,17.2507,1.45431177618013
NER,Niger,2015,0.11,2.199,0.675489740222922,0.452037081823866,0.24042457958527,0.0120795328635898,0.0131148785645196,0.0795937002174869,1.678051091720298,1.490504204998618,13.59458978391311,12.5851001410861,44.9309205276883,0.136352479886906,2.476200104,78.9,16.3035606587493,5.46761764113716,485.662574175279,9.74015905746736,19939498.0,44.727430371186,22.5383286848915,2.249426436212,-0.7994889,17.9585,1.47273951327765
NER,Niger,2016,0.104,2.142,0.650355622713538,0.439065806178807,0.235090673042897,0.0144851329651146,0.0131100338790216,0.0694757165063367,1.640289453251703,1.602363685546461,13.5160804474598,13.90073279532853,36.120522177752,0.0372575269558715,4.322800159,80.2,16.3898280543236,2.91395161360138,488.184823801581,9.68635453036973,20685753.0,36.6748378115692,21.242496389367,2.64333285206489,-0.944319999999999,18.8153,1.42158298528571
NER,Niger,2017,0.105,2.243,0.617638150649439,0.423288200319026,0.231477818961224,0.0053321278179139,0.0131141540776573,0.0676564766553178,1.649702529467925,1.722617558394684,13.34230772738395,13.29907248101015,40.9549864276209,0.0403537206550309,10.2243115586561,82.0,16.5036987906896,2.98179907216042,497.172608329608,9.37929042574549,21435446.0,39.0298956366247,20.561494013468,1.98975578144773,-1.0412801,19.7091,1.35850692848058
NER,Niger,2018,0.081,1.803,0.672007753436976,0.404156514761993,0.226161119714766,0.0052186936302662,0.0146786246424665,0.0730002311251012,1.60421971147714,1.805842953903229,13.31986671838915,12.34512505023677,,,10.74180031,82.0,16.6449011799221,3.64069699983094,513.423699765289,6.79609733342576,22188069.0,38.2929695977016,19.0863881970443,0.845666844164256,-1.1906754,20.6549,1.39522293731157
NER,Niger,2019,0.11,2.513,0.660791131175185,0.379132142120584,0.224827807987288,0.009211291030932,0.0147949462774807,0.0824020444194702,1.610607409805985,1.796122399417146,14.3520234391901,13.38477498535092,52.8112616845298,0.0479349681103909,11.28549957,80.7,16.813146499685,5.7737467118799,526.60361746086,5.81263963543114,22947757.0,39.289303673296,20.868402300904,-3.51254126513146,-1.19014889999999,21.6227,1.37115936301094
NER,Niger,2020,0.128,3.04,0.69886530503406,0.382114328177564,0.222586220040223,0.0069695570883496,0.0160503861420247,0.0772401071301377,1.57357765208263,1.849359302447627,15.81947599465778,13.94142113962854,60.0355524816093,0.0505953107507067,11.85680008,81.9,17.0081420003794,2.64247359719538,532.208221196997,5.56826403591678,23717613.0,36.3388196908038,19.3470191218221,3.34246745489889,-1.502479,22.6509,1.40382590361236
NER,Niger,2021,0.106,2.588,0.496157376551649,0.369800349066672,0.217489804583223,0.0056509487282889,0.0127953584381535,0.0799484860363728,1.591354762433356,1.879982832090386,16.29264350448139,13.89950287381044,61.5063092448251,,12.45689964,79.6,17.2295936666686,3.98247849972574,520.912751008043,6.40907047167716,24502140.0,38.0460948786617,19.1356274247573,4.26969593799784,-1.4793091,23.6578,1.18184232340436
NER,Niger,2022,0.126,3.201,0.69236396336381,0.358050026832149,0.213665912236519,0.0056659947424271,0.0192469920915731,0.09060157850453,1.597580438175062,2.025101963883882,15.44024310377424,12.18761696126311,63.3770548032743,,13.08749962,55.64803390208295,17.477207007512,6.21933892730804,565.873385794358,,25311973.0,37.1460454100715,17.7519854309675,4.23137465689618,-1.299076,24.8093,1.37959446777101
NER,Niger,2023,0.12,3.133,0.594836049624151,0.339028529160358,0.209282384550445,0.0125157873205224,0.0190122001328067,0.0844535389805018,1.528071428978159,1.974960243113281,14.11092580790185,12.61092306776839,65.735032215569,0.107619048674827,12.98079967,55.98391985238665,17.7506873295237,6.05054062024617,561.960694711722,,26159867.0,30.7176535069056,17.4144203773581,3.39728695407528,-1.65337929999999,23.8488,1.25912848976878
NER,Niger,2024,0.117,3.17,,,,,,,1.461721632364817,1.399373316292384,10.31442432723837,9.615685143542652,60.5939862118112,0.111273829357144,15.55760002,56.051833407259096,18.0497398450803,1.81493836603542,589.085643279512,,27032412.0,24.388946208843,17.3014386031403,7.41778295865802,-1.7634214,24.4903,1.21239677955305
NGA,Nigeria,2010,0.672,112.05,0.39738442570743,0.0840845764122913,0.196071102965089,0.080205031056717,0.0405438051876355,0.216280666991998,6.286865290582736,10.75126301968451,19.53717478795006,13.893132564456,52.3861480651505,0.0594732858863234,11.5,86.0,51.6778188255446,1.64207369186652,2315.46676509642,13.8029914948457,166642886.0,,25.3174522378126,16.342766325366,-2.0245506,38.0496,1.01456960832116
NGA,Nigeria,2011,0.736,126.115,0.340362240804891,0.0986962139850188,0.19443997395014,0.0878118488165435,0.0350775804930981,0.222203964591242,6.12396051547571,11.41283550611382,19.35271328318538,11.47753929652237,55.5301267540609,,13.80000019,84.1,52.490352424079,2.133117701613,2370.97657091881,17.5539035632028,171379598.0,,28.2777998870502,9.77845809671294,-1.9456535,42.3308,0.978591822640934
NGA,Nigeria,2012,0.625,110.125,0.369746662674788,0.0923913233971294,0.184177136936072,0.0622087043830358,0.0395000839272358,0.178342037364203,5.547943583024041,10.96201709616852,19.81618474066349,11.22599369685502,64.0053263148187,0.008103830505709,16.10000038,83.9,53.302114902293,1.52378233769127,2403.65387896987,15.1485150031193,176200625.0,,27.0730175029593,9.94763670635734,-2.08835269999999,44.6208,0.926365948682463
NGA,Nigeria,2013,0.648,117.401,0.340434099093994,0.0992244152512969,0.184189321532759,0.0508560211744066,0.0375949975463659,0.224830292787599,5.625058722799045,12.68298108702525,20.67619698141014,12.39690198953832,70.282509513161,0.008309884720275,19.10000038,81.4,54.1130855192568,1.06953936497778,2495.34106573862,11.6227181116144,181049443.0,,25.7423212364316,4.96474571559251,-1.98930569999999,45.6985,0.937129147386421
NGA,Nigeria,2014,0.667,123.971,0.326718256311073,0.0893971326304482,0.180829448090931,0.0576494491272937,0.0372803403024804,0.218547099845299,5.340874311092293,15.42069797920922,19.96499326001974,14.29981381749144,74.7512781478918,0.0084670582080396,21.0,79.9,54.9232435340404,0.817478467870197,2583.61556958171,8.78193552361452,185896915.0,,24.6436085906069,4.66262291736628,-2.18554969999999,47.4486,0.910421726307525
NGA,Nigeria,2015,0.58,110.525,0.309663456672429,0.0874749934893723,0.172147155952923,0.0497015960737655,0.0374772313199738,0.203309998670254,4.747332058253947,15.45331939438775,18.16680557853026,13.88500091437876,79.1045279367312,0.0082277471458061,22.51420021,81.3,55.7325682057138,0.621501637000126,2585.73360671797,4.55410681800406,190671878.0,,20.160782897492,2.86366512300171,-1.66777129999999,49.6298,0.859774432178717
NGA,Nigeria,2016,0.596,116.396,0.320916566983576,0.0889990024276135,0.170140499488654,0.0404797099637074,0.0412488560918159,0.205879176029703,4.514944672966637,15.93649978094412,17.88391726241992,15.71261967398794,78.970142296733,0.0552235758942345,24.13750076,81.1,56.541038793347,0.853395742751916,2481.81490350403,4.65772615666869,195443700.0,,18.17313172689,9.54367006409065,-1.7100665,50.7574,0.86766381098507
NGA,Nigeria,2017,0.562,112.54,0.318518748447838,0.0891464997155544,0.168501220108376,0.0364621477668447,0.041757444384555,0.192381006395868,4.219547787450931,15.52654773159665,16.65723172431162,13.6994752356771,72.3679681751497,0.0553465496536786,25.87789917,81.6,57.3486345560101,0.642182922336257,2441.71236404537,7.80498492445019,200254579.0,,22.3151171946859,11.1189180817816,-1.90978539999999,51.2056,0.846767066819036
NGA,Nigeria,2018,0.521,106.786,0.309783065602401,0.0887551121579392,0.163944888712282,0.0355262084229124,0.0416188449018294,0.218682177692408,4.090300695039806,16.09745188967568,16.59217601809019,11.6781378275595,84.2840110939485,0.0360912702919465,27.74370003,80.8,58.1553347527729,0.183821495682229,2431.77857832597,9.79850822600435,204938755.0,,25.7333065832929,10.228485086598,-1.8854786,52.7411,0.858310297489772
NGA,Nigeria,2019,0.61,127.859,0.294108787485072,0.0870485949653477,0.163255812531733,0.0375643986104958,0.0400603818218046,0.248861327511593,4.552192599216127,16.36149164908508,16.30831224877397,11.80161162349295,88.1169010528984,0.0397927035008571,29.74410057,80.1,58.9611186427056,0.344961215906745,2431.53528475874,8.35322267194456,209485641.0,,21.0040409410141,55.4448840534868,-1.97320729999999,53.6402,0.870899302926046
NGA,Nigeria,2020,0.584,124.899,0.284964531698998,0.0864227108934819,0.16307388131649,0.0406884565906088,0.0389530387882657,0.24468324893902,4.233729943378684,15.37383402219171,20.50434157361482,12.92814476431789,95.4356648074949,0.0305206381229766,31.88879967,81.8,59.7659654848781,0.398484830423335,2228.68631426529,5.07484002483035,213996181.0,,18.36499630957,11.2524842438615,-2.0090379,54.2585,0.858785868226864
NGA,Nigeria,2021,0.676,147.777,0.289162751567629,0.0873029618259993,0.157232721142544,0.0302910641414881,0.0413566226099148,0.231181142125669,4.077548797864658,15.37521078953252,21.33504434408991,13.54374821144199,89.2915858426408,0.0301639204550369,35.50979996,80.3,60.5698545383604,0.543909122159359,2206.66406255564,8.55295423830806,218529286.0,,18.2539292141029,12.6369125090853,-2.0135756,55.2908,0.836527263413245
NGA,Nigeria,2022,0.589,131.441,0.276135467446546,0.0864137145006147,0.154852092568787,0.0293641084001189,0.0416651526797354,0.215715066117753,3.508740399715706,14.00099359499319,21.89803070774211,14.21808932883297,99.5852151989567,0.0433814077089791,39.14720154,40.17247467872989,61.3727650622225,-0.0288727652155146,2254.29080414598,,223150896.0,,19.1690558861491,8.04664948979492,-1.9526169,56.4104,0.804145601713555
NGA,Nigeria,2023,0.568,129.376,0.270097986763851,0.0851694046792778,0.15164936040103,0.0285132807456459,0.0423374266968572,0.191070035509465,3.429105479284543,13.03315089972168,29.37300580317359,18.6907688945997,98.4772822731425,0.051283785190682,40.06399918,40.019041622105284,62.1746763155343,0.384195197916836,2280.67777167162,,227882945.0,,19.1302382466487,10.8343175330536,-1.9559706,56.4917,0.768837494796127
NGA,Nigeria,2024,0.584,135.824,,,,,,,3.280905966626592,12.82853905271917,34.63814009146688,21.05321783263014,70.7619057835431,0.0787379280608494,41.21139908,39.73628996089619,62.9755675573659,0.639824358730627,2324.59702394542,,232679478.0,,18.1967486362453,14.0801851089775,-2.0025617,56.7525,0.753132813008833
NLD,Netherlands,2010,10.88,182.479,,,,,,,2.219867669598985,57.82609235379725,79.8216857277045,112.4728236358943,114.356515784318,37.7372328275169,90.72,3.9,87.3502790247129,6.47724170250418,44659.2793901474,0.762696109172764,16615394.0,130.081707935343,18.9533173048512,0.710240446809252,0.9924275,12.9725,6.808072232034727
NLD,Netherlands,2011,10.05,169.346,,,,,,,2.18401795161174,56.58855815488359,80.12966206462372,113.0495889563164,117.673977365337,38.5614208058284,91.4199957622284,4.7,88.0059204972573,39.0408469194559,45239.7198745589,1.02062784943271,16693074.0,141.757099325776,19.3209585785648,0.242697164111121,1.0827056,12.9385,6.561658535116084
NLD,Netherlands,2012,9.799,165.752,,,,,,,1.976935939771853,54.61105156252976,81.97915020843715,115.1792984844249,116.563841951798,39.3374146344405,92.859992359525,4.9,88.5342462391333,30.9042384931276,44631.8855633239,1.13202011724154,16754962.0,149.393223058131,19.3226704262327,1.32907768194571,1.1275327,12.7918,6.453576992004555
NLD,Netherlands,2013,9.72,164.925,,,,,,,1.923373102660613,52.98605827217653,82.33310846240875,112.3951457929855,114.73405856983,40.030499091092,93.9564,5.0,89.1749992370605,36.6955717929323,44487.0378593394,1.11989801648239,16804432.0,150.651850226949,18.6870743291059,1.14493599899532,1.0569335,12.9904,6.421449194522726
NLD,Netherlands,2014,9.249,157.503,,,,,,,1.661816847955669,53.59894254243285,90.82411987734056,115.1460227783451,114.867279906758,40.2287973950107,91.6666666666667,5.6,89.8364787097165,15.9879956344505,45042.0515907444,0.689866623445569,16865008.0,151.715891056501,17.6818782630222,0.344128582413305,1.0691945,13.3954,6.291001257206192
NLD,Netherlands,2015,9.584,163.958,,,,,,,1.607487407248154,49.59842202804435,87.55018414560017,110.0757321128473,121.637501079209,41.0879703576802,91.7241379310345,5.8,90.2787737214621,48.4706196279081,45793.8135434697,0.442606663458837,16939923.0,160.325812564809,17.4148103121536,0.888398541092599,0.9118761,14.0269,6.43165156682371
NLD,Netherlands,2016,9.579,164.812,,,,,,,0.8149200623132841,47.41991741909196,88.19120352692055,107.2425452147048,121.420358968335,41.9813942626003,90.4109589041096,5.6,90.5803239452777,34.7918547450687,46655.0340264754,0.251209116098856,17030314.0,150.96552921165,16.9640712326865,0.565548743031258,0.880799,14.1311,6.467248243538041
NLD,Netherlands,2017,9.373,162.296,,,,,,,0.7872526380801068,44.51112482029914,87.24517587143293,108.9224237242312,118.57673269471,42.0988982620643,93.1972789115646,6.4,91.1219700676602,23.7131758376085,47670.0858101833,0.283564780405105,17131296.0,159.646059656847,17.1210117451832,1.43936441864196,0.7820237,13.3964,6.4422285024647294
NLD,Netherlands,2018,9.085,158.264,,,,,,,0.8152252574471,41.03070172862989,85.34612516877881,103.0439250425202,121.162164892591,42.5152457224727,91.8918918918919,7.4,92.6062472401044,-30.6576768564655,48463.0055608731,0.355103573458477,17231624.0,163.559146573044,17.3241048530815,2.53341170885517,0.7930988,12.541,6.380654356589856
NLD,Netherlands,2019,8.709,152.727,,,,,,,0.8284580403461804,41.01209637746794,84.28462447892,98.3063920353545,124.08833250929,42.5292659897442,93.2885906040269,8.6,93.8898028856479,-13.7565327156949,49254.024789064,0.218267467639851,17344874.0,160.676671884999,17.1127557495056,3.02781317575136,0.6985452,12.6543,6.290012007575237
NLD,Netherlands,2020,7.766,136.974,,,,,,,0.8153716582926865,35.991863949803,93.81074218917452,99.94084238967352,121.422728509042,42.6667277513049,91.33333333,10.7,94.2532277765935,-23.6860117625863,47086.5674755497,0.0837440351956371,17441500.0,152.233230409706,17.3794770859182,2.35577686266144,0.7092891,12.4731,5.8865409517639655
NLD,Netherlands,2021,7.89,139.886,,,,,,,0.7963446431144364,33.17652767415737,93.97061297739891,93.56850429028096,123.447849713072,42.9460563127039,92.05298013,12.2,94.6294783220315,-10.9725941589172,49780.8328352542,0.340536679351668,17533044.0,163.154842689698,17.7061297739891,2.74733820576721,0.732977,12.3036,6.03947639898584
NLD,Netherlands,2022,7.121,127.503,,,,,,,0.8409135123789477,34.15043208605615,89.8294459761325,88.53484534422732,115.8205562749,43.5643185557355,92.51968504,26.42818069374416,94.9856177734136,1.47701805979237,51777.5314828276,,17700982.0,184.107484252682,18.6563965305589,6.15557498292159,0.6252296,12.3711,5.8482209159401854
NLD,Netherlands,2023,6.468,117.016,,,,,,,0.8176759920635313,33.4587740623416,82.67842139230179,82.76693777345238,125.272736960305,43.2644444744139,97.00680272,27.177003965074107,95.3221682092129,-30.2430732965592,50960.7810305308,,17877117.0,165.030429478933,18.1639849428596,6.30206908032835,0.6084395,12.1592,5.599389064823098
NLD,Netherlands,2024,6.297,114.785,,,,,,,0.8502373601097931,32.77338008853979,82.53342914960123,80.25791035300654,128.538765867661,42.9782483069868,97.00679779,27.435202379064144,95.6396517079336,-1.40518243891316,51174.8997297902,,17993485.0,153.956290574682,17.5378028305647,5.6654225778243,0.4281196,12.1365,5.552394361700772
NOR,Norway,2010,9.339,45.659,,,,,,,10.95850932027516,55.24600215945614,37.95634446184027,47.97365115103493,114.524452247645,35.2484740738801,93.39,56.0,79.245002746582,4.91540239256035,74505.4313586335,7.66161471850852,4889252.0,67.1044480331039,34.8062123904983,5.85627419945527,1.4149557,2.7567,6.26090105272386
NOR,Norway,2011,9.04,44.775,,,,,,,10.71847793643496,54.43597359383866,37.13588492805334,45.78795407286092,115.596284894229,36.0526456056247,93.4899826515194,56.0,79.311620451463,2.00759481951861,74563.8349085669,10.0323919412624,4953088.0,68.3082228214528,37.0072713622576,6.57561455466337,1.3466634,2.7334,5.29564099947243
NOR,Norway,2012,8.819,44.258,,,,,,,9.919202476575656,52.69881709845737,36.85780784510521,42.49563287377522,115.523573177259,37.0178249972402,94.6499780533304,56.9,79.4905925441617,5.31305937295199,75669.0612719716,9.34170992776999,5018573.0,67.2907057063447,36.8227009791565,3.35195694253687,1.3326311,2.7483,5.22544812304952
NOR,Norway,2013,8.767,44.539,,,,,,,8.938462420631994,50.49869874297752,38.25963851815418,42.81814107532031,112.045532746838,37.6116803448105,95.0534,56.6,79.9723980455359,-0.253383714333266,75711.2410395262,8.16854742910885,5079623.0,66.6575278489713,35.5581627446958,2.57710317590924,1.3123527,2.7391,5.42565664795691
NOR,Norway,2014,8.754,44.975,,,,,,,8.512366471167569,48.33977942984264,39.91227085275147,45.00241478130811,111.690088069926,38.4850493294753,96.3005098242892,55.8,80.6117159535579,0.628548707490107,76430.7374974687,7.51744992129352,5137232.0,67.7741797940433,33.9388344132412,0.334038529335956,1.1999067,2.7282,5.52011599797933
NOR,Norway,2015,8.772,45.523,,,,,,,7.730904372472623,45.82146968486813,41.70328060691659,48.75120719779003,110.118346262292,39.5096431037131,96.810325691365,56.5,81.2378240971353,1.81548452900569,77220.9524311414,5.16239861599802,5188607.0,68.8351790107466,30.8523541633202,-2.59190190325677,1.1710873,2.7746,5.03909568593241
NOR,Norway,2016,8.539,44.708,,,,,,,6.164283027588772,39.05596680498697,44.0705897077536,50.47940732373032,109.426806771527,40.2402948978253,97.2982036675068,57.7,81.6800003051758,-4.87068870473279,77532.2750022669,3.86709464602749,5234519.0,67.3341230829057,27.7690672030503,-1.62579691835785,1.1454306,2.8152,4.79030440148213
NOR,Norway,2017,8.376,44.197,,,,,,,5.508650078792135,36.7857971788797,42.84414295915595,49.42946396786377,108.392640087689,41.0328263217001,96.3576012951191,58.9,81.9699745912375,1.41952980990481,78961.7757906168,5.33590347738304,5276968.0,67.1957153368952,29.6642536595013,4.01666873470073,1.0956942,2.8323,5.13804317142406
NOR,Norway,2018,8.372,44.472,,,,,,,,35.20032183151389,41.02759031600291,49.18518551655897,107.702543341632,41.5279365452303,96.4916579887094,58.9,82.2452112401723,-1.24603124120942,79313.2889434042,7.39362211775806,5311916.0,68.1761206012317,31.7926103289636,6.34132098639991,1.1115481,2.8133,4.92927669706878
NOR,Norway,2019,8.016,42.866,,,,,,,,32.97586827771298,42.31200046039172,49.70993375752759,108.00526578567,42.2722351352817,98.0000043853142,59.8,82.4935894878281,3.84915053606091,79937.5097885912,6.26890345034754,5347896.0,68.880243105732,28.9241714222194,-0.477791135124974,1.0766478,2.7592,5.20808235848888
NOR,Norway,2020,7.673,41.275,,,,,,,,32.31085240474473,50.22242765215256,52.46683951669399,108.296844518424,44.3863056613216,94.60755647,60.9,82.7029885700532,-0.858417094148667,78387.0435023102,4.18128689630728,5379475.0,63.3673184179043,26.0383204611214,-2.26295174179792,1.2049763,2.7569,4.60842946213936
NOR,Norway,2021,7.592,41.058,,,,,,,,27.10752667095516,44.52799218396589,42.95650791918097,109.585637519783,44.9392216218255,99.0000036,61.4,82.8612877226956,3.51903435020736,81199.3391492139,10.0482763904291,5408320.0,69.1060572345311,36.8554062435763,19.5320693903058,1.0721678,2.8043,4.0565413618669
NOR,Norway,2022,7.483,40.833,,,,,,,,27.10805897709468,35.0878442255715,35.05842955709191,111.657196221742,45.6644653158508,98.99997764,37.41864742414744,82.9563661816034,2.31291587479113,83756.7383805061,,5457127.0,79.9216011363033,47.8671650630535,27.2711853860313,0.9197731,2.7818,4.24788811145748
NOR,Norway,2023,7.043,38.869,,,,,,,,25.34453816522903,38.93688633219767,40.15966764277351,109.654228618195,45.4377082628592,99.00000258,37.468335797643626,83.0718560702166,2.74499093797298,83100.7944645872,,5519601.0,77.401189583706,37.8853738660679,-10.9316680217936,0.9361906,2.7147,4.37623537316551
NOR,Norway,2024,6.668,37.183,,,,,,,,24.17460013948038,39.14097050202653,36.31423848780274,109.348606513576,45.1633056345554,99.0,37.87730999021293,83.3293737928469,2.42254685844836,83487.1332276928,,5572279.0,79.5796368227724,35.9686060655379,0.0377903862988518,0.9032646,2.7071,4.45637450756587
NPL,Nepal,2010,0.177,4.828,0.1781911376409,0.066318805764905,0.220066715078713,0.0025278690485607,0.100676036944402,0.189257198172848,5.011819779761094,,46.36981201159583,34.33243340622015,33.6316953522558,0.220090357850091,7.93,87.3,62.0156581578338,0.548294665887946,721.265221364302,1.47229700729972,27341952.0,45.9849057742707,14.2007622567226,15.1469324490072,-1.5990906,20.2045,0.757037762650329
NPL,Nepal,2011,0.19,5.217,0.196697934862606,0.0757216231297321,0.219182931897826,0.0042776910206107,0.107160868178472,0.181392148196913,7.180642742933496,7.180642742933496,44.09814665093393,33.86453115711696,48.6245149828721,0.34464862159849,9.0,87.0,63.139949798584,0.435814930594323,742.617252662576,1.11680132754903,27464494.0,36.2967588899367,13.3934706003613,26.3973066649675,-1.5205463,20.7686,0.78443319728616
NPL,Nepal,2012,0.199,5.47,0.210607027556746,0.0664059887407794,0.211603106611509,0.004453422961443,0.109284312339419,0.182296200088311,8.29870948949087,7.386518902174178,51.51715917745232,39.75627150293022,60.3184066484316,0.837547528292715,11.14929962,84.7,63.6558406194333,0.42369151125933,775.310578479839,0.967618550144898,27534915.0,37.921906058758,13.9771618083831,7.7411500296797,-1.4781419,20.7269,0.784650058298207
NPL,Nepal,2013,0.225,6.218,0.21000059041506,0.0591581848167479,0.210530120319018,0.0038226688724735,0.111723894268051,0.202165155248827,8.352781401874228,8.253671273176971,52.36923419162528,38.845203548066,77.4276625484107,1.12887656815898,13.30000019,86.0,64.1314570156048,0.334712330597339,801.039060847856,0.844770803744654,27589996.0,41.8653757376722,13.798337565324,7.08265099891379,-1.2264145,21.2442,0.797400613940177
NPL,Nepal,2014,0.274,7.588,0.22894478378325,0.0624288879378459,0.214863607785845,0.0049387161819129,0.11292840843006,0.20357177503074,8.586966476853142,8.995351058821427,53.95071706049589,40.40993518220938,83.1925129650984,0.905603676157843,15.43999958,84.0,64.5640847098488,0.133746236524448,846.665541773599,0.860719085973924,27672370.0,45.9826416115927,13.564565231944,8.03536619587905,-0.8435975,20.9911,0.827676179149653
NPL,Nepal,2015,0.248,6.905,0.217403765502045,0.0558970591429634,0.212029276939266,0.0037192508809963,0.114030852453444,0.193581806351379,9.136282087164856,9.238273485317697,60.35950215299896,45.51641120405064,98.8945582907248,1.0879421947439,17.58160019,85.2,64.9510094249155,0.213029527712984,875.543635474862,0.934890235914136,27823629.0,46.6657303895158,13.1616546305814,4.40904543328786,-1.0154123,20.7543,0.796662011270093
NPL,Nepal,2016,0.361,10.088,0.234507551372655,0.0583532008448528,0.212215462837392,0.0043592124848409,0.115112801854001,0.300446382784462,10.05330743745486,10.11160284167837,67.65596843833399,53.38972964715715,114.89813690076,0.801932731428298,20.70000076,79.4,65.2895168835553,0.432212944008614,875.188943730855,1.03122054018578,27955462.0,42.1154861221646,12.6554177698827,7.15033478751282,-0.9210801,21.5425,0.924994612178204
NPL,Nepal,2017,0.443,12.422,0.249885850300903,0.057593794085375,0.210410284990661,0.003869198089748,0.12041069033141,0.341338024800111,12.09608622249999,10.93481990835034,68.0259079325018,56.41264086667046,128.863887512657,1.79644198771794,24.3,76.8,65.5768928085184,0.677439884182991,951.857298563641,0.703261897013786,28011258.0,44.6424106217427,12.8625858898462,8.26141254915089,-0.5502541,21.4183,0.983507842598209
NPL,Nepal,2018,0.5,14.039,0.263753991531452,0.0553798202450789,0.204687627735887,0.0046148364302716,0.126791539560388,0.376285572838219,15.74476542539096,14.53643410594316,71.51476946124207,61.11784875471376,139.525943467536,2.82040516901736,28.60000038,75.0,65.8104229225551,0.206157201926214,1021.91492204011,0.424156459923021,28079689.0,48.4473869463778,13.2006396345706,4.3558584680418,-0.495786599999999,21.8319,1.0315133883413
NPL,Nepal,2019,0.449,12.75,0.264076379704667,0.0550657267578292,0.204369251893205,0.0045924586662566,0.128738739753187,0.33184328231384,18.26958166632956,16.89872602665239,74.63446343110236,64.69686518463097,136.186080245332,3.62848482357188,33.33660126,78.2,65.9873929484157,0.542801979747667,1077.11796498188,0.446189344690663,28414064.0,49.2495265869012,13.0106754137816,4.69115593292496,-0.4056357,21.9285,0.988685839088986
NPL,Nepal,2020,0.54,15.631,0.282306713345985,0.0524033688578105,0.196281372365852,0.0031571894045509,0.126749589310016,0.315758542479367,21.90120856556464,20.27194823494329,89.74972697687492,74.8380761623763,131.921020414772,4.38436385331589,36.96530151,73.1,66.1050886088505,0.378739091402959,1031.53618783934,0.522630900968538,28966574.0,40.9188741248444,12.0473199260523,3.21740233241114,-0.250305599999999,22.0926,0.97665677576358
NPL,Nepal,2021,0.525,15.486,0.27675228345243,0.0550571453120653,0.194080547747457,0.0027158837997467,0.125385085764324,0.377018989896646,22.82805117460241,20.77242190830116,96.60803026147778,85.45794861061113,129.645418271275,4.30873475530627,40.98910141,73.7,66.144235274522,0.531690906776232,1062.7888430629,0.498936909947826,29475010.0,43.0538047912219,11.7920425516798,6.7627121633127,-0.2520173,21.9869,1.03100993597267
NPL,Nepal,2022,0.593,17.609,0.241169156299373,0.0540132917478331,0.18840875391125,0.0025352432423015,0.130159730439925,0.285635547621834,23.72066574328604,21.79327285897432,91.33133901265192,84.03999039085828,121.1144874334,8.51809813593178,45.45080185,39.343249489827016,66.2992968721053,0.160405405048333,1113.55462341223,,29715436.0,48.9734014800201,12.1812284731342,8.24119195502546,-0.3755496,21.9621,0.901921723262516
NPL,Nepal,2023,0.618,18.348,0.223807710196587,0.0530566665022156,0.188870510825103,0.0030183449041099,0.134622551310586,0.271192160922807,24.02659119123565,22.93533233060344,95.09614691799491,80.68345644688202,117.759577544938,10.6751345547041,45.80680084,39.31851787078709,66.5432933453944,0.18227214989517,1136.4276931197,,29694614.0,41.5701502932467,11.9717042539656,5.74902859525066,-0.312959,16.2568,0.874567944661409
NPL,Nepal,2024,0.633,18.776,,,,,,,23.82488782841331,24.4704593538272,99.66345500357356,79.10109910892375,99.8471420273964,10.0656152054494,46.32189941,39.19393653448945,66.772343163029,0.131412557108071,1179.95499311034,,29651054.0,40.1700101626853,12.0569372675441,3.51965570532393,-0.414613399999999,15.1953,0.883497416383624
NRU,Nauru,2010,4.368,0.044,,,,,,,,,,,61.7345414716718,9.45932490291746,,0.0,100.0,,4748.76539924078,,10043.0,100.0,,-10.0,,0.0003,3.0048327454912176
NRU,Nauru,2010,4.368,0.044,,,,,,,,,,,61.7345414716718,9.45932490291746,,31.03133224903216,60.2264819340202,,15218.023800659856,,47428230.34200914,,,,1.5781203,0.0003,3.345554182633552
NRU,Nauru,2011,3.984,0.04,,,,,,,,,,,66.3497722321252,,54.0,0.0,100.0,,5417.44487923767,,10098.0,130.30303030303,,6.55270655270654,,0.0003,2.9087292496184034
NRU,Nauru,2011,3.984,0.04,,,,,,,,,,,66.3497722321252,,54.0,31.591164508248923,59.92031865925972,,14558.254500362793,,47428230.82165753,,,,1.5682717,0.0003,3.1914145850984434
NRU,Nauru,2012,3.917,0.04,,,,,,,,,,,66.231615856628,,,0.1,100.0,,6626.18317072945,,10267.0,120.408163265306,,19.4001874414244,,0.0003,2.938614928202517
NRU,Nauru,2012,3.917,0.04,,,,,,,,,,,66.231615856628,,,31.688843574310184,59.86689954621557,,14443.138502654703,,47428230.905346185,,,,1.5672321,0.0003,3.164520436570182
NRU,Nauru,2013,4.52,0.048,,,,,,,,,,,,,,0.1,100.0,,6735.42128061862,0.0,10517.0,179.347826086957,,-9.84037179228122,,0.0003,3.1392522458712353
NRU,Nauru,2013,4.52,0.048,,,,,,,,,,,,,,30.80973197975886,60.34767156361289,,15479.182482027438,,47428230.152148314,,,,1.5640556,0.0003,3.4065677733245323
NRU,Nauru,2014,4.765,0.051,,,,,,,,,,,,,,0.0,100.0,,7638.99065218892,0.0,10742.0,197.222222222222,,1.33779264214007,,0.0003,3.257813333976724
NRU,Nauru,2014,4.765,0.051,,,,,,,,,,,,,,30.452547335206496,60.54301011131164,,15900.129040810727,,47428229.84612265,,,,1.4041403,0.0003,3.5049120477935474
NRU,Nauru,2015,5.008,0.055,,,,,,,,,,,85.81340149717,,,0.1,100.0,,7747.25584993607,0.0,10954.0,200.0,,-8.67768595041268,,0.0003,3.3412341497035642
NRU,Nauru,2015,5.008,0.055,,,,,,,,,,,85.81340149717,,,30.09827848367088,60.736754058621,,16317.639301154963,,47428229.542595156,,,,1.0147322,0.0003,3.602453511858733
NRU,Nauru,2016,4.591,0.051,,,,,,,,,,,88.7892376681614,,,0.2,100.0,,7925.5779662048,0.0,11150.0,170.149253731343,,26.1593526299404,,0.0003,3.213185142393978
NRU,Nauru,2016,4.591,0.051,,,,,,,,,,,88.7892376681614,,,30.70622132766409,60.40427987743579,,15601.171076613613,,47428230.06346333,,,,1.0101963,0.0003,3.435067542660451
NRU,Nauru,2017,4.842,0.055,,,,,,,,,,,88.3080183680678,,62.38510132,0.6,100.0,,7308.31758516515,0.0,11324.0,142.068965517241,,15.5451555780417,,0.0003,3.267519821997552
NRU,Nauru,2017,4.842,0.055,,,,,,,,,,,88.3080183680678,,62.38510132,30.340289304061464,60.60440222630267,,16032.426530714041,,47428229.74994315,,,,0.8241821,0.0003,3.5358202483409515
NRU,Nauru,2018,4.78,0.055,,,,,,,,,,,,,,0.7,100.0,5.88617583274311,7149.78109138393,0.0,11477.0,140.640059171598,,17.5478927203066,,0.0003,3.2403833166058087
NRU,Nauru,2018,4.78,0.055,,,,,,,,,,,,,,30.43067888758084,60.554969614231965,,15925.901279103582,,47428229.82738639,,,,0.8079535,0.0003,3.510933125822262
NRU,Nauru,2019,4.419,0.051,,,,,,,,,,,86.3036161215155,,74.73789978,0.6,100.0,1.74896481068595,7687.19643322519,0.0,11587.0,155.906685714286,,-4.60327074500292,,0.0003,3.146312072137376
NRU,Nauru,2019,4.419,0.051,,,,,,,,,,,86.3036161215155,,74.73789978,30.956979527104927,60.267144243949325,,15305.649410855553,,47428230.278305836,,,,0.7595804,0.0003,3.366025847931183
NRU,Nauru,2020,4.712,0.055,,,,,,,,,,,85.8885167053165,,77.46659851,1.3,100.0,-2.67159670379148,7770.69883784016,0.0,11643.0,134.980107526882,,4.63787375415356,,0.0003,3.2437877033509483
NRU,Nauru,2020,4.712,0.055,,,,,,,,,,,85.8885167053165,,77.46659851,30.52981585015047,60.50075320099313,,15809.06713217597,,47428229.91232412,,,,0.7590998,0.0003,3.483637572092087
NRU,Nauru,2021,4.687,0.055,,,,,,,,,,,85.404389785635,,80.29499817,1.6,100.0,4.50866961886277,8325.88214663427,0.0,11709.0,130.1856,,-0.208865165932508,,0.0003,3.2589116246247247
NRU,Nauru,2021,4.687,0.055,,,,,,,,,,,85.404389785635,,80.29499817,30.566263262859906,60.48082069612592,,15766.11340168789,,47428229.94355123,,,,0.7572142,0.0003,3.4736024420442284
NRU,Nauru,2022,4.989,0.059,,,,,,,,123.6603462489695,,,87.1705787645115,9.95678332344717,83.22660065,1.9,100.0,-4.99023535193955,8260.97398991108,,11801.0,141.129076305221,,24.5,,0.0003,3.35370023457044
NRU,Nauru,2022,4.989,0.059,,,,,,,,123.6603462489695,,,87.1705787645115,9.95678332344717,83.22660065,30.125978517330047,60.72160535492192,,16284.994465984015,,47428229.56632776,,,,0.9276426,0.0003,3.594826813022361
NRU,Nauru,2023,4.933,0.059,,,,,,,,136.2212232665849,,,,,83.03970337,13.939319336419722,100.0,0.895364948707177,8150.43396263948,,11875.0,135.0,,-2.91601187358121,,0.0003,3.3080610918949285
NRU,Nauru,2023,4.933,0.059,,,,,,,,136.2212232665849,,,,,83.03970337,30.20762072179916,60.67695654401935,,16188.778109690695,,47428229.636276476,,,,1.0356891,0.0003,3.5723481217151574
NRU,Nauru,2024,5.13,0.061,,,,,,,,134.517083669626,,,,,83.01170349,13.616890352597544,100.0,-3.48330107219992,8218.72476802021,,11947.0,160.546875,,5.14285714285703,,0.0003,3.3756156512571196
NRU,Nauru,2024,5.13,0.061,,,,,,,,134.517083669626,,,,,83.01170349,29.920415109648893,60.834024682373034,,16527.253505936842,,47428229.39020686,,,,1.1047052,0.0003,3.651424946492283
NZL,New Zealand,2010,8.001,34.787,,,,,,,34.64977299025508,72.55250036014851,75.71258172603405,136.622667003222,108.331397475027,25.1163240005796,80.45999908,29.4,85.8614043258228,0.194915236759354,35476.3713609154,2.1224362002947,4350700.0,58.1047406012087,21.3739109959972,3.14631875010147,1.4165428,32.9224,5.443469979141943
NZL,New Zealand,2011,7.813,34.241,,,,,,,34.02537452380308,76.62905836071388,78.3313061133697,131.1172742804947,109.977867524585,26.8784082871289,81.23000336,30.3,85.8233151875134,0.818247908477246,35961.911959259,2.19427362254657,4384000.0,59.1815679267669,21.0854589025357,2.40568730588313,1.3902927,33.1671,5.4014717369692065
NZL,New Zealand,2012,8.142,35.918,,,,,,,33.40901088750795,75.0202340288352,81.95672572466616,133.5877156895826,111.567576585407,28.8325797270697,81.644470179502,28.8,85.777700676896,2.17943829633958,36588.819747177,1.68350699548628,4408100.0,56.9257462326897,21.0859217574509,-0.131067185111959,1.4088511,33.8751,5.53807732714502
NZL,New Zealand,2013,7.908,35.219,,,,,,,30.89359730195917,72.53771381155981,84.03641509351301,132.8279088921698,107.008519144444,29.5474635321209,82.77999878,28.3,85.7080129786455,-0.0364086461829919,37240.0279166822,1.52078184314436,4442100.0,56.0063219921147,20.3368865906768,4.20195741730885,1.3788423,33.2044,5.490875903835503
NZL,New Zealand,2014,7.827,35.399,,,,,,,29.53663263528887,70.66604690583667,86.48869495244455,131.5193270479122,112.757443483648,31.1741167278321,84.0,29.0,85.5076659530411,1.61419635020494,38025.4674998632,1.42914435215029,4516500.0,55.1213465284556,21.4536049782346,0.449315394729368,1.4958227,33.6498,5.496846581747645
NZL,New Zealand,2015,7.76,35.805,,,,,,,28.83735892032928,68.99304275023381,91.36558457020398,134.5412334312247,121.368981425995,31.4454027055313,85.19999695,29.3,85.1518763760531,-0.0411865527337287,38648.7302562109,1.28424903944645,4609400.0,54.8749505791536,21.2206264018884,1.42361070787149,1.4661127,32.72,5.501145628606981
NZL,New Zealand,2016,7.24,34.135,,,,,,,29.5093944397755,65.59109587016289,115.0982823198046,152.5935656284178,129.380648472778,32.4618168012438,86.5,30.1,84.691365594,1.06260320456022,39205.0341298225,1.04750029579275,4714100.0,52.4796021733125,20.1908094668017,2.43482614850647,1.4642557,32.8874,5.354410049528722
NZL,New Zealand,2017,7.41,35.661,,,,,,,27.08145482607,65.3565776469156,114.2003466724329,149.5643924862063,132.980049668049,32.8917841600814,87.69999695,28.4,84.1701025874108,1.15705531240243,39667.6884236272,1.59353965038242,4813600.0,54.2775276299632,20.5540095694438,3.6511970298714,1.4924848,32.5093,5.432600552164473
NZL,New Zealand,2018,7.282,35.687,,,,,,,26.55435271362724,64.10979440861433,114.4869122228573,148.3185600967336,128.936896010016,33.6193927294608,89.0,28.9,83.8017846685577,1.16024911473989,40257.9139260803,1.58813238238384,4900600.0,55.9063918509538,20.4072562328635,1.87226165806347,1.4448939,32.3312,5.415289012367962
NZL,New Zealand,2019,7.358,36.711,,,,,,,25.03928878463872,62.5484420634166,114.1033727350275,147.8978983680012,120.475335425902,34.0227878966682,89.86370087,28.0,83.804965871667,1.44301683692321,40615.7266946543,1.50327657838238,4970300.0,54.4612464097007,20.3505430665871,3.29962753435764,1.3883859,31.9732,5.456957374134271
NZL,New Zealand,2020,6.728,34.109,,,,,,,21.35025123670783,53.9477271842013,124.7434195333099,150.252367411963,123.000574962598,34.8130286721914,90.92099762,28.7,83.8138977095908,2.25037509596065,39702.3112090418,1.27246721100633,5072400.0,43.8262466218168,19.9377411088041,1.9485485760927,1.4605501,31.6032,5.21162451321866
NZL,New Zealand,2021,6.773,34.597,,,,,,,17.76707821004807,54.0041613260397,120.7253664729904,147.9544797504907,114.454714130458,35.262820014578,91.99060059,28.9,83.8299382585905,2.09061969632742,41309.8198451344,1.49411356490814,5084600.0,48.4315370741539,18.6384074797827,4.55737807017778,1.3569818,31.5684,5.29480924101932
NZL,New Zealand,2022,6.229,31.966,,,,,,,17.02762078424287,51.22798412077614,113.9540718548916,141.0338515088686,115.984187800849,36.3044927893768,93.07289886,29.00202898472819,83.8547305017812,3.9270483682543,42716.0866783034,,5081700.0,53.2091433736439,19.6321526231469,6.23957400287931,1.2327589,31.1255,5.178160108901286
NZL,New Zealand,2023,6.101,31.56,,,,,,,16.09135934055112,43.82127141057845,109.5580139702786,134.947440151898,126.854978584281,37.8530848455277,93.32610321,29.140675907889666,83.8898991461229,1.71426378534541,42501.4932044968,,5200000.0,49.8655041498497,19.4354288178018,4.11014517250547,1.2849613,29.9659,5.126974174550492
NZL,New Zealand,2024,6.229,32.479,,,,,,,14.84466660910414,35.62258254719704,110.7702726553046,135.0331925188031,130.093457083544,38.048298946057,93.51930237,28.532864980639516,83.9370658833132,0.672983751329456,41415.4670639187,,5290000.0,50.6607664427853,,4.40145560973323,1.1506563,29.6861,5.123036999592575
OMN,Oman,2010,18.651,51.429,0.606749413592232,0.44523565441541,0.188816834957191,0.259301964815042,0.179281800283009,4.57962261543146,23.1760312579809,45.94987542254782,42.0848013102172,42.91313200064365,151.446094177944,1.92527603755334,35.8278,0.0,75.1579724666274,1.91196478591436,22766.0503620721,35.1702914756151,2757446.0,96.3865546218487,63.2733093237295,14.3749912143336,0.5865685,0.8398,6.25900828349434
OMN,Oman,2011,18.625,57.305,0.505855594294647,0.423583596281809,0.149093144608588,0.299733256571695,0.156914144533876,4.49511256057955,20.84267183867249,42.33940241705227,42.19445298443071,41.99980745248948,147.926430004786,2.40585671100437,48.0,0.0,75.6585803514688,2.10218875218974,20993.9079436935,43.273814289286,3076763.0,101.641731939942,68.1872487230601,15.884491777402,0.3126716,0.8567,6.03029229687016
OMN,Oman,2012,17.791,63.105,0.517071112451611,0.388110709601639,0.140767928438756,0.375099581916286,0.144349272001557,4.44923393819818,18.10146307994935,37.37076248763736,42.16676622672247,42.60692928896596,150.873277494269,3.23965295885197,60.0,0.0,76.088156621068,1.5612029028198,19824.1215485946,40.4418641958152,3547106.0,102.0747604043,67.5378696587491,3.60643426874947,0.3876466,0.8727,6.01463254260803
OMN,Oman,2013,17.107,65.587,0.481620566825184,0.406026538588554,0.150215981258021,0.29358131699435,0.127370716329441,4.18320339563302,18.14564840283206,36.75914041089367,45.56911030446297,45.1469063379411,149.208910100547,4.0982191379848,66.45,0.0,76.4914234214313,1.79286446946825,19299.9400516869,38.8455213970653,3833913.0,112.543521763774,64.9283987461105,-2.22041185302194,0.3339536,1.0974,5.64201851562857
OMN,Oman,2014,16.537,66.19,0.470139875657396,0.420148190298975,0.181396665004521,0.292545282635415,0.120079460104363,4.5012397393792,17.10408848686258,35.17088364277935,50.41128509958291,50.3551728053937,153.806036858807,4.39661208861608,70.22000122,0.0,76.8892576748951,1.3876575353227,18726.2026946971,34.348523798708,4002439.0,102.27872108813,62.0562918738146,1.75729954907395,0.5698008,1.1135,5.98554921307987
OMN,Oman,2015,16.221,67.883,0.4484680310221,0.349029388617496,0.196020307336027,0.33334630315757,0.152723075748079,5.08294931516846,16.78033344919754,34.97439462488425,64.14150818702917,66.40489851817048,155.756104259601,5.46554909512887,73.52999878,0.0,77.3025363037955,-2.76001757846703,18808.3077921839,21.0999447505156,4184895.0,96.3775801852347,53.0988656602003,-19.1464725188166,0.6155394,1.136,6.56253642104973
OMN,Oman,2016,15.086,66.24,0.470197006578352,0.341787157849972,0.197362630687926,0.361079588244865,0.177973799661252,4.35053306284155,16.3200555934797,34.54119293171958,70.70193293150555,76.61030471266913,153.291455497041,6.3548355193171,76.8453904741456,0.0,77.7521362304688,3.01624952400734,18830.6057208608,18.0527768334822,4390877.0,82.8642642018901,47.9402499394191,-9.13627527605452,0.5065831,1.1583,5.89893324586392
OMN,Oman,2017,14.622,66.344,0.493516984752805,0.322020526088892,0.176399357297473,0.443841674338979,0.206847725278164,4.22606156158004,15.02923185595984,38.76407537188133,69.38066483814067,75.73010537548373,148.821627766224,7.47816940167101,80.18560028,0.0,78.3142260040136,3.56005583896762,18277.945563615,21.3537653208209,4537396.0,88.9531480182956,49.5943955174432,7.29794329780007,0.5468563,1.1809,5.86868782933636
OMN,Oman,2018,15.372,70.678,0.483608644876951,0.36639691200956,0.145323927185492,0.348928202620827,0.209906140258553,3.89556323602849,15.45499592614204,37.19915990252072,66.0959651257452,71.21846128468216,139.96741643208,9.171272567174,85.5,0.0,78.9655839720276,6.12067985447931,18269.6769435562,27.0144782962431,4597877.0,89.2792178262847,53.893815370623,11.7322946084517,0.5392522,1.2044,5.44972706297987
OMN,Oman,2019,15.69,72.035,0.550757619339912,0.427745518954952,0.17224473640703,0.459090723276419,0.208173003951722,2.92628320451086,15.84520410370729,46.18891322816664,69.86922508938619,76.28738160815368,138.232111508042,10.2442069785858,90.25939941,0.0,79.5780017545962,2.26908923371353,18089.586668488,24.9800297060137,4591241.0,86.4782010313236,51.3792329456517,-2.66623355343535,0.5167644,1.2282,4.74429480644089
OMN,Oman,2020,15.886,71.845,0.459392202500591,0.429545285853466,0.174194161756565,0.570083161428875,0.25210178902125,3.24913592790679,16.57399486740804,48.59328961125368,82.79573964004399,91.3977263772446,140.378600753095,11.3829602598706,95.23229321,0.1,80.0176378922722,2.51548624054379,17743.8858800477,18.8866635649826,4522497.0,91.8758908014472,47.1477222892227,-10.7835605977296,0.468834,1.2549,5.13445252846754
OMN,Oman,2021,16.674,75.041,0.870372401699568,0.478770145257409,0.161354701844909,0.764775958928477,0.238209382183602,2.93458509113758,16.94798605474836,50.54077415611005,76.27590366194605,83.01495772278675,135.076972756826,11.5852955507366,95.23880005,0.1,80.1239942103569,10.015189421015,18291.3387983888,29.2115792686173,4500424.0,95.9494877293305,51.9269716464141,12.1410502759484,0.3902352,1.2797,5.44806768105154
OMN,Oman,2022,16.488,77.994,0.477453817828107,0.252265903193234,0.109059735328733,0.738286721997031,0.27794348155759,3.79503967210049,15.96025123785072,51.89230698697964,61.32301656849124,69.1861818159421,136.800571561762,10.8833264083829,95.24530029,0.0,80.0117053152301,6.25544528201825,18792.4460565306,,4730226.0,105.745009280655,59.4852077730217,16.4963249993549,0.4399615,1.306,5.65004933200519
OMN,Oman,2023,15.806,79.811,0.392920416703668,0.248407090559738,0.0814914969570786,0.678745395193808,0.254832209809988,3.61104646221434,,,,,122.291457994634,10.8793321668994,95.25170135,0.0,79.5702973228932,11.8157929128229,17853.9644897801,,5049269.0,106.446731102604,55.3716024616708,-4.69581131192407,0.5521576,1.3317,5.26744307143862
OMN,Oman,2024,15.651,82.662,,,,,,,,,,,120.61105087402,11.0647690464367,95.25174678,0.0,79.4440302814714,11.6351181598926,17347.2911298513,,5281538.0,114.852671596819,54.1653226583944,-0.713474976851984,0.6272361,1.3572,5.14322944779736
PAK,Pakistan,2010,0.74,147.504,0.263489913841945,0.004853571938456,0.0813855800480466,0.0287338333414782,0.0528958187553111,0.325883345843653,7.755416231112297,3.960036496543631,27.09230411994194,18.49496696957355,49.7823320746962,0.396251142478111,8.0,47.4,34.8159187475539,1.02791108080423,1256.69482201323,2.27972757975705,199239047.0,31.9890020462315,20.9650197800876,10.5886442624245,-2.45869169999999,127.5109,0.75724206376889
PAK,Pakistan,2011,0.734,149.488,0.280130520522948,0.0053925839255662,0.0796092739245137,0.0267717630723321,0.056302573750119,0.31274756946753,7.903479524399713,4.373081263220043,25.91898648980819,15.7888108223443,53.4461944087116,0.572428723960877,8.0,46.8,35.0113675889897,0.575055145839944,1261.83161907857,2.615759800493,203746065.0,32.3626382751438,21.1864809532945,16.4109562675144,-2.7114561,135.4222,0.760954284663009
PAK,Pakistan,2012,0.725,150.555,0.268325124787477,0.004434611557522,0.0772416417565795,0.0275494398679872,0.0531464193535834,0.310021917649774,8.158491226286054,4.929203592925949,26.81669704308045,15.30944279494961,57.8576108279055,0.730404005930164,8.100000381,47.2,35.2160229383731,0.343453048660945,1275.48806898966,2.56305239816052,207667125.0,31.3189732760076,21.9583720724829,9.91831543776397,-2.6807174,137.9205,0.740719154972924
PAK,Pakistan,2013,0.702,148.183,0.28371829517943,0.0042748693296611,0.0763253336260266,0.0279613795517363,0.0591871789274199,0.304563559195684,8.520620413522524,5.923542139771509,27.48636776231324,14.66481266219392,60.5177801689984,0.77134330599483,9.0,48.1,35.4315352494366,0.515353849332245,1309.70080446386,2.14619455982111,211073978.0,30.8902743401844,20.8910295084645,7.38310696738498,-2.6678365,144.5576,0.756030615809957
PAK,Pakistan,2014,0.704,150.81,0.28817174428306,0.0048067490963082,0.0764638056773317,0.0257807610326737,0.0619708193983785,0.313356662759255,8.846231548110675,6.908732784812013,27.36225745742245,14.512476569587,63.3618438229803,0.93747803388209,10.0,47.2,35.6595549759128,0.695308116834202,1343.30778121043,1.9953468853851,214264647.0,29.4698256903998,20.8659912298838,7.20976543926079,-2.46216149999999,149.24,0.770550542247007
PAK,Pakistan,2015,0.667,144.896,0.260607895857039,0.0046752334147243,0.0746366748976963,0.0290768108998676,0.0602801225013324,0.319348536338288,9.264554308204128,8.110994050003823,28.33976976399815,14.24648232494833,57.9405984557576,0.825252755772547,11.0,45.9,35.9017325715342,0.557734356032139,1380.47020838317,1.22522777965692,217290883.0,26.6881860172247,19.602614668814,4.44198033438504,-2.4299435,152.8288,0.748625273908948
PAK,Pakistan,2016,0.803,176.741,0.283068736646329,0.0043471245270787,0.0756464552138706,0.0336802137362221,0.0623286837223169,0.340133656175124,9.64714477686152,9.159937680140752,29.77483879114439,15.21940201110541,62.0013242640944,1.13034740811719,12.385446763381,43.7,36.1597184900333,0.821349998064174,1452.18658269177,0.96533124558749,220138869.0,24.7015780480573,18.1501179723214,0.922163326262009,-2.3350493,157.1912,0.799204870020941
PAK,Pakistan,2017,0.949,211.981,0.302521544123663,0.0042685278188889,0.0749129037486692,0.0284752699750814,0.0665140512959105,0.387800906216028,9.948728328070652,9.76520738972984,29.89757737803548,17.38690009630046,64.7301783284032,1.03818686573522,13.77999973,42.1,36.4351548223399,0.735837049658425,1495.26187528032,1.10680683630599,223273967.0,25.472035002344,18.0993270885214,4.02974599325579,-2.2184098,162.8454,0.864493203178241
PAK,Pakistan,2018,0.897,203.5,0.284438792987763,0.0040746037250036,0.0754181328913595,0.0202831034418541,0.0637660992538178,0.359399082506448,10.08356986169162,10.25640249194371,27.86105056447582,19.12059991274865,67.8567658982797,0.952870734503035,15.34000015,43.4,36.7478511550359,0.487745750658143,1561.68169819559,1.24123933516406,226928892.0,27.6260570796337,18.5890515927482,3.84178663274797,-1.9857782,167.0342,0.807379814806246
PAK,Pakistan,2019,0.827,190.826,0.268599309115531,0.0039879595063329,0.0717628491592928,0.0152772243409935,0.0650503430020308,0.332086283314324,10.2448048572874,10.67380037457117,29.12119027453788,17.90370946057072,71.6660323753765,0.881514330669917,17.070901719916,45.9,37.1091631735769,0.696146480411465,1573.8330826937,1.30340484004876,230800899.0,28.9055769867032,19.5638945814483,9.03633484170507,-1.9293422,172.9614,0.756763968438504
PAK,Pakistan,2020,0.917,215.51,0.308850128427202,0.003511803575564,0.0705366048079191,0.0179032446551561,0.0694466220802241,0.349151868694484,10.16979357517213,10.98469185504924,31.71511850099922,17.00314043039806,74.7332166629945,1.03954036154268,18.935,42.7,37.5080192948099,0.684695289874347,1526.00597486307,1.12387026995965,235001746.0,26.7162807328814,18.5894635445816,9.9444982105729,-1.5881564,179.8274,0.81940027224055
PAK,Pakistan,2021,1.017,243.552,0.307170638335073,0.0036228742691554,0.0672331280362684,0.0159676055490007,0.0774276685946159,0.379919614968,10.22088731084033,11.1789491442581,31.96873476745339,17.20172390121913,78.8012296805749,1.23144065449307,,41.6,37.9333395514173,0.616039439073827,1595.02792175422,1.43561633294011,239477801.0,27.0304204125548,18.8964082009484,10.2673420806694,-1.6496402,186.41,0.851341529752113
PAK,Pakistan,2022,0.87,211.97,0.258646730340141,0.0044445959738604,0.0656485608043937,0.0144658674731838,0.0706175050662495,0.3142300344901,10.54154409107999,11.48540665421798,28.73367058170087,16.47681053132392,79.1050539061512,1.28371909626329,,47.73868402806758,38.3740439760816,0.389980753542853,1642.28066974826,,243700667.0,33.031353478032,20.4125955543613,13.9370112392938,-1.7555938,188.523,0.728053294147929
PAK,Pakistan,2023,0.755,186.861,0.285571411811327,0.0039908833416729,0.0644839650293414,0.0138262853139112,0.0827940924756224,0.282645749466225,10.67548756099069,11.83377411109817,25.91339979573971,13.49322528364674,76.5397606213172,1.35622425766449,,47.71995034534483,38.8191861872791,0.608281270820624,1610.33122837537,,247504495.0,28.4676925469837,20.718694602313,26.0156920088641,-1.9403838,197.7366,0.7333123874381
PAK,Pakistan,2024,0.716,179.8,,,,,,,11.15083338839607,12.05220289679291,21.72196614442149,12.97354330354969,76.8544559649986,1.46559368502535,57.253,47.64350978220009,39.1734368360905,0.716885239403099,1635.08731167091,,251269164.0,27.5653309105795,20.281782302625,22.048079839558,-2.0634311,203.8692,0.731911839839042
PAN,Panama,2010,2.497,9.06,,,,,,,22.80716503046664,39.93199884173851,144.8684076281177,112.4128765387969,183.168909766614,7.11835492836641,40.1,20.6,65.0926097647906,8.43207038785787,10698.0717633911,0.234720390623527,3628535.0,145.44871880643,18.7740621099669,2.55070367962715,-0.0820154,3.2598,2.6094777026200022
PAN,Panama,2011,2.68,9.899,,,,,,,22.74319504175491,45.14352784669944,137.7737549808332,113.9848403531184,182.358735130993,7.65784803323672,42.7,19.7,65.1896678664818,12.31683544373,11761.4988547604,0.269868830701767,3693505.0,158.208395346813,19.3755839663283,5.48770339491702,-0.0424882,3.4072,2.7161878223100935
PAN,Panama,2012,2.538,9.54,,,,,,,22.3416178837378,50.87473588216755,130.27237197275,110.7674331387183,165.287067441004,7.84035458080003,40.3018952210488,21.2,65.2829468288151,8.13045858967083,12668.2945474105,0.260441253310238,3759256.0,153.208620367102,20.981246893755,6.31829463661421,-0.0613991,3.3629,2.7060409590016326
PAN,Panama,2013,2.686,10.274,,,,,,,23.66805984366662,56.1385925612895,125.9501435101228,106.7333572294183,162.198754669206,8.03240714720224,44.03,20.7,65.3709770103365,8.09167357098281,13236.8306754449,0.216897753935313,3825329.0,133.071568935782,24.4155078425601,6.15793630878711,-0.0995914,3.3855,2.779394557844215
PAN,Panama,2014,2.746,10.689,,,,,,,24.03739531928958,61.5600555721687,129.1969110590449,107.1770384010594,177.438612204565,7.96651988219216,44.9238152577893,19.8,65.4531164770096,9.69216526905834,13611.5490809559,0.231601530644453,3892101.0,114.970604927053,25.7779037450735,4.69411939871949,0.2814967,3.1908,2.81659149191988
PAN,Panama,2015,2.69,10.652,,,,,,,23.67988992354128,67.88702170388017,127.2237639864803,109.8876532314286,144.996925532224,7.98396983865042,51.2054249948687,22.0,65.5287232947981,9.17966898468326,14082.6548502728,0.138690460109424,3960035.0,96.5791573428957,26.5789491044727,3.01478936555419,0.4833108,3.054,2.8143810723227185
PAN,Panama,2016,2.565,10.334,,,,,,,23.42856260794547,69.42812696703022,123.1640075377667,107.4867101321897,127.61623852159,10.6706831276374,54.0,22.1,65.5971555296656,8.78226077131318,14474.1243636349,0.131004580785833,4029086.0,84.3959718738111,27.4158212522472,2.47501533207914,0.4612991,3.085,2.7902907515913458
PAN,Panama,2017,2.334,9.568,,,,,,,22.27137077431812,70.64357879093666,113.3101652245861,101.3600835959504,128.825871183278,10.76346760088,59.9506309038683,23.6,65.6577712475758,6.34573158944271,15045.5456426827,0.124276365709136,4098707.0,84.0475372402933,28.2545621318825,1.7946937582834,0.457992,3.0329,2.736832979669379
PAN,Panama,2018,2.188,9.121,,,,,,,21.71533369064928,70.11420620420245,108.9822743627236,100.7105236596694,137.297557979395,12.9615678069801,61.8055313202468,24.5,65.7099285144924,6.39404563819442,15375.6500855703,0.0994393790926708,4167860.0,86.1309615112445,28.3264606122134,0.700493822040499,0.364313,3.1012,2.701777877355383
PAN,Panama,2019,2.94,12.449,,,,,,,20.2434108986914,73.81753337261674,109.7188871032096,97.99428841717732,137.570004959029,12.648617375493,63.6284147731451,19.0,65.752985396379,6.71350419888271,15602.5315209709,0.31611229608813,4234700.0,80.4286505649569,28.4159327313405,0.538461837265629,0.399288,3.0024,2.966180400309052
PAN,Panama,2020,1.527,6.557,,,,,,,19.9033374954197,72.93671371532974,148.3275968311256,115.9270226754416,142.283080390407,13.8346818420776,64.82430267,28.5,65.7862999591993,-2.85980025219661,12647.0914227279,0.535097865738947,4293261.0,68.700423510603,23.4388993668253,-0.494822048141884,0.3368353,3.0214,2.3622667832399813
PAN,Panama,2021,2.335,10.145,,,,,,,19.57228489778849,73.12379890270739,126.639454637987,101.2136649419707,147.899862038176,14.8381106018887,66.04270172,28.0,65.8092302689169,2.71982266279312,14552.9345271768,3.6647948599442,4345405.0,80.1334635232887,26.3634288734371,1.41522672908646,0.3538332,3.025,2.707471682329855
PAN,Panama,2022,2.66,11.707,,,,,,,19.04562175395197,72.17770940783402,112.7662204431639,99.35244966600078,152.062171804817,16.3861439797054,67.2838974,32.65727663094391,65.8211343914956,3.09254919376261,15956.0671087873,,4400773.0,93.4752688552496,26.4076669264167,2.19585761538619,0.428471,3.0341,2.8644298198547546
PAN,Panama,2023,2.916,13.002,,,,,,,18.45873467324738,72.21417174607024,110.6336588958936,96.35006907432268,156.586507591014,18.1341265585334,68.54851592,32.504318957037775,65.8601271176084,3.26384312723174,16877.1543425646,,4458759.0,88.3489105169795,27.1581132184034,2.25973885580486,0.3693808,3.049,2.9873557462162745
PAN,Panama,2024,2.805,12.664,,,,,,,17.72114873144882,72.5358167709885,112.3504780897739,99.22555013411902,,,72.77149963,32.7329779838506,65.9958447685488,2.41063281860388,17122.7168795289,,4515577.0,83.6737788620216,25.5019537126105,0.474688348674988,0.264681,3.0414,2.9613265338063486
PER,Peru,2010,1.461,42.505,0.533489100558428,0.509318451038834,0.181455905025414,0.262920787225189,0.023742928430342,0.630551324617991,6.825223146878997,26.77101415232381,26.9640911685034,24.65575200546987,100.100151210105,3.20601798410432,34.77,32.2,77.4020936833934,5.73087732837535,5167.39259325937,11.2141792512141,29086019.0,51.6728089370033,35.7720066029406,5.71072859407522,-0.7755101,13.7783,2.1414784968962
PER,Peru,2011,1.444,42.327,0.534202034237744,0.501610303831566,0.188465276552482,0.380090573844978,0.0239127276101017,0.662666759033653,7.083133140444326,31.33662561456738,25.91831404561152,25.67174899505494,110.774364366799,4.13514688702456,36.01,30.6,78.0118164985462,4.47262658184166,5453.45718713631,12.7665949125059,29304086.0,55.9882802838607,37.2361002771383,6.7457871247569,-0.675414699999999,13.7544,2.29094767511052
PER,Peru,2012,1.54,45.509,0.553426101365529,0.504739776737845,0.186551788992388,0.282223831080767,0.0253433354427199,0.691622762754396,7.704036943769243,38.6480329041454,26.79553900846872,26.79919176065898,99.4508054485687,4.88245729342236,38.2,30.8,78.6488061451268,7.36173683394684,5740.04346272472,9.99927931288698,29550366.0,52.6198952632294,35.5335533553355,1.20258494022738,-0.698579899999999,13.8017,2.24390759637364
PER,Peru,2013,1.433,42.718,0.529887769252411,0.491601549929923,0.185090066519305,0.388385805604732,0.0257240627453829,0.70213306035454,7.864172845926471,41.55309381416493,30.30625434026127,29.54917121385977,99.9174254916985,5.40886840560537,39.2,28.4,79.3105527820586,4.75734900182415,6021.46142765232,7.65420483078558,29817919.0,49.7871424471444,33.8594367461678,1.05723435149577,-0.7062488,13.8017,2.32282231440629
PER,Peru,2014,1.64,49.388,0.561195416639329,0.476252733934666,0.187007012936259,0.337809322629927,0.0258605687905163,0.685473766706523,8.177609768879671,56.26305967041241,30.08878183094725,32.06577846088291,105.858105967274,5.86753622497354,40.2446560091704,28.6,79.9945465682649,2.12302965027806,6103.91864749969,5.66292821656372,30115826.0,46.8531210912899,31.701403934103,2.43244108501779,-0.4040664,13.7501,2.27359882163722
PER,Peru,2015,1.615,49.204,0.589767683282327,0.462454111063057,0.183699062856026,0.434930277473932,0.0247783843887343,0.714973121373499,8.310854020641717,122.1763477170741,33.35281794411405,34.80246626885426,112.404818501786,6.56472932864047,40.8526009090468,27.4,80.698277662669,3.90315707606412,6231.71150338894,3.91148648466656,30457600.0,45.1627686891148,30.3378798708175,2.69052090074331,-0.321351999999999,13.7902,2.41060264043757
PER,Peru,2016,1.707,52.698,0.572516024228363,0.454512802276051,0.182047281861113,0.333804714992917,0.0261051831217732,0.684253680365868,8.129679738675517,111.0477764413717,30.75698786731655,33.42600560829255,119.654538672257,6.87075765715407,45.4617406869459,27.2,81.4192362241943,3.66247550178788,6392.25474941014,4.40523816648386,30866494.0,45.3888411964154,30.5565505783828,3.08088269037734,-0.1794896,13.7428,2.25323968684608
PER,Peru,2017,1.747,54.726,0.604714488114131,0.455964184885721,0.163899234679409,0.295475706123055,0.0254641419858413,0.667198593019716,7.680248225622652,108.6231470637495,31.43562587173638,32.60924585519368,124.232520236388,7.37507987722252,50.4504121848143,27.6,82.1931650502403,3.65967264603654,6457.41940254721,5.8962563954339,31324637.0,47.5135503619971,31.2978841231473,3.61565826105974,-0.2242779,13.7838,2.21271634880787
PER,Peru,2018,1.756,56.014,0.622218631748987,0.435941887558454,0.168140999574884,0.399176679727355,0.0262888855786714,0.678308395052808,7.294567850723078,125.4725287341246,31.47896777604582,33.91535973895294,132.156626658621,8.09510839441633,55.0543342443197,27.9,82.6854929960921,2.78225210860643,6593.14437459526,5.95602611154103,31897584.0,48.631470171736,31.6240835005495,2.27741531762133,-0.1689403,13.9507,2.33007547924116
PER,Peru,2019,1.808,58.668,0.600887511947892,0.435589748714949,0.178013906435546,0.340998111097461,0.0274040712080703,0.690438225358073,6.629941063400953,128.0651727365843,32.7605367139561,34.30238919547564,122.790350843591,7.38778580236377,59.9505036049006,27.1,83.1033003087105,2.25881990677455,6626.26083494969,2.49912146958912,32449303.0,46.9435053754409,30.4491957836385,1.87221626775495,-0.0888854999999999,13.8477,2.27333157476199
PER,Peru,2020,1.438,47.237,0.65017208183463,0.452970941404191,0.149569761214578,0.403058305438696,0.0254508595514861,0.598040121274231,6.09069909371215,126.1592255900927,44.53281647650383,42.49651999564773,119.854099046125,8.41186520281526,65.25179796,31.6,83.5267437189637,0.464940476173709,5831.83024758521,3.97961448773443,32838579.0,44.245967197744,30.3192857092121,3.71917119669504,-0.2963963,13.9111,2.27926207071781
PER,Peru,2021,1.808,59.962,0.689248158876543,0.446970873592292,0.162863644746074,0.382529198040122,0.0247962713796063,0.703840733659887,5.410877370340995,118.6968415544423,36.78072701196173,37.40145826312378,129.993736857913,9.05771410333768,71.10782643,30.6,83.9480118272361,3.15463147592016,6550.96747543872,12.7247082349187,33155882.0,55.4083231938774,35.7261311136936,10.0486675817805,-0.334168099999999,14.2697,2.41024888029452
PER,Peru,2022,1.935,64.785,0.630674179410737,0.44086536593633,0.168166889803106,0.341928939926609,0.0275139774701778,0.747682312214551,5.181614187569351,121.5158012232739,33.80813112007234,35.59829821466626,124.119322949561,9.45023631953673,74.67495213,27.20573378645902,84.3663554951194,4.6280339832618,6671.28902042137,,33475438.0,57.2727003111939,34.9166301241598,4.51267292897019,-0.6566212,14.2745,2.35683166476151
PER,Peru,2023,1.952,66.065,0.623253165066359,0.434259808549593,0.160953415260358,0.3875803659965,0.0270412511263761,0.733672714992561,4.749731343320893,127.7662107237059,32.51108615163033,33.06996700164282,121.975084691173,10.4364266723222,79.48484477,26.95754270927268,84.7810255849745,1.64334960973353,6575.18295502228,,33845617.0,50.9070307213493,34.2028763083755,6.65862132809094,-0.7239502,14.3164,2.36676072099175
PER,Peru,2024,2.053,70.247,,,,,,,4.489598047209353,135.0338864712882,33.32019156163882,30.39422581034669,124.623544414599,11.6788671222106,81.95705992,26.76735639801654,85.1912729600355,2.29780708272736,6732.27773809578,,34217848.0,51.6811479870417,34.3174422299407,5.43859372340711,-0.6544223,14.3428,2.34359133726862
PHL,Philippines,2010,0.854,82.246,0.243261441864774,0.0332673545958077,0.0893514406858962,0.276726024941802,0.0879633522305151,0.481628133117909,7.545756850534886,15.10440967517878,39.35513999700621,15.93945433621602,86.3116249317177,,25.0,32.7,45.5208176726647,0.513698049517659,2373.14312064664,2.11755801672482,96337125.0,66.1042785137797,32.3395560456604,4.37088436444888,-1.5826192,41.3759,1.2121977474367
PHL,Philippines,2011,0.845,82.98,0.248979342426467,0.0302116312049212,0.0923609914987494,0.228175026562964,0.0906288277388482,0.462332243508061,7.633185172742894,16.75151755327702,37.21538677188062,18.98125536365825,95.8688282360909,1.82292647914606,29.0,33.8,46.6833632464759,0.856963002985963,2416.75212064542,2.84367320905718,98248614.0,60.7958366999075,31.3386827828469,3.91880577530506,-1.3804409,41.9746,1.15268806294001
PHL,Philippines,2012,0.873,87.476,0.253030302679224,0.0289449176324531,0.0944390696214177,0.231821277765814,0.090588983947786,0.465054511937544,7.883266006615386,18.73137549676834,36.44774011582927,20.00627929489108,101.799674355545,2.14283906030847,30.79999924,34.1,47.9182784810426,1.22763000703119,2533.74141964959,1.55356736359168,100175512.0,57.8420055133082,31.3994933632444,1.99417609680252,-1.1706826,42.953,1.16387906358424
PHL,Philippines,2013,0.929,94.825,0.222295180095715,0.0262547042175887,0.0991654719807804,0.21924572113001,0.0918817102008825,0.465460410980671,8.161470684762484,21.71510145570388,43.09828864853373,21.56366641873973,100.732033524401,2.52046664370868,32.70000076,33.1,49.1313688766206,1.31642638378197,2654.41506933978,1.1859412840883,102076336.0,55.8247812320298,30.7754466314331,2.0610633590687,-1.0944308,43.2965,1.12430319860565
PHL,Philippines,2014,0.964,100.074,0.247695069028668,0.0312513665449188,0.0996116115745548,0.233527702427754,0.095616747938728,0.50489845783938,8.524133835185076,22.93610158464423,43.89698335709718,23.82803226245379,107.284498472686,2.79471929116667,34.70000076,32.4,50.2392400212368,1.92937522802216,2776.92005909479,1.5089650931856,103767130.0,57.4681720875945,31.0474444753394,3.05305530085906,-0.805762,43.4686,1.212600955354
PHL,Philippines,2015,1.054,111.046,0.254092607675986,0.0303302356714743,0.099062988390669,0.226420106240764,0.0958974353041233,0.55253997403433,8.658536139301043,24.74255285879145,45.10660334977828,25.99717109423638,111.893197374926,2.75369633406674,36.90000153,30.8,51.1549047745227,1.84018010717942,2909.85818010301,0.758148274430124,105312992.0,59.1415921053094,30.4819509834967,-0.719682789735927,-0.926818599999999,42.8001,1.25834334731735
PHL,Philippines,2016,1.126,120.216,0.268018767067849,0.0353458998110935,0.107466444555258,0.212215933340833,0.0944560515266284,0.55275245067283,8.712672408099396,26.65907331027239,48.79876212614412,28.59200252820382,112.517998777897,2.79705053563184,39.20000076,28.6,51.9114748151175,2.59850803494211,3076.3374186759,0.661597167675748,106735719.0,61.7760657653871,30.2859171672694,1.28031174373962,-1.4376683,42.286,1.27025554697449
PHL,Philippines,2017,1.235,133.576,0.278476841173361,0.0373379147868767,0.105592155356754,0.195199604269519,0.0997052473524189,0.551992407907174,8.861616730688647,27.71937770810351,49.41051798458517,31.65707503286746,110.962137119646,3.14400726239576,41.59999847,27.8,52.6010482354344,3.12238778404896,3247.4503878362,0.964596437230551,108119693.0,68.1683697426727,30.1265505767725,2.32025994608939,-1.2792545,44.2209,1.2683041708461
PHL,Philippines,2018,1.278,139.857,0.298940522011994,0.0388492587105159,0.109316513481636,0.178825914796151,0.0967469121593281,0.60976867984765,8.895081429769837,28.49586610398112,47.73161382562482,32.85784676437274,122.960456861544,3.46090446005956,44.09999847,27.6,53.2088897464754,2.86833826070497,3410.93647976109,0.943783444739612,109465287.0,72.1633982990273,30.5637401548214,3.74065383022071,-1.06677739999999,44.0943,1.33244780100728
PHL,Philippines,2019,1.287,142.601,0.314510097178875,0.0397428018056521,0.105121202595541,0.184708799499354,0.0992279925299891,0.59512511749621,9.080487868678311,28.6005821807395,49.40874223238332,33.99255205385179,151.006642923206,5.69730703529922,43.0266118680279,26.9,53.7157859948017,2.30117498598294,3575.88170922922,0.78530018741462,110804683.0,68.8418422595678,30.3275078794624,0.697076297419486,-1.0094929,43.3027,1.33843601110562
PHL,Philippines,2020,1.173,131.457,0.283269843174185,0.0356454045666392,0.102338041312364,0.183177752149621,0.100539518669778,0.482213960656019,9.047244921495295,29.32213494900901,58.25707646877168,37.54745745770914,133.45620905917,7.08108894988907,53.76490021,29.1,54.1077719895977,1.88586363211171,3198.66690008413,0.764112790267085,112081264.0,58.1695603022281,28.3999175850521,1.65049018681367,-0.9415427,43.8686,1.18718452052861
PHL,Philippines,2021,1.24,140.27,0.308557152734564,0.0438955919651804,0.105324120530754,0.180691017396445,0.10085264430019,0.544023004429593,8.891389516740977,29.04040506128515,59.2444830930157,35.90262157627537,144.424289981649,8.50897715713263,66.90779877,28.0,54.4504102510776,3.04078855310045,3350.97587587776,1.97263339590791,113100950.0,63.4846098136712,28.8898091185459,2.28247846258142,-1.0935816,44.1377,1.28334353135673
PHL,Philippines,2022,1.325,150.963,0.297065237240185,0.0468692820155319,0.100680972214447,0.173607696155679,0.100130718388498,0.585626241600937,8.931248976252636,29.08212338687464,57.45801535084543,35.99180707510061,147.428926406785,7.63946525096298,75.21114422,40.81523034414973,54.7902343568327,2.3475097233369,3577.70136573244,,113964338.0,72.4296836107599,29.2212399364338,5.48864820202009,-0.899042399999999,43.7446,1.30398014761528
PHL,Philippines,2023,1.401,160.98,0.317513081800903,0.0387540227861858,0.0967586562841301,0.171126225794127,0.0998971633665013,0.729582797760778,8.77551800670948,28.46983835686021,56.54624927619456,35.87926545605494,117.275521687262,6.5393085505183,77.86699677,40.076047932138025,55.1242716168851,2.04210354820336,3744.69763802686,,114891199.0,67.4199693171606,28.1976225091314,4.60143307102079,-0.709066,43.9085,1.45363194779263
PHL,Philippines,2024,1.51,174.878,,,,,,,8.086377881931464,27.8445692139854,55.93591236375587,36.18559117363643,115.298749599352,7.13893301204977,67.26300914,40.08634608715022,55.4520983215477,2.03571882251572,3926.14900894495,,115843670.0,65.8637883882752,27.684918670718,2.90402293225671,-0.7741477,43.0265,1.37960148278625
PLW,Palau,2010,11.338,0.209,,,,,,,,41.26547455295736,53.71887933735863,15.73583334124647,78.8867145031529,1.29919547727767,,0.0,80.6626667312304,1.45705691768063,12933.0676102142,0.0,18396.0,123.113914891838,9.97702953078368,3.25684228943686,1.5781203,0.0,5.620924620792874
PLW,Palau,2011,11.742,0.213,,,,,,,,41.79728317659352,63.53632827273737,14.34691283577941,85.4353357672309,2.86536121252351,,0.0,80.9747231246263,4.26622995411941,13758.7587383152,0.0,18078.0,138.086472173303,8.69158075649521,1.29472434284345,1.5682717,0.0,5.787625168285571
PLW,Palau,2012,12.563,0.224,,,,,,,,49.42455694415025,62.81154964816808,13.0275806677682,96.5437658316915,5.05488319729806,,0.0,81.1285663568435,10.0680676467115,14289.7833891839,0.0,17765.0,144.101360548224,8.14806624098691,7.90302134762875,1.5672321,0.0,6.077196090706028
PLW,Palau,2013,12.856,0.227,,,,,,,,49.69120465677575,64.52783771248815,13.7011162266242,101.682910244787,10.2277878513146,,0.0,81.0756895339142,7.97369531322155,14184.0449521037,0.0,17648.0,140.845204181817,7.84543020990779,6.75919245810266,1.5640556,0.0,6.167874733289761
PLW,Palau,2014,12.392,0.22,,,,,,,,56.68130933824571,74.9664318957722,13.03764032969952,107.897262207169,6.26587637595258,,0.3,80.7338640362566,16.2404971437691,14725.8436432778,0.0,17715.0,145.793812924789,7.61508432137405,4.0902066194185,1.5750282,0.0,6.03976743158875
PLW,Palau,2015,11.327,0.202,,,,,,,,56.51713175556341,84.03233391201188,10.94538803055617,133.612830613393,6.88801350590884,,0.4,80.388246269234,12.2105000171013,15938.3652222848,0.0,17770.0,128.207298267542,8.04099924176824,6.28747978332866,0.9559309,0.0,5.745504739766712
PLW,Palau,2016,11.717,0.209,,,,,,,,56.28649827622599,89.6728301627092,10.54974472502461,,,,0.6,80.1089335766065,21.3160010533217,16179.3959628749,0.0,17797.0,118.759866134181,10.1097127720205,5.34179462832185,0.951395,0.0,5.882202285000124
PLW,Palau,2017,12.119,0.216,,,,,,,,56.06559674819539,95.867564821604,12.41450479704224,,,,0.6,79.8284579022498,16.4629967831161,15612.6700180498,0.0,17812.0,122.650636452895,8.12749253002082,-1.01191073437526,1.1385207,0.0,5.9885290841750525
PLW,Palau,2018,11.91,0.213,,,,,,,,,,,,,,0.6,79.5520868568744,17.6086082790045,15545.7219371676,0.0,17814.0,117.771970509059,8.96483658193314,-0.188475549944826,1.14243,0.0,5.917741349159261
PLW,Palau,2019,12.13,0.216,,,,,,,,,,,134.846611978874,,,0.9,79.2803814152827,16.148733481348,15606.4827634374,0.0,17798.0,115.497705299446,11.239776701164,-2.47012270110928,1.1436032,0.0,5.99127447167748
PLW,Palau,2020,11.722,0.209,,,,,,,,,,,134.892086330935,,,0.9,79.0796884006264,17.0121257223563,14673.8845975778,0.0,17792.0,104.430720909895,12.7202311660959,-2.27534128851714,1.1429587,0.0,5.818688445203943
PLW,Palau,2021,11.933,0.213,,,,,,,,,,,134.960355395603,,,0.9,79.0890798782416,13.5977706323233,12932.0857060233,0.0,17783.0,79.5791429216543,11.6936080382588,3.42223944620068,1.1404301,0.0,5.812543764835112
PLW,Palau,2022,12.215,0.217,,,,,,,,,,,135.142744523903,6.993637029112,82.56749725,0.9,79.1134831712956,30.0500084227105,12889.6216058288,,17759.0,103.651854764975,12.2157436243113,5.37684417785252,1.2446282,0.0,5.902361520691143
PLW,Palau,2023,12.18,0.216,,,,,,,,,,,135.386698256896,7.33344615558188,82.91629791,10.294335692873013,79.1531991438847,28.9309640776654,13070.7944502154,,17727.0,106.757623549153,10.0883769073276,10.2437954180977,1.2451365,0.0,5.881046137191424
PLW,Palau,2024,12.76,0.226,,,,,,,,,,,,,83.92549896,9.794871943908745,79.2095042878667,21.4868990824119,14666.5457772703,,17695.0,105.811955583144,13.0237834973325,3.94067941390803,1.2387076,,6.138912712768811
PNG,Papua New Guinea,2010,0.618,4.715,,,,,,,1.508920865902622,5.050693453924053,,,25.0091340525207,0.0799106782019259,1.28,55.2,13.0021920069407,0.249749808529939,2140.50939027384,27.8968249359842,7633523.0,,33.1688098579341,9.9171611234198,-0.9409904,0.4236,1.5625280283565486
PNG,Papua New Guinea,2011,0.674,5.298,,,,,,,1.601630987464298,6.264607280081874,,,30.5368920009375,0.0954277875029296,2.0,54.7,13.0000025015364,0.202496658911332,2102.03192060639,26.2680889498874,7859346.0,,31.3362203529409,8.83316822422471,-0.9018493,0.4295,1.5797802581203515
PNG,Papua New Guinea,2012,0.541,4.372,,,,,,,1.590687760364656,6.186007956973664,,,33.5214610357872,0.113841801967236,3.5,55.5,13.0143796071362,0.135226482435046,2139.48096660428,15.8152886420978,8081390.0,,27.5731803314458,-0.574719487183756,-0.879075899999999,0.438,1.5364242593979136
PNG,Papua New Guinea,2013,0.546,4.532,,,,,,,1.541988929661699,6.681952028534029,,,36.1328329658624,0.136100337504748,5.099999905,58.3,13.0582475733094,0.126069328063533,2162.10592595591,11.6658602971436,8302698.0,,26.5405471816928,3.58693538896726,-0.7908101,0.4296,1.533506878638131
PNG,Papua New Guinea,2014,0.719,6.125,,,,,,,1.495780790185905,6.851045347641615,,,39.4077931671023,0.154867030815371,6.5,56.9,13.1316404025265,0.126824295087963,2391.3578028163,14.02772535223,8523441.0,,32.7848336169925,5.43739265412782,-0.669148299999999,0.4297,1.6019654788707385
PNG,Papua New Guinea,2015,0.722,6.316,,,,,,,1.451960020549716,6.757887996879541,,,40.7171432669286,0.171560996911216,7.900000095,55.3,13.2341359836319,0.138228028178879,2484.5963398603,12.7384528214768,8743246.0,,34.8049301310481,-1.23111841681596,-0.693792299999999,0.4304,1.6097244818664098
PNG,Papua New Guinea,2016,0.784,7.024,,,,,,,1.410361350248615,8.218401942189463,,,42.2017296237172,0.189695770386883,9.601499557,54.8,13.3653651942392,-0.188417025477419,2557.09463030035,14.3368397378808,8961718.0,,34.7299715804552,2.51784593601241,-0.757626799999999,0.4314,1.633693907265997
PNG,Papua New Guinea,2017,0.714,6.55,,,,,,,1.370699852269016,7.834988044451289,,,43.775195523033,0.196105903288849,11.20919991,54.7,13.5249644881888,-0.788236305745218,2584.8883636271,16.0436340949199,9178714.0,,36.3598597357265,7.69953503846061,-0.8689907,0.4328,1.6120981136740198
PNG,Papua New Guinea,2018,0.809,7.596,,,,,,,1.382240740591425,7.437771604134809,,,45.7713986877234,,12.35789967,53.4,13.7125720532162,1.27185526445477,2518.45899317321,16.921880825492,9394513.0,,36.9240450738372,9.79760566069545,-0.7969145,0.4344,1.6423432099428987
PNG,Papua New Guinea,2019,0.789,7.583,,,,,,,1.457013148663054,7.541243879343941,,,47.1952885885227,0.208137987159968,13.62419987,53.2,13.9278267446947,1.35581279394242,2572.56177967896,13.8152037166577,9609010.0,,36.711080935275,1.06226142176442,-0.799196999999999,0.4444,1.6383149869566773
PNG,Papua New Guinea,2020,0.806,7.911,,,,,,,1.435308463389961,7.379357643298389,,,49.0843996981992,0.213941966305974,15.02040005,53.6,14.1703677185729,0.473794497066331,2438.61137922293,11.9417254747487,9815746.0,,33.0470837551076,1.63449669302058,-0.768714799999999,0.4371,1.637120924225549
PNG,Papua New Guinea,2021,0.786,7.873,,,,,,,1.400787547120514,7.140971299994793,,,48.1179470954257,0.209729532794508,16.55960083,54.5,14.4398342822353,-0.131802749385713,2378.3893914666,27.3866812481734,10012896.0,,34.0343393796521,11.6115184948157,-0.747625099999999,0.4406,1.6261330089604433
PNG,Papua New Guinea,2022,0.827,8.436,,,,,,,1.368570045125622,7.318874589150066,,,49.1906681149749,0.214639196900492,18.25659943,54.6,14.7358658260841,3.76980845499621,2467.24008628973,,10203169.0,,40.2791423313434,15.0119963741639,-0.6856785,0.4444,1.6428775276976757
PNG,Papua New Guinea,2023,0.804,8.358,,,,,,,1.628498964521841,7.211923985739584,,20054.39770539451,34.0588961979896,0.228111959659795,18.56130028,49.364037684063625,15.0581017891206,0.140519954608903,2515.28575096589,,10389635.0,,36.2878524484944,-4.3416463861379,-0.530809,0.4476,1.6471389414160245
PNG,Papua New Guinea,2024,0.789,8.345,,,,,,,3.269116049497828,6.850930155904144,,,38.7651796406789,0.232591077844073,18.81159973,49.28248372574563,15.4061816403333,-0.64380460730506,2566.91067057792,,10576502.0,,36.5317174025128,3.27200752802565,-0.653875,0.4503,1.6444345882900353
POL,Poland,2010,8.768,334.028,0.866674990208711,0.0462951354137067,0.746764702806685,0.0766283414908013,0.0893569173923537,2.86099348312693,32.13090715322329,50.80094201963721,37.94900827496501,45.31145175637686,123.248926095995,15.378511671936,62.32,9.5,60.8474783987677,3.94489462074706,10808.3975674238,4.33027218366267,38042794.0,82.2258523219922,29.6974993930566,1.57921733174169,1.1015819,19.1925,4.68671357043919
POL,Poland,2011,8.726,333.406,0.840808733704666,0.0494413879487019,0.814334624254415,0.0630232629336152,0.0824909182850911,2.80949150615171,32.57399605321348,53.86261070141557,39.51527364877091,47.59486619460113,131.279778766286,18.2475205937044,61.94999896898,10.4,60.7357090652544,3.57128957712437,11370.313427173,5.71416347861788,38063255.0,86.9236892837618,30.3941659979475,3.06571454649757,1.0564513,18.801,4.6595904332782
POL,Poland,2012,8.518,325.778,0.837885736303036,0.0496487720003525,0.812841652580965,0.0752417644933313,0.087793632556783,2.60450154105699,34.00136847613062,56.3118639449885,39.10884510449119,45.962205084075,141.409735570098,18.0079998184474,62.3099972714691,10.9,60.6341632788866,1.52886091421625,11542.2353368014,3.79887246755542,38063164.0,88.8299033066583,30.2281657114043,2.18343357394524,1.0636907,18.391,4.46791309899146
POL,Poland,2013,8.41,321.757,0.764281011329915,0.0520665896250241,0.794712865362555,0.0804753580481885,0.0891449621055801,2.51513540444969,33.03429472585871,58.45100742831917,41.14396036067391,46.82693355436593,148.912446350899,18.3773931656078,62.8492,11.4,60.5333187465323,0.258983446617592,11628.2286809525,3.33330904653522,38040196.0,90.4175072415629,28.6768333488015,0.270975789944856,0.9461127,18.532,4.29581619092095
POL,Poland,2014,8.086,309.415,0.871316092281355,0.0392382710662243,0.856396508435785,0.0840017240691049,0.100909230052215,2.41968086324253,33.03800830291036,63.61280582078707,43.38916549963893,47.51275446808386,148.713283559361,18.904567196757,66.5987360557248,11.6,60.4340063344328,3.85089176515991,12093.1622787394,3.15767703778128,38011735.0,92.0340197113178,29.9351239778153,0.482272387523025,1.0543362,18.9747,4.37154268914721
POL,Poland,2015,8.168,312.549,0.691920525532694,0.0343828873976365,0.876091341243976,0.0698406140131416,0.0908303320018641,2.35334044400833,31.2146753562138,68.65864273494012,45.29261796845893,47.97131524816859,142.520207198425,18.9867934497166,67.9969871556415,11.9,60.3362886805635,3.29546177974363,12637.5220324406,1.29098319489632,37986412.0,92.2554272741942,30.9939300295541,1.32071091723995,1.0637346,19.2096,4.11640614419764
POL,Poland,2016,8.449,323.3,0.773002808413285,0.038884966214682,0.908516719832384,0.0716388207778058,0.0943625351621111,2.44968794119485,31.13580679848619,72.7515916253276,47.79283020077277,49.11172081805389,138.518696718641,19.1513139299534,73.3007040962669,11.3,60.2402284228997,3.81608721408819,13026.1858988718,2.02624729962296,37970087.0,96.8659028060623,30.6734871058329,0.0828624483893066,0.5712287,19.0664,4.33609379159512
POL,Poland,2017,8.796,336.505,0.845852836050776,0.0267810082192237,0.952514749102604,0.0744331274268747,0.100979005913226,2.69043956985931,29.4255243240235,72.14300053267188,46.06931160095271,47.33255334939875,131.901471911132,19.9531726069815,75.9853659493832,11.1,60.145888199417,2.37812815599278,13695.6452848724,3.06146096477289,37974826.0,100.56589524628,28.8090759581658,1.77020284945432,0.6020499,19.6686,4.69100029657201
POL,Poland,2018,8.779,335.719,0.714239558770783,0.0269682685113149,0.938957468707345,0.0692083436401494,0.0842719266852892,2.79338726476241,29.82465577428283,71.13827141991418,46.49899128631181,47.43943773908815,126.266191655563,20.5313862679212,77.5417345350006,15.1,60.0533306480907,3.34803954559233,14551.0850277089,2.71315064903734,37974750.0,102.442462168005,28.8614617242515,1.22699825174134,0.630199,19.8486,4.62703283107729
POL,Poland,2019,8.304,317.444,0.713461347234709,0.0307745487904663,0.927458544989358,0.0664573653896783,0.0868647598394297,2.60441893046278,29.03428293885367,70.70624904469953,47.41099942228127,46.14463651604146,126.597314882311,20.5043205670712,80.4359068768673,15.6,59.9626184068963,3.15455649244208,15221.3090624454,0.671601200907606,37965475.0,101.581033817373,28.8315242170352,3.02644690867653,0.6735951,19.9881,4.42943549670643
POL,Poland,2020,7.914,302.102,0.953429973444741,0.0278063948896527,0.926765676609962,0.0627250612842013,0.106148304717416,2.44483442036489,26.10943657740928,68.85031300413954,52.60660745009805,45.40077823580558,129.288487295019,21.9255858346119,83.18488715,16.1,59.8738141138092,3.31499059495462,15090.2228440113,0.535468929487005,37515748.0,99.2590912303436,28.5669486213815,4.23859434856777,0.5545247,20.1545,4.52170983131087
POL,Poland,2021,8.693,330.694,0.921568840953927,0.0322962173699289,0.999982003934485,0.0640257582529226,0.10597666446606,2.8161642565249,23.76898199986604,68.43777941988075,50.31605525989719,42.06490950389285,132.987203939653,22.8165643900514,85.37490906,15.2,59.8096513205543,5.44306737738578,16368.6239689025,1.03024380772929,36981559.0,110.874283021945,28.4859993432319,5.34023602800748,0.5651963,19.7818,4.94001374150223
POL,Poland,2022,8.203,314.892,0.984639928208001,0.039013489938826,0.990842933087132,0.0639278782947151,0.104944167884527,2.64021607267042,22.63683240347418,68.3466844032353,46.02937407579774,36.38787353105998,137.002148115476,23.8373449056172,86.94113479,19.655109129651528,59.8315488048321,6.00626096603428,17303.64494323,,36821749.0,123.021332860345,29.1814824967348,10.689577427514,0.537484,19.9289,4.82358447008362
POL,Poland,2023,7.307,283.243,0.854539693551236,0.031383035745373,0.891792066448453,0.0647050058480204,0.107119216888779,2.39225230999478,21.80504975673501,70.90172613037288,46.2008494449216,32.21648921733993,135.146301442691,24.526154479274,86.414744,22.968188174189983,59.8859561370214,4.38918673390545,17410.3830137066,,36687353.0,110.024935041815,29.3903798055442,9.86569270234997,0.5055901,20.0154,4.34179132847664
POL,Poland,2024,7.08,272.862,,,,,,,21.32777025964778,66.60031360363665,46.72015700835351,31.37019732279593,138.016156588197,25.3612522999634,88.58496367,23.658588251807025,59.9705468695101,2.24523191798779,18000.5034591285,,36559233.0,100.359442847164,27.2480779716168,3.82894765990332,0.498655,20.036,4.30755501437669
PRT,Portugal,2010,5.0,52.89,0.834228033584019,0.361037510944283,0.404460087044922,0.375777358120071,0.0460292556711068,2.40896302692814,66.03959163846434,195.1314833558495,80.40203402194146,137.3663519040322,115.42460954412,20.1035764454099,53.3,27.8,61.0788867241731,3.77376819569615,19698.6836791397,0.219238742769667,10573100.0,67.6892401927983,19.9335310982463,0.782135844537365,0.773195,4.5903,4.43049527229254
PRT,Portugal,2011,4.905,51.784,0.801088467996986,0.332985572372153,0.280847197242703,0.359495035313477,0.0452028879746874,2.25526297065572,64.1333974667308,191.7535065425654,86.95183529295664,138.7123939202996,116.837494027689,21.2468026111835,55.2499968797194,27.2,61.1410698395502,4.23648756430888,19389.6395896162,0.244908396407978,10557560.0,73.0075756700531,19.3319728029358,-0.260435388033883,0.7839002,4.6869,4.07488213155573
PRT,Portugal,2012,4.749,49.932,0.788945599286305,0.321647952862685,0.195859470356595,0.335686083486289,0.0449620267348993,2.03130890057976,61.32949829227816,185.6321477936923,87.09027066187171,136.8621212813437,113.358650832529,22.7408340982484,60.3399974868057,25.5,61.1409793914666,7.21535195239496,18679.7626789594,0.259819202336753,10514844.0,75.9411067187813,19.0867583864245,-0.376402176726515,0.8412014,4.6896,3.71841003330654
PRT,Portugal,2013,4.604,48.146,0.809023284878696,0.34514215348171,0.230415766514408,0.342566682114113,0.0516186198641234,1.91863911764719,58.25903118776946,181.139356792019,88.31205515023824,128.2889001122597,114.655300508744,24.5102597000009,62.0956,30.2,61.1405315215642,6.43654323197598,18597.7214623964,0.196206023994317,10457295.0,78.0305056874282,18.8830973772949,2.27438670185343,0.7633997,4.6179,3.69740562450024
PRT,Portugal,2014,4.607,47.942,0.778376762394572,0.363341075262083,0.315802834759634,0.347112212340481,0.0525440327882509,1.92058446697223,53.57191081025124,177.4815688321976,87.78012271157237,116.2628459707622,114.312891767686,27.4622463014594,64.5924200648949,30.5,61.1394537361116,5.43851031792652,18836.8967978906,0.204731493524196,10401062.0,80.220669072079,18.9850440099134,0.724456767129396,0.9403714,4.7962,3.77776138451725
PRT,Portugal,2015,5.037,52.233,0.861064382718732,0.349795552269,0.378602507544999,0.338505336130508,0.0583802941766013,2.02629088797176,35.5863467387631,173.8537794299876,87.28347769083005,107.1776204815583,112.964237082806,30.2999720257926,68.6328614804299,27.2,61.137469211538,0.63522205292535,19215.7813014347,0.159709580402046,10358076.0,80.6346756266443,19.5938498258589,1.96244699137272,1.0004341,4.9875,4.0126389608116
PRT,Portugal,2016,4.863,50.311,0.754751591090987,0.356146037159586,0.427340282950836,0.383050914654601,0.0516856450335195,1.93892171492852,42.800739730246,169.1852258654891,85.89197492445574,98.8661278414944,111.846790353179,32.6259001706105,70.423567088723,29.0,61.1343011242723,3.56282992803299,19662.82312462,0.158382699146323,10325452.0,79.5223464844001,19.448178094831,1.8540870315521,0.9588082,5.0167,3.91189618581805
PRT,Portugal,2017,5.34,55.165,0.857164447631861,0.374252306819776,0.490903525378101,0.386772003460915,0.0655504920779528,2.19693504474771,39.18489111787334,168.455565010046,84.09126736300254,91.45223930753096,113.873619619075,34.6016066063915,73.7912139515729,24.4,61.1296726507436,5.02041551787587,20364.1962735946,0.191626691576631,10300300.0,84.8077923069539,19.2493833127062,1.53220089864148,1.054818,5.156,4.37157782011631
PRT,Portugal,2018,4.972,51.34,0.781622743355951,0.402500543206591,0.480626591953867,0.384179027023627,0.0601750606578404,2.23583772199979,35.56805772033093,166.266018868201,83.64982809554844,85.6850958255121,114.858523480989,36.6542819407724,74.6609681487507,27.5,61.1233069673808,3.46584287446499,20997.7745987013,0.240667367524237,10283822.0,86.7356954918399,19.3820435381975,1.85237145416053,1.0917404,5.1271,4.34494168819766
PRT,Portugal,2019,4.6,47.583,0.887381781687732,0.425907983139662,0.467184441726075,0.37444752496547,0.0686498907694938,2.16802002691173,34.65126960025679,170.7378910283905,83.7823832264363,82.07592991558111,115.145564535894,38.3605751907072,75.3463779408712,28.2,61.114927250613,4.5038935303436,21569.1874752919,0.221431953517005,10286263.0,86.7709889083586,18.886083188208,1.83436824863219,0.9941251,5.2449,4.39159164920016
PRT,Portugal,2020,4.025,41.738,0.805295538011728,0.391939447745372,0.357147903352071,0.355458047052165,0.0623631860677762,1.81433799077931,32.97964171087578,165.9515848101799,98.19113099951848,91.65006406914692,114.276382888841,40.1215406866329,78.26166044,31.3,61.1042566768691,1.8141455418251,19778.7139525722,0.200282467054982,10297081.0,76.5086407209215,19.3945333422241,2.10314290097442,0.9830461,5.3158,3.78654211300842
PRT,Portugal,2021,3.878,40.3,0.904016548703457,0.403690745601089,0.508397522606788,0.325651543491202,0.07834229265191,1.92406147352175,30.62317834590169,162.4050706472058,99.46616922340004,87.6376864546174,119.768700781718,41.5145728650954,82.30902804,32.3,61.0951249296597,3.60836004516304,20747.6990734163,0.291415692065373,10361831.0,85.8735452148975,19.312836959793,2.01977710282455,0.9584396,5.2588,4.1441601265762
PRT,Portugal,2022,3.909,40.722,0.754856990485328,0.420932170611696,0.602617460217734,0.331627826074903,0.0629727424454257,2.09234139212539,29.7324072332921,159.3366203120922,93.87388192432194,79.29180991248052,122.80130896654,42.937003513367,84.49690644,30.545643028343626,61.1259255772782,5.08368921917484,22042.8680283647,,10434332.0,101.364146479435,18.4032428555898,5.32750036102243,0.8869409,5.0081,4.26534858196047
PRT,Portugal,2023,3.607,37.622,0.92242188376314,0.441706933261978,0.559800389284135,0.333435255649904,0.0791850309452663,2.08333865692922,29.04193520870147,160.1539005511239,83.36680063540597,70.93562632873898,123.001507659381,44.1107426914567,85.79012676,30.618950288356892,61.2048652633664,3.96325428743124,22417.1634060906,,10578174.0,93.1358537072038,18.7118937244236,7.48763935838595,0.7890296,4.9164,4.41988814983364
PRT,Portugal,2024,3.409,35.539,,,,,,,28.24480114437554,157.89851816664,83.95451372123709,67.9156160487087,124.129981203404,45.2439221846256,88.48704454,31.582883343235487,61.3281907341332,4.29974090969256,22663.993126225,,10694681.0,89.6615637070518,18.6902857824428,4.86520313456742,0.536927,4.9243,4.2582629381224
ROU,Romania,2010,4.135,84.488,0.728630646010263,0.123227860603328,0.357139315078328,0.0341461211962016,0.0468300932112149,1.40819253974557,35.42498848087004,59.21946609858499,30.47762580232122,38.83652998154307,119.221396188263,14.6853744418104,39.93,24.1,53.9038227941329,1.88971859139686,7660.70667630517,1.71353438994212,20246871.0,69.9549354932718,38.3073286489437,5.93211185989944,0.1933713,10.8365,2.6981665758449
ROU,Romania,2011,4.555,92.391,0.86733863609533,0.0830879005623339,0.32261268900023,0.025109176329099,0.0563410206958154,1.50523702447487,35.24371016741852,64.85408361521623,29.52202107963592,38.24367926537076,115.471784331445,16.1874973837653,40.0099967810008,21.1,53.9608874244169,1.23042689104897,8044.57194920892,2.28817644873145,20147528.0,76.271356441629,40.2099159620935,3.98254945792303,0.1207194,9.4641,2.85972644715767
ROU,Romania,2012,4.457,89.848,0.477427768914828,0.0903887169388262,0.438642418524325,0.0291066959408352,0.0389542464425592,1.51994906158623,33.19001291268429,65.01313458221827,29.16599839137741,37.08901439695487,113.302350795587,17.567519569459,45.8799942529424,21.5,53.9563092496073,1.70143772893217,8234.28553425194,2.18833144039798,20058035.0,76.5943239913672,34.4276463515754,3.81023942192328,0.0478106,9.2891,2.59446890834761
ROU,Romania,2013,3.927,78.795,0.679945457166971,0.116869083048656,0.403355450543442,0.030209545389266,0.0587640081163309,1.32562624282823,31.6618424996069,63.9410137618608,31.36312853519602,35.44714211252086,114.190750190364,18.8919150905294,49.7645,23.1,53.9101758034365,2.03100513989555,8287.95844089676,1.87595138869643,19983693.0,81.3976131747183,32.072608504292,1.39458661535372,0.143861,9.3915,2.6147697870929
ROU,Romania,2014,3.973,79.335,0.721106411706393,0.112381275834735,0.43555409186472,0.0361481645207547,0.0625776001717497,1.2674634691846,30.78374375347277,65.21222559499456,32.18291850412241,31.42495246709174,114.782653636732,20.1139523323465,54.0783206550943,24.3,53.8267187624053,1.9372882717301,8661.47397274241,1.51017281377838,19908979.0,83.3751429575201,32.5700211539755,1.71417093292732,0.2061238,9.4845,2.63523101328295
ROU,Romania,2015,3.928,78.046,0.601549479619298,0.146700717443617,0.496000558725142,0.0381096151108857,0.0565571068140995,1.403367039018,28.76190385015808,68.76051571583454,32.90536544707266,29.96073433755957,116.350349219635,21.4489855804576,55.7631556336233,23.7,53.7071839518893,2.42725822119064,8977.01748158196,0.975979399576012,19815616.0,83.5205767017155,30.811807082352,3.26453494332559,0.3468551,9.4639,2.74228451673104
ROU,Romania,2016,3.873,76.587,0.711323563655497,0.144909611083667,0.551876065443849,0.0398621816115068,0.0644430972346747,1.43204338700334,28.11475371831016,67.00211279152649,33.05796244182016,28.37692371921257,115.790771839543,22.4982986593906,59.5039512852713,24.4,53.5528171972639,3.37417569649644,9286.87678236598,0.688993508362941,19702267.0,85.8925282906884,30.1213847463155,2.61991857394388,0.3246759,9.5797,2.94445790603253
ROU,Romania,2017,4.034,79.432,1.05662588668443,0.106055570239957,0.522701693407369,0.041626469838979,0.0819671483593682,1.57430714352471,26.79983741795847,67.1299842451646,32.76120274685699,26.71758960833028,113.76679260075,24.148941859633,63.7472821822484,23.4,53.3648643239046,2.8327307446025,10106.2269557253,0.884924035595192,19588715.0,87.1560645667801,29.1130933187854,4.65130664700149,0.1382404,9.4721,3.38328391205481
ROU,Romania,2018,4.076,79.874,1.1721936971598,0.0677147947169811,0.573924406599162,0.0411132494428185,0.0877138813983092,1.6451870874422,25.70885697004503,65.029722811112,31.71018207797072,25.53518805446052,115.492130982384,25.9702175828069,70.6812779273268,23.0,53.1445711571868,3.03714660753952,10714.1701157127,1.07026334712177,19473970.0,87.0911701095809,29.1075109238852,6.18205429510977,0.1435505,9.241,3.58784711675927
ROU,Romania,2019,3.933,76.69,1.045885850923,0.113493892503468,0.537536725279287,0.0397905194168029,0.0803406378342742,1.64261259713588,23.78926535379108,64.7518101423556,32.09316131824398,24.53795212137088,116.252345583749,27.060557570268,73.6574757545465,23.5,52.8931835224862,2.94522918789332,11197.3162915853,0.798252105262357,19371648.0,84.9063630584793,27.7745670712094,6.96708718391783,0.64527,9.1319,3.4596602230927
ROU,Romania,2020,3.813,73.946,0.553047873423931,0.168379111963288,0.614657943574021,0.0399296856819415,0.0555272158646045,1.5417346212345,22.74215304466761,63.295693090314,36.90979324240714,25.69029983656021,116.478206049988,29.314080636148,78.45526895,24.1,52.611947245178,1.43737626680298,10854.049431887,0.508984051380759,19265250.0,78.3616463562709,26.6218787803176,4.10704737847854,0.6180826,8.9573,2.97327645174228
ROU,Romania,2021,4.026,77.501,0.987212950350943,0.135408586060696,0.641731646078139,0.042568475643501,0.0816992230259224,1.76593166730546,21.80906404397764,63.15216830339568,37.62297397400353,26.2930467619817,119.123068432356,31.6949603653045,83.5904265,23.6,52.2321512130811,4.12832844182863,11546.3224998072,1.144376067244,19122059.0,87.0711965460145,26.2049211165386,5.60376567562626,0.6671952,8.7473,3.65455254846466
ROU,Romania,2022,3.818,73.186,0.618933048445289,0.147869235858869,0.631385354910311,0.0447858584038055,0.0629692030320706,1.76327006475103,21.51557000289479,63.38404411079406,34.53337651588758,25.12325020691641,121.14194294167,33.2115600895132,85.50309124,34.02224814505555,52.1634832477272,3.88649421607456,12076.3033811896,,19048502.0,93.9496509383447,27.5991771762168,12.051275290788,0.5499041,8.7336,3.26921276540138
ROU,Romania,2023,3.55,67.866,0.502748018131925,0.154452709401969,0.639640076556518,0.0468525985546939,0.0689920499770426,1.63801701247558,21.12275783515867,63.79235013163214,33.77493060376902,23.04528236506842,123.252482585042,34.6706189336505,89.20335498,35.36276662868649,52.1645747011867,2.50426860654842,12340.8170509969,,19061062.0,83.3753324062231,27.0872143657574,12.3522995042078,0.4983587,8.6296,3.05070246509773
ROU,Romania,2024,3.605,68.551,,,,,,,20.78135011767276,63.78261549451735,33.65658256796059,22.60836448163139,119.804862328273,35.7995871488999,91.29048551,35.348780108442725,52.1674778928768,1.87134949618788,12459.9112061891,,19051804.0,77.2149837939003,25.2544803034454,9.58453804755844,0.1588848,8.62,3.03860652065638
RUS,Russia,2010,11.346,1633.147,0.744875644773417,0.135302756999903,0.57052319462747,0.249539201969473,0.0320693602570215,3.2306505658906,35.16174750452107,95.8604898580706,28.72215585266769,34.08927869589902,165.137115700538,10.907741936582,49.0,3.3,73.6696307887624,2.8308286983175,8755.1201171875,13.6767287816453,142849468.0,50.3555054872589,29.999588218512,14.1911095688207,-0.712889099999999,65.2164,4.96296072451788
RUS,Russia,2011,11.698,1684.989,0.91485460530939,0.130908778759066,0.637323381267457,0.261564630987881,0.0470517834919665,3.47711553751674,36.82060868736174,117.2403081029953,30.55903150582175,35.64326177690285,141.451225637367,12.2426736632818,58.0,3.2,73.8534851074219,2.69236118071968,9120.8203125,16.2675600700583,143018195.0,48.0353994077919,29.4135888378747,24.4600860617544,-0.940576499999999,64.4472,5.4688187173325
RUS,Russia,2012,11.782,1700.104,0.602349443865917,0.149468172528579,0.657291405371062,0.263501713946353,0.0370266115425888,3.44422849205545,38.28241479796173,142.2477390144343,31.12396369787434,37.89447699345628,144.198197519265,14.5007601269515,66.0,3.2,73.97265625,2.29079869889368,9464.0107421875,14.293372457197,143378447.0,47.1513903857957,29.102868072666,8.90786842118136,-0.9015976,65.4189,5.15386583930995
RUS,Russia,2013,11.324,1637.547,0.842189631150939,0.143892956621195,0.658760955783596,0.27656336809845,0.0451149131808806,3.28820894910947,38.4814041475474,156.445631879995,33.67952762418491,41.47507346404743,150.964167004451,16.4209357330938,67.97,3.6,74.0762949770228,3.01940211363344,9601.537109375,12.799885012616,143805638.0,46.287149400499,28.1912891799352,5.32013887194449,-0.8279576,65.9433,5.25473077394454
RUS,Russia,2014,11.298,1637.311,0.788327033234563,0.136692919906654,0.674301986048019,0.270705834433641,0.0492744866413918,3.13063967805309,36.93450681684801,184.8933160976175,38.8952669136951,46.81988899410908,152.512941154001,17.2161049931,70.5175682574413,3.3,74.1776476748791,1.0698764102333,9493.8125,12.4271978897589,144237223.0,47.8013412628116,27.9315270606099,7.4900711173524,-0.6996599,65.6011,5.04994193831735
RUS,Russia,2015,11.254,1635.244,0.732992683373146,0.100741850644251,0.663145454408895,0.235843762188744,0.0496695780793832,2.86338577477838,32.79429067522504,172.043842987299,44.94216448807616,47.28927962087133,156.4185651494,18.4996930924804,70.0992412263947,3.2,74.275919065527,0.502607961400285,9277.7138671875,9.761666714108,144640716.0,49.3593493116887,29.7940599874349,7.24973590747346,-0.7905888,65.4844,4.6457791034728
RUS,Russia,2016,11.177,1629.328,0.831891781676577,0.0906902821514341,0.675364510290993,0.246501253482731,0.0557974864733854,2.72638902557126,29.96163546420883,167.7873240594073,42.94148259105147,42.80572493247881,157.173982310184,18.8797858276626,73.091434617897,3.4,74.3703138709243,2.54849998807899,9269.3173828125,8.19418914130003,145015460.0,46.5181198396096,29.1739050669208,2.84424213964709,-0.7684605,64.3925,4.62663433964638
RUS,Russia,2017,11.362,1661.012,0.88601820794476,0.0912948332868348,0.651382318104535,0.229195903410555,0.0609643296868293,2.91270989158976,29.01080122026141,162.7930203907943,44.35873008128619,41.49871775636102,155.485765168167,21.2763636749444,76.0081385339105,3.2,74.460036813029,1.81409297475419,9418.99609375,9.71546623895349,145293260.0,46.8765243371311,30.6732968853437,5.34886821073218,-0.5386198,63.8237,4.83156548402328
RUS,Russia,2018,11.677,1709.91,0.621367653865753,0.089086194661623,0.745654657043925,0.246974066171235,0.0555980922423212,3.02898846908962,25.99065851803108,159.4548264095401,45.13990879655861,41.70940926887442,156.682905991229,21.8962972283043,80.8647218726954,3.2,74.5442926137992,0.530060790633169,9674.787109375,14.4734868157828,145398106.0,51.5809003703964,32.5542980530841,9.99894458061645,-0.3681038,63.2924,4.78766913307448
RUS,Russia,2019,11.632,1704.459,0.739479530263155,0.0862283857391344,0.671941691499874,0.234600762459339,0.0580718999647372,3.02142321326514,25.28961686597738,163.2389007330783,45.18216206899503,42.83023189684183,163.646302441755,22.4233442134941,82.6421618670668,3.2,74.6222859951926,1.88851731564914,9882.0244140625,12.2071140110196,145453291.0,49.2287536619033,32.1504958365379,3.26313281834219,-0.3986491,62.7698,4.81174548319138
RUS,Russia,2020,11.149,1631.902,0.767184821701676,0.0782965385520759,0.656490812307729,0.210447969770471,0.0623530003462767,2.7761145907282,24.19084273577291,162.2596093540155,50.16191232597192,48.60929043529466,163.101112466044,23.1557041794102,84.99466978,3.7,74.6932216791674,0.634851184443604,9632.3251953125,7.58812544004463,145245148.0,45.9669082029127,29.7171245814295,0.898246022973439,-0.5068977,62.8186,4.55088773340642
RUS,Russia,2021,11.482,1674.524,0.817413671076938,0.0692521140835547,0.713152919215413,0.265198254760693,0.0602458304546253,3.23389052230142,22.76129047079279,154.6647656046371,,,169.07261384221,23.7409106485411,88.21384578,3.5,74.7516840220252,2.21136527873962,10231.318359375,18.5109394363314,144746762.0,50.5861954621752,31.7859991548592,18.2091007440476,-0.5061895,61.9316,5.15915331189265
RUS,Russia,2022,11.509,1675.461,1.18830714825846,0.0645918885140356,0.682528028975001,0.214101851770875,0.0731121752326099,3.31444423154051,21.37928460527007,146.1122741276097,,,168.475831268436,24.6345568628262,90.41799163,2.625421474880298,74.8544893625017,-1.73614086534944,10119.115234375,,144236933.0,42.7663082313349,32.1981219809717,18.2296132017855,-0.740939599999999,61.2184,5.5370853242915
RUS,Russia,2023,11.916,1733.135,0.91913294100265,0.0595001075161502,0.702339919502673,0.228788704453053,0.068219612873664,3.37970783180569,21.62852264268364,121.3326487686898,,,180.841776534047,25.8238695549039,92.24496346,2.6612056882745634,74.9805047873279,-0.490895490828941,10560.4658203125,,143826130.0,41.3395116492933,30.7976211679525,6.65888697432216,-0.8184163,61.2045,5.35768911715388
RUS,Russia,2024,12.295,1780.524,,,,,,,21.22580299688211,115.3316871233505,,,186.103787309059,27.1333512124875,94.36495368,2.1004508003674403,75.1119136177067,-0.427643327459558,11092.6337890625,,143669648.0,39.4184058815423,31.3886729791556,10.6528462305427,-0.903284699999999,60.0042,5.36610692007767
RWA,Rwanda,2010,0.056,0.581,0.23883184353073,0.0590792649324741,0.276014745252596,0.0062206233101089,0.145633158154463,0.0749133843138732,4.931555729104426,1.41382485066475,14.60965613579698,9.793628940929572,34.395374562166,0.038206733709049,8.0,90.5,16.9255580310614,3.57208683219563,579.419162804581,6.48655252910732,10317553.0,37.7415245466166,16.5245338051269,3.25947206816244,-0.2188587,1.8138,0.800693019494245
RWA,Rwanda,2011,0.061,0.643,0.245426147147377,0.0564370047888656,0.270088520142571,0.009385243110222,0.153558075378814,0.0819826402281678,5.478102633806336,2.730875044315397,15.75348635577363,10.6426361022963,42.049425685328,0.0817592046252728,7.0,89.7,16.9323586881273,1.64828569312654,610.376236415572,6.99565680326328,10573733.0,40.1597511764349,18.3874761244512,7.17948234087469,-0.3008288,1.6999,0.816877630796017
RWA,Rwanda,2012,0.066,0.718,0.246048599199682,0.0537403303666338,0.262571058191611,0.01051728027642,0.159081523550142,0.0810257044094818,5.642638510483307,4.641268859327115,15.7569472823054,12.79655465759251,52.5466576287262,0.0507668537320886,8.023900032,88.8,16.9410248882148,3.56791329338291,647.436613845487,6.39423290634701,10829901.0,41.081185425557,18.4620756532774,4.63069389798191,-0.2583623,1.6663,0.81298449599397
RWA,Rwanda,2013,0.07,0.779,0.228215338882567,0.0384149877604353,0.255714295175776,0.0102973945968066,0.166230549527733,0.0982322512689531,5.979473256303709,5.160578986060565,17.12488405980099,13.13583206433118,60.2988640030865,0.0250690955113609,9.0,88.5,17.0742206053612,3.03027485323662,661.893969452494,6.50475580749802,11093340.0,43.260980041775,17.8582103688638,2.6167734041515,-0.309006499999999,1.6805,0.79710481721227
RWA,Rwanda,2014,0.073,0.83,0.193905453150547,0.0454288792964177,0.249624612244516,0.0117348927421613,0.132269433577174,0.100812285568563,5.857223420783681,5.541834467356868,18.53481523840797,14.25304883555364,68.1670448387062,0.0256670688163416,10.60000038,88.0,17.5020716539756,3.86221109540585,682.709499066795,6.4521550362679,11364757.0,44.4828257252622,17.7866580515786,5.25733008568992,-0.1267104,1.6692,0.733775556579378
RWA,Rwanda,2015,0.083,0.967,0.20574856347731,0.0467253375691253,0.243750429915519,0.0124502083493542,0.134706019170472,0.117633945783177,6.131119240196669,5.5472031220827,19.76306251804504,16.34622529700553,75.2543165296423,0.181485911280924,12.45600033,86.3,18.1953149858416,1.91881841411753,725.691418696952,5.77813915585401,11640022.0,45.7348675761767,17.646380467203,0.667917862132981,0.0986635999999999,1.9263,0.761014504264957
RWA,Rwanda,2016,0.088,1.052,0.220346654728268,0.0446473875794086,0.237957923637578,0.014654281504715,0.139062446423022,0.122723617209749,6.198482208724881,5.673667925606299,18.69243275834872,16.63526173531205,74.8502057565523,0.182235644842436,14.63710022,85.5,19.1213951786548,3.25408209196111,748.798132068173,5.99862102587479,11919183.0,50.08973657056,17.0298263869752,5.3396658156171,-0.0457773,1.7963,0.77939231108274
RWA,Rwanda,2017,0.096,1.17,0.241772910443369,0.0450240727581872,0.232036577103319,0.0151682769153342,0.157432865172964,0.122710671177305,6.103119575818035,5.593378211697793,18.57922465009085,16.80115405917351,72.2764598764471,0.178494450936973,17.2,84.5,20.2477568101111,2.99013161776386,765.845359390541,6.01492971463291,12202060.0,54.2079656602139,17.4511150472023,7.54200621124477,0.094453,1.8016,0.814145373570478
RWA,Rwanda,2018,0.105,1.313,0.249834857361482,0.0437425350155243,0.227013678278024,0.0143290269286204,0.178842840786182,0.126310977874757,5.69713470233073,5.122071809841947,19.76675997123292,17.71938335816616,77.679469147812,0.0600656822760033,19.16659927,82.8,21.5418444579064,3.79467565710856,808.704812752127,4.71387568610559,12487996.0,47.9830578657248,17.5630583877926,0.898383539275144,0.1598446,1.8634,0.84007391624459
RWA,Rwanda,2019,0.111,1.413,0.231001626827844,0.0430426361764164,0.224281722953137,0.0131245350302911,0.182270561737967,0.12792930310999,5.253780971038824,4.968390399772518,19.65541042622379,17.93989736019865,75.5985451901883,0.0695438976971303,21.3579998,81.8,22.9711026997362,2.50181125622142,863.872077583172,3.81709032313618,12776103.0,48.892715033759,19.2240401187369,4.17530544148619,0.121607,1.8881,0.821650385835645
RWA,Rwanda,2020,0.107,1.394,0.232847024457443,0.0416777971743195,0.219949101442408,0.0129527844090772,0.168119384192101,0.130516396650717,4.528471063635962,4.201414820151143,23.28267488704918,21.47625158364812,81.2378724761376,0.135352981978881,23.8,81.7,24.5029761132966,1.45524928576719,821.257133282758,4.10481845130795,13065837.0,44.3511840604967,19.1415388692569,7.55084479337765,0.1600853,1.9718,0.806062488326065
RWA,Rwanda,2021,0.127,1.699,0.238720816051926,0.0392687939815652,0.214628551852201,0.0220855569024342,0.178002394144376,0.128246686917273,3.319197862143706,4.112388527729519,23.79376770538244,19.80664351640318,81.6381635400584,0.238872174708692,24.4416008,79.4,26.1049092762833,2.07399909664917,871.041835304187,4.01723634071877,13355260.0,59.8007993935018,21.1980328228289,3.73462555543675,0.115233,1.8543,0.820952799849775
RWA,Rwanda,2022,0.143,1.957,0.240895630918021,0.0384088031765614,0.214069721052517,0.0290224182856058,0.173177473140057,0.162725004428259,3.150822903734424,4.110284013518215,23.93715743440233,18.43411807580175,80.5952224850433,0.349951615372613,28.01679993,79.9,27.7806702737761,2.21934152301495,935.89483254264,,13651030.0,60.9591709408266,21.7535065322494,15.9287208987392,0.0294569,1.7391,0.858299051001021
RWA,Rwanda,2023,0.144,2.016,0.224829929170743,0.0388522503110536,0.202724621276499,0.0270337792935139,0.177737412825577,0.177169197918083,,3.970419111687199,22.77322266329845,17.52892457596536,91.4622704078141,0.445556123195211,28.80579948,53.717732344267255,28.8555310645477,3.09083144958541,993.911004643524,,13954471.0,66.8925839339472,21.4768679680262,11.7097461746956,0.0380223,1.7476,0.84834719079547
RWA,Rwanda,2024,0.143,2.034,,,,,,,4.747933976842624,3.538554567646861,29.1447240942434,30.59330650398714,93.201462876722,0.595648307197658,31.70330048,53.43490484537698,29.8849714294083,3.79145567191588,1043.15961499906,,14256567.0,71.6868069548772,22.0688127135735,8.14352315663311,-0.0436888999999999,1.7227,0.829599976202551
SAU,Saudi Arabia,2010,22.087,555.64,,,,,,,9.288641063745317,62.72137591741177,49.7203875044995,39.14332607860451,204.969243706992,6.80363036670959,41.0,0.0,82.0791668544465,0.923670092367435,21830.1424272816,38.8834681571132,23978487.0,82.5496850227537,58.0314401714882,17.19132715029,-0.295186399999999,3.1779,9.470313679178087
SAU,Saudi Arabia,2011,20.694,540.236,,,,,,,9.011218558247553,64.14155932023031,43.49500528300638,33.76024333752006,206.851813084871,7.47522997420673,47.5,0.0,82.2543876159947,0.688133631504519,23314.5576023168,50.2036438017781,25091867.0,84.3594342438995,63.0803869808085,15.3040052686061,-0.512941299999999,3.4247,9.080139645341758
SAU,Saudi Arabia,2012,22.382,605.712,,,,,,,8.813473208337546,65.90404201434522,45.31405467271713,35.94823892425994,195.843368612361,9.38625903064258,54.0,0.0,82.4311918025358,0.669626013751334,23643.0358324647,48.5007097596571,26168861.0,81.74067854616,61.9428982819125,4.45127893899043,-0.5972185,3.491,9.641629364951749
SAU,Saudi Arabia,2013,20.808,583.178,,,,,,,8.645407161597687,67.7337401943909,49.59265876686555,39.63648982257107,189.475618447684,,60.5,0.0,82.6071884619102,0.437984195574321,23057.3494468535,45.530927478843,27624004.0,80.2515014286783,58.9702568849547,-0.557375756926916,-0.660277,3.9402,9.103483510394566
SAU,Saudi Arabia,2014,20.177,585.109,,,,,,,9.148747410045011,73.47410187073417,54.80709426695404,43.5041805054453,181.856566741136,,64.713657369019,0.0,82.7822571294871,0.191711517264834,23404.7306039825,41.3384300115975,28309273.0,78.000111117736,56.1653404810043,-1.69629054707285,-0.308626499999999,3.8424,8.91261028813547
SAU,Saudi Arabia,2015,20.836,624.547,,,,,,,8.947344675170658,77.08860297171798,63.92054065874362,54.23591563180748,176.134029034522,21.1361804985218,69.6162358014004,0.0,82.9562773406163,0.572622097928938,23256.1549553531,24.8553045322483,29816382.0,67.1052692300592,44.6011697093878,-15.826929193662,-0.4683535,3.9116,9.118798628427841
SAU,Saudi Arabia,2016,20.873,641.174,,,,,,,8.833222520062021,76.96047307177271,64.74517106913757,56.74672942811989,156.041476006361,20.82681485606,74.8792746891625,0.0,83.129128630626,3.18518611850268,22783.0328538685,20.7349959872418,30954198.0,57.9216635110364,42.5305962013279,-2.26181980307467,-0.5059085,3.9484,9.109328938574944
SAU,Saudi Arabia,2017,20.937,644.487,,,,,,,9.033010217007504,79.0841338626545,60.38506968259705,49.89849803951844,130.629718239662,21.6139435772426,94.1755996113911,0.0,83.300690534822,0.136801407151884,23035.1199977707,24.4865557580774,30977355.0,59.5319791578229,44.8899324686986,6.28576392488583,-0.667506399999999,3.9857,9.140914389531536
SAU,Saudi Arabia,2018,21.479,652.204,,,,,,,,83.23988058540824,52.32273145495512,43.10819107005442,136.046169550913,22.4661479201746,93.3100018480347,0.0,83.4708425884849,1.36945683303735,24393.5188306638,29.2707418122277,30196281.0,59.1029104697141,49.0147439495304,15.8625882829175,-0.5983975,3.8914,9.376132442505474
SAU,Saudi Arabia,2019,23.245,708.335,,,,,,,9.412211639021749,84.58894819990893,56.1859842763668,42.76726894657634,135.526154774497,22.3213703520821,95.7247355953812,0.0,83.6394643268678,0.346411455797861,24905.6697428558,25.453167735458,30063799.0,56.7938204886513,45.7234459871756,-1.36673070628761,-0.5528727,4.0934,9.972121964682641
SAU,Saudi Arabia,2020,21.089,653.565,,,,,,,8.67309734937129,77.83668876711388,55.56641239028123,50.2384378422374,139.444194606554,25.4596763527151,97.8623325,0.1,83.8064352851942,0.211115523412857,22827.671935548,17.3184270283149,31552510.0,47.533159225048,38.3004545080469,-10.1884717880763,-0.5528267,7.0588,9.180614178648062
SAU,Saudi Arabia,2021,22.197,695.394,,,,,,,8.560363942722088,71.85320196265562,56.94631838630274,55.39885366068686,145.003757775499,33.7973610185654,100.0,0.1,83.9716349986538,2.8850612174452,24922.6716948944,25.5652418188141,30784383.0,50.8839263398787,45.957331100123,20.12699452585,-0.4672131,6.9864,9.631342298236387
SAU,Saudi Arabia,2022,20.73,666.994,,,,,,,8.059130093208335,67.02606097478437,53.7952866633462,53.0870112581037,149.79788255308,41.8230078726101,100.0,0.0,84.1349430023993,2.1556449627378,26706.917926066,,32175224.0,56.8241647749332,53.1237705884733,12.5832067060847,-0.3617761,8.44,9.229878078213568
SAU,Saudi Arabia,2023,20.365,677.442,,,,,,,7.54068363001239,62.36602728523467,63.95637384822159,63.10986072563386,157.775388696083,43.5732045642216,100.0,0.0,84.2962388315415,1.87130991298946,25634.8237547841,,33702731.0,55.7974682325487,47.6052986491653,-2.18442485707621,-0.2452065,7.9205,9.063671227449223
SAU,Saudi Arabia,2024,20.379,692.133,,,,,,,7.187943412999148,56.05703411844913,73.99569436615813,76.33324809304995,159.541370566589,44.0705800179885,100.0,0.0,84.4554020211443,1.70136894275871,25123.0122060281,,35300280.0,56.4049374147889,45.1706857794595,0.261941556781764,-0.048171,8.6828,9.044583524232799
SDN,Sudan,2010,0.426,15.07,,,,,,,2.936529364885798,3.471834197026438,14.59093744211331,9.955379053919966,51.0900410875249,0.038120087820776,,61.3,32.7174026591513,3.50004539535845,1311.22314453125,11.9428584964653,35414399.0,32.728309950035,20.4000000028071,22.6694192116219,-2.4305404,62.5359,1.76531334970599
SDN,Sudan,2011,0.407,14.711,,,,,,,3.052858724890362,3.722389116273846,12.62004273362863,8.792688357217436,69.3293475524591,0.0482280334312411,,63.7,32.9059760141986,3.15234852962884,1388.21813964844,16.7759073133375,36140806.0,27.512339023518,20.3999999944516,26.3283499650477,-2.3438684,60.1891,1.76531334970599
SDN,Sudan,2012,0.427,15.763,0.308755744337349,1.08751369967265,0.181344164625548,0.0012286861964462,0.0064679033984854,0.180003151475515,3.106074798578863,4.146316830178388,16.78990813534504,10.88582934072502,74.908489729676,0.0671366912133078,,63.7,33.1425561614901,6.14212434699966,1288.25854492188,6.64669345938477,36923178.0,21.8561745247301,20.4000000003543,30.1285931395558,-2.3155934,62.3533,1.76531334970599
SDN,Sudan,2013,0.46,17.374,0.398219095575616,1.05892617247115,0.180088727991732,0.0011420121294568,0.0115448652560769,0.175305460953894,3.220565034577547,4.305186641495834,13.51779621825255,10.15914779389114,73.1963836514564,0.068033405839313,,64.3,33.4264777958103,3.92312074519106,1283.45922851563,7.51778871746273,37785849.0,26.8585245020134,21.1000000025472,36.4286291176933,-2.2572174,62.4012,1.82522633437792
SDN,Sudan,2014,0.337,13.095,0.463992124406753,1.02185186559963,0.181317357667891,0.001019153331497,0.0145884477933252,0.198930926134371,3.248457488826411,4.463178136206258,10.80621026372643,7.48957981838004,71.597721245773,0.0532180170690202,,63.7,33.7624582408117,2.52698516017578,1307.3896484375,5.17423775201674,38823318.0,20.8451090041313,16.0000000018153,34.0669855189111,-2.2236606,62.463,1.88169987493347
SDN,Sudan,2015,0.356,14.247,0.298181281508002,0.974835213520874,0.176877063657679,0.0011727913273237,0.0087346321253072,0.230970596576171,3.342216990361489,4.754359003507601,11.19785124056906,7.880619211476518,69.8036331859409,0.0701896299287803,12.0,61.9,34.0914394628597,3.34135261447755,1292.37963867188,2.97569090164715,40024431.0,18.3782728546541,15.4000000002734,14.0225574392301,-2.0365601,62.5097,1.69077157871536
SDN,Sudan,2016,0.478,19.737,0.336152353789825,0.954173762180735,0.173224145434775,0.0011071880797335,0.0142372806163616,0.238165596931766,3.259644905788592,5.070558742337811,9.5278952170953,6.845465340363873,67.3954575547604,0.0639264882225092,14.0999999446534,58.9,34.1881958841213,2.49532759301928,1297.15454101563,2.74050635867162,41259892.0,15.2816698903461,16.9000000015638,20.6855877306245,-2.16225439999999,62.7466,1.7170603270332
SDN,Sudan,2017,0.475,20.306,0.264999319703217,0.924136436466318,0.168423013825363,0.0008939124492786,0.0132970261657928,0.228732165593068,3.264151257101668,5.301698858288727,14.04366826058086,9.139390449722852,67.0598253428254,0.071519364027593,18.60000038,59.4,34.2872225663509,2.58043876395005,1261.87353515625,2.48029512284545,42714306.0,17.8313898297102,17.2999999991349,34.6223707315316,-1.9473364,63.1007,1.60048187420304
SDN,Sudan,2018,0.464,20.516,0.419994101082497,0.893225955639389,0.162286678299123,0.0010040129243416,0.0184289043750064,0.221182018369198,3.263236008846372,6.222371170990214,19.5495513147714,9.344633759292632,68.0533719238149,0.070883060223742,,59.8,34.382054222005,3.51269523880448,1185.94445800781,6.14770644131694,44230596.0,21.8679187274323,20.6999999991489,55.9753254437569,-1.71645009999999,65.1134,1.71612167068956
SDN,Sudan,2019,0.483,22.007,0.332775476668914,0.870997645570336,0.159396250964527,0.000867529553964,0.0170822036922051,0.22480705076617,,,,,72.4818502607404,0.0719282386176834,,59.4,34.4727685824236,2.55226968828806,1126.55297851563,8.25976911220096,45548175.0,26.1196204552625,21.7999999999489,51.9788933465452,-1.65533209999999,65.4676,1.60592615721612
SDN,Sudan,2020,0.423,19.8,0.363124962458432,0.852190594701903,0.155658929452371,0.0008022669860964,0.0189993772415348,0.203420583927878,,,,,75.2207425678785,0.0615141548276354,,62.6,34.5594433789246,2.65193447042229,1056.86474609375,9.29265238055366,46789231.0,9.95514507626151,21.5,115.65291501439,-1.3881394,66.01,1.59419671476821
SDN,Sudan,2021,0.4,19.208,0.343118183190662,0.798971066121138,0.147477505997849,0.0006858206244323,0.0189709027515779,0.214264600319658,,,,,71.767230205952,0.0632992450276202,,61.0,34.6421563427994,1.52754029838982,1009.54888916016,12.7502116848016,48066924.0,4.12754863828426,22.5000000000373,235.515443582343,-1.7826483,65.5639,1.52348807900532
SDN,Sudan,2022,0.355,17.529,0.308592439073283,0.783198558972404,0.14244005687739,0.0008028734885527,0.0192017753705774,0.190347733220731,,,,,70.2084038614961,0.0604394040047428,,48.81918925576634,34.7209852053086,1.11000421594226,973.225280761719,,49383346.0,2.69883443585856,22.2,116.874075405794,-1.92571989999999,66.3904,1.44458343700294
SDN,Sudan,2023,0.354,17.716,0.239973876038056,0.771894910064668,0.138951784965421,0.00065374831146,0.0152148815851245,0.146291984758196,,,,,,,,49.16004899624987,34.7960076976764,1.37399372870934,677.723205566406,,50042791.0,2.47372878267665,28.3364187359122,29.6896694787435,-2.0604154,64.9245,1.31298118572293
SDN,Sudan,2024,0.353,17.795,,,,,,,,,,,,,,49.14817412251769,34.8673015510839,,578.38916015625,,50448963.0,1.99541210225008,23.1519847472415,243.907255463901,-2.0243381,64.905,1.29938759037276
SGP,Singapore,2010,8.745,44.4,,,,,,,9.841225927707592,59.20793501028741,132.6557181920245,98.70441656847008,145.451637517643,26.3619521238271,71.0,0.5,100.0,23.0694716770802,48752.0515441859,0.038512160672046,5076732.0,369.685555787646,26.6358717243037,1.10780871344616,1.1901335,0.0087,6.308358087014016
SGP,Singapore,2011,9.069,47.0,,,,,,,9.594911342124568,59.69421531965145,137.4941478717891,119.6624677439231,150.404101393239,27.1735826927318,71.0,0.5,100.0,17.5960314065854,50713.5326393594,0.154301445478482,5183688.0,379.098631377539,25.2595925808817,1.17079820355097,1.1188701,0.0087,6.497667541157973
SGP,Singapore,2012,8.709,46.1,,,,,,,9.411985652916837,59.14552647017716,140.6947410381253,133.0655516100122,152.410387392459,27.0679759849169,72.0,0.5,100.0,18.7435244231802,51679.352717333,0.143294198627007,5312437.0,369.212965787665,25.0222021555412,0.495345771200874,1.256811,0.0092,6.421972884658187
SGP,Singapore,2013,8.727,47.0,,,,,,,9.1015395030261,58.12622535070768,139.678977567248,149.2124489730696,156.679270675737,27.7295626772787,80.90209961,0.6,100.0,20.9344810446532,53298.9728558286,0.119459449682427,5399162.0,367.041780049019,23.4427286283197,-0.431059391871671,1.232658,0.0092,6.497013219831471
SGP,Singapore,2014,8.721,47.6,,,,,,,9.002416802664715,57.47696881701318,137.9538280562449,152.2004502342286,148.478352479892,27.0067241979516,79.0292358633435,0.6,100.0,21.8184880782679,54681.9336458253,0.104879469325881,5469724.0,360.467319166237,24.1685192477514,-0.267270041634802,1.0665318,0.0092,6.554308933788359
SGP,Singapore,2015,8.941,49.4,,,,,,,8.959197785567705,58.07960319650935,132.2515533927619,141.6375856931293,149.006215002154,26.8978922564041,79.0129570025584,0.7,100.0,22.6541826890491,55645.6068614606,0.0343911572935456,5535002.0,329.471398940262,24.2880229055028,3.07195500966418,1.1123429,0.0093,6.666878392064698
SGP,Singapore,2016,8.803,49.1,,,,,,,8.70507432441386,55.96119208551767,135.1003144656224,139.7958770062837,151.681717052742,28.5392609803278,84.4522678893074,0.7,100.0,20.3059406285478,57076.5241936787,0.029353972319112,5607283.0,301.338866227561,23.1093487528648,0.713355854299763,1.2788614,0.0095,6.683334348665181
SGP,Singapore,2017,8.94,50.1,,,,,,,8.24018197577183,63.25611299425832,127.7714670289184,137.3681669813613,149.567868255938,26.3326099315534,84.4522678893074,0.7,100.0,29.5741008560154,59493.3758595703,0.0004528888819046,5612253.0,315.401433455385,23.4123135354968,2.98900437861629,1.3859813,0.0096,6.831515773748466
SGP,Singapore,2018,8.927,50.3,,,,,,,8.131952870275931,64.63081945405871,123.4111484167954,132.0543838634993,152.07381696158,26.50873593831,88.1656360313447,0.8,100.0,22.7862106121625,61101.5252578902,0.000188767152938,5638676.0,325.725809994853,25.2558497884787,3.76984975274377,1.2994328,0.0098,6.896053812815477
SGP,Singapore,2019,8.643,49.0,,,,,,,7.809086021376524,58.69796372589669,133.2024315183017,134.9328802964624,159.347378272364,26.5276177370284,88.9492526850762,0.9,100.0,28.1758142041642,61106.3119775351,0.000169266160429,5703569.0,324.270088576625,23.9539533055112,-0.326931375173146,1.2580714,0.01,6.8037130437641995
SGP,Singapore,2020,8.309,46.7,,,,,,,7.00898973022799,53.92916955286851,158.5537679851411,140.8847155464519,150.259334715266,26.8622723592787,92.00434653,0.9,100.0,22.5843942948636,59083.8574841572,0.0002420722685562,5685807.0,331.080556828077,23.2208286387592,-2.19751679656893,1.2855556,0.0101,6.608444634403819
SGP,Singapore,2021,9.033,50.1,,,,,,,6.952086346165048,54.17616837326816,272.6599347953323,225.8640181085054,157.977675166643,27.5210996900631,96.92468156,1.1,100.0,32.2624851402185,67846.8565377728,0.0001809891091995,5453566.0,326.53325458764,24.5513098502426,11.0312981836081,1.2816641,0.0102,7.219459101184976
SGP,Singapore,2022,8.661,48.934,,,,,,,6.431087271063877,51.08581550117826,244.4880993824011,183.8226440405144,173.005291258141,27.5510032505086,95.95386476,27.606378145004136,100.0,28.0305519383786,68271.0897525302,,5637022.0,330.246917062891,23.8392316882069,15.0216498560705,1.164789,0.0067,7.066599812842831
SGP,Singapore,2023,8.821,51.068,,,,,,,6.091829152161057,47.58523149046562,263.6322902661387,184.5139478773368,173.199932977376,27.4343636046425,94.28518987,26.550524132275562,100.0,24.607056245637,65976.7068036903,,5917648.0,323.7012199919,22.1388465584107,-4.56954598451304,1.2040374,0.0077,7.021875000747309
SGP,Singapore,2024,9.245,53.919,,,,,,,5.889653772764028,47.00468902721864,261.9732058617287,179.1523005222192,170.78256295407,27.813655026664,94.37757178,26.531288487742472,100.0,23.5787255966584,68129.6960402288,,6036860.0,313.299377202408,21.4504684861806,5.86684587406434,1.2318778,0.0073,7.251918421124593
SLB,Solomon Islands,2010,0.626,0.333,,,,,,,4.453067845669392,11.13266961417348,25.55369678369893,15.97817745063525,21.6710946998694,0.473199141411867,5.0,45.1,20.1194058206257,18.4740701129879,2058.95691648883,15.7647772737329,532968.0,96.1485545423385,12.972553784858,1.7449309862497,0.3572344,0.0521,1.5881309848612877
SLB,Solomon Islands,2011,0.629,0.348,,,,,,,3.974489889509181,11.00627969402542,19.23335300036167,14.0972998547868,49.7105498738573,0.43946504625234,6.0,43.6,20.7284892962955,11.2842365456827,2132.02844199392,19.9027124452237,552945.0,107.24751599476,18.6507339379946,4.47742652671958,0.3523933,0.052,1.595045279573361
SLB,Solomon Islands,2012,0.6,0.344,,,,,,,3.818980332251289,11.16317327888838,20.76259520969074,13.4577291915206,52.6750068862599,0.371683699263955,6.997399807,43.8,21.3906964219987,2.01494633587355,2105.91423758379,20.8519077419093,573606.0,104.823434628967,18.245279334895,4.6521911700613,0.3518822,0.0528,1.5841001904007879
SLB,Solomon Islands,2013,0.634,0.377,,,,,,,3.386644766363844,10.72437509348551,23.71260915867945,14.32604898828541,54.3083814470245,0.316667927287396,8.0,41.8,22.1027262484765,4.15538562986034,2136.72116177034,17.7681136707893,594945.0,99.6074605551315,15.6478379030807,2.35192005277123,0.3503208,0.0535,1.600216388179921
SLB,Solomon Islands,2014,0.535,0.33,,,,,,,3.795601440159632,10.5734611547304,23.60895828468747,15.969563760774,61.0619411646469,0.216401797350658,9.0,45.9,22.8612778264703,1.5740038730018,2085.16067273086,20.6416871336495,616908.0,93.4534073008692,16.8607053275748,3.67090056841781,0.5553271,0.054,1.558077469854686
SLB,Solomon Islands,2015,0.464,0.297,,,,,,,3.646488561746772,10.67900221654412,25.10363314947015,17.70612158154542,66.42196382631,0.222077993165628,10.00049973,48.6,23.6630502067213,2.46368311219347,2045.47721526649,16.6664900887493,639415.0,88.1884859107326,15.5522186881245,3.35764066417947,0.6020153,0.0542,1.528185868941966
SLB,Solomon Islands,2016,0.443,0.293,,,,,,,3.754035588257377,10.51129964712065,26.78002444274196,18.8797015796578,62.8902788282841,0.247441419489446,11.00090027,48.7,24.5047424399707,2.70706733520786,2084.24845745225,14.3004643478535,662379.0,85.54984577725,15.5564742486163,0.344531390997304,0.360596,0.0542,1.522809151851296
SLB,Solomon Islands,2017,0.422,0.289,,,,,,,3.848466626578473,10.82381238725195,27.05892501315483,19.00414053671707,67.8649558389434,0.170052153216115,15.14840031,49.0,25.3830535769599,2.91769302207799,2075.36705302305,22.9192896376451,685672.0,82.1974922027324,17.6021663977601,2.57696915690993,0.1156377,0.0543,1.515010890109291
SLB,Solomon Islands,2018,0.413,0.293,,,,,,,3.699935251133105,12.94977337896587,20.25780538495668,12.07606504292864,67.9774813460988,0.209843167616461,20.8593998,48.6,26.2946826684302,1.54707244532947,2061.8996970669,22.3396585662881,709101.0,88.4949614655388,17.6013645021684,7.85757782239635,0.3816525,0.0543,1.5122350379264946
SLB,Solomon Islands,2019,0.408,0.297,,,,,,,3.585458277590662,12.99728625626615,21.74668661498239,15.23174804672742,65.6620160489572,0.143514977058204,22.48880005,48.4,27.275106750276,2.02495638459342,2043.09139778307,19.145353163623,728147.0,82.9985659020552,18.1213540590364,1.24066441428737,0.4195676,0.0544,1.5101572374228431
SLB,Solomon Islands,2020,0.394,0.293,,,,,,,3.490233889298507,13.52465632103171,24.03899500673694,16.65213600697472,63.6670615636308,0.134318695281922,24.1984005,49.0,28.0327555150022,0.584583885803386,1930.65510307199,19.1938888891881,744498.0,60.2204367377792,17.2452174055846,-1.32568511012452,0.5368126,0.0545,1.4996339671368675
SLB,Solomon Islands,2021,0.38,0.289,,,,,,,3.600809970430996,12.49692872090757,41.2664965694332,19.40552652453734,62.1565164026326,0.131131891144795,26.03790092,49.1,28.6889396820578,1.79162262618701,1880.5519827183,18.395048524098,762591.0,67.4200567620007,18.3015469320597,-0.594286729950113,0.4456005,0.0546,1.4927256132743776
SLB,Solomon Islands,2022,0.362,0.283,,,,,,,3.496007353954293,12.33884948454456,40.5709342831422,18.87722415750127,62.0734995506142,0.107033208461257,28.01729965,50.1,29.3511689856806,2.77627597762606,1788.61727922057,,781066.0,74.8355405899571,19.3056371055438,-1.87467152136901,0.7315157,0.0547,1.4810257697617226
SLB,Solomon Islands,2023,0.352,0.282,,,,,,,3.39254319006823,11.57455911905631,38.97007484531444,17.28784122119427,,,28.67239952,44.686014019818295,30.0088821088389,5.23830750788181,1795.88798697142,,800005.0,101.134531825762,21.4812055187331,2.54749432932826,0.7318958,0.055,1.4882737749028478
SLB,Solomon Islands,2024,0.36,0.295,,,,,,,3.486088569890266,11.62029523296755,37.04003194241223,16.49806283107806,,,29.04070091,44.44346385703268,30.6617188562194,2.08128126058924,1806.38367324387,,819198.0,111.352972154204,23.3726708708074,3.07351504489949,0.7499116,0.0552,1.4917585879819841
STP,Sao Tome and Principe,2010,0.584,0.106,,,,,,,27.52833520019744,,35.44818154504857,45.12358261105156,56.5065290810882,0.321778638298809,18.75,38.2,66.0572200728291,26.6286088078235,1216.3502521663,3.97441398723173,181802.0,84.6502605115304,14.6892729961318,6.96532412446513,0.3709721,0.0057,1.5515671135379163
STP,Sao Tome and Principe,2011,0.533,0.099,,,,,,,27.84817176752346,17.63717545276486,33.58232611829781,42.84050083161867,61.9653216553819,0.396985709591756,20.16119957,42.4,66.7275977610702,14.1981181119688,1214.96130276731,3.82221922487921,185649.0,86.1122609020117,11.9865058848595,11.6807042204602,0.288448,0.0056,1.5270092250029137
STP,Sao Tome and Principe,2012,0.58,0.11,,,,,,,30.93130521010544,20.01437395947999,37.97783303945968,39.63008167622379,64.4914721889368,0.410686289517998,21.57239914,40.1,67.0335889448132,9.79700698442145,1225.6945255615,3.81740404574064,189439.0,83.2030197079574,12.1111029187838,6.46776365123449,0.2880403,0.0059,1.5470743826306415
STP,Sao Tome and Principe,2013,0.569,0.11,,,,,,,31.2656328164082,19.65268348459944,44.06502887567687,33.57222195797712,64.8875473729989,0.506347464120778,23.0,42.8,67.1306686401367,4.55447319839345,1263.70423995281,3.33902231905861,193148.0,83.4581625069125,13.3437075212036,7.20255749580205,0.393194,0.0064,1.5400351678658064
STP,Sao Tome and Principe,2014,0.652,0.128,,,,,,,29.80834984482124,22.79462046956918,45.47688505004648,27.75073830770892,65.3056660923834,0.559036830362815,24.40999985,38.4,67.2606735229492,9.03727468460171,1301.32146445028,3.04723492306762,196767.0,114.769955102294,12.8163490377908,4.62269799152351,0.4791965,0.0067,1.5769123490978973
STP,Sao Tome and Principe,2015,0.677,0.136,,,,,,,29.22744973308461,24.92929536057217,44.63264189916728,41.46246934238786,92.3511291071491,0.656045453864627,25.81999969,39.2,67.3915710449219,10.7400374911446,1298.10946596396,3.41287577328636,200291.0,112.659579338965,11.6794591576073,4.50369709639151,0.3792166,0.0066,1.5833860970722156
STP,Sao Tome and Principe,2016,0.719,0.147,,,,,,,24.41714588823683,22.73320479249636,37.34984618253519,37.87469251100925,87.4112004084658,0.69959595265331,28.0,38.1,67.5218887329102,7.98279155418215,1342.533807689,3.27531389837999,203689.0,100.395470605091,10.3295203947605,7.05347169543845,0.2641856,0.0069,1.6010100056523653
STP,Sao Tome and Principe,2017,0.673,0.139,,,,,,,23.89348449395248,26.36522426918894,33.81361075056099,28.52378272320532,84.0522781079383,0.714596318307001,32.61640167,39.2,67.6520004272461,10.6236604862763,1375.59403284199,3.15239782697584,206970.0,92.8973617603292,9.07470301028009,4.08077375939095,0.2145007,0.0074,1.5854019181574859
STP,Sao Tome and Principe,2018,0.662,0.139,,,,,,,20.14228510196025,25.78212493050912,34.30221701338913,26.27764692437496,77.3644421396185,0.740768934329906,37.99380112,40.6,67.7828826904297,6.17598418618007,1413.84348618541,2.33693840944991,210187.0,79.2002901440524,8.38826200521501,8.91966149527528,0.4666013,0.0072,1.5808245026594632
STP,Sao Tome and Principe,2019,0.687,0.147,,,,,,,19.68101018689087,23.61721222426905,29.4603773670977,23.94499389471089,77.6791069955762,0.769475894129115,44.25790024,38.6,67.9129943847656,5.85791781434652,1420.66008316091,2.04664899329107,213392.0,67.5747989988655,7.52611285056454,11.2643680903642,0.5232443,0.0072,1.5930080638693838
STP,Sao Tome and Principe,2020,0.657,0.143,,,,,,,19.14197989326432,22.20469667618661,29.14524051242241,21.49229686976488,80.1172764274381,1.15528778715478,51.55469894,41.6,68.0436706542969,9.99771582880853,1430.84119299096,1.98018939747641,217435.0,48.6640079711896,6.0588366873729,9.26827734771341,0.4748721,0.0073,1.5780348070680372
STP,Sao Tome and Principe,2021,0.644,0.143,,,,,,,17.08589002629741,30.45745613383452,25.72290424260632,17.79737233583532,85.2577705092336,1.54216281238596,54.94950104,40.8,68.1738967895508,11.250926099997,1428.28676097975,1.88439596006627,221961.0,57.9403473155232,5.04457167443837,5.16433588592962,0.6052679,0.0073,1.5752039077201287
STP,Sao Tome and Principe,2022,0.599,0.136,,,,,,,14.43741021735521,30.31856145644594,24.71978846422245,14.21763645473744,86.7784626941517,2.02470117761428,58.56779861,42.5,68.3720919798341,10.2819916432401,1403.23356704678,,226305.0,64.9920379103896,4.3554064353605,15.7806509935932,0.4930734,0.0081,1.5562954737669592
STP,Sao Tome and Principe,2023,0.606,0.14,,,,,,,13.33398833626915,29.47513211175286,21.25817697874273,9.206500318259748,63.4540500972405,2.50139688397417,58.70130157,30.396178647818694,68.6043921103568,-3.73659884967941,1380.60169416257,,230871.0,46.9745787336632,2.72715391447786,23.7460585524367,0.6193032,0.008,1.5804152495721526
STP,Sao Tome and Principe,2024,0.602,0.142,,,,,,,12.97486291033004,30.7299384718343,17.6970333956869,9.360327855461977,62.4367400312479,2.9940221452347,59.11759949,30.305975530428974,68.8710170184884,-2.02206346182182,1373.27082138436,,235536.0,44.2789124818003,2.25414592437041,17.6656580323889,0.4890127,0.0082,1.5789652281567823
SUR,Suriname,2010,4.319,2.375,,,,,,,10.95750315028216,34.69875997589349,38.76989546074596,22.24734140815343,94.7707224465971,2.75365823942625,31.59,22.1,66.4338443691967,-5.85344056449596,8603.90786745855,22.1694362010361,549923.0,90.9613941465855,35.1705161344117,7.19655419062693,0.1307885,0.5883,3.11214368644887
SUR,Suriname,2011,4.958,2.758,,,,,,,10.79372422034617,35.97908073448723,39.19364405869938,22.01590122773413,95.9107913617333,4.16345329328077,32.0,21.2,66.3675227342307,3.28538383339053,9003.28597674886,31.9335594131783,556269.0,,35.1093274287296,13.8444468459506,0.079854,0.6142,3.338615430079646
SUR,Suriname,2012,4.432,2.494,,,,,,,10.62720767588029,40.73762942420777,41.71799806105062,22.30527653440385,101.14390730725,5.20197002308787,34.68119812,15.8,66.3132562693376,3.40245351551791,9140.92898611536,29.1297720421828,562633.0,,35.2622611658756,10.7352006048331,0.0654961999999999,0.5757,3.1837644815691535
SUR,Suriname,2013,5.538,3.151,,,,,,,11.9536497231983,41.58873966196075,46.96080536004959,25.66624353064795,152.648413061052,6.51910301922604,37.40000153,17.6,66.2683575134509,3.62949532348678,9303.46008775809,20.7444083074763,569020.0,,32.2536953065191,0.383766168173977,0.0569667,0.6294,3.546743360008767
SUR,Suriname,2014,5.563,3.201,,,,,,,12.00694932822344,45.82243927301597,49.20022517896804,27.43246009320137,161.251918320811,8.06433391904034,40.08000183,12.8,66.2249266178037,-1.13866864622319,9224.24378410547,13.3454910423686,575373.0,,30.2474846767665,1.58368715816022,0.2245948,0.6508,3.5605132563318103
SUR,Suriname,2015,4.666,2.714,,,,,,,10.60798202429228,45.80719510489848,57.75693909217811,33.14132451541844,129.027366336157,9.05924243544402,42.76380157,11.6,66.1828815074718,3.5828587235507,8813.61705392067,5.12495877980327,581627.0,,27.2599156580204,4.85459060945995,0.2981115,0.6304,3.2536654361745803
SUR,Suriname,2016,4.957,2.914,,,,,,,10.91265369642421,48.15801522552422,76.77978097266843,36.86784566339667,137.281393501056,12.1167421230202,45.40000153,11.1,66.1426466980469,6.9833403838341,8293.31553031406,15.0617975898749,587757.0,,26.7553600175618,24.0693638258796,0.1759261,0.6562,3.326848261410675
SUR,Suriname,2017,4.093,2.43,,,,,,,11.21039577368079,49.27903142180515,64.76135040139027,29.64314353943762,134.049784997128,11.9951895949727,48.94520187,15.5,66.1046467051207,2.67494793416759,8338.69235401862,19.7854729048857,593713.0,,38.273693894809,28.1451055406702,0.1667453,0.6401,3.0397253786973044
SUR,Suriname,2018,3.491,2.093,,,,,,,11.27540994169002,46.48230220859969,64.52118800081303,25.67922076935178,125.480181413914,12.2059071279522,55.10210037,18.3,66.0693060442846,3.27713336345246,8666.64870697797,8.44388268533074,599513.0,,36.7622415479102,5.66059377089626,0.1496981,0.6075,2.852880191054873
SUR,Suriname,2019,4.345,2.632,,,,,,,11.10572193992031,46.91600901150009,62.46463145527085,27.20276428305973,134.34912375695,13.2740587155479,62.03350067,14.9,66.0370492311305,2.09560541663346,8677.30522021731,6.83251753458721,605768.0,,33.8807670142731,5.17890859157816,0.1321528,0.636,3.137258811432207
SUR,Suriname,2020,4.772,2.922,,,,,,,10.71397481769502,43.97193831428999,79.34489739008013,29.74600465893286,146.874739718153,15.0689920417039,,14.6,66.00830078125,0.0357132024302943,7213.10766669943,4.60122863820656,612317.0,,36.5606718418582,45.2177563492464,0.4628889,0.6071,3.2137720011803754
SUR,Suriname,2021,4.284,2.647,,,,,,,10.57522621069816,40.7586843537325,76.04943635918488,23.61982666662435,146.654129497521,19.899950800782,,14.5,65.9853973388672,8.23142955004276,6973.89941868115,9.59272209392741,617896.0,,37.7088537439931,62.0745334560841,0.3607899,0.6085,3.0451129207802126
SUR,Suriname,2022,4.537,2.828,,,,,,,10.44495508669313,27.85321356451501,76.60435805346077,24.98811121623307,149.052255906952,20.0260284612076,,26.381426607649992,65.8985443115234,6.70743268543142,7081.33357325783,,623164.0,,42.2305173267347,49.4232837396802,0.2466594,0.5033,3.109529151114062
SUR,Suriname,2023,4.561,2.869,,,,,,,10.30677692054978,19.32520672603084,65.35161829566967,20.69839519102194,157.24614636039,17.5373597122531,87.4,26.425259056007846,65.7562408447266,13.9440900275142,7186.47308144145,,628886.0,,39.6663071788203,33.099964511173,0.3004618,0.5063,3.1217498221668483
SUR,Suriname,2024,4.709,2.988,,,,,,,9.962523952451203,18.86520493123739,60.10808770853774,20.09015504599664,142.122626416427,18.7523938773484,,26.183015407986503,65.7641857200885,15.0817654468923,7246.25768221495,,634431.0,,35.051448762768,12.8103813624819,0.4782277,0.5055,3.1728594112051587
SVK,Slovakia,2010,7.134,38.464,,,,,,,26.32831851999745,51.31828084856171,42.91133867914508,39.81055543187728,109.888273989767,16.2644145767381,75.71,10.3,54.5650740704331,2.32222893370545,14596.1477776887,0.337208259001387,5391428.0,155.108497681586,29.956654996582,0.470528553269702,1.12655,1.7551,4.35546904404685
SVK,Slovakia,2011,7.048,38.045,,,,,,,26.02080744668199,52.67680295393112,42.67439298837352,41.69769401212627,110.836202084841,17.6561458836789,74.4399971746757,10.4,54.4167387988534,5.44765747649664,14950.8735178599,0.359867998454853,5398384.0,169.178076311066,29.9295585244148,1.61977051205542,0.9502652,1.7314,4.5614676094834
SVK,Slovakia,2012,6.654,35.961,,,,,,,26.68510656339975,54.8126513194157,43.57649588009901,41.66393272523821,112.758768895687,19.3434773928924,76.7099901181121,10.5,54.2764528316182,1.87551069035637,15159.6570420004,0.325157520045924,5407579.0,176.968958181431,30.0711048440783,1.33888239127128,1.0152253,1.7024,4.03641636216561
SVK,Slovakia,2013,6.584,35.622,,,,,,,26.94927252239081,56.32070638080217,44.91189773159635,42.89883686035358,114.749126777911,20.4985858774048,77.8826,10.7,54.1384024098892,1.01266878582834,15249.8824513785,0.296934539699268,5413393.0,180.903136491458,27.9562731617683,0.534061870297393,1.0379263,1.7347,4.20916140455157
SVK,Slovakia,2014,6.225,33.708,,,,,,,28.02920268034155,59.00081777269406,45.13339071579616,44.61050151314681,117.780685215586,21.9975144176702,79.9843017656729,12.2,54.0029125499893,-0.356803047431846,15647.6491763517,0.288569282906269,5418649.0,176.756316098132,29.8948137660441,-0.132602518843782,1.1421663,1.7036,4.38570939100106
SVK,Slovakia,2015,6.37,34.528,,,,,,,28.28740966375438,59.55817200182311,47.21941888415007,47.43405651410115,123.158867497202,23.5008610259474,77.6346820339875,13.4,53.8700628001622,1.70487122540291,16442.0760860018,0.26302479249352,5423801.0,179.42602289503,29.9318952287768,-0.185692827685429,0.944233,1.7005,4.16866764316997
SVK,Slovakia,2016,6.445,34.978,,,,,,,28.29707136194893,60.1856940890683,48.75023033118684,51.867847481549,128.792489910653,24.626445872585,80.475857275668,13.1,53.7399327086517,5.27770700739813,16740.7413996428,0.261669771629207,5430798.0,182.757379596201,28.6704533371343,-0.390909342389534,0.7354497,1.6746,4.27033387752974
SVK,Slovakia,2017,6.657,36.184,,,,,,,26.97163994101505,60.82224535528333,49.53574253416886,55.00981986902133,130.944551759663,25.8590797873319,81.6256675172655,12.4,53.6126018237016,4.39986424621101,17195.2888721963,0.333116894336664,5439232.0,186.644687399549,28.0768009837999,1.18187258373648,0.8542516,1.6204,4.36341462976374
SVK,Slovakia,2018,6.648,36.184,,,,,,,25.67318621879042,62.03808951427812,49.88242376979903,56.78665402394216,133.040480361667,27.6953839189658,80.4489224826099,12.4,53.4881496935559,2.11269531583982,17869.0149173679,0.289202597240663,5446771.0,188.732964699496,28.5930165310765,2.10864838172743,0.7129564,1.6081,4.6285057491116
SVK,Slovakia,2019,6.211,33.853,,,,,,,24.88727783259898,62.03311858711679,51.09367037732357,57.95779581691742,135.755672834643,29.181106904051,82.8536605021784,17.6,53.3666558664583,2.15394548631737,18250.9802475637,0.251989434209045,5454147.0,183.722608631236,29.1467840646082,2.40120783642419,0.6744971,1.5743,4.52222542464856
SVK,Slovakia,2020,5.715,31.176,,,,,,,23.4034238664851,63.35252414090385,55.87598454206668,61.13425925435086,133.632904273198,31.192548373756,89.92090413,17.6,53.2481998906526,-1.05975666677956,17763.8563847352,0.219233025168727,5458827.0,167.534173320366,28.5377275498817,2.40777956608554,0.6167177,1.5864,4.03735791641106
SVK,Slovakia,2021,6.477,35.251,,,,,,,21.13670952964271,63.08259693299357,54.69013013939794,60.96226163423071,135.268252737261,32.6060735005904,88.92560523,17.9,53.1901479870605,2.25677867211963,18808.4540496595,0.226150293544136,5447247.0,181.97948448512,27.4130374810501,2.24408410830694,0.5857562,1.5224,4.25070348681534
SVK,Slovakia,2022,5.772,31.589,,,,,,,20.70374777270396,60.75290219440009,52.32085186009438,62.81796191246134,136.029289645522,33.9988127597088,89.06766196,28.80869062051115,53.1902831072528,4.16872005912019,18964.8298400624,,5431752.0,204.056318531151,26.5461918036068,7.33387458944816,0.5294743,1.4985,4.34782577909436
SVK,Slovakia,2023,5.576,30.766,,,,,,,20.02849129582367,72.61971570498865,49.87414283211125,58.17526553355912,138.232946210214,33.17259432898,87.2131343,29.58947196470811,53.190805019646,0.393861455912485,19383.3732009401,,5426740.0,181.39087235645,29.2081158245654,10.0245901807717,0.5856273,1.4894,4.2650431852531
SVK,Slovakia,2024,5.283,29.091,,,,,,,19.35419178077393,71.74625165791421,49.75334030068931,56.36204250873715,139.967676092657,33.8136036435218,89.82507032,31.071618467277908,53.1919702985684,3.55503662060591,19776.1758069498,,5422069.0,171.212800151635,28.9374799550748,3.39369719128545,0.6343713,1.4739,4.03131670763653
SVN,Slovenia,2010,8.053,16.466,0.70922840302556,0.270800039997251,0.529273739332042,0.0835019082178177,0.0836445064788941,3.77758324919394,38.82965266506156,103.1288286009102,52.66220097196179,88.7336819238408,103.782526953769,23.0130215414954,70.0,20.1,50.1194862794826,0.667761282375457,20444.1201295876,0.300599361470026,2048583.0,128.606575425363,26.3518668029855,-0.491469444600767,1.0753011,1.5645,5.4540318462455
SVN,Slovenia,2011,7.987,16.364,0.762761670038572,0.270977918622024,0.573121069514375,0.05705915755677,0.0850397357826253,3.76760756158996,38.35728532705979,104.8432465606301,52.12328296839232,84.87529294060714,105.844580545528,24.1297849867532,67.3399948092396,19.1,49.9463818748723,1.71085960342006,20535.4155754108,0.35989971304657,2052843.0,140.332355750319,26.5487234278155,1.3645204070481,1.1136359,1.57,5.51656711310433
SVN,Slovenia,2012,7.678,15.765,0.675216913628684,0.246162841927283,0.570744954397694,0.0481510676310359,0.0829264014127898,3.4854060961719,38.51209268349763,101.6196663875771,52.47178128548211,82.15708974330433,109.148058194505,24.8054736692412,68.3499745287825,20.2,49.7619476318359,0.072644638587861,19894.8697964548,0.252704524589708,2057159.0,143.656448572975,27.0724390429475,0.626618590822474,0.9825256,1.5471,5.10860827516939
SVN,Slovenia,2013,7.361,15.137,0.605784758239893,0.237779768443064,0.628774254079963,0.048478056407475,0.0673520867422037,3.29394461091998,34.49126240293295,100.8599518372422,51.64908036058633,68.14959504790338,111.044907196462,25.5111136181393,72.6756,22.5,50.0466580754027,0.217315881641324,19704.2186005128,0.206400677505941,2059953.0,145.168789432403,27.136357331722,1.13279718785073,0.8890197,1.5448,4.88211353483258
SVN,Slovenia,2014,6.592,13.568,0.699794267859024,0.245266412992185,0.803827266825546,0.0491484110336949,0.0887523341339454,2.94167006157596,31.89732812969078,96.20370623072516,52.78112414779359,56.63131290094953,113.019086174171,27.0022702087688,71.5862515855601,22.9,50.983470916748,2.05875310395561,20228.7081986391,0.264570914876485,2061980.0,146.471705096746,27.773620382746,0.631551450779483,1.054531,1.5443,4.82845875442036
SVN,Slovenia,2015,6.631,13.659,0.693138091880034,0.273187066455279,0.813634855609823,0.0479825612776019,0.0860312785634489,3.14318596484957,31.23502965905457,96.15154849508605,53.50198343114104,51.03665775616396,114.271192414174,27.6233320566015,73.0986599745829,21.4,53.6612160294144,4.05096848349793,20697.2748530619,0.263848700764214,2063531.0,147.218367714503,27.6272123283146,0.867198319325425,1.0294179,1.563,5.05715981863575
SVN,Slovenia,2016,7.019,14.468,0.696572680661621,0.256431203163051,0.912875759099158,0.0442496007809982,0.0865716927044351,3.00517552715064,30.67739559725304,95.3901948441486,54.90438155408715,47.01948357042176,115.736307790972,28.5889065200718,75.4985042610791,21.0,53.647274017334,3.26541395278807,21309.7122138949,0.261246243560769,2065042.0,148.238448080388,27.5997956172164,0.885482436856336,1.0204175,1.6132,5.00187646355991
SVN,Slovenia,2017,7.097,14.637,0.67103913131527,0.269767081155635,0.837935237729243,0.0500022887906035,0.0779333526615125,3.42805416940383,29.49635822472922,93.72781011178436,54.87091060515419,44.79712847943133,118.461993493049,29.180424842781,78.8854263554775,19.7,55.2451133728027,2.4842141360232,22397.7634988337,0.268545994107094,2066388.0,158.70213584467,28.0311742193249,1.28763102357318,0.9455099,1.6238,5.33473126105609
SVN,Slovenia,2018,7.037,14.563,0.666657095508034,0.239837662258254,0.955853178993786,0.0501460165304062,0.0825073884828507,3.40505162265138,27.93816353138387,89.72011865769618,54.58796719926797,43.19173646793834,119.153401263409,29.6086313428343,79.7499765956562,20.6,55.1913430955675,2.86489909951597,23293.966665323,0.261790471547443,2073894.0,162.613493975851,28.0718729650095,2.18095370305853,0.9840178,1.5837,5.40005296442471
SVN,Slovenia,2019,6.745,14.053,0.669301220943238,0.246542309306243,0.990954925758509,0.0569004879953225,0.0856401512184864,3.35951695638452,27.46938179225589,87.14619069617115,54.5180816712178,42.08362318690104,120.568876746571,30.1395433223627,83.1083578026717,20.9,55.4523277282715,3.99098612082388,23943.1800949889,0.23437135303998,2088385.0,160.044275685249,28.5562740977565,2.33858654999968,0.9481029,1.5993,5.40885605160632
SVN,Slovenia,2020,6.123,12.873,0.668594147847278,0.245494710775393,1.13270456103193,0.0476098089162418,0.0983082442795136,2.64714710209743,24.6616035647227,79.5336714962307,62.79806669847471,43.2297004409622,121.331428226248,30.9930132861242,86.60130109,22.7,55.384391784668,0.948340847721794,22811.8050540778,0.214171558575469,2102419.0,147.549008584942,28.9448814140077,1.18953318282115,0.7478672,1.6202,4.83985857494779
SVN,Slovenia,2021,6.187,13.076,0.601338309684304,0.224912496178872,0.798747832946737,0.0477817876527634,0.0892147492646009,2.97760848715226,22.58944357280007,79.78994054055867,60.93697739059563,40.95912161252994,123.362924143622,31.5502669986288,89.00399524,23.4,55.3046289429588,3.60613978687237,24665.4410464026,0.189323915465621,2108079.0,161.788727511439,28.150836487506,2.68343077186124,0.7356372,1.6029,4.73960366287953
SVN,Slovenia,2022,6.017,12.728,0.684909906652645,0.223334903552691,0.742316638727611,0.0471667923198862,0.0775128633579703,3.23713743373981,21.41383746562772,71.15639741182547,60.15589856050382,41.19398054430949,126.45918075971,32.0104972135392,88.91248552,27.392466376593326,55.3377817873563,3.64010857871706,25275.715967757,,2112076.0,186.647076274632,27.991167622233,6.47825402744266,0.7749516,1.5451,5.01237853835062
SVN,Slovenia,2023,5.67,12.012,0.759234953507843,0.204987831326303,0.99623772696694,0.0493531416444933,0.0819557584934082,3.09624915010975,20.78852251812759,72.56580260327738,56.36798058519621,36.35428264051339,129.227963043737,31.8814801387465,90.37794678,27.469024145267667,55.5378927789875,2.09028809314832,25773.9015835069,,2120461.0,160.1596693009,29.5848784281182,9.98912481634724,0.8589449,1.5113,5.18801856204874
SVN,Slovenia,2024,6.018,12.751,,,,,,,18.5834964214362,70.80477568286078,54.54387984727057,35.63039715924448,130.86090177123,34.2332575162942,90.76355487,26.132999268728256,55.7577708405917,2.5587649173879,26134.627203987,,2127400.0,155.657928684474,29.0665685208903,3.46708059724392,0.7209146,1.4967,5.40294937252877
SWE,Sweden,2010,5.654,53.029,0.976574129032044,0.344251209672905,1.75414952479561,0.112744211541916,0.144587474568618,3.26582199828438,22.52926694982111,42.84652301296852,44.67008735106071,49.58985293947878,117.211932910169,31.9840349438999,90.0,44.7,85.1334228515625,0.126859666003955,48205.5492512742,1.41416853353088,9378126.0,85.0914849272733,23.8590077358558,1.03023451831319,1.0865676,4.1738,6.59812854789547
SWE,Sweden,2011,5.198,49.114,0.987906996754873,0.352737164591326,1.59067338542177,0.118348472101235,0.151887653145361,3.32454064999314,21.74078407274223,45.2848341141348,46.00701515722023,51.07965671885523,121.218520944341,32.0391154481002,92.7699860554046,45.4,85.3600748880524,1.22329216394859,49356.5905257047,1.6957695570353,9449213.0,86.3907448060188,23.7337228802394,1.11731713646294,1.1573733,4.157,6.5260943220077
SWE,Sweden,2012,4.896,46.607,1.0383942139019,0.356263998807658,1.46034575956373,0.122804638780064,0.16183554329217,3.03680933587575,21.852413018938,43.12411488890365,48.96969052589977,53.74040948183279,124.465204900222,32.2829791143157,93.1799880065108,48.3,85.6250668883122,0.777373680569339,48789.7906883637,1.06629092584269,9519374.0,85.2980605424359,23.1051457982894,0.949478662939768,1.1548415,4.1274,6.17645349022127
SWE,Sweden,2013,4.698,45.106,1.02477366820672,0.358721703383951,1.32509633839448,0.134011237839247,0.161148347831251,3.07070557927124,21.57704353105808,40.60749413374129,50.1698294399413,52.9810296678523,125.141584605994,32.7855388506159,94.7836,47.3,85.9249771259894,0.2546975094246,48928.4994141291,1.00193412946544,9600379.0,81.6402521329964,21.9846853173318,1.01168043710824,1.0499372,4.1249,6.0744568749269
SWE,Sweden,2014,4.474,43.385,1.06530009788702,0.356943048548713,1.69591147029524,0.145087364687728,0.178348148758542,2.83388081568541,21.12774604673353,40.22613286800002,51.18820046910916,53.83003635759974,126.980024510044,33.841393015349,92.5236065037579,48.6,86.2563838747314,-1.0454392642501,49557.6183647959,0.908726777199877,9696110.0,83.8229810483527,21.6084554046683,1.83274334863978,1.0182733,4.1163,6.27547094586265
SWE,Sweden,2015,4.42,43.31,1.09539398910249,0.3584424136126,1.4958035940382,0.13678306470732,0.185920922947996,2.67237629884649,19.33419501782734,40.55736311210907,52.3316504184444,52.90191162274664,128.974452830716,35.6778078349251,90.6101966398616,51.9,86.6158654081858,1.94926707461038,51188.1652120493,0.488159781498559,9799186.0,84.1730765958171,22.2743619851494,2.25576478043419,0.9288589,4.0249,5.94472028325509
SWE,Sweden,2016,4.364,43.308,1.02379359004161,0.357141619504407,1.74718353326019,0.132468262940953,0.165348358553342,2.68146813322305,17.57078625847213,34.82388097124171,54.84610464593348,52.64374483843214,126.401633330915,37.0821744423215,89.6509476102355,50.9,87.0,3.01534061830454,51626.3235312369,0.722466863316197,9923085.0,83.4519478574149,22.0060731182678,1.65920932545671,0.9187513,4.0278,6.10740349752356
SWE,Sweden,2017,4.211,42.355,1.05517103247881,0.340032710088061,1.75692027007348,0.116972946931365,0.174238591693945,2.73467444296803,16.20796436663333,32.06568211133495,56.63099862161724,52.25652626160644,124.472904877796,38.3266046004608,93.0062669652127,51.8,87.237373786911,4.54156677126576,51894.3748177808,1.04602397797532,10057698.0,86.0693088740521,22.1839062370905,2.22554282042857,0.8668924,4.0453,6.17800999423368
SWE,Sweden,2018,4.113,41.856,0.76183324437972,0.325876325290225,1.73173109275927,0.117303999093023,0.101804669195588,3.00783913358078,14.93779959997768,31.93104042491228,57.86041090133452,52.02370722664344,124.086284526267,38.7413375683818,89.2469631588137,51.6,87.4737430925296,-0.129928906336359,52203.0872589761,1.06109616438888,10175214.0,90.4087142361701,22.2729867092578,2.61445551998212,0.928959,4.0087,6.04638846429861
SWE,Sweden,2019,3.967,40.772,1.11567445510062,0.320547578785602,1.62312720777652,0.117050713256547,0.178965374814896,2.80710546774563,14.29308056351653,29.67470699776446,59.45703567120955,51.36462258537546,125.456729050381,39.2905524546107,94.4934434072202,52.9,87.7088420242759,2.9559286166832,53024.4099494317,0.404780111504663,10278887.0,92.7511390290561,22.3760709701034,2.42588744842773,0.9427192,3.9131,6.16247079747981
SWE,Sweden,2020,3.537,36.622,0.985777011315601,0.297424836815478,1.34182984677533,0.117427503932196,0.177430339799623,2.43014392382928,13.81915064236156,28.34276096062939,69.94238970973385,52.39787945695042,123.548656971054,40.3679810262741,94.53943122,57.8,87.9424046895699,3.36375559523307,51624.5811789573,0.370599691340783,10353442.0,84.4745958141618,21.8184248297627,1.79876774959563,0.955794,3.8755,5.3500334624675
SWE,Sweden,2021,3.703,38.568,0.898496023582686,0.298977949511851,1.59169417915826,0.108508020803605,0.15153178877668,2.65323091951673,11.41370446643088,26.86126158391906,71.19173426807853,52.15944515483974,124.96149481991,40.8351431063991,94.6703163,57.9,88.1741651958315,9.17868162234424,53997.1337068799,1.20827979934218,10415811.0,91.1102374413042,22.5774120669797,2.70985550217829,0.9471541,3.8643,5.70243888134981
SWE,Sweden,2022,3.465,36.342,0.980204775329078,0.306105579270096,1.68832026055693,0.110312273838551,0.169444081021509,2.56421879454141,10.58604384979744,24.59290536284821,69.09843482186746,53.28101580659247,140.781664517726,40.6093424279832,95.00970335,26.943335534957228,88.4038576504809,9.35228228785513,54304.1877501033,,10486941.0,107.111751826512,23.7592056275214,6.0271955711854,0.9419053,3.8669,5.81860576455757
SWE,Sweden,2023,3.479,36.709,0.802174552249076,0.310992237663616,1.48215722276982,0.0997637592057743,0.129010055577447,2.33522226983123,10.51715741764676,23.50016962787155,64.25679511885029,48.9481971036404,140.265691285045,40.7340135908716,95.70327461,29.073556852273818,88.631216160938,3.22512369002956,53937.7967122429,,10536632.0,107.619709443974,22.5872661861018,5.83406618538046,0.778803,3.7974,5.15932009729697
SWE,Sweden,2024,3.592,38.097,,,,,,,10.16598245729803,22.18965004973012,62.8257016708639,46.48128120297113,140.686673016562,40.6156538715616,95.52930428,29.146524257566085,88.8559748346228,5.0794723229992,54316.2619329718,,10569709.0,105.967492313344,21.6489277482494,2.99536723630649,0.6035115,3.7939,5.09680022828324
SYC,Seychelles,2010,4.629,0.44,,,,,,,45.9882442550623,44.5511116220916,58.01084373698739,26.58493306692933,123.813585199693,7.15270977456276,41.0,0.7,42.660307244583,16.2787980957365,12313.5566919249,0.146953956678162,89770.0,198.162692424328,19.6134912354854,-2.11971044632016,0.8564804,0.0017,3.412914246352345
SYC,Seychelles,2011,4.153,0.403,,,,,,,47.02701113952326,45.55741704141316,55.19258865729238,26.50145549483698,130.476995382586,9.7006926121372,43.16400146,0.8,42.6739844860866,13.5270690867223,13843.7116081878,0.149780680938161,87441.0,210.075382747992,20.6952608634553,1.06438138123271,0.7752841,0.0016,3.3236797567170795
SYC,Seychelles,2012,4.195,0.418,,,,,,,47.88299138106155,50.78499085870165,46.43599114452162,24.27421120105739,137.106577057151,10.6255588037331,47.07600021,0.8,42.7261758463169,56.2882654419862,14135.0010570653,0.1644793129234,88303.0,222.178254853141,19.7343819448264,10.4372838765698,0.7257334,0.0016,3.34982145531729
SYC,Seychelles,2013,4.055,0.414,,,,,,,48.31673037843369,63.94861373616223,52.50672851929959,21.89657015542722,133.985679723389,12.1565631336135,50.40000153,1.5,42.815069634181,4.29723724959436,14050.3135581314,0.136887236537623,89949.0,196.517733268793,16.5413009747671,5.64023151837689,0.7331354,0.0017,3.2993724068247223
SYC,Seychelles,2014,4.376,0.458,,,,,,,53.04595454799263,65.60947009883299,62.25742043743329,24.99434644957033,144.60603512527,11.3010491715558,51.25469971,1.4,42.9386256186342,7.80896304548278,14395.6158118771,0.122451367247677,91359.0,213.354469426486,15.7700469714181,6.43587163230623,0.4579186,0.0017,3.418682982223742
SYC,Seychelles,2015,4.646,0.498,,,,,,,53.09589936284921,65.34879921581441,58.80132137800849,29.79917151696293,138.248624452112,12.5151543411359,54.25960159,1.4,43.094803568632,7.39272196242003,15333.1051727105,0.100073979606541,93419.0,187.475012467679,14.2030327151444,-1.00318641871358,0.7647495,0.0017,3.546632058100449
SYC,Seychelles,2016,5.037,0.553,,,,,,,52.25710495638542,71.01606570995968,59.84395194102724,29.54382269876981,138.276832299833,12.7798872711048,56.51470184,1.2,43.2815632531296,4.35742188671966,16962.6753972731,0.0990332020466637,94677.0,180.866188390939,13.6909528775658,-2.29456846888873,0.7625994,0.0017,3.743965027968382
SYC,Seychelles,2017,5.116,0.575,,,,,,,51.5184739963805,77.9382042509346,57.51148042860267,30.48327137546468,148.791660366282,13.5385628007507,62.55310059,1.2,43.4968644410824,11.7771697387857,17921.5731976918,0.11671286310133,95843.0,197.442236417869,11.7738883980069,2.33249048759716,0.813523,0.0017,3.8107654167791516
SYC,Seychelles,2018,5.191,0.597,,,,,,,40.48953149693716,80.97906299387434,5.818684239377045,2.938681759004552,155.551112656467,17.114916550765,69.23660278,1.2,43.7386669014459,17.1030662941746,18628.1862276696,0.121453194976473,96762.0,185.7075372109,11.8099756005606,3.44738196587787,0.7800693,0.0018,3.8654447886452563
SYC,Seychelles,2019,5.014,0.59,,,,,,,42.64612760238301,86.58456210180795,6.268272719409625,3.258162583881559,164.617084572886,22.9273268168296,76.63420105,1.2,44.0049304031754,13.7575701960234,19481.6461053742,0.0974947166802459,97625.0,173.407846880196,12.2185624290623,0.126950238609624,0.6921848,0.0018,3.8445325083026436
SYC,Seychelles,2020,4.965,0.597,,,,,,,39.64752075100078,85.6898029134533,7.129372862549926,3.369425092458556,152.5450781854,29.067843812089,79.25170135,1.3,44.2936147152263,5.79027015191072,17048.361729788,0.13148617576909,98462.0,153.48333156592,14.271545381162,5.23042858538314,0.727409,0.002,3.7240472440682173
SYC,Seychelles,2021,4.975,0.612,,,,,,,37.99343979939464,88.65135953192082,7.235414958257153,3.015271632627961,149.479213250181,33.5645230796751,81.99530029,1.7,44.6026796065539,7.52808883301193,17005.0422063679,0.120645132507182,99258.0,183.77081501466,11.7537279327877,2.75005993802337,0.7262104,0.0023,3.724682686694048
SYC,Seychelles,2022,5.01,0.629,,,,,,,31.40374751386999,75.36899403328798,25.76610602031113,12.94135510586838,163.429518331448,29.8314239734867,84.83380127,1.9,44.9108209981157,9.4918981662406,15471.2109575418,,119878.0,191.578843890135,12.12283632287,3.23305114103314,0.8411889,0.0024,3.6698653274716895
SYC,Seychelles,2023,5.012,0.641,,,,,,,32.40948866190631,75.27365108571787,45.2258818099533,19.6718412278427,129.24400747161,30.7719361318005,86.001297,36.04268302549083,45.0971081321658,11.0384988650861,16286.8557867673,,119773.0,183.842116553333,13.295595742584,1.39387024808538,0.9207856,0.0022,3.6411255046858475
SYC,Seychelles,2024,5.003,0.653,,,,,,,31.91204628276132,76.17714273949476,49.54249631151601,22.59339431068677,125.616862703001,31.5968654633563,87.81800079,36.099725934556254,45.2898622460415,10.1468739688419,16612.6374865452,,121354.0,175.872982613261,13.4190142367438,2.92830856479461,0.9164443,0.0023,3.652064859402074
TGO,Togo,2010,0.41,2.596,0.360180722909142,0.0810916898338369,0.265031758389924,0.0682612488963328,0.019426276347594,0.24489186217248,3.941014956278889,,25.58572867188847,17.75135885475104,38.6520343582485,0.404376324713075,3.0,65.8,37.5545882975638,2.63493273204289,686.014185396121,11.3076284343152,6325788.0,66.7974885937104,20.3367703008535,-0.0933183400535995,-0.3792993,1.0259,1.03888355854931
TGO,Togo,2011,0.385,2.504,0.221927038106308,0.0797269923924389,0.258595672200094,0.0847354119456426,0.0233588963440738,0.279115358679609,4.160697015814364,,29.23418112116814,22.22522685052383,38.9697843149559,0.492143829355825,3.5,69.1,37.9872305648732,13.4388023170829,706.442158827353,17.924810571738,6500582.0,77.732312664143,21.7641490273027,2.81959119100415,-0.3850113,1.0325,0.947459369668167
TGO,Togo,2012,0.333,2.216,0.29642603646519,0.0890515863030466,0.261999328492904,0.0724255875428232,0.0191329429620118,0.277124865225605,4.198184212945415,,32.15373972744488,25.94914176180335,46.6464180614517,0.584347876051159,4.0,72.7,38.4194359598204,2.24458540176674,733.683602929868,20.9936889901917,6653718.0,75.7132085684163,20.0154635557205,1.75037449118827,-0.6511156,1.3172,1.01616034699158
TGO,Togo,2013,0.241,1.635,0.259517551614193,0.089284530412403,0.256510065513552,0.0662634923248156,0.0173519909585097,0.273900193077864,4.301404843522883,,33.44272106464748,27.83449277603871,58.5138554393817,0.0949153119330303,4.5,76.2,38.8516767884103,3.04894540679557,759.841612443554,15.5653200902369,6798848.0,82.1477877564195,22.1985252830239,1.68329044618704,-0.5059279,1.3724,0.962827823901338
TGO,Togo,2014,0.215,1.491,0.297681928805641,0.0720396635906308,0.246694327043391,0.0647917982773834,0.0216077374261499,0.259768644700339,4.624371674945131,4.487014100441811,37.71288535726346,29.38928250800033,60.4368580586019,0.168753220162062,5.699999809,81.4,39.2839506458368,0.844950465027458,786.587399651446,13.3950715961836,6937644.0,70.9156517502517,23.8476899946971,0.479878463169484,-0.3001357,1.2601,0.962584099843534
TGO,Togo,2015,0.254,1.798,0.285624145043279,0.0766098199766606,0.231811774683186,0.0707027438986915,0.0208750623006796,0.231300710439573,4.993162265513633,5.082325877397805,39.65989889187802,29.59989937384907,63.3574638254671,0.862199121906724,7.119999886,81.0,39.7162551272934,4.48026975109969,813.894676975085,12.7280087175611,7071502.0,69.1281378813376,22.8664405321196,2.2027014975329,-0.411126999999999,1.3067,0.91692425634207
TGO,Togo,2016,0.318,2.293,0.284446172741088,0.0803753022488093,0.234796308789734,0.0578293560789537,0.021273449022809,0.244685182930034,5.359741742905557,5.59843469501876,43.37277030903261,32.49300685306164,70.0588130571426,0.620529481672155,11.31000042,80.7,40.1485878279739,-0.76275824996834,832.959515987733,9.003109569313,7200884.0,66.4450409805081,20.8834101208291,1.45775670689166,-0.280199,1.3661,0.923405771811429
TGO,Togo,2017,0.261,1.912,0.281194982048431,0.0811201478844771,0.234256496670898,0.0665523135769058,0.023073208979679,0.232792912546258,5.300947011015621,5.174231146210467,40.92104372696926,30.74832679545774,75.3357270694068,0.627393839501362,12.3602249692905,78.4,40.5809463430719,1.38645400988561,851.735728621337,7.77733835842081,7324386.0,58.2088602526732,20.4016230144725,-0.884659427232194,-0.835878399999999,1.4286,0.91899006170665
TGO,Togo,2018,0.273,2.034,0.279939465672608,0.085183471066086,0.227762120784552,0.0426010861901561,0.0239359132107539,0.221388379943596,4.932685288101705,5.425953816911876,47.83966245374145,31.16051318922973,74.3997114343066,0.316705449644003,15.5,76.7,41.013328267781,-2.57457902571647,876.562800915869,4.87362329556752,7458206.0,57.5737388499452,21.0297583235942,0.452907938254626,-0.8728328,1.4853,0.880810436867752
TGO,Togo,2019,0.31,2.364,0.263746314777513,0.0931625182177954,0.218005633166884,0.0468458078770258,0.0248845381447256,0.236652164456157,5.200612632168069,5.920697458160571,48.95672137421032,33.8590254809226,73.7224727486533,0.376920048379618,20.72730064,78.6,41.445731197295,4.94352054229764,900.166602437871,4.32587635811955,7619925.0,56.3398500747576,19.3445737400915,0.0198866677059328,-0.8504632,1.5713,0.8832969766401
TGO,Togo,2020,0.353,2.751,0.285815333392646,0.0965879956094164,0.213014728797034,0.0609699534706737,0.0248458447284648,0.263651607451858,5.294099900832945,6.247816427085939,53.36929643827568,33.71080845648267,75.164019137873,0.607931974735055,29.02370071,76.2,41.8781527268075,-0.79089727996859,899.748802355348,4.73168572169493,7788054.0,55.0659513954403,20.1418010121018,2.94224256636319,-0.8075061,1.6513,0.944885463450093
TGO,Togo,2021,0.33,2.62,0.286326662134307,0.0998668403118166,0.209771939615686,0.0754434081351482,0.0267486897562308,0.281868273567257,4.86541910000727,6.285288487168924,55.19879243936531,26.80960557913509,70.4496733018494,0.749325974933037,30.33839989,75.1,42.3105904515122,-1.59478801736582,928.301087692897,7.86417419787513,7936176.0,56.3775580757321,20.0216103603057,4.55780831498707,-0.6682329,1.7367,0.980025813520446
TGO,Togo,2022,0.339,2.739,0.295701570317112,0.102742766398141,0.214198446542772,0.0732057501167006,0.0279085172872817,0.290967440331626,4.821386049117042,6.919241047587816,59.40093714208667,30.12462006508348,72.2147547047011,1.03723561669214,35.60749817,47.929398277266884,42.7332327975627,-2.00429827129667,970.535975822983,,8068616.0,61.575092396894,21.2257076314374,7.12146367434005,-0.760395399999999,1.824,1.00472449099363
TGO,Togo,2023,0.325,2.671,0.329432718509109,0.109994918315998,0.304043844473159,0.0760500932947383,0.0280988450429595,0.293335929538583,4.683983101905237,6.811441075671356,52.34986435618332,30.6872253770204,75.7906769713952,1.22815843837127,37.57020187,47.29534169931115,43.2496853032436,0.820060116117922,1011.2308927823,,8223850.0,59.9291777017427,20.6747193049682,2.97322929884109,-0.9186036,1.9149,1.14095634917455
TGO,Togo,2024,0.328,2.754,,,,,,,4.379362635903614,6.933990840180722,52.83824285182713,30.39269849492034,80.8035554767112,1.41538265577438,39.48320007,47.2865383840451,43.8148491605996,0.786914262545951,1053.81653764697,,8406558.0,,20.444604561795,2.71878418150339,-0.8094466,1.991,1.08942007926126
THA,Thailand,2010,3.514,241.019,0.270545505649349,0.0172201993663132,0.220282660708307,0.142713871391647,0.0736939076035628,1.27477288393838,10.91170689022617,81.19507730832952,60.49396080455989,59.78870564745384,104.588624052335,4.74172823236676,22.4,22.8,44.0018736622496,4.32320928209171,5059.35747831657,2.73568032123207,68579447.0,127.250522638251,39.9217256985357,4.08098922673743,-1.2331956,53.1613,1.99922902865755
THA,Thailand,2011,3.549,244.878,0.264781476773149,0.0247695319585022,0.196128110537732,0.151117867882627,0.077366643118136,1.3091794391946,11.18850624835041,86.1718867787401,61.93786346149866,65.361390640375,112.233203232914,5.64433790742555,23.669925618731,23.0,44.8048723557374,0.667087644548593,5070.23740191942,3.14709998160529,69007208.0,139.675407224576,37.9813982711097,3.7430981204437,-1.1386768,52.6183,2.02334306946474
THA,Thailand,2012,3.778,262.348,0.426872122889549,0.0263934904345009,0.19956863889008,0.150871302475864,0.0790904601106905,1.44387950351998,11.48236329502105,93.14621479169094,71.37975140608717,68.11990798668516,122.431994954555,6.50814220580194,26.46,23.6,45.373565813715,3.24456444314608,5403.87846036273,2.90571167294829,69436098.0,137.67493851024,37.343694137461,1.90914444199674,-1.22129129999999,51.669,2.32667551832067
THA,Thailand,2013,3.776,263.754,0.405300299358188,0.0246790305939873,0.189320461095209,0.169478615254811,0.0828612004356886,1.3974173947394,11.84151311789245,100.2534418861211,74.05149744943391,72.36431446436373,134.367308785551,7.43359084502317,28.94,23.2,45.8321343847773,3.79126450872817,5516.61164164135,2.61852748014065,69845114.0,132.462274174269,36.8985884648101,1.77874589235417,-1.3578088,49.5984,2.26905700147728
THA,Thailand,2014,3.881,272.488,0.247707671792436,0.0283323869737701,0.178218098625139,0.149376895194586,0.0838384951231133,1.31879258510271,12.23164813564989,111.6251407102326,75.42822145281015,73.285224587432,138.28115031927,7.74748143833759,34.8860535783465,24.4,46.3138799467897,1.22145318013998,5541.46599361845,2.8228271736769,70216367.0,130.905495444398,36.7630403655124,1.44146536528029,-1.1368246,45.0172,2.00626613281175
THA,Thailand,2015,3.928,277.099,0.269782742066737,0.02574607323304,0.160433472109163,0.150514301953913,0.0819945589197505,1.33676964118042,12.22314071289629,114.5194552983507,76.18315739536129,74.37425601085025,145.932577028654,8.83035128821556,39.3161267365004,22.6,46.9521043776171,2.22468548959784,5688.85335397884,1.93092320697655,70540795.0,124.839662152526,36.1791773262667,0.722113573412514,-1.156024,41.0,2.02524078946302
THA,Thailand,2016,4.009,284.045,0.288122605107205,0.02221586285372,0.154804927436861,0.184916941832161,0.082158518621399,1.3834674508276,12.0357112040017,114.6137310378794,74.66384772332538,72.36680864253375,168.88127084564,10.187716904417,47.5049656215909,22.4,47.8801095551247,0.843364340718618,5857.78052935926,1.5532188768547,70859841.0,120.57522728913,35.586765405076,2.63616761998928,-1.12638439999999,44.7271,2.11568630667895
THA,Thailand,2017,3.982,283.348,0.233598318230021,0.0273388424647043,0.150818645186114,0.189385655549509,0.0847426580109641,1.42302997670373,11.53287203431873,114.5399154163117,73.27085150791572,71.06710430286304,170.783699598766,11.5345396717409,52.8919293439676,22.2,49.2311973571777,1.81550260101987,6076.74307700082,1.63215260676224,71160187.0,120.891427433638,35.018759526322,1.8999449899777,-0.984692599999999,44.984,2.10891409614504
THA,Thailand,2018,4.039,288.305,0.2846070297009,0.0304481251950428,0.141283206871055,0.199783864017912,0.084551338573789,1.40730658386089,11.36059034991479,114.0967619686097,73.04532503709046,71.49904348471537,175.266001933225,12.8740610702362,56.8174809301456,23.7,54.5843734741211,2.71279835138662,6314.19948412043,1.81670642609227,71376079.0,120.841864730984,34.7424896675041,1.42858616420727,-0.979869,44.8604,2.14798014821959
THA,Thailand,2019,3.941,281.877,0.385887185157758,0.021865809684609,0.139375422702386,0.191168129109213,0.0866877377674262,1.41730298055788,10.90403826399266,111.6742406840257,73.4054731413419,70.75973695960916,181.221874232713,14.1338059581469,66.6524194587528,23.9,55.9266166687012,1.01734877580041,6434.53770518034,1.51242491485513,71522271.0,109.689514715166,33.5939105133265,1.01442340642497,-0.588531399999999,41.6288,2.24228726497927
THA,Thailand,2020,3.796,271.923,0.462828221940239,0.0218798905457126,0.147953297972118,0.203854183403965,0.0809967535283215,1.37800671941315,10.26821759876591,108.4731376884063,87.03401505881924,79.5243774002488,162.327737376294,16.021813562656,77.84374066,20.9,57.2358779907227,-0.858310188764945,6032.42244606793,1.1095683956846,71641484.0,97.6624419371158,33.3031649062562,-1.29044513660705,-0.7333386,44.9101,2.2955190668035
THA,Thailand,2021,3.724,267.142,0.460124430363369,0.0259870447346194,0.143035308586056,0.202462336459303,0.0845423453260522,1.36843748816492,9.354151314407265,104.8244407914506,88.0085604421747,80.94703698581559,168.485285358167,17.3168855632327,85.26956666,19.0,58.5087776184082,3.04112326260094,6119.11018526099,1.8170265297611,71727332.0,117.131472183199,35.0417417475132,1.7771571075901,-0.6963747,45.5476,2.28458895363432
THA,Thailand,2022,3.8,272.573,0.404716072357138,0.0301204280729861,0.127838182931042,0.192494806393415,0.0866250197583281,1.41890875062193,8.69537409395026,99.73388034242136,85.43177076333481,76.60193314869545,176.22279253783,17.5125815621477,87.97724503,32.5655962222053,59.742374420166,2.39157096115532,6279.82250415973,,71735329.0,132.813458288082,35.1269834648331,4.64070691859968,-0.5671596,45.7125,2.26070326013484
THA,Thailand,2023,3.692,264.734,0.392449347187881,0.0260824122487069,0.101348926949239,0.193029928554801,0.0843253614622634,1.7344909672214,8.347189607857343,97.87498652943944,83.48212265640667,74.22533418504146,168.642808295144,14.5089451983046,89.53525238,31.410564203599606,60.9341926574707,1.9975474592024,6423.99101164149,,71702435.0,128.792359690165,32.9143397918669,1.25338887133665,-0.4398775,45.8884,2.53172694362429
THA,Thailand,2024,3.736,267.76,,,,,,,8.019987773610476,93.03022144168284,82.23685140749062,69.4967791895286,160.639312286761,14.8870491187484,90.86718789,31.346371087036644,61.8689338391321,2.70165281834265,6616.58539335928,,71668011.0,135.724935837766,31.8367729457595,0.864531565935238,-0.6833311,45.9347,2.45353799348807
TLS,East Timor,2010,0.289,0.313,,,,,,,1.735486598888026,2.366572634847309,33.57546912798533,12.5715021282367,43.6092152609205,0.0460965871008842,3.0,34.8,29.6398840020416,3.43944743183908,1195.38067803197,,1084679.0,134.4005216863,9.13731151264648,10.9638160663462,-0.591676099999999,0.6506,0.272142477354347
TLS,East Timor,2011,0.391,0.434,,,,,,,3.833867774501099,2.760384797640791,30.89638890861553,12.60413978450085,55.3186027470553,0.0495403109510208,4.0,32.8,29.633352306451,4.70566334584962,1237.48383284275,,1110207.0,140.766349625231,12.9857464682707,11.5656560657147,-0.5916549,0.6494,0.301356861292612
TLS,East Timor,2012,0.521,0.591,,,,,,,4.17441915939125,3.428987166642813,35.73150144349156,13.42626775177304,54.7192006238518,0.0528687928732867,7.0,25.6,29.6136082349605,3.47958036025867,1269.41629276068,,1134885.0,128.500493298465,12.7911387224216,6.1604670783707,-0.4206058,0.6999,0.439615696272407
TLS,East Timor,2013,0.535,0.62,,,,,,,4.7782874617737,3.040728384765082,36.33445687236916,12.67320046786196,56.0975925502397,0.0604127919771812,11.0,22.6,29.5836906253246,4.00200681164531,1281.92864092574,,1158695.0,79.6341248298199,20.1062112845245,16.6427681770437,-0.5293114,0.6512,0.53077765611766
TLS,East Timor,2014,0.531,0.627,,,,,,,4.917726436713778,5.198739375954566,40.29436915632934,12.20702626727758,116.401176746315,0.0869783730136906,17.5,18.1,29.5463092024041,2.3422913323763,1312.96494079465,,1181903.0,82.7357773406823,16.9792969455941,-0.72805110472585,-0.3601212,0.6571,0.728559381252213
TLS,East Timor,2015,0.49,0.59,,,,,,,4.906985366279197,6.542647155038929,45.56075726877868,12.1199230689144,114.23397124462,0.0853019298316946,18.60000038,18.0,29.5043315008419,2.70363930330864,1319.59297370991,79.4309494383903,1205131.0,60.0769209292639,18.3707623249808,7.20272656720353,-0.427259699999999,0.7107,0.505273492947542
TLS,East Timor,2016,0.523,0.643,,,,,,,4.761419802480435,6.084036414280556,55.88130954176311,11.12507997161246,121.477605038459,,21.20000076,12.7,29.4462907628171,0.33397246121617,1333.6585468432,44.5556159738805,1228312.0,60.310621759226,19.2291135084536,0.141367073258863,-0.1166,0.6932,0.601861937629892
TLS,East Timor,2017,0.554,0.693,,,,,,,5.008051405721506,11.81386485452253,62.43853932545045,14.34109987698388,124.360491266698,0.267315808941898,24.20000076,13.2,29.3600996787092,0.42375096203898,1267.08660142883,44.8705165836223,1251703.0,58.6347507796182,15.7805292822465,-0.212799455428609,0.0703179999999999,0.6997,0.623213493329058
TLS,East Timor,2018,0.484,0.617,,,,,,,5.862373912186628,11.47528510470574,65.0250395583248,14.25280351941356,115.089356319443,0.0054860696934619,27.60000038,12.7,29.248617510057,3.08007812980224,1237.20064730412,62.7689541343655,1275959.0,64.8191831225499,16.4990219080011,-1.36269499343967,0.2487237,0.6829,0.570204732687937
TLS,East Timor,2019,0.519,0.675,,,,,,,6.05990825298905,8.726267884304232,51.06822852549101,11.37669212062009,109.555438546595,0.0068411808339322,28.00460052,11.7,29.1148755245217,-7.79447350305257,1507.24748294374,44.8952633775622,1300945.0,70.6142440551536,30.4131449827763,5.16428345869988,0.2676531,0.7638,0.692147023066738
TLS,East Timor,2020,0.487,0.646,,,,,,,5.538547109467616,13.19823992043347,51.14469661886595,11.88933285808784,103.911005065408,0.0062591766694091,32.01269913,11.4,28.9619049897647,-16.2053007941191,1947.83997138866,34.3932968859447,1326053.0,84.7503111042388,36.7520088603671,-19.2266531049002,0.2673205,0.7002,0.799538702500247
TLS,East Timor,2021,0.459,0.62,,,,,,,5.39189311661747,13.07820883605089,39.89353429366967,7.502159362811349,102.668836319816,0.0101471033723194,35.04199982,12.1,28.7927371734472,-6.5936436488535,2015.82039246197,34.7297460391742,1350139.0,99.8600009384765,62.1863334819576,59.079679423911,0.2660158,0.6764,0.825036023176814
TLS,East Timor,2022,0.489,0.67,,,,,,,5.379296432854053,15.4654772444554,53.54941272718952,11.26960911936265,108.158358863503,0.0100051486348815,,11.4,28.5857292288968,1.67248574731989,1579.71084680858,,1369295.0,97.621108820704,54.5122437982997,11.3679787799573,0.4239118,0.7763,0.934688642724493
TLS,East Timor,2023,0.46,0.637,,,,,,,5.272129764687275,16.14589740435478,83.94082640107374,21.14887368778753,112.647241971673,0.0057791525739623,,53.213239935275894,28.595471832952,5.87499260731956,1279.2112241611,,1384286.0,89.3046490972644,23.8680415769611,-20.8217874208374,0.4358404,0.8047,0.917332325268704
TLS,East Timor,2024,0.477,0.668,,,,,,,,,,,116.382391453038,0.0059972669597711,,53.16141549073833,28.6641074179574,12.0853687045097,1149.21889002201,,1400638.0,95.4485030105899,11.8214190264431,-1.3163468945048,0.5260108,0.8314,0.904396231927056
TON,Tonga,2010,1.092,0.117,,,,,,,20.88461251584993,26.85164466323562,40.46197691292556,37.05424939814646,50.5586592178771,1.02420856610801,16.0,1.0,23.4243619099178,1.27041874988286,3653.97817265087,0.0485079387936127,107400.0,70.7976681214649,18.0424982701103,7.72158550397988,0.7566171,0.0562,2.64597235880137
TON,Tonga,2011,0.988,0.106,,,,,,,20.78539083958132,26.72407393660456,38.17020938584979,29.89011956750793,51.1294970716743,1.20851538533048,25.0,1.1,23.46075468367,1.8451444721178,3892.76807750666,0.0478419579924403,107570.0,78.8578648859134,19.0875708794809,0.475226791583111,0.9020811,0.0562,2.61016088165211
TON,Tonga,2012,0.989,0.106,,,,,,,19.27610800551593,26.68999569994514,46.85025650953441,34.83593069402768,52.1124139214591,1.39586823003908,30.0,1.1,23.4589062635692,-0.178618753397925,3932.59367180675,0.0398683612912305,107460.0,77.9722872799652,18.8662320133186,4.28459781006418,0.9015228,0.0569,2.51005089128716
TON,Tonga,2013,1.026,0.11,,,,,,,20.78230535144363,26.72010688042752,45.4815013721607,34.296368266419,53.6991725657932,1.58762771064084,32.75400162,1.6,23.4170795020344,1.38770980540009,3962.16980948788,0.0401188794815067,107078.0,82.731581196292,15.8952134096482,-2.29125768149822,0.899817,0.0572,2.7513537011296
TON,Tonga,2014,0.997,0.106,,,,,,,17.85156424331682,25.2897160113655,48.05220640876819,36.10008903421951,63.7844834863848,1.68841279816901,35.95439911,1.7,23.3431040935971,3.00261122409292,4058.81584447473,0.0521558048423682,106609.0,74.7304254735603,16.128189099805,0.0415381154507628,0.93921,0.0576,3.36557463226127
TON,Tonga,2015,1.001,0.106,,,,,,,29.7951582867784,25.32588454376164,51.57946658610116,38.3406948762109,69.2709364249022,2.31679155473868,38.65129852,1.9,23.2434422818439,3.37347751536217,4123.90347238813,0.0421389970297059,106095.0,81.3902291563255,15.5472133546312,5.20196458939337,0.9379016,0.058,3.51928133907316
TON,Tonga,2016,1.319,0.139,,,,,,,29.85252850916473,32.8377813600812,55.19166113370408,40.88823252274687,75.8121375232175,2.84295515712066,39.95000076,2.0,23.1277038505921,3.95057720592388,4419.8147470039,0.0453861467678001,105524.0,87.7771750789587,15.9723676283725,2.97355305311282,0.9346438,0.0583,3.69825644380678
TON,Tonga,2017,1.356,0.143,,,,,,,32.82112486946144,41.77234074295092,56.2009198830874,42.22713150333328,102.450738448688,2.84748851512966,46.20080185,2.0,22.9711300654966,-3.40708332363142,4568.62484962494,0.0540904435129096,105356.0,88.0434925855836,16.4212274439525,5.57528435727959,0.8010403,0.0586,3.83694059550143
TON,Tonga,2018,1.249,0.132,,,,,,,32.66760709778009,40.09206325636647,58.17116124701896,43.98685088283207,102.245967016208,2.38616234239867,48.80789948,1.8,22.7017138925547,4.70301153504077,4583.55968565688,0.0399575891818241,105567.0,86.1039702691392,15.2201454899922,5.92312545547095,0.8562319,0.0588,3.68318987580999
TON,Tonga,2019,1.525,0.161,,,,,,,,,,,58.772203768371,3.5043390209049,51.56299973,1.8,22.3288155626206,-1.20711455147001,4566.07508700721,0.0355539728781376,105669.0,88.045385533046,15.3617825768715,6.48840341386112,1.0102973,0.059,3.72144856391253
TON,Tonga,2020,1.317,0.139,,,,,,,,,,,58.6543555589192,4.73018996442897,54.47370148,1.9,21.8766206823411,0.75496647808531,4647.0077529158,0.0390440712702677,105704.0,81.849496682175,14.7467482717009,-0.0146902270442126,1.1156731,0.059,3.3840514119508
TON,Tonga,2021,1.32,0.139,,,,,,,,,,,60.9801876955162,6.4574841217177,57.549,1.8,21.258003897665,0.0497755463114463,4612.90086913298,0.0407524657583253,105490.0,68.5461517477239,16.2978004637108,2.03758861131405,1.111896,0.0592,3.7045694679091
TON,Tonga,2022,1.395,0.147,,,,,,,,,,,61.7257858761257,8.17387330781973,61.60739899,2.3,21.147219451842,0.523176247000647,4533.96809820124,,105042.0,70.1272718284375,17.2421471015711,9.19935912669882,1.3674794,0.0593,3.70200618834516
TON,Tonga,2023,1.394,0.146,,,,,,,,,,,,,64.13140106,45.27759823703215,21.147944541337,0.44357393519288,4680.30010664357,,104597.0,79.6239257000079,14.8652489605305,7.42659075660799,1.2304624,0.0592,3.73959869716623
TON,Tonga,2024,1.464,0.153,,,,,,,,,,,,,67.4417038,45.17353981159697,21.1505271125521,-1.86561431411564,4779.92399898557,,104175.0,77.5794710114187,17.672600907255,8.25161822432663,1.254781,0.0593,3.74349997509431
TTO,Trinidad and Tobago,2010,33.961,47.092,,,,,,,13.52226412219556,34.75793242677027,40.10515935119814,31.47772267887246,136.605093988839,11.7440976624306,48.5,0.4,54.0899565963587,2.47947454143897,17938.0949459463,13.5019281289188,1317714.0,,53.8139564515672,12.7333361257462,0.0412562,0.0773,13.18518407907099
TTO,Trinidad and Tobago,2011,33.723,47.043,,,,,,,12.53797923597514,35.91706833764307,37.41853271656842,28.4460446718006,130.911989608476,12.3526953375059,55.2,0.4,53.9253615474727,0.161394418487235,17746.509252615,21.1902057775941,1328019.0,,57.0510122828478,15.7297032514581,0.1409464,0.0779,13.099615096123797
TTO,Trinidad and Tobago,2012,32.881,46.159,,,,,,,12.63481818964581,37.34290709384207,39.82026011795412,27.86592747668176,134.183710177097,14.3473934132065,57.5,0.4,53.9254053431618,-7.01485652796411,18835.6674122954,19.0454490519432,1335194.0,,46.824089797969,0.34484257808522,0.1326034,0.0794,12.872707317145439
TTO,Trinidad and Tobago,2013,32.421,45.799,,,,,,,12.47146222310329,40.02036385025683,41.28995212324907,27.71526408443841,137.604422317441,15.0424768149008,59.90000153,0.4,53.9255789963372,-3.95638927717075,19392.1974593783,18.9417880426583,1340557.0,,44.9801407863582,1.98374825558992,0.0741233999999999,0.0833,12.74709066158144
TTO,Trinidad and Tobago,2014,32.978,46.866,,,,,,,13.24152542372881,40.18756667061752,43.95192348352685,30.02960000893497,139.365477214979,17.4584890485114,62.40000153,0.3,53.9259699537793,2.24404378789224,20032.5402001718,15.5987828212435,1345343.0,,43.6313576106985,-0.973321866295223,0.1740197,0.082,12.955744362872805
TTO,Trinidad and Tobago,2015,31.86,45.534,,,,,,,12.90207234929228,40.73368555990847,48.89973449022849,35.96433241716774,148.572056300501,19.4881289235566,65.09999847,0.4,53.926665238022,0.658801127950337,19887.2327716498,7.5354554955632,1349667.0,,35.9770489547931,-9.01346562091535,0.0718896,0.0822,12.586011192812968
TTO,Trinidad and Tobago,2016,27.743,39.867,,,,,,,12.84106793658714,41.7334707939082,55.29634046579623,39.9893534394976,150.717314787624,17.7852731961704,67.80000305,0.4,53.9277523084951,-0.0998893521188151,18331.034459758,4.12214241273861,1353895.0,,34.414585903593,-0.459584415470857,0.0441046,0.0793,11.181388250567831
TTO,Trinidad and Tobago,2017,27.882,40.297,,,,,,,12.15287771920639,42.76350956833527,52.91784956587776,40.79919393929163,140.503134035998,22.6101721419176,70.59999847,0.4,53.9293186833833,-1.97594519661626,17402.6155328454,5.76137730000007,1356633.0,,36.1358259277044,7.79884899289809,0.0748617,0.08,11.186732048978701
TTO,Trinidad and Tobago,2018,27.41,40.307,,,,,,,11.81464816432176,43.25978866320891,54.8234741367264,42.53171613394833,134.142866663312,23.2707114091769,72.76029968,0.5,53.9314518934907,-2.93172548825317,17205.615135339,11.2320374302733,1359193.0,,37.7745988816805,1.04512211963844,0.1156046,0.0793,11.024708798433926
TTO,Trinidad and Tobago,2019,27.446,40.755,,,,,,,11.56240628127721,44.44299914365928,58.70008813251471,46.73534011154565,145.715788467056,22.8528096955069,74.98670197,0.4,53.9342394732739,0.783604895019003,17225.361633712,11.0689882994292,1363985.0,,35.1969693154596,-2.39207247022343,0.0986674999999999,0.0796,11.037437906833816
TTO,Trinidad and Tobago,2020,23.661,35.043,,,,,,,11.25599832150553,44.21356140687372,69.87806557862343,51.54041308550838,134.231180588566,25.4398983406076,77.28130341,0.5,53.9377689584806,5.0552618910961,15679.9611486825,5.88215476519225,1366725.0,,31.1526187371636,-2.50273542696391,0.059501,0.0828,9.74097846444253
TTO,Trinidad and Tobago,2021,24.46,36.389,,,,,,,11.13165879670359,44.52663518681437,61.04221202737893,45.0469900367167,134.221562299819,24.9299429931902,84.36576986,0.5,53.9421278853848,-3.85907284846354,15558.0940536829,7.85936855870429,1367558.0,,39.0474290567464,16.9295834494223,0.1561926,0.0825,9.995394795739033
TTO,Trinidad and Tobago,2022,25.063,37.493,,,,,,,10.48492321810074,44.62813472319803,53.25757679597454,41.26682748793627,133.631989924602,26.0331929293058,81.69760132,0.0,53.9474037904998,4.1369722626234,15712.230497272,,1365805.0,,45.6757832765475,15.9266082954226,0.3498483,0.0828,10.198902781485483
TTO,Trinidad and Tobago,2023,23.644,35.536,,,,,,,10.34800519898054,44.96029845074305,61.06253304314501,50.36013359213606,134.230557337258,26.8942307436398,81.9681015,0.09279902865780798,53.9536842104572,-5.98486458707791,15922.7668349788,,1367510.0,,34.5053817954523,-12.9851733536177,0.3397269,0.0833,9.746635749720971
TTO,Trinidad and Tobago,2024,22.932,34.576,,,,,,,10.48597145860752,44.34321828682331,61.63686800916219,54.27703538829599,118.786668099235,27.0294379426204,82.15989685,1.4699221479265674,53.961056681951,-1.76782828873977,16312.4849555716,,1368333.0,,34.6437057869849,-0.125488917797796,0.3600136,0.0841,9.529381821854768
TUN,Tunisia,2010,2.591,27.9,,,,,,,16.36980868153689,20.33973234382578,55.27969202916755,60.27389652980772,103.234503500842,4.47896057767152,36.8,12.6,66.6280059814453,2.88814231758981,3906.90625867605,5.80230500738706,10765980.0,100.151009836799,29.5235517709565,9.46502454900151,-0.255652,2.7673,1.96826544953491
TUN,Tunisia,2011,2.428,26.429,,,,,,,16.83479255054374,21.08588045359471,56.69687665469842,66.73473179294785,113.794012236779,5.13830793305368,39.1,13.2,66.9191886197857,0.899077534980039,3784.7412903401,6.26002372605509,10886035.0,100.106379304237,30.54812597421,4.57111406039029,-0.3780941,2.72,1.74494916411295
TUN,Tunisia,2012,2.561,28.194,,,,,,,17.38775312602083,22.18106894298039,57.80955179434163,66.72002359901812,116.660316175441,4.78950869178639,41.4416008,13.0,67.2098922729492,3.28518933963283,3900.04620132702,6.61237658820711,11009647.0,101.550723929668,30.1215368230456,4.66181078103054,-0.673659999999999,2.6775,1.94639255205083
TUN,Tunisia,2013,2.583,28.773,,,,,,,18.01361345016471,23.00948384708127,58.02674034684303,66.75504060745263,114.100647129197,4.66714973152741,43.79999924,13.2,67.4999542236328,2.1744128074392,3947.58763533174,5.46168537320013,11141361.0,98.9549566862038,29.1379467288349,4.50027018979038,-0.8919899,2.6725,1.90246921295368
TUN,Tunisia,2014,2.65,29.875,,,,,,,19.10340715438468,24.33480172897003,58.45761751066653,67.32738572768137,126.692106854109,5.03392320650315,46.15999985,12.9,67.7524643379101,2.03842746868013,4021.59954703591,4.59413759866907,11274288.0,96.1071038558701,27.1288836396189,4.66466047449812,-0.6013407,2.7145,1.74437225299546
TUN,Tunisia,2015,2.752,31.381,,,,,,,19.83611848510759,26.1957900604856,57.98766244216721,68.2475666525791,128.008569175385,5.03388625276524,46.4999943435776,12.5,67.8807907104492,2.11999260597179,4014.94773686432,2.68828674720116,11402264.0,87.2485306596052,24.8970515198959,4.21370476436516,-0.681206,2.6758,1.97254195490021
TUN,Tunisia,2016,2.686,30.971,,,,,,,20.49039341093594,27.53216241413082,59.31347505250346,70.56608880441914,123.883093580407,5.55369160408213,49.5999948415756,12.4,68.0623356528248,1.40344558640993,4015.28893802703,2.18515588296029,11528674.0,87.0926643641466,24.0076023041992,4.93516491002109,-0.8275855,2.6056,1.91064273200891
TUN,Tunisia,2017,2.719,31.677,,,,,,,21.54883357067949,29.77698616617527,61.50182781219827,74.47041495711495,123.034053994945,6.8819804955977,55.5001550633671,11.8,68.2877807617188,1.9233125677007,4062.80606534519,2.51025972718522,11650498.0,95.8091979825804,23.624101204276,4.69875433897779,-0.7432926,2.6019,2.00007758559587
TUN,Tunisia,2018,2.645,31.122,,,,,,,21.9637996647344,30.56326254999714,60.51717552278766,73.48755497469642,125.532926143303,8.6185014951323,64.1908102327387,11.9,68.5485240272509,2.32248034984414,4127.97005697994,2.82187987069052,11765514.0,103.871824260635,23.6862252235906,7.94355494124699,-0.5600278,2.5418,1.83555884356534
TUN,Tunisia,2019,2.575,30.579,,,,,,,22.15207025152383,32.09239010043096,61.21611323111685,70.5098848767959,124.386924181822,10.0541966829532,66.6999983024144,12.2,68.8206382576031,1.94487649950903,4153.27978615515,2.24739229652362,11875081.0,102.332614725789,23.2353115777678,7.17504222697531,-0.5613583,2.5143,1.87902662559853
TUN,Tunisia,2020,2.409,28.845,,,,,,,22.26170196898456,32.851895694841,68.8220548127752,77.80617606554421,124.041976750236,11.1467984493476,68.55639648,12.9,69.1043166438476,1.46634304906862,3749.26841452928,1.46717230583582,11974057.0,84.3333297071767,21.5120069019708,6.76250396240081,-0.4326193,2.5574,1.39663819625764
TUN,Tunisia,2021,2.617,31.527,,,,,,,22.28698536281498,33.23691861799455,68.20058234644797,75.41761074367277,129.846077003661,12.4220429522978,68.31552226,11.6,69.3997523770568,1.16289301361367,3902.53322990199,2.24923087429424,12048622.0,93.6334140664079,23.3568690771039,5.09967005216829,-0.6668946,2.5127,1.70880000071383
TUN,Tunisia,2022,2.54,30.785,,,,,,,22.50804034782761,33.31803926792407,69.81419435381561,76.44689615910345,131.875365428496,13.9309222767522,,32.88968726857082,69.707138648303,1.43159199894021,3986.54558325666,,12119334.0,116.095794384146,25.9624438396638,3.16606485283219,-0.7395623,2.4865,1.72569960520829
TUN,Tunisia,2023,2.601,31.738,,,,,,,22.42043754671602,34.78584577277131,68.87664415215073,69.96766080723295,132.653682480562,14.0829860846719,,32.830172589552696,70.0266686486584,1.46351333844229,3967.33387634534,,12200431.0,112.128858013354,24.0937583898893,7.18154722475788,-0.776038,2.4957,1.67872293764808
TUN,Tunisia,2024,2.661,32.664,,,,,,,22.3680086435304,35.43924667635089,69.34560027050493,65.55752025852247,117.606816067203,14.9741523024679,76.5,32.758946330314394,70.3585355691955,1.47747574805229,4006.20588267443,,12277109.0,106.298549204247,22.5572512872385,5.00122946056743,-0.9248175,2.4902,1.63976232476074
TUR,Turkey,2010,4.345,318.71,,,,,,,17.43666134151411,51.01113632753397,48.60601217216075,41.02359881626957,84.215890954924,9.67754012450092,39.82,14.2,69.3471253941487,1.16274364749147,8472.57809050119,1.0333326630856,73142150.0,46.9433366709891,24.5086143505767,6.90506472366725,-0.5486911,28.2224,3.17015881519257
TUR,Turkey,2011,4.638,344.215,,,,,,,17.76093713517928,58.70042163329158,44.78226344190263,44.22854245300612,88.0166628392838,10.2288570173419,43.065710430925,12.7,71.0028723528334,1.91686136260632,9265.85910238578,1.15599036897188,74223629.0,53.651583897618,26.8475365830986,8.33655636534398,-0.6966163,30.0863,3.34809091859259
TUR,Turkey,2012,4.769,358.645,,,,,,,18.15799526922323,64.53610487253808,43.68844435712816,45.29348306993332,90.0040810031246,10.4644431033188,45.13,13.0,73.7788680234324,1.55241965245755,9588.32066531438,0.748490714870341,75175827.0,53.3277612968607,26.6835564000517,7.29341387336231,-0.9196869,33.0152,3.39872083223165
TUR,Turkey,2013,4.589,350.634,,,,,,,19.20776992227524,73.27137221508265,45.63945562077218,51.53876704934893,91.1758435342703,11.640102340966,46.25,13.8,78.5218368384696,1.40962960980578,10269.4489140773,0.621362748916478,76147624.0,53.0683530043043,27.7513691316392,6.18702429472933,-1.0321782,36.4863,3.27830488223325
TUR,Turkey,2014,4.706,367.272,,,,,,,19.18715189708815,77.98052745333419,45.16333813957375,54.44976122657968,92.1219361989572,11.3618631179594,51.0373665521645,11.5,83.6024850744433,1.41530142282668,10597.9801881716,0.515494221044849,77181884.0,54.30677404128,28.1981753928692,7.63768275587947,-0.7998074,38.1024,3.24098069558814
TUR,Turkey,2015,4.845,387.704,,,,,,,18.77810029869824,81.06504051866715,46.42327237179423,56.96224741978883,92.0327105332494,11.8786301825878,53.7449791423583,13.3,87.2167107972537,2.225752648523,11064.6494504662,0.259377096732697,78218479.0,51.8749252596832,27.9632974104138,7.88094110112607,-1.10934889999999,38.5862,3.26634853433783
TUR,Turkey,2016,4.967,405.552,,,,,,,17.77763990692397,79.89707647421253,52.23255614559227,59.31843087366337,91.9286950751339,12.859061240418,58.3477340145685,13.2,88.1020958581776,1.58873607703875,11279.6169531569,0.381853603415781,79277962.0,48.870183807987,28.3385128402288,8.1276071872056,-1.7801696,38.3984,3.23641158726911
TUR,Turkey,2017,5.183,430.622,,,,,,,17.10870653891646,80.94321325411624,51.24408196395557,59.6570646439104,93.6407569517097,14.3528880563786,64.6846176835371,11.4,88.0320472717286,1.29532700760314,12005.6459824832,0.379263394718781,80312698.0,56.1356585158689,29.0347245862534,11.1334116585617,-1.70623179999999,38.9259,3.4090542475105
TUR,Turkey,2018,5.021,423.818,,,,,,,16.66702831023624,82.99320462678368,50.49902615295641,55.53063124899366,94.9085818111026,15.8823338271459,71.0427608433809,11.8,88.1655749576173,1.57923380202967,12255.0082146169,0.52996663633101,81407204.0,62.8251323851165,29.1851848904908,16.7334812844326,-1.1241116,45.0492,3.24153538994018
TUR,Turkey,2019,4.763,406.568,,,,,,,15.98454844798114,83.34789034376556,50.7376447368674,53.46699276718935,94.6498130829997,16.6733436685105,73.9767022871511,14.1,88.6618152857124,1.22536076199392,12238.2950220128,0.382779823529053,82579440.0,62.5784589326239,27.0679926930773,14.1603081333496,-1.1924541,46.6414,3.07476360187067
TUR,Turkey,2020,4.836,416.328,,,,,,,15.38400045939262,81.9869240188767,58.4113554576268,61.22621305685097,95.3960853737199,19.4384064376386,77.6695605,13.7,88.9303114965222,1.02531493703228,12338.643833135,0.397202384078982,83384680.0,60.389853117297,27.7974533640579,14.7339074242292,-1.0396051,48.4326,3.06693848144998
TUR,Turkey,2021,5.276,457.377,,,,,,,14.96112362148259,80.10703306840776,61.56909721637469,57.22800315175759,99.5415432248525,20.9211211378579,81.40843745,12.0,89.1762048153239,1.50891969619413,13670.938029516,0.827048726504594,84147318.0,69.6088976086437,30.8205598235418,29.3058995155618,-0.9721057,49.1724,3.11188951041418
TUR,Turkey,2022,5.095,443.603,,,,,,,14.4427658068926,78.72139147080424,50.02561988668096,43.41910114432829,103.720593629066,21.8230372591075,83.43716576,18.78394887499185,89.0381164550781,1.48839623728753,14273.5747654873,,84979913.0,79.8982722314341,30.890102398727,95.5255302704182,-0.935033599999999,47.6162,3.29007588324427
TUR,Turkey,2023,5.58,486.945,,,,,,,14.06636451098069,79.37202206846302,47.11684652703623,37.50577616616174,105.684032912794,22.4591697943845,85.96074155,18.34142225351244,89.0218446796121,0.933806495534912,14932.8851363122,,85325965.0,65.6832084738667,28.1932800305474,68.2797569244827,-0.884477,46.0743,3.23893934994372
TUR,Turkey,2024,5.865,513.035,,,,,,,13.69837666197952,81.09462801977789,36.94690884550897,31.6282986919443,107.826875714392,23.4317347919186,87.3078767,18.246466555499822,89.3443122873887,0.860701598247461,15395.0278894893,,85518661.0,54.5988061195916,25.5035682450148,59.2800755919836,-0.970710499999999,46.3859,3.1368620422769
TUV,Tuvalu,2010,1.034,0.011,,,,,,,,,,,15.0744299981157,2.26116449971735,14.60000038,0.4,55.0541326559964,1.40394280483796,2872.02011343345,0.0,10614.0,,5.47118996967365,1.49052200334019,1.5510465,0.0016,1.840304956742462
TUV,Tuvalu,2011,1.017,0.011,,,,,,,,,,,19.7588126159555,4.17439703153989,16.5,0.2,56.0428770356731,-0.300230898812277,3040.4474312404,0.0,10780.0,,8.7870994250288,1.17617964888082,1.5457577,0.0016,1.8423786448716322
TUV,Tuvalu,2012,1.003,0.011,,,,,,,,,,,25.6081946222791,4.115602707152,18.70000076,0.3,56.8964903305448,3.40514233110323,2912.10912265748,0.0,10934.0,,7.71987802736402,0.602574182524179,1.5451994,0.0016,1.8321327654748214
TUV,Tuvalu,2013,0.664,0.007,,,,,,,,,,,30.9062812471593,4.09053722388874,21.20000076,0.7,57.6314336806359,0.869283616097776,3004.5049231989,0.0,11001.0,,7.46144517407881,2.93469272787475,1.5434936,0.0016,1.7251771607986295
TUV,Tuvalu,2014,0.666,0.007,,,,,,,,,,,34.5957756737072,4.09686817188638,24.10000038,0.7,58.2999596618832,0.776333879956053,3059.3244224989,0.0,10984.0,,7.41602965292179,5.00333110578639,1.549386,0.0016,1.7281762683249307
TUV,Tuvalu,2015,0.667,0.007,,,,,,,,,,,60.2024993158807,4.10471586244641,27.29999924,3.0,58.9148502652344,0.816209023681338,3352.66722400181,0.0,10963.0,,7.0263221365121,4.33910006147971,1.3290711,0.0016,1.736745083183402
TUV,Tuvalu,2016,0.669,0.007,,,,,,,,,,,69.5333943275389,4.11710887465691,31.0,7.3,59.4744768348285,0.726284247807996,3523.41345550387,0.0,10930.0,,,8.39638954636317,1.3245352,0.0016,1.7366095389307565
TUV,Tuvalu,2017,0.673,0.007,,,,,,,,,,,73.6038273990248,4.14021529119514,35.20000076,7.0,59.9531274910912,0.662414580900645,3658.98029250415,0.0,10869.0,,,2.97918318621855,1.1385207,0.0016,1.7442884143836133
TUV,Tuvalu,2018,1.02,0.011,,,,,,,,,,,79.0624127988094,,,6.4,60.5596409590777,0.622275097378807,3750.43562817208,0.0,10751.0,,,7.2933818642795,1.3290002,0.0017,1.8621023865683188
TUV,Tuvalu,2019,1.037,0.011,,,,,,,,,,,85.0581230507513,,,6.3,61.2406529218636,0.558327535090909,4323.09703196938,0.0,10581.0,,,5.59039450901449,1.1436032,0.0017,1.8923765677220512
TUV,Tuvalu,2020,1.055,0.011,,,,,,,,,,,86.5467833445524,,,5.0,61.9212610534937,0.191195394736842,4265.46279289261,0.0,10399.0,,,1.78571428571428,1.234863,0.0017,1.898202789861835
TUV,Tuvalu,2021,1.076,0.011,,,,,,,,,,,88.2872277810477,4.41436138905238,,5.0,62.6098296425994,0.323763417463415,4351.24068896314,0.0,10194.0,,,7.89473684210526,1.2851524,0.0017,1.9087042134175252
TUV,Tuvalu,2022,1.098,0.011,,,,,,,,,,,98.8590872698158,4.52361889511609,,5.2,63.3065768081154,0.368603912205128,3953.66795349958,,9992.0,,,6.80359435173298,1.4735212,0.0017,1.8984209417248452
TUV,Tuvalu,2023,1.112,0.011,,,,,,,,,,,,,,32.08039417209791,64.0117206689787,0.329339751828947,4165.7693870564,,9816.0,,,-5.86701434159063,1.4739295,0.0017,1.861383826838628
TUV,Tuvalu,2024,1.183,0.011,,,,,,,,,,,,,,31.77550511572496,64.7254793441291,0.454748363534884,4382.8876648687,,9646.0,,,9.44779982743746,1.4687654,0.0017,1.8943417110879988
TZA,Tanzania,2010,0.161,7.194,,,,,,,2.047400300187298,4.066194208954814,22.03853184254109,12.08012419859624,46.8823991552172,0.0168772457192924,2.900000095,89.4,28.1968953939105,5.66396796617806,801.29931640625,5.55945838220369,44758488.0,47.6404394295683,23.5561736572068,9.42871625296149,-0.05765,22.4855,1.11748443325805
TZA,Tanzania,2011,0.183,8.44,,,,,,,2.118472941229117,4.756646173284104,21.36770201036574,12.83056524273434,55.7610427273527,0.0614129670738248,3.200000048,87.6,28.865726405543,3.54720849735785,838.999267578125,7.33646177996057,46029367.0,56.1661241821809,26.3820840879185,12.1984228784034,-0.159101,24.6539,1.17856487279404
TZA,Tanzania,2012,0.219,10.367,,,,,,,2.26074980766325,5.232789945968849,20.61845108378734,12.92108386938646,57.4558483868666,0.0872309140026673,3.950000048,85.2,29.4878764597911,4.53878496380622,851.910705566406,6.8325198508577,47374260.0,54.3689490815138,25.3994987211663,10.4838939974038,-0.1246002,25.5233,1.17538815499965
TZA,Tanzania,2013,0.23,11.251,,,,,,,2.514473847091423,5.676164335298095,19.80141712499548,12.83590141622365,56.2075025692215,0.11556786021862,4.400000095,84.5,30.0725108782502,4.57242839319348,882.8115234375,5.76723525319283,48824128.0,48.6316275295495,25.4467450324696,9.66618357795825,-0.4223495,27.3747,1.19372196560825
TZA,Tanzania,2014,0.218,10.997,,,,,,,2.64667582550754,5.789603368297743,20.06161936836455,13.50956080152114,63.2804353521698,0.168018787598672,7.0,84.7,30.6443077170742,2.8329281892962,913.811218261719,5.04690559304949,50351512.0,45.3560223433065,25.1415034758525,6.05084588935551,-0.5068917,28.8336,1.1761528825412
TZA,Tanzania,2015,0.246,12.783,,,,,,,2.647454555610892,6.136965992129436,20.61302123785768,14.74908124524929,76.2492627491202,0.203764013437506,10.0,82.8,31.2061566592472,3.17633492826527,939.127319335938,5.30193884393363,52020962.0,40.7576808778314,24.4873501095853,7.59136402332241,-0.476783499999999,29.6815,1.14850047706564
TZA,Tanzania,2016,0.251,13.529,,,,,,,2.824476379383667,6.611539638062004,25.60522966069717,14.24111202964759,74.3983656514054,0.591695,13.5042328468919,81.7,31.7577303242916,1.73591210997565,970.156127929688,5.61603835789229,53824013.0,35.4204704002636,24.8583993681558,7.47203366759727,-0.537573,30.2393,1.1306360318565
TZA,Tanzania,2017,0.243,13.513,,,,,,,2.75427117239352,6.919344807945537,24.60001514674304,12.59573779973143,71.7911684370749,1.37184,14.46339989,82.0,32.2987013317296,1.76011643802415,1001.55895996094,5.13616759488345,55652890.0,33.1125919853124,25.0421511861537,2.67178986833949,-0.683829799999999,30.2193,1.12218700304851
TZA,Tanzania,2018,0.248,14.233,,,,,,,2.520088885454468,6.637678833432899,16.24539726864853,12.03676763649941,75.7301934140355,1.49944,15.49069977,81.3,32.8287423010834,1.70440979499363,1024.01525878906,3.61159728659091,57437145.0,32.6426099043737,27.0077655110967,3.00757512141725,-0.664168099999999,30.8301,1.09930993827607
TZA,Tanzania,2019,0.274,16.191,,,,,,,2.675266024199384,6.201344535378191,15.67956826072934,12.09735957577525,80.5835569684446,1.75692,16.59090042,80.4,33.3475258518752,1.99459353959393,1051.7666015625,3.53145044367484,59174891.0,33.0185892502311,28.6718333565052,2.2804089300173,-0.5522151,32.1073,1.08024700868317
TZA,Tanzania,2020,0.262,15.952,,,,,,,2.49078294460128,5.960501511615621,15.69203625838057,12.03377179824709,84.0050558283384,1.86248,19.48139954,80.8,33.8547246036273,1.42845965174632,1041.25964355469,3.85169508025186,60972798.0,27.9630151969884,27.0844502877132,6.42301399038681,-0.6629379,33.7611,1.01421829486732
TZA,Tanzania,2021,0.281,17.678,,,,,,,2.462926242971704,5.73190107455233,17.08137632327103,12.71776560953432,86.0162814148027,1.97842,22.87540054,78.3,34.3500111758619,1.68494347865961,1054.31726074219,6.69370906979479,62830412.0,29.9151840074048,27.2961418878518,2.67430327389397,-0.5751002,34.4838,1.03064029159969
TZA,Tanzania,2022,0.304,19.702,,,,,,,2.357880703255922,5.638881176672888,17.76814880809941,14.64990979625727,93.0159746238635,0.110774196881278,26.86059952,50.34422211514976,34.8234736377147,1.89781100350604,1070.58532714844,,64711821.0,35.0034517101994,27.6848111756783,2.76261483337198,-0.4815853,35.3933,1.00562127523784
TZA,Tanzania,2023,0.305,20.31,,,,,,,2.738758979984468,5.595454949537645,18.27329577922357,15.43628717545578,105.40028112088,0.10501728326893,28.43190002,49.978269433709855,35.4748019434954,2.08641570922927,1092.86413574219,,66617606.0,38.212034806339,28.0339433523146,2.74821189393757,-0.2367117,41.5158,1.04026329946864
TZA,Tanzania,2024,0.292,20.018,,,,,,,2.444327707842987,5.518139602129443,20.52659368444284,17.56024836340515,126.559163217786,0.246433216306666,31.16209984,49.91700576464204,36.1684458862992,2.16767805172059,1120.77416992188,,68560157.0,41.3081068648568,28.5715529789959,3.57472239598684,-0.3895961,43.6596,0.992866853191406
UGA,Uganda,2010,0.11,3.57,0.367761998212744,0.190728714208669,0.577203147240065,0.109358547277898,0.080209560764656,0.106550712205794,2.542309282191197,3.660680913539728,12.33215817459373,10.15675319615824,39.6046507276973,0.043222146830449,4.300000191,93.6,18.7990645544572,2.03900471067451,768.624091660131,8.10229439370414,32390802.0,38.2692490371291,27.5918336188994,5.63761163813462,-0.7511675,15.5092,1.43181267990983
UGA,Uganda,2011,0.115,3.828,0.354436578175045,0.184312247865469,0.585140008963726,0.0910333323385777,0.0855929552708303,0.115270079474259,2.477110669737417,3.91962857765133,10.38647809649398,10.04733972897091,50.0591238800663,0.106474251498514,4.599999905,93.3,20.0561028736631,3.2086060344385,816.516366587228,9.15620849237058,33354543.0,39.7552255606122,27.5582956754514,9.39165549203732,-0.8769625,15.9621,1.41578520208791
UGA,Uganda,2012,0.106,3.627,0.305316166917612,0.178265427106471,0.571190415489526,0.0859921360156963,0.0827880795152619,0.111143744399419,2.802239710104299,4.277704700322481,11.05204528559675,10.04716197662682,47.6342672974029,0.1118312903834,4.800000191,93.4,21.372369321253,4.41438584859015,823.580468285493,10.6585708011681,34337438.0,43.5021371397314,27.1786073378959,3.83745560625658,-0.860416499999999,16.3957,1.33469596944399
UGA,Uganda,2013,0.106,3.755,0.295789040145981,0.172060093473948,0.557960037785054,0.0814392796166537,0.0918128777345277,0.111600679836393,3.013921608064878,4.938407332113644,11.35701092181164,9.91197645189311,51.1323160552035,0.117440503367543,5.099999905,93.1,22.7367659239271,3.79031709675384,828.988669729986,10.6586103842094,35337042.0,43.1091548734687,25.4646646803777,3.58690582613154,-0.8925868,16.6695,1.31066200859256
UGA,Uganda,2014,0.112,4.09,0.318040164303272,0.168068315045922,0.548283787077842,0.0775491487227694,0.100479197031407,0.116524960376294,3.110253304790846,4.540009540955421,12.14464733258943,10.41837130032874,55.9572451997482,0.151661444002794,5.400000095,92.4,24.1938503391826,3.24589612959273,845.978664791099,10.3312319703494,36395539.0,36.0144010819085,25.222682012996,5.10630732385718,-0.9764218,17.2412,1.32894557255751
UGA,Uganda,2015,0.121,4.529,0.294329434735938,0.161731025524826,0.54143702989109,0.0631247825751927,0.107180019678852,0.120554957066213,3.094054801919176,4.7308764964668,12.87435660715828,11.07397761063764,53.8755501186925,0.215083639463292,5.699999809,91.7,24.9777856560427,2.27760507458345,862.934610355811,10.7947576138514,37531446.0,37.6892983324358,27.1098848763257,5.18785986456285,-0.7914315,17.7123,1.28835724947211
UGA,Uganda,2016,0.124,4.817,0.253908024888935,0.155742321870846,0.530525173327535,0.059243856589336,0.0969050217599831,0.115619410907311,2.937036999200812,4.626569988707633,13.71307308147131,11.09938272187615,58.8633638178484,0.237414982677972,5.9,91.4,25.6953567134098,2.1425304891559,874.648370639216,12.7336513052995,38799152.0,31.2093620232119,26.1664603884593,4.78100029080551,-0.8144743,18.3125,1.21194380934395
UGA,Uganda,2017,0.135,5.406,0.243927305849892,0.146552764897945,0.517496190115035,0.0609449863689191,0.11484986938126,0.123976770047552,2.709378344388894,4.265630265387359,14.03831249552167,10.65214175621998,62.0968142578109,,7.417900085,91.3,26.4139260579546,2.61088918011351,871.093880017151,12.1305147407764,40177388.0,36.8370529334101,26.0309948147929,4.64905081962502,-0.6855171,18.2349,1.2077478866606
UGA,Uganda,2018,0.133,5.549,0.211499461969451,0.144360251344798,0.502932963508408,0.0642187611723417,0.114803665329213,0.127153276022113,2.62673126692359,4.213527970833063,13.61862944293358,10.59317441459094,58.8753608703264,,9.326299667,90.5,27.1280475018884,3.20512810607337,895.07512785438,8.38888217833344,41565831.0,36.6384055999567,26.2360116484378,4.44338527166425,-0.7395762,18.8468,1.16496837934633
UGA,Uganda,2019,0.134,5.761,0.21157935810771,0.139946135373671,0.49020948958357,0.0854947044665383,0.115421040475244,0.124827554462953,2.615601773000669,4.107781145138756,14.42933219988408,10.70031432471715,59.0598078769828,0.0752797052682096,11.72579956,90.5,27.8369781799403,3.68569218154174,920.939101515671,7.38833937837014,42999637.0,39.3610539647435,26.6204366953482,3.00001181631713,-0.7746479,18.9151,1.16747828246969
UGA,Uganda,2020,0.125,5.571,0.237129774506925,0.134683606829223,0.47428853584678,0.0687339754601527,0.128720916894439,0.116093354929032,2.480294491442512,3.966828607174613,16.6040389239796,11.41062047273572,62.2824129624858,0.077818750062982,7.4,91.6,28.5399752271502,3.16881317773755,917.0350317644,7.56349041713714,44457152.0,37.0006923916369,26.4905245869762,2.72148444149991,-0.842814499999999,18.8024,1.15965016446655
UGA,Uganda,2021,0.136,6.232,0.226808436482898,0.130108025335598,0.461776147873273,0.0746766944184128,0.129825229266354,0.131355357614398,2.297645874600479,3.744019864271792,18.98478693833248,12.53189568794783,65.6220730009172,0.0838841644026815,10.0,91.0,29.2362957789022,4.06673785760736,919.401675217265,7.47552032336567,45910930.0,41.7136307424781,27.149441688847,2.54511929619305,-0.9440307,18.9624,1.15454989099093
UGA,Uganda,2022,0.13,6.128,0.215359835837526,0.125636496193796,0.448787172666312,0.0562423224338043,0.127906725039353,0.127044598936672,2.31500562356612,3.631902265168486,18.39453436137898,11.55717195318136,70.1401117953081,0.0850849430150062,9.636899948,90.9,29.9251969709665,6.48067616265599,933.094056370423,,47312719.0,34.5053019270937,26.7661486333726,4.92228673099149,-1.0920608,19.0577,1.10097715110746
UGA,Uganda,2023,0.128,6.236,0.207457014204679,0.122522141983183,0.440771743300523,0.0715893992150325,0.13647399642741,0.135461368955354,2.23624793669468,3.607324540504206,18.00083108756502,11.26594965699209,76.2966796632588,0.0912969650305002,9.286999702,51.86135135108337,30.6059359395495,6.13816501913594,955.745797275462,,48656601.0,33.3416963302219,25.7532114394482,6.74801516641013,-1.0298391,20.2264,1.11427566408618
UGA,Uganda,2024,0.127,6.334,,,,,,,2.082373304937505,3.608738771651901,17.23860359884765,10.73454455142273,83.165031466902,0.207613333991268,8.949831061,51.717356515320134,31.2777698213557,6.04170465908871,986.090145363924,,50015092.0,42.6527889088562,24.8658125296098,4.95727946939522,-1.0222248,20.5051,1.08791336625337
UKR,Ukraine,2010,6.336,294.366,,,,,,,49.18257280795198,75.5959001022348,36.45682367278055,65.83386365311124,117.767819669863,6.45490404640707,23.3,2.9,68.637397133357,4.56840018285092,2285.93383789063,7.06385110746983,46456003.0,95.72973045329,25.6492814021248,13.6732282073329,-0.0505126,16.2904,3.484415474470225
UKR,Ukraine,2011,6.659,308.376,,,,,,,51.43211713191437,83.0611574491865,35.85125740869283,59.75699660700113,121.941606633464,6.95621082243456,28.7082628400713,2.7,68.7234299826222,4.256089748054,2418.12084960938,7.90825649188772,46307853.0,104.805073904259,24.8391242667758,14.1819086626365,-0.1696208,15.943,3.595581006507001
UKR,Ukraine,2012,6.588,304.43,,,,,,,50.16868614080188,91.37940051200472,38.83907979604519,56.4624399036499,130.859020572585,8.03755151150735,35.27,2.9,68.8241983107739,4.47720109403357,2426.92944335938,4.70265519474683,46210056.0,102.622788356626,24.2660524050508,7.98256111045039,-0.2458009,15.5511,3.572612164059666
UKR,Ukraine,2013,6.45,297.54,,,,,,,49.37387146706159,102.4496407331037,43.73808504585728,60.43938052510719,138.441124320457,8.85842948316205,40.954128997,3.5,68.9326288082226,2.36694390135139,2432.41625976563,3.99136453684378,46126770.0,94.0016694501782,22.4302649907366,4.30879343709354,-0.961241199999999,16.2417,3.5269588925418667
UKR,Ukraine,2014,5.606,257.703,,,,,,,39.60636455014227,93.4998398320866,40.41766442955231,62.39562064125741,144.278847394403,9.3062102695115,46.2359754571651,3.5,69.0554339301313,0.634438528402592,2308.6435546875,3.6083209332499,45972380.0,100.691782483624,22.8189915653958,15.901737523474,-1.99283679999999,15.772,3.2475443398096857
UKR,Ukraine,2015,4.889,223.85,,,,,,,31.42904121080304,85.7328690442642,34.28161060496926,48.41224144940167,142.003037907188,11.6437042355302,48.8846436813218,4.2,69.1587317201337,-0.217508398305494,2094.47387695313,2.59911540564351,45784896.0,107.806616298156,21.7279577419459,38.8816797599977,-1.8064426,14.4311,3.004237618460448
UKR,Ukraine,2016,5.132,234.106,,,,,,,27.01797344555398,87.3945037256942,31.92056287226787,41.32148066204068,133.168953931474,12.0342584918375,53.0009695981884,5.5,69.2102241609089,4.42178946686191,2156.0830078125,2.39942596673544,45616832.0,105.521204913122,23.1783620717483,17.0971349238438,-1.6309394,13.9593,3.0835717746824325
UKR,Ukraine,2017,4.914,223.288,,,,,,,24.92437758637238,96.25096470763278,28.42422883761384,33.68410198619193,131.356511508927,12.3535432124088,58.8894794459775,6.5,69.2633108489282,3.28306130596563,2217.7529296875,2.95421204623726,45436041.0,104.034982911399,23.2888002154817,22.0983174978017,-1.590004,13.6572,3.0136801745229773
UKR,Ukraine,2018,5.13,231.9,,,,,,,22.45677247824332,95.67730535886012,24.76505383212435,29.80178475370853,127.753861022152,12.8032560497243,62.5531553933869,6.9,69.3157992777909,3.80086991777664,2308.6669921875,2.91046955095297,45208907.0,99.1998150718675,23.2933329813033,15.3985303514156,-1.4461552,13.2088,3.087256508596454
UKR,Ukraine,2019,4.942,222.188,,,,,,,21.22912619292274,94.43636301989774,25.39115445589759,24.06626105582775,130.629436256062,16.1591311845578,70.1248442995263,7.4,69.3527648708735,3.76649676088543,2398.07836914063,1.73179870039083,44957458.0,90.5112342910763,22.5804196823995,8.24622626642469,-1.0320239,12.7177,3.02932092800111
UKR,Ukraine,2020,4.635,207.101,,,,,,,19.04289430435433,91.82225783048544,30.31258429928049,22.0422131662157,129.341230786476,18.617022844321,75.03790912,8.7,69.3839100516745,0.194103193490519,2324.107421875,1.09312749593482,44680014.0,79.1564523761815,20.7999429657705,10.2949601378763,-0.9599236,12.0285,2.9242259056913977
UKR,Ukraine,2021,4.755,210.636,,,,,,,17.95431718327117,89.43372871050678,26.19697466950873,18.4688559821437,135.025688989835,18.2677942438439,79.21829353,8.9,69.4027032653896,3.98166133947207,2426.6123046875,7.5129023639251,44298640.0,82.69796136345,23.1537142195647,24.8047567675546,-0.990563099999999,11.4066,2.967642799328108
UKR,Ukraine,2022,3.485,143.04,,,,,,,15.43845880822992,80.87887673915039,33.38864850182245,18.61911676657332,120.261144906234,17.5398140646824,80.47429657,24.872749546352686,69.42345912103,0.136428578229067,1874.66296386719,,41048766.0,87.3965139907244,18.0108316024427,34.9152851434932,-1.05075649999999,10.3817,2.504574457104835
UKR,Ukraine,2023,3.692,139.325,,,,,,,16.06742430530036,90.10868827106476,34.56299497833806,14.86374094762953,133.38012811971,21.3774151510902,81.58059692,24.617359438747606,69.4754455027606,2.52287921090664,2164.26123046875,,37732836.0,77.5096141935657,19.0867598647608,19.8744638522736,-0.545978,9.242,2.5882387214842284
UKR,Ukraine,2024,3.764,142.498,,,,,,,15.54813017401299,89.0252377531176,34.11946484852568,14.04228110060666,,21.6539327212609,82.47489929,24.490898506506312,69.5315643200148,2.10549664352154,2226.05810546875,,37860221.0,79.6884673892276,19.0494567220403,11.9699207051318,-0.432315,8.7181,2.6143906768077354
URY,Uruguay,2010,1.905,6.322,,,,,,,13.76559632369393,34.35582631772625,33.57720221813429,19.49382010445346,133.706525080004,11.5576240440188,46.4,53.3,94.3333219475319,5.22300143125049,14722.3780081191,2.02169884847788,3318580.0,51.6990372012256,24.5288557176886,5.74685698442181,0.8893764,24.1853,2.528290666435077
URY,Uruguay,2011,2.31,7.686,,,,,,,13.72089464858129,40.08351245652962,34.21687518973134,20.2751752268679,143.001961329496,14.2140328992358,51.4046610563616,49.7,94.6036824756941,5.34359480768242,15443.9961926395,1.43709496222999,3326825.0,53.2470340109018,22.7051202439987,9.87542024568336,0.9289706,24.0999,2.697630943480127
URY,Uruguay,2012,2.58,8.605,,,,,,,12.91190213008071,43.29510209789674,32.52788499971934,21.57054920317252,149.770867131119,17.4092710291806,54.453768680746,47.9,94.7606597546186,11.7901578728278,15949.3176985435,1.17962644777555,3335401.0,55.0611541633768,22.8622289256151,9.41291247372213,0.8849499,23.0774,2.81042986424744
URY,Uruguay,2013,2.239,7.491,,,,,,,12.76050961285376,45.59501494503268,35.37159623676867,24.57308147050837,157.471339957678,22.0329969745948,57.69,51.9,94.8844735142936,1.60901257578737,16639.4054750651,1.29138043579779,3345337.0,49.7178464746233,23.6692403427945,8.99924666884517,0.9211706,22.8362,2.7216652999038704
URY,Uruguay,2014,1.991,6.684,,,,,,,12.38322561441816,52.71391454211035,37.85541343062741,23.96666739622943,163.782686705197,25.0350829208297,61.4624951684405,56.7,94.9897821210514,6.6430584199945,17122.0364563225,1.45872376049256,3356334.0,49.0876240632174,24.7006411459084,10.2206566034525,1.1017263,22.9593,2.6527142360529963
URY,Uruguay,2015,2.001,6.738,,,,,,,12.1619275939829,55.53821424496833,43.88784244646259,26.85262252800864,153.368406394623,26.7496571424669,64.5707870971624,59.4,95.0800002298303,4.6342339444993,17125.9016800298,1.85218241655473,3368017.0,45.3282408087534,25.4417580545225,9.85542032172539,1.0884414,22.5124,2.6510262687815906
URY,Uruguay,2016,1.93,6.52,,,,,,,11.60922161667024,83.28680282411167,41.56590822180835,25.18343006874626,151.414841550708,27.2743360055965,66.40000153,60.3,95.1585424955685,-0.897082488190792,17357.2349992841,1.74168715941962,3379283.0,48.4705353074514,18.867314407332,8.1654565431532,1.1217056,22.599,2.6361675863999623
URY,Uruguay,2017,1.815,6.151,,,,,,,11.13696907572841,86.1159615487762,39.43842170567753,23.41520669864211,150.440084782428,28.1333463973666,70.3223543994698,60.8,95.2288235732042,4.13270730118374,17611.6036800874,1.82938511988003,3388438.0,46.3779636198842,18.0318920926077,5.68017280459922,1.1129983,22.2207,2.608755086595479
URY,Uruguay,2018,1.936,6.57,,,,,,,10.18937037472058,121.8278174257501,41.18324734065205,24.59261982070289,131.363332934653,28.7930537740968,80.7268428795854,60.8,95.2942581176758,2.64222389301977,17608.94412947,1.97299244228802,3394534.0,47.7913453459107,18.3333886196793,7.52556217430001,1.1130252,21.6748,2.647954751332491
URY,Uruguay,2019,1.886,6.408,,,,,,,9.993284955017312,263.2917143130022,49.62200365414702,25.05561451301744,133.236724531865,29.8012543248776,83.3515337667548,59.3,95.3479309082031,2.35703298196688,17758.4384273402,1.70632780467724,3397206.0,49.7448660724665,17.5601662582646,8.25633083212848,1.1553614,21.5375,2.64094418183988
URY,Uruguay,2020,1.906,6.477,,,,,,,10.16248231654702,265.9121726726815,60.57384130505501,27.34756493189062,133.90170192835,31.2948224284548,85.47100067,61.2,95.3997650146484,1.81750761000671,16443.363490131,2.29343009292959,3398968.0,47.7318331202564,16.9555924420746,10.7233957881819,1.1512208,21.0724,2.5874510144360654
URY,Uruguay,2021,2.305,7.829,,,,,,,9.79295214388916,280.7069342140169,59.72221172208471,26.21766734657157,138.112989243956,32.5451063460216,87.64440155,57.8,95.4497146606445,8.50404500730576,17416.0052308469,1.92773520463627,3396695.0,58.3150555063308,17.7321656238754,11.074008160031,1.1500797,22.2386,2.7652434872107
URY,Uruguay,2022,2.212,7.501,,,,,,,9.656125335778096,304.1497289726028,55.55971490847034,26.17454028732795,139.828801269747,33.4865565704576,89.87304314,23.682622506342845,95.4977416992188,12.367138051104,18249.2912168828,,3390913.0,60.2026828336525,17.6864566660945,5.98901948337662,1.3035622,21.7495,2.8350976757537993
URY,Uruguay,2023,2.251,7.627,,,,,,,9.038099400218655,317.7853825257604,53.53016883078711,27.72578611948772,141.71948663565,32.4032099586757,90.92590332,23.64985031127887,95.5439605712891,-6.62564746176161,18403.6753125157,,3388081.0,52.3273108387018,16.8783176860769,4.05342938059388,1.181072,22.1544,2.8544578613696157
URY,Uruguay,2024,2.354,7.973,,,,,,,8.60112465125692,306.4602396750365,57.6126943407029,29.85056610171678,145.501755749445,33.0440254320868,91.99109007,23.658995341197446,95.5981951588181,-4.78198682520397,19024.1204266155,,3386588.0,51.4582237554765,17.1676848420611,4.18462601551133,1.2779376,22.9614,2.9145260569262175
USA,United States,2010,18.225,5669.25,,,,,,,35.18962290697529,,49.64405881463688,46.91554075942049,91.6593077558393,27.1720060120338,71.69,7.4,80.6997744673366,1.75453192115262,52812.6829869279,0.968704075093042,309378227.0,28.2198829408336,19.3102488269796,1.21528667900255,0.6163511,256.578,8.70944704027439
USA,United States,2011,17.634,5538.973,,,,,,,34.9361685135098,,52.38548756468463,45.06410209154328,94.682964660635,28.117023946999,69.7294607619268,8.4,80.6957554256024,1.68911235141732,53215.5362314388,1.23502930471558,311839461.0,30.842478575914,19.4074975198292,2.06310947777173,0.6245434,252.1146,8.39556080593206
USA,United States,2012,16.812,5331.467,,,,,,,34.70990147761407,,52.95683818394913,44.12993149357541,96.1284261999864,29.1736109719443,74.7,8.5,80.6837493386238,1.54020833064168,54000.8410778217,0.776694501385092,314339099.0,30.681839575193,19.1626139460083,1.86216492571909,0.6207484,251.967,8.06160515301826
USA,United States,2013,17.099,5473.436,,,,,,,33.48609819779296,,53.25114072748868,43.02971889453473,97.0595305732914,29.9996164764959,71.4,8.9,80.660889281215,1.70686814034716,54728.860179812,0.750833995599957,316726282.0,29.9413062848227,19.1988903588794,1.7018803654167,0.5795227,250.7294,8.26788874999778
USA,United States,2014,17.119,5531.385,,,,,,,32.28623898201429,,54.38899371738899,43.46483796542789,99.839569071329,30.270920842,73.0,9.0,80.6242231779766,1.43033863092168,55665.2411187802,0.703153661885122,319257560.0,29.906569337428,19.2684337605714,1.74161804945395,0.6681229,253.9671,8.15031020374708
USA,United States,2015,16.461,5368.497,,,,,,,32.57677741021345,,56.13967750751571,44.64760863623941,101.831958781319,31.3412129772455,74.5542024462761,8.9,80.5707989535091,2.79548220201356,56849.4697923159,0.234371770177788,321815121.0,27.6882139340768,18.4967127664639,0.928042796992059,0.6658794,256.2707,7.94262500228059
USA,United States,2016,15.935,5245.362,,,,,,,31.99138903651288,,58.92654042297486,45.94166414072928,102.751864866695,32.1144006365866,85.5444212887222,9.3,80.4976645324131,2.52268117379751,57430.8499298804,0.303325431060077,324353340.0,26.4525977865465,17.9368724917791,0.950322474901654,0.3279152,265.3699,7.90688914265099
USA,United States,2017,15.639,5195.417,,,,,,,31.10038189043486,,58.29119268206872,45.75147995370205,102.380562632686,32.5702836317829,87.2748891687657,9.7,80.4018678392891,1.94177554246862,58435.9707535619,0.427546323641111,326608609.0,27.1253382222874,18.3087442284361,1.79080328683713,0.1101294,265.3181,7.77981986565409
USA,United States,2018,16.001,5361.236,,,,,,,30.75291645136246,,57.81730470154104,45.41937717016778,103.935307364,33.0559177307939,88.498903165152,9.9,80.2804567987377,1.03945408799819,59817.6556798612,0.595678810382377,328529577.0,27.4453591302618,18.5195461519261,2.29089027907557,0.2904961,271.039,7.8869604562841
USA,United States,2019,15.5,5235.912,,,,,,,30.3028977155707,,58.76991964939606,44.9589704723427,105.32074052965,33.835216356436,89.4302848575712,10.2,80.1304793353594,1.46696501417689,61047.9648238812,0.557098125905551,330226227.0,26.2584806245428,18.1454838448797,1.65046566880433,0.0546375,270.4505,7.51680363421107
USA,United States,2020,13.817,4689.954,,,,,,,29.50721825740689,,73.09441150129074,46.37158394455404,103.855170008567,35.7156999293054,90.34470367,11.0,79.997451762548,0.641236014628299,59533.609024416,0.329505971924439,331578104.0,23.1399437509149,17.2505706989302,1.34473574769002,-0.146807,271.4444,6.87855544434042
USA,United States,2021,14.758,5020.111,,,,,,,28.20735719080002,,74.22781597619206,42.75885803808299,106.324514306135,37.0074278936277,91.2684021,10.9,80.0074765140272,2.01451214498067,63096.7856149746,1.27994423022721,332100166.0,25.2327260228331,17.5751653495616,4.56297282631857,-0.126399999999999,267.4148,7.42702137428725
USA,United States,2022,14.802,5055.403,,,,,,,27.11253417865773,,66.14918733105445,43.16660194025432,108.785640656159,37.4887954801437,92.72850037,4.65989163059146,80.0324978239707,1.60006208497274,64322.2332819139,,333996304.0,26.9078981557739,,7.11250293584871,-0.1626087,262.1048,7.48771050418985
USA,United States,2023,14.319,4918.407,,,,,,,26.46193983478183,,60.13484856546862,41.32312917501256,112.410910606372,38.0939254696383,93.52559662,7.159615876320238,80.071561119178,1.30141768246586,65667.281580468,,336755052.0,24.9292981752847,,3.70021403026367,-0.193136399999999,258.963,7.14197422752035
USA,United States,2024,14.197,4904.12,,,,,,,25.73749861694919,,58.58501485357154,38.51863806283386,113.190481805755,38.8571729185246,94.69380188,7.859173550798872,80.1247798047184,1.01391858895004,66856.5131698371,,340003797.0,25.0160172978284,,2.48236925527792,-0.0951125,257.3468,7.10513269011369
UZB,Uzbekistan,2010,3.793,107.668,0.478228055225601,0.134032683808553,0.0643651694659763,0.0014905639043949,0.158350507054967,1.53141421041802,39.31825487430354,,13.0827024819529,13.48060473742941,73.8123181598383,0.415705113729521,15.89999962,1.3,51.3321647644043,2.99355724160322,2359.64199067641,14.7836491186156,28385506.0,44.1432918113775,22.1622742240766,65.8342786593131,-0.650179,22.6674,2.36788118987751
UZB,Uzbekistan,2011,4.051,116.755,0.489945634282097,0.157884732476261,0.0777745460464891,0.0028611326839044,0.151804902564312,1.55427553187731,46.42198080548423,,12.85724719851039,13.87738860057552,88.2684522563008,0.512642664609435,18.6,0.9,51.3395500183105,2.39605562355834,2512.68783806993,19.0673372740717,28823196.0,44.3313973754476,20.9577872359793,21.3770770085775,-0.611603999999999,24.1017,2.43454647993037
UZB,Uzbekistan,2012,4.062,118.86,0.49490311066991,0.165702609051156,0.0671869489323048,0.003836815404548,0.156459710305542,1.34442823979326,45.845995260184,,13.4954214423407,14.57854171450291,69.2849333824939,0.753795814305037,23.60000038,1.3,51.3359680175781,0.988125260232837,2657.09909084172,17.2844522443221,29261903.0,39.6570271654711,21.6212598815199,14.6605314723228,-0.561242799999999,25.6859,2.23251743415673
UZB,Uzbekistan,2013,3.781,112.395,0.495627782508494,0.177346426954639,0.0793754847582651,0.0049632866725735,0.165837185621009,1.28885408479427,47.37403913883485,,13.81419512037868,16.67358035658568,72.3319640163618,1.03047816642845,26.79999924,1.2,51.1276969909668,0.836508133232868,2823.00205379328,14.6803511298882,29724065.0,37.5113183619111,22.4454210400664,12.7552379061668,-0.5624156,26.8284,2.21200425130925
UZB,Uzbekistan,2014,3.557,107.496,0.519002124091537,0.180767441121757,0.078086488229915,0.0047742866163741,0.172297979002922,1.17171705083299,31.74651409922777,8.61000454902914,12.66967720308381,17.21404096121429,71.5984657244746,2.71465494120139,35.5,1.4,50.8868713378906,0.885698410750819,2990.56339751192,10.3618681106859,30222994.0,32.1925400076306,23.1082708333455,13.0983488588271,-0.2604881,27.9831,2.12664536989549
UZB,Uzbekistan,2015,3.362,103.374,0.520197620247906,0.177050345857339,0.0825913366849151,0.0051500273474103,0.17721127592425,1.07008172142756,30.91433395373691,10.63743406038343,13.57913124635568,17.94360629218785,70.8415066778981,5.81406186655157,42.79999924,1.7,50.6597328186035,1.06718996650784,3172.89899391083,7.25480371959986,30749346.0,27.1724545801626,24.0318423015119,10.0029837381429,-0.3053458,29.0035,2.03228232748938
UZB,Uzbekistan,2016,3.511,109.837,0.508231245066689,0.171315246489428,0.0721043477362725,0.0042576252807278,0.171003773157909,1.09311772588315,28.27906946789418,22.15633562295552,14.55754677299905,20.5974957939172,74.3669818295078,8.77864127770599,46.79130173,1.6,50.6572189331055,1.69905310280349,3327.90932206401,6.72025279446491,31284568.0,25.6926479568511,24.566866846542,8.54828494143895,-0.2080446,31.5718,2.02002996361418
UZB,Uzbekistan,2017,3.422,108.883,0.45046484334544,0.162818395376156,0.0745513101526605,0.0053352811662908,0.156576595066027,1.16247289732629,38.76472507062719,24.84330127421169,16.71427241450718,31.0200215932082,76.2604866788199,10.4346190212708,48.6999988524556,1.7,50.6787376403809,2.4880865313219,3425.78819696408,12.0271937236882,31819178.0,41.0443062055515,13.3392465666927,21.6414792151717,-0.2138791,32.3765,2.01221932243286
UZB,Uzbekistan,2018,3.161,102.33,0.455541617208966,0.162582131815854,0.100223232020956,0.0060659980945573,0.137496972594361,1.15011525484547,36.74139709303877,29.848305420011,14.77905819963697,35.34035840692488,71.744368617656,12.7372983265011,55.2000006732722,1.5,50.5814971923828,1.01875982438812,3559.85436594803,18.6507971459477,32373490.0,61.395110017578,29.650867498632,26.6261525236885,-0.2119487,33.2049,2.01202520658017
UZB,Uzbekistan,2019,3.275,107.947,0.483727797021103,0.1682899926506,0.105495895890864,0.0066746854171805,0.148391050071344,1.1925071559372,41.04491949979295,39.51217512098269,15.30439020095698,35.58011136273311,101.259829415713,10.5554301857614,70.3999986481458,1.6,50.5920104980469,3.30121289679898,3733.50435754861,10.8569985159248,32964701.0,62.3003782302878,32.7358467114226,17.344640412252,-0.2167593,33.6687,2.10508657698829
UZB,Uzbekistan,2020,3.22,108.139,0.504839112496143,0.170469240176252,0.0967470918663481,0.0069260966901207,0.157559359937183,1.20134191525369,43.8361555780544,50.00160810256567,17.17670374689819,41.46094238006556,99.4063901870675,15.8070422134311,71.09999824,1.0,50.7670402526855,2.46444977604592,3723.82133264406,9.08357795040879,33586372.0,53.1070769988551,33.3913940291016,11.8922745644335,-0.3614058,34.2089,2.13788281641974
UZB,Uzbekistan,2021,3.597,123.162,0.513212323450423,0.173090897030249,0.0899877969610454,0.0082886705445275,0.159758114884569,1.27668699943091,49.96706364558391,54.12018109766936,19.03508435958372,39.77708985619898,102.410090312681,21.8944210928633,76.59043014,1.0,50.9269905090332,2.80927561208071,3951.99657327359,20.46516083278,34243696.0,54.7477822134912,33.2412468981763,12.8776093185007,-0.221247,35.1314,2.22102480230172
UZB,Uzbekistan,2022,3.409,119.105,0.514527502464633,0.178080548868707,0.0879361384575918,0.00877000228602,0.162180127636487,1.3068465116377,53.33750832587004,84.00688478034667,21.77013040529725,39.17833695683491,105.471643327627,25.7992232452287,83.90000012,35.955342569994755,50.9847412109375,2.81838908878173,4109.08421031655,,34938955.0,60.0483582576289,31.893484523486,14.0433065322102,-0.2325524,35.9198,2.25834083135114
UZB,Uzbekistan,2023,3.446,122.872,0.551046342745045,0.184379566461386,0.0833221254025105,0.0098300248166777,0.16819131552525,1.31684706905301,55.97649052317123,108.1511564870346,20.06555170622905,39.13750462329237,106.884847592051,30.2699233460544,89.01361047,35.74033095523459,50.9964841114568,2.0054127330605,4281.20542121225,,35652307.0,63.102194304905,31.1420713958264,13.9139742527294,-0.2504784,37.622,2.31361644400388
UZB,Uzbekistan,2024,3.829,139.234,,,,,,,56.61407288617809,119.3873162203131,21.22218081469088,36.65136653418547,110.492018573638,34.7381414135069,89.50550079,35.049834336573426,50.9986686706543,2.45125129042312,4477.90745486742,,36361859.0,57.5295432552977,32.0099854345535,14.0697338660497,-0.0267335,37.7862,2.33549822212498
VEN,Venezuela,2010,6.58,189.582,,,,,,,17.34702243112579,38.02582171617499,2558885492356.184,1742900562220.223,96.7619972595105,5.80665024566429,37.37,13.8,88.8026372923982,0.402601927997842,4323.73301534677,12.380878328857,28813101.0,0.0,0.0,46.0893567618569,-1.3612278,28.4429,3.48880210855026
VEN,Venezuela,2011,5.781,168.713,,,,,,,16.89059224651297,41.47994853743423,2978174729587.812,1937666098956.602,98.6184338835709,6.22108895422792,40.22,14.8,88.8079278904659,1.85002511047875,4444.55159079494,24.4753357613612,29185212.0,0.0,0.0,28.2163432253321,-1.26001909999999,28.8209,3.36583900739501
VEN,Venezuela,2012,5.95,175.845,,,,,,,17.01710103932423,42.15556574882032,3783782846704.122,2274087909760.234,103.435247267139,6.89152396038334,49.0500830729861,13.8,88.8401868543141,1.3408754748511,4638.41209800487,18.7812359044725,29553826.0,50.7514450867052,,20.5919077245585,-1.2182009,33.6182,3.60967353710817
VEN,Venezuela,2013,6.634,198.452,,,,,,,16.93604202206659,44.16156391821137,5107645317147.158,2619297008161.338,103.28923003251,7.4666228138768,54.90000153,15.4,88.8786817039721,0.829747443727892,4642.55149314778,17.6253449138361,29912198.0,62.5819672131148,,39.2264371875174,-1.3240347,33.5053,3.54960633322408
VEN,Venezuela,2014,5.817,175.992,,,,,,,16.79892738478628,44.70771808957714,4320208084329.587,2389523830416.893,100.905474597326,7.9330889563685,57.0,12.1,88.9163913525251,0.528303191797945,4412.9795921313,11.8465082797294,30254079.0,64.0956340956341,,105.042765502495,-1.1741498,33.2002,3.32222719479638
VEN,Venezuela,2015,5.44,166.328,,,,,,,16.22586846205005,47.50690123265581,3775626464786.702,2295911493352.053,95.1577930404332,8.47031913288859,58.0,15.4,88.9539804079292,2.36008093597098,4096.61989137473,,30573972.0,60.377358490566,,134.908705496941,-1.1927697,32.7451,2.77078291925356
VEN,Venezuela,2016,4.964,152.733,,,,,,,,,,,89.713138519105,8.49644019382612,60.0,14.6,88.9914428378712,1.40507091871539,3374.43091608185,,30765720.0,41.3927576601671,,308.600121728545,-1.2150045,31.781,2.50605782978509
VEN,Venezuela,2017,4.551,139.093,,,,,,,,,,,80.1355411817503,8.53198574083448,,14.3,89.0287726100378,-0.257997767399151,2863.33227846365,,30565323.0,42.6149425287356,,1049.87777840941,-1.38006459999999,31.2643,2.43735563978383
VEN,Venezuela,2018,3.732,111.24,,,,,,,,,,,69.5499623049054,8.73796850144755,,14.6,89.0659636921159,0.609881197528909,2359.38238345005,,29807592.0,54.6332963725646,,225652.234993614,-1.4649999,30.8874,2.13493853833274
VEN,Venezuela,2019,3.643,105.43,,,,,,,,,,,63.8474442929871,8.85037434042832,49.05009842,15.8,89.1030100517924,0.77245293562574,1759.05547364548,,28938098.0,58.1288399985284,,21909.3426680117,-1.5120562,31.0118,2.18522370616178
VEN,Venezuela,2020,2.844,80.901,,,,,,,,,,,58.1625657953324,9.00606477756336,72.44110107,31.2,89.1399056567545,3.51090433021444,1255.86457068119,,28444077.0,26.0905679013051,,1885.46577647144,-1.4257071,31.5744,1.83372851513192
VEN,Venezuela,2021,3.361,94.902,,,,,,,,,,,60.2344883065715,9.2424360147272,74.11219788,33.7,89.1766444746891,2.14254073533861,1272.94397516527,,28237826.0,29.2263872682484,,1212.84660038412,-1.2895082,31.2713,1.93310581634508
VEN,Venezuela,2022,3.843,108.424,,,,,,,,,,,66.4667731210739,9.58036143387288,75.82180023,21.698385558879338,89.2132204732836,2.63893293757608,1376.93801227125,,28213017.0,27.8980542310307,,210.806068385812,-1.1268117,32.7714,1.99408403829293
VEN,Venezuela,2023,4.226,119.588,,,,,,,,,,,70.2197325918151,10.638053537183,76.33190155,21.021864818415125,89.249627620225,0.012698102463344,1427.88655943805,,28300854.0,28.0944323171165,,367.798078256365,-1.1035948,32.2701,1.99643654926489
VEN,Venezuela,2024,4.085,116.042,,,,,,,,,,,71.0075917225029,12.9446636524427,76.67890167,21.505598781895877,89.285859883201,1.35409801107577,1501.22207949327,,28405543.0,26.2373885733766,,55.4481074808972,-1.74042419999999,32.4588,1.93340769323498
VNM,Vietnam,2010,1.596,139.564,0.318937121793732,0.0137486192063206,0.283265461508693,0.0472202105687071,0.16040352698645,0.796279124484336,3.27189826318907,17.33438963996323,87.76856371225615,86.11562238833515,127.574189111237,4.19566019392431,30.65,34.6,30.2504027258526,5.4347392933443,2027.58184375924,7.4812809152762,87455152.0,113.977687539714,33.0228771360005,42.3032672488557,0.1198679,74.7187,1.61985406454824
VNM,Vietnam,2011,1.725,152.564,0.338578706903429,0.0145525044141467,0.289214312702266,0.0500250908704088,0.166782659308754,0.796554869492013,3.593521869071724,19.91279511425423,76.31408405181973,76.05740877944719,143.91372373164,4.33850926558858,35.07,36.3,30.6996041680996,4.30487434902161,2132.90453762087,9.06944428635118,88468314.0,125.260577940829,34.580408780539,21.4136792818177,0.125534,75.5915,1.65570814369102
VNM,Vietnam,2012,1.612,144.288,0.330892981182961,0.017068545174278,0.296908224215035,0.0574999613416878,0.164962836692813,0.759282251831303,3.150453779278032,20.97705318549615,77.8093786199422,72.10164246313018,147.104457946743,5.33498939497012,36.79999924,37.9,31.1222779403029,4.27832287681174,2224.11404253256,7.29867693307343,89510356.0,123.224116745985,35.8602323946766,9.07766069025038,0.1055642,76.0109,1.62661480043808
VNM,Vietnam,2013,1.672,151.459,0.382720287044397,0.0181093366486072,0.292600085969641,0.0575645567494644,0.170463362272896,0.780239841383123,3.692646461803847,22.15733028279706,85.67311965549717,75.15498180101496,136.614018439735,5.68885880294,38.5,37.4,31.5334201724543,4.16454517277325,2320.08431444934,5.91331153505454,90573104.0,130.846354866743,35.575150437736,4.03852363752276,0.1154209,76.782,1.70169747006813
VNM,Vietnam,2014,1.964,180.048,0.368152489776869,0.0268076480337164,0.29870564462023,0.0571936783077028,0.175198740523459,0.830404289990037,3.879248463898665,22.9799563220151,90.73806676842764,77.58407762255351,148.504309214861,6.54510757019409,41.0,36.7,31.9480269945454,3.94086189051961,2439.28655744423,5.66094916066902,91679578.0,135.410521454361,35.2985684880333,3.69813796808818,-0.0126942,76.8871,1.75646249125201
VNM,Vietnam,2015,2.299,213.391,0.452981813699351,0.0320548562950571,0.294194962496619,0.0653452230002285,0.18125936126925,0.912711583967498,3.795761013727289,24.00627494006688,100.1073390610917,87.48914196747855,129.627056599416,8.24967739226207,45.0,27.8,32.3810945365679,4.93190773329022,2577.56885340113,3.38333033260239,92823254.0,144.914228195237,34.2665466382117,-1.71651170749655,0.0681785999999999,77.5371,1.938547800728
VNM,Vietnam,2016,2.351,221.027,0.485037494772628,0.0346293114203701,0.309954515850991,0.0753734085298945,0.178304768901696,1.009360842353,3.872907063214958,24.49943237092387,109.0703626580521,95.55655908992244,128.297962650408,9.679017739946,53.0,26.8,32.8476189285136,4.90089302916746,2715.57887431272,2.68357593807147,94000117.0,145.409507973118,34.1152288612372,1.81953592779914,0.1824971,76.7848,2.09266034182858
VNM,Vietnam,2017,2.392,227.694,0.474539487872141,0.0303352127278412,0.313416787583621,0.0789499353238206,0.179452296004745,1.03722449580207,3.48786609752588,24.40811197304081,112.3516521013473,100.4216243170284,126.097912313395,11.8410316814328,58.1400000036297,28.3,33.3625963003742,5.01148721749681,2868.13680013379,3.21350443557147,95176977.0,160.98008365887,35.3903640729728,4.36292014766431,0.1500179,76.5532,2.11391821531424
VNM,Vietnam,2018,2.655,255.468,0.506908166915048,0.0329529081116667,0.306643492913817,0.0820450245397662,0.18246354787661,1.1711013709676,3.95980939511211,25.60924746936283,113.8077992992818,101.6094831821879,146.137840768403,13.5025072757898,69.8479286837965,24.3,33.9410227821412,4.99828319622328,3048.28327602145,3.26009968480725,96237319.0,164.663936775893,36.5424334086447,3.62664730027259,-0.0542592999999999,76.538,2.28211451132451
VNM,Vietnam,2019,3.492,339.312,0.515143755525971,0.055306542132166,0.278552189875775,0.0806494422072726,0.189105123653265,1.31454619809607,4.023028469554191,26.16604991367331,119.3908537897912,104.1687841626267,140.192561828615,15.2328957557438,68.6615802057338,20.4,34.6239134999511,4.821074861051,3241.07648966529,2.50068260501281,97173776.0,164.704215031408,36.8031368977554,2.42322694229267,0.0916744999999999,74.4999,2.43330325149052
VNM,Vietnam,2020,3.697,362.599,0.524971283413906,0.0579202022232422,0.296467867278144,0.0840524079531374,0.192251705292111,1.25094322847235,4.039983865954953,26.47834552466337,131.3525665829711,111.5035954896902,141.655558720912,17.0262915402718,70.30000012,18.9,35.5706676299742,4.55836196782424,3303.16949807493,1.8108819584417,98079191.0,163.245862814935,36.7437132938801,1.46747814810814,0.1302346,73.6574,2.40660669463289
VNM,Vietnam,2021,3.176,314.197,0.588489878112227,0.0473253743215538,0.281232572111636,0.0775284920328308,0.198449271437573,1.17755788022302,2.929523439874425,27.20709889267081,137.2683480491174,119.9556400408837,136.806313165021,19.5362327330994,74.20999985,24.2,36.6540656426603,4.27314566190187,3358.21734764714,2.54701708790768,98935098.0,186.675832836814,37.3915192469302,2.88076792900642,0.1345844,74.3987,2.37058346823884
VNM,Vietnam,2022,3.237,322.653,0.57879582366014,0.058854361164381,0.250606503788956,0.0664780731676193,0.199876936555665,1.22017074751946,3.026817564051251,27.74648710784759,131.3749439423134,120.588601379427,137.852422819653,21.3681380805533,78.58999918,39.89135333602813,37.5478515625,4.32947308910883,3617.66311280437,,99680655.0,183.153619147836,38.482361279715,4.44283310280622,0.1227944,73.4058,2.37478244585622
VNM,Vietnam,2023,3.462,347.399,0.566014262239486,0.0874688960148948,0.24260352488155,0.0694203805712665,0.2018929524591,1.14363659564245,3.071877752257351,27.34166860512371,138.7311008404218,128.3307852310833,130.991428667547,22.6806675035061,78.08,39.564546785584895,38.1298904418945,4.26458856546888,3772.36029116103,,100352192.0,164.995585455876,37.5932883534337,2.16498332169941,0.0907515,73.6953,2.31103661180874
VNM,Vietnam,2024,3.673,370.931,,,,,,,3.096693939370138,27.24342610633712,141.4522120047958,136.4297577401856,127.606471743496,23.711259212336,84.15,39.15374474862453,38.4900703430176,4.23450755062236,4012.50779921084,,100987686.0,173.885260216071,37.5162935306841,4.20855206179063,0.0056736,74.1786,2.30777233066588
VUT,Vanuatu,2010,0.523,0.125,,,,,,,20.38832972006823,27.86405061742659,80.97575235399101,67.22721398239892,71.3269366374534,0.209865350391189,8.0,38.1,24.742504119873,9.40930036151551,3214.3726213639,0.832399543964073,238248.0,103.823312203828,12.8730998830697,1.47170880334022,1.34809,0.3422,1.6177130087733946
VUT,Vanuatu,2011,0.542,0.132,,,,,,,20.58555956199242,28.55416326340884,75.52717509614688,68.63652855380596,56.2507701027625,0.138413136515603,9.199999809,35.8,24.7861634049013,7.93578473613464,3244.13703026186,0.844354134271983,243474.0,96.9987664175314,9.99492054277629,2.78690988192807,1.3432489,0.3468,1.629494906943743
VUT,Vanuatu,2012,0.471,0.117,,,,,,,22.0888230555339,34.43257711597931,75.59398366003639,74.39879904154277,58.6958530715236,0.124556518524769,10.59799957,39.0,24.8183551383933,8.07506480226511,3205.68705963169,0.801186721952393,248883.0,104.451629665983,7.87407257715292,-0.464035692443503,1.4555456,0.3456,1.598734058904577
VUT,Vanuatu,2013,0.432,0.11,,,,,,,22.26888082967487,36.26646306547051,85.32751213524521,74.2384087485354,50.0011788653029,0.121816081294551,11.30000019,40.9,24.8407362750263,6.87779085112741,3149.6849727764,0.752150306423104,254482.0,93.4638521005109,9.65046616762432,17.2760637623683,1.4539841,0.3427,1.580070063303443
VUT,Vanuatu,2014,0.605,0.158,,,,,,,23.07121522949624,35.54214238057528,86.28072324448112,73.8023593321439,59.9642637565324,1.75568705810022,18.79999924,31.5,24.8549637694775,1.50891522206548,3175.63375342175,0.987395102309584,260240.0,91.3913104611923,8.9238845144357,1.40985672444454,1.1753946,0.3419,1.6551187904511755
VUT,Vanuatu,2015,0.496,0.132,,,,,,,22.00704225352113,40.95755086071987,87.59631875166068,68.39537186888572,65.6961078688167,1.61480039533861,22.35140038,35.6,24.8626945764242,3.62668783714477,3214.41948587141,0.815485061379561,266101.0,92.5427728613569,12.5363368195227,5.53944327433811,0.6849315,0.2984,1.613624973950207
VUT,Vanuatu,2016,0.552,0.15,,,,,,,21.5745851387066,41.95058221415173,92.1913145136334,65.10103267659228,80.3430520385024,1.61198440204787,,33.1,24.8654875642873,4.861596683834,3257.49719984988,0.816331822730397,272087.0,93.2943778278248,12.1279444884046,2.04393640864033,0.6867152,0.2351,1.638377941899713
VUT,Vanuatu,2017,0.5,0.139,,,,,,,21.12924052118793,50.47540791172673,91.16949634828796,63.47761021003931,81.8708326900222,,,35.7,24.7644441456437,3.82787242864458,3316.81034596861,0.902392843807671,278507.0,90.0680828139658,11.691110223568,4.79466791674518,0.8525004,0.208,1.6191154175955214
VUT,Vanuatu,2018,0.617,0.176,,,,,,,21.24544227843013,49.38129826878355,100.542814897143,60.29413224042631,88.1402514907505,,,29.7,24.2729727045038,3.63334895201297,3319.75630455318,0.60798151676621,285259.0,89.6801368961432,11.5861524285902,3.24715732653576,1.021257,0.2094,1.6685696541368253
VUT,Vanuatu,2019,0.565,0.165,,,,,,,21.89756431707673,49.40988871545519,97.07957189390414,58.25500232666356,90.8330907409627,2.70150863914242,,31.6,23.5024668917075,4.97857435213258,3349.5593410421,0.547725243089635,291985.0,85.2923789349229,10.9529205051152,3.48796591232319,1.0281545,0.2093,1.6493630779494342
VUT,Vanuatu,2020,0.687,0.205,,,,,,,21.94329851663302,49.3724216624243,96.30226152922452,58.94557272060155,82.3909682859418,0.931880692502794,,26.0,22.4186852094794,4.04549044655896,3085.16558189305,0.629507608350041,298858.0,65.4819913449416,11.7081814154769,2.23572081882155,0.9435444,0.2094,1.6882226823663018
VUT,Vanuatu,2021,0.707,0.216,,,,,,,21.96048184510897,58.91836592590212,102.604654451356,59.76299098000085,81.6914485987419,1.03214458524592,,24.6,22.2501822422475,3.93623079389475,2979.39062838967,0.568069760913224,305868.0,60.1426638378911,10.1359816909173,3.1886979921222,0.9586235,0.2097,1.6928177080538154
VUT,Vanuatu,2022,0.605,0.189,,,,,,,,,,,81.6202730589115,1.1263520377197,,25.0,22.2541249733107,0.928493742927241,3073.86062658113,,313046.0,70.4738394846168,8.40959720633392,5.10628075159305,0.9784231,0.2088,1.6629619714343282
VUT,Vanuatu,2023,0.588,0.188,,,,,,,,,,,89.2943082123161,1.23342353055002,,47.49262072815064,22.2651966823901,0.780090842324868,3178.3031116212,,320409.0,78.0648945040347,9.58720198979664,0.642819888004382,0.9649424,0.1876,1.6195005658409853
VUT,Vanuatu,2024,0.601,0.197,,,,,,,,,,,,1.15566375920214,,47.47747034615118,22.2866933360645,2.22365213685823,3223.85237984109,,327777.0,73.3835043414732,10.0620025732038,5.32496714291773,0.960216,0.1832,1.6256995613733563
WSM,Samoa,2010,0.968,0.187,0.571923803376414,0.190963030925209,0.238565738694871,0.437635943274602,0.169996200635585,0.785019932934734,24.40563854407742,24.40563854407742,42.72716801059718,44.73204590372149,46.6265678183429,0.103614595151873,7.0,41.9,19.8302101862085,0.0494567694984404,4081.15535978003,0.410594291707161,193023.0,78.5698016774915,14.7777818454724,-5.14594346625773,0.8057585,0.129,2.39410464984142
WSM,Samoa,2011,0.978,0.191,0.646966795429928,0.148481617335616,0.249211330381735,0.347608521959751,0.180341553471603,0.781512977202385,17.5097762917629,26.68156387316252,35.97318684920276,45.8832001839162,,,11.0,40.6,19.6174273708146,2.0416002953816,4201.45663738908,0.479148651100215,194713.0,81.600955014363,15.766152527034,-0.909859896408477,0.9610651,0.1349,2.35412279578102
WSM,Samoa,2012,0.97,0.191,0.779547167659246,0.175580223458869,0.25979804805894,0.396118361679876,0.170639604404551,0.77878289799833,18.13969211995284,27.20953817992926,38.30255686543246,50.1395340349592,51.0447943490519,0.551659558875917,12.92249966,40.2,19.478718368689,2.69957638721683,4007.91092846814,0.39649921551572,196498.0,82.7339794775292,16.3070738394005,4.02647526320095,0.9605068,0.1384,2.56046630325981
WSM,Samoa,2013,0.961,0.191,0.803169388900351,0.171148343537342,0.24244392483464,0.271041660704841,0.154916745611204,0.707135729258427,22.00596606191012,34.23150276297129,39.4892783788941,43.80258817663683,50.3797889725019,0.624407367805193,15.30000019,42.6,19.3865949620667,1.72885382959682,3976.39289268132,0.354470433710273,198268.0,77.877751737476,15.1467287917872,2.34629009874605,0.958801,0.1408,2.3498557928468
WSM,Samoa,2014,1.007,0.202,0.870901278417026,0.181734160619798,0.225587302478636,0.233777523560431,0.137807651548013,0.839345621724399,23.41239726801544,40.36620218623351,40.20830171654159,46.77981331601884,53.2521483525548,1.01031309207797,21.20000076,41.4,19.3126679480432,2.86810154101309,3967.23730470679,0.514371821253179,200037.0,80.5007740440855,15.2095204342126,0.853113222017427,1.0732124,0.1412,2.4891535383483
WSM,Samoa,2015,1.126,0.227,0.551226581812681,0.20561298565326,0.258620486713987,0.227507880824988,0.0592544453591674,0.75779555949852,20.80449377065446,40.00864186664319,34.48623709914209,46.7738191938225,59.7263383255196,1.03279777185279,,37.1,19.2340105383551,3.26002743040368,4084.36083819933,0.385043626528853,201782.0,74.6343550051873,14.5012807041262,3.96466639608224,1.071904,0.1507,2.0600179398626
WSM,Samoa,2016,1.17,0.238,0.642897936303003,0.182428255104353,0.283460808574182,0.238846270881528,0.0607136247775583,0.940574402121181,22.22998507415288,46.04782622503096,44.53388248682182,45.85409638057602,74.2057700529241,1.06585290345407,,36.8,19.126462366749,0.298684612802242,4373.23792440391,0.425429774129313,203499.0,75.2118174672901,14.408683481377,2.24475651909437,1.0686461,0.135,2.34892129776181
WSM,Samoa,2017,1.142,0.234,0.682561701890332,0.170382039443499,0.258390583567701,0.315943867122207,0.0818808085816961,0.913985095971099,22.06183617510795,48.85120867345331,45.65116522853403,48.31235737557416,60.4683202297787,0.823698366721028,,35.8,18.9657191879831,1.04146807605773,4393.37316255965,0.482469410561221,205415.0,74.0110807608335,13.1849554636851,0.304905422515247,1.0690453,0.1257,2.42314409657653
WSM,Samoa,2018,1.13,0.234,0.659307169507253,0.155488152276973,0.27963375331126,0.336642576657246,0.0832805727628407,0.923539760136229,22.65324136638103,50.77450651085403,54.85416580002138,49.90157461154874,48.1737337534083,0.815099575107668,,36.6,18.7241267935467,1.90261035583233,4321.00518344962,0.264678611319933,207582.0,78.9349684295151,11.7204111149327,1.09758340635358,0.9953036,0.1118,2.4378919846518
WSM,Samoa,2019,1.24,0.26,0.658679005441757,0.149001445626994,0.246086593418269,0.485165403147443,0.0897754253969649,1.05538075156747,22.46251084397075,51.12157640351964,55.8842003783819,48.74910975686618,40.0419487081705,0.806559252550291,,34.2,18.4147344481283,-0.238656491573744,4466.08075482035,0.232259603701569,209780.0,83.3310795816457,11.9596393238611,1.49948619479095,1.1468478,0.0936,2.6840886245989
WSM,Samoa,2020,1.106,0.234,0.545400099426275,0.117881006053841,0.265093401256849,0.42131946586718,0.0905213128809964,0.928919716141867,23.05262915235483,56.8631519091419,56.51040031366852,50.114496862868,32.5557694485336,0.798324085607519,,35.6,18.0516608994722,0.509397965194954,4283.06392492734,0.301640791056231,211944.0,77.4847998856019,11.1225478907802,1.22225156843744,1.1753028,0.0833,2.36913500162701
WSM,Samoa,2021,1.251,0.267,0.521255580993517,0.150315926128414,0.397546677459278,0.367860980141113,0.0924015808061617,0.981206636070085,24.42244728185794,59.52971524952872,62.31846372230457,54.8516057754743,32.2763227445165,0.791471566430753,,36.0,17.5672426452007,1.04090555935629,4032.1373106241,0.280275449205485,213779.0,59.7697795919357,11.2039898765353,-0.709667371684759,1.1396511,0.1079,2.51058738159857
WSM,Samoa,2022,1.096,0.236,0.424499271940892,0.158036302332776,0.224872964228786,0.339873592233186,0.0923456996710252,0.961226310343661,24.28473855961144,57.67625407907718,65.52435881892615,54.10596676146553,62.398669522115,0.87753935919651,,35.9,17.5007949951039,0.539647016745273,4095.15875576978,,215261.0,60.8477789845035,10.8490582930193,2.54322399904663,1.2343417,0.1029,2.20085414075033
WSM,Samoa,2023,1.084,0.235,0.403100357127373,0.166333253339315,0.223071826001738,0.399011804418987,0.0946754980659381,1.03507420377643,32.39073775554786,59.50856471368094,60.12876844541211,52.90325890917019,,,,52.19405610925357,17.5012799804602,0.229294017897832,4688.46305366113,,216663.0,80.8405125709078,10.0793155346634,6.82969275542449,1.2435234,0.0995,2.32126694272978
WSM,Samoa,2024,1.126,0.246,,,,,,,23.85211687537269,66.33870005963028,61.64265256706813,41.00801595198142,,,,52.26177494386576,17.5029115108018,0.318181346491415,4880.54418032056,,218019.0,79.5241475635456,10.5838860006744,8.42502942433558,1.2384523,0.097,2.29968056973667
YEM,Yemen,2010,0.965,25.818,,,,,,,1.739306119825112,3.102922117768,22.37857402153049,6.725454071843584,41.4324574134328,0.313967200967826,12.35,0.8,30.6232848305331,0.610357927076417,2356.19960422096,23.5484181707179,26754387.0,64.3856367797178,52.9607477523107,23.6174638503601,-2.41400459999999,4.8954,0.847995886299681
YEM,Yemen,2011,0.82,22.625,,,,,,,1.65229194968577,3.358099428106302,19.26750183248172,5.536442946044876,42.3015755016596,0.39517241426816,14.90499973,0.9,30.9237389467026,-1.58233916831705,1994.83663337222,25.9395800444886,27582897.0,63.0594579549043,53.1065650909838,18.1136666806347,-2.4714962,5.011,0.768334983358621
YEM,Yemen,2012,0.72,20.467,,,,,,,1.591344939027007,3.820516392076983,23.71936793976827,5.155318059824506,48.8857444140036,0.588387412982935,17.44650078,1.1,31.2031839858628,-0.0402221829314871,1981.45800046603,18.8463591940271,28433647.0,61.3616371825683,39.7484554361741,5.89315891807243,-2.36775559999999,5.0659,0.894238191796261
YEM,Yemen,2013,0.931,27.281,,,,,,,1.559188181030569,4.441512149150823,25.62324285489531,6.218116395384585,57.4650413919417,0.876063250129158,20.0,0.8,31.4427187944215,-0.330496410064222,2014.7289059487,13.5874899680381,29312952.0,52.5118781367089,38.9944141504647,9.20895702994578,-2.41980069999999,5.147,0.889111742874843
YEM,Yemen,2014,0.88,26.592,,,,,,,1.528057289084949,5.872533895306863,23.95960739108299,6.001163458139686,56.5732322792042,1.12484789327073,22.54999924,0.8,31.8626162180918,-0.539237328374498,1950.1625450589,10.9650660396012,30226309.0,48.2430405122774,39.8882580148089,7.16332423023157,-2.52247629999999,5.2275,0.938272409697211
YEM,Yemen,2015,0.453,14.123,,,,,,,1.475591118908919,5.80977836621394,21.94416796118664,4.37325788705196,48.2100525815999,1.26767609842289,24.08539963,2.0,32.3883178702702,-0.0363882528160336,1362.1738120601,2.06582147254408,31159379.0,30.3676590844637,33.866159352981,46.4762512185935,-2.52514609999999,5.1494,0.652833755861483
YEM,Yemen,2016,0.313,10.044,,,,,,,,,,,51.1789525743709,0.860253866438112,24.57920074,2.6,32.9512008005236,-1.79131212045889,1197.95865971172,0.766194564986369,32109010.0,31.0815442908559,25.9022680665842,0.134410821886718,-2.6405037,4.9918,0.597377693272684
YEM,Yemen,2017,0.278,9.214,,,,,,,,,,,46.4111228575355,1.11512157670075,,3.0,33.5586912522175,-1.00531889341895,1103.45634849842,2.00088361190121,33090921.0,42.9699046721967,25.9240409654207,18.5535662173892,-2.7305026,4.9646,0.614348232509182
YEM,Yemen,2018,0.338,11.504,,,,,,,,,,,44.8810541777362,1.13342507603451,,2.9,34.2106045810864,-1.30563839823089,1079.32938366255,4.87867391772049,34085182.0,56.0778227215077,25.4429978433173,14.8536647600461,-2.7242925,4.7049,0.595294040366781
YEM,Yemen,2019,0.336,11.788,,,,,,,,,,,43.3990001198471,1.08796548403869,17.49099922,3.0,34.9067561732024,,0.0,,35111408.0,,,,-2.6172209,5.2524,0.619115154369838
YEM,Yemen,2020,0.298,10.757,,,,,,,,,,,42.0037568704771,1.08205751326634,,3.5,35.7025604580302,,0.0,,36134863.0,,,,-2.65635899999999,5.308,0.687348183555701
YEM,Yemen,2021,0.286,10.608,,,,,,,,,,,47.8090200303014,1.09217148089821,,3.7,36.0704951256305,,0.0,,37140230.0,,,,-2.6676713,5.4943,0.665919590716166
YEM,Yemen,2022,0.272,10.404,,,,,,,,,,,46.4534353720531,1.27124133725573,,51.200998023597734,36.3226310308295,,0.0,,38222876.0,,,,-2.61245769999999,5.5324,0.595908486138427
YEM,Yemen,2023,0.257,10.141,,,,,,,,,,,50.8937810578557,,,51.27918392672104,36.5707979836506,,0.0,,39390799.0,,,,-2.6264387,5.4882,0.553974376890708
YEM,Yemen,2024,0.249,10.123,,,,,,,,,,,,,,51.28909435736327,36.8077517596594,,0.0,,40583164.0,,,,-2.7505641,5.6451,0.528743089067356
ZAF,South Africa,2010,8.928,467.353,,,,,,,9.520143112809691,53.92222048489082,36.74716006248173,60.24506375643774,96.2325212467793,1.41945452406807,24.0,9.4,62.6299120560569,0.884904611686012,5953.94506512821,6.84683101275869,52344051.0,50.4060871625999,25.3034630993363,6.12843243160444,-0.0522329999999999,28.3736,3.57160957748796
ZAF,South Africa,2011,8.949,474.273,,,,,,,9.9759289115359,55.80609712161837,37.75194639570767,58.80731471482068,120.765642853915,1.71147559482032,33.97,9.0,62.850627754452,0.903381424332556,6067.12482726885,7.81466074244917,52995205.0,54.6363504358971,24.8394911507999,5.53905643151262,-0.0426331999999999,28.359,3.39692370734245
ZAF,South Africa,2012,8.58,461.438,,,,,,,9.66046928645483,55.585618485002,37.65496434064185,59.88534608574229,127.16760060932,2.0586596396561,41.0,8.3,62.9616560303263,1.06492249485696,6121.55783860713,6.40436399402211,53782567.0,55.5826171933345,24.4686002355753,4.68520638813985,-0.1220725,28.857,3.54326020622476
ZAF,South Africa,2013,8.343,456.188,,,,,,,9.789071036906003,56.39551273292193,37.5103234193181,58.58418649904837,140.576037974212,2.95399728205402,46.5,7.8,63.0524024097034,2.05358095229684,6170.87670863373,6.11153096342063,54678791.0,58.875027630051,24.5517417673484,5.84411140067347,-0.2582732,28.6978,3.37227303380846
ZAF,South Africa,2014,8.663,481.638,,,,,,,10.49618975983978,63.50043852788976,38.30794995395359,58.63351389846761,142.60448245213,3.06919322257941,49.0,7.6,63.1352327065742,1.51932743753979,6155.00589462516,4.66573419871465,55594838.0,59.4995740550593,24.3052820058227,5.36654618468381,-0.2307109,28.8183,3.42325949915604
ZAF,South Africa,2015,8.065,457.473,,,,,,,10.03788255564293,66.25199211517194,40.26673495004177,58.95455860520952,155.137526067883,2.48458942184794,51.91910172,7.6,63.2096349937231,0.438735792056356,6112.27382485974,2.80794769347075,56723537.0,56.7266761447156,23.7323079746326,5.54552812339873,-0.3104761,28.4057,3.08273536100251
ZAF,South Africa,2016,7.982,457.05,,,,,,,9.824668172563474,66.85257836866356,40.07683491418841,57.56442419511908,143.92861725374,2.00974331775672,54.0,7.8,63.2750973439347,0.684612553455795,6095.295060428,3.56159906611897,57259551.0,55.8612575048782,23.7825372977493,6.9521719608848,-0.3379116,27.7318,3.02163848436206
ZAF,South Africa,2017,7.634,440.01,,,,,,,10.15832425574191,66.17664522889389,40.44276790691803,56.20265169230539,153.547950468153,1.94879126044618,56.16740036,7.9,63.3311078299936,0.539673956759456,6125.6920507497,3.8355856656622,57635162.0,53.5359318293741,23.6105564955695,5.47332197481477,-0.3828321,27.1989,3.19024884382743
ZAF,South Africa,2018,7.742,453.766,,,,,,,9.844982322545553,64.87803147651086,40.72182786736998,55.3169475629243,157.691905248121,1.88868165955195,62.40000153,8.0,63.3771545246841,1.3742911715346,6117.2701406047,3.86949148830953,58613001.0,54.4855451276341,23.5370608392744,3.99329508509443,-0.299383199999999,26.7939,3.11640411256662
ZAF,South Africa,2019,7.9,470.727,,,,,,,9.226944184780866,62.82184604605438,41.75455232136346,55.50369968607377,162.73854828041,2.09833928490665,69.69689941,8.7,63.4127255007908,1.31407752293306,6032.82972598668,4.18782227881945,59587885.0,53.8979964081406,23.6220152843652,4.61352469052481,-0.338256499999999,26.3099,3.09539552686094
ZAF,South Africa,2020,7.188,435.298,,,,,,,8.805490735789112,55.95885969777104,47.68947428974106,55.76744278020263,158.447269436121,2.15159473337087,72.1128006,9.8,63.4373088310982,0.933073684352391,5569.58483319272,4.01777511009808,60562381.0,50.7596590804177,23.3394384079582,5.3913943350576,-0.2489513,25.9103,2.9145835340895
ZAF,South Africa,2021,7.145,439.464,,,,,,,8.893403584870278,50.62859126005748,45.69500000884223,53.03369644884827,163.12806305125,2.75540858002384,74.96859741,9.7,63.4503925883909,9.68098022663018,5750.90937479584,7.32857859192335,61502603.0,56.1647136277546,24.9006017482132,6.408442941004,-0.7738081,25.8097,2.99513903307291
ZAF,South Africa,2022,6.874,428.782,,,,,,,8.47699641044024,46.91286437512885,46.09801513720259,54.51470906193247,160.728511675754,3.12297476001713,78.29319763,24.124333978277015,63.4766699210327,2.26670277731613,5786.86505344736,,62378410.0,64.94713440234,24.9820287872223,5.24096669630933,-0.6842882,25.7203,2.71868802108717
ZAF,South Africa,2023,6.907,436.604,,,,,,,8.083726950409407,46.77731962619751,46.91690324862226,53.5187036775236,171.508619260428,3.4056617766544,78.33670044,24.074875624341743,63.5823705163545,1.0127377916456,5756.55049453121,,63212384.0,65.6798759740707,24.5639655120651,4.72230243263523,-0.6397104,25.7691,2.70099196042064
ZAF,South Africa,2024,6.872,439.831,,,,,,,7.978546079560628,45.9614844699445,49.2235125286216,53.93214945744701,179.336329840585,5.34791194620067,78.35759735,24.486285192679475,63.6917984858172,0.580891709673066,5715.47531469148,,64007187.0,61.646770473025,24.3105308888817,3.91692100295103,-0.6171348,25.8452,2.58654416872207
ZMB,Zambia,2010,0.223,3.121,0.22949232574087,0.12654509808726,0.692989713790541,0.0114813385544982,0.0188776727433236,0.151844293176896,3.783588339193899,6.514699640372593,17.73780860231092,9.426603622213108,39.0029310604332,0.0735163860556164,3.0,89.2,39.9558857709992,8.53319643791576,1183.41712409199,18.6647201093496,13965594.0,67.9009190299719,32.2389147610701,13.9509131934519,0.3740582,4.0168,1.23123044209339
ZMB,Zambia,2011,0.234,3.379,0.243378110740514,0.0840103394853086,0.685697186541729,0.0120221621213879,0.0197035064862991,0.166681690236478,3.918965054010405,6.694363256194824,18.39581553337235,10.50526360929563,56.5498570557445,0.113694638710784,3.5,87.9,40.3684491825881,4.72516156867912,1208.46424569634,17.4237334954232,14437796.0,72.7954324384283,34.4442819243584,11.1074132686175,0.3931833,3.4332,1.21149299561172
ZMB,Zambia,2012,0.28,4.177,0.179790237738847,0.166626762218661,0.678346023456011,0.0168025841731796,0.0185095292408916,0.187324864548422,4.129409493202409,7.973604516904352,19.16784890946739,12.65811239000739,70.5708583739075,0.100572436125372,4.099999905,85.4,40.7698556821596,6.78938124085044,1258.78938578996,13.5753487511819,14913629.0,75.367709855907,32.0106503918136,6.99222724900214,0.4568964,4.9852,1.24740000137601
ZMB,Zambia,2013,0.287,4.427,0.204173019736263,0.174250207141177,0.655195655387749,0.0235875992248551,0.017539422731369,0.204403743806732,4.354955167291894,8.90133693534387,20.4234719532261,12.54231600313629,67.5095981900639,0.0873238692104427,4.8,85.3,41.1682266235825,7.48932505567266,1280.77012176778,12.023594729012,15398997.0,80.4562410213373,32.5564491082462,9.73089122030567,0.3124934,5.1072,1.27914964802815
ZMB,Zambia,2014,0.332,5.283,0.233920318861111,0.154634529238695,0.636511798268122,0.033282197530604,0.0190118910331516,0.210187600254798,4.591500647770757,9.95594235936222,20.9167776250445,12.96837818295931,63.6342658198343,0.129100933199499,6.5,84.6,41.5634741658525,5.55542791808588,1299.01241762504,10.842259058696,15895315.0,76.1934997276313,32.9441480248783,5.44052458126617,-0.0580544,5.2147,1.28754833518648
ZMB,Zambia,2015,0.337,5.522,0.198872579024557,0.160279978296038,0.604312466093128,0.0411862745920356,0.0167648804562423,0.244532537637268,4.56051638393319,10.70052868620422,25.3085007670623,14.28500756488686,70.4778478853307,0.142629874135082,8.8,84.0,41.9555104679652,7.44741668984243,1295.87788680068,11.1602533885932,16399089.0,79.8652687573958,33.65724911523,6.65929211357343,0.0822748,5.0097,1.26594871609927
ZMB,Zambia,2016,0.353,5.978,0.201509828331436,0.133442341627499,0.584841718827952,0.0605652973336245,0.0191389731245651,0.229643683181277,4.567448182782843,10.89325669884359,21.58695756440637,10.78954538300283,71.0460770668914,0.18791063697532,10.30000019,84.0,42.3442476889162,3.16251974813899,1303.57513869133,11.6772125402718,16914423.0,73.958561254616,34.8771666095938,13.5761011694227,-0.2072561,4.8563,1.22914184242635
ZMB,Zambia,2017,0.428,7.459,0.221816338766087,0.106687589729966,0.622081724441265,0.0558519352088421,0.0233322735545865,0.213871055426282,4.401580808115771,11.01428436960425,21.80816737001935,9.854142029325914,77.0500111230113,0.205901846878562,12.19999981,83.5,42.7295979877011,4.28050117059574,1308.76829240086,13.2264399699464,17441320.0,71.5856946542566,37.3040449214626,10.0728370854916,-0.211101999999999,4.9661,1.24364091712703
ZMB,Zambia,2018,0.482,8.658,0.223114743453036,0.132477095092345,0.607465580919459,0.0468493504939479,0.0198070300464805,0.214587453834805,3.725421679882285,10.99696667002685,22.25787597462405,10.53513297584168,86.0723321005416,0.401856748651311,14.2999970950012,83.8,43.1114735233156,1.55231886738395,1321.25045711573,11.7483463033985,17973569.0,74.8883695274665,34.4853215849232,7.41157094843257,-0.2916638,4.9885,1.24430125384007
ZMB,Zambia,2019,0.478,8.846,0.25996124034285,0.148298920469598,0.59161172878105,0.0445141585252504,0.0185722851176506,0.244050973174495,3.130767250215432,9.661202005266029,22.94659752227569,10.84340978312838,93.0147820773422,0.48013272665923,14.47189999,86.1,43.4897864547552,2.3509190433173,1301.18132976178,7.91506539515975,18513839.0,68.791204936096,34.9419812171167,7.63347048076743,-0.3690652,5.1817,1.30700930641089
ZMB,Zambia,2020,0.524,9.991,0.235469376865479,0.111598132050807,0.57182941423781,0.0370872495540165,0.0223677979511022,0.232303020892892,3.009225823416777,9.555449383895734,31.63052191480334,11.83492765424341,100.235122888213,0.431897234933218,14.64579964,85.4,43.8644489410157,1.35190577412928,1228.73500113195,16.2222307618142,19059395.0,79.2068494095955,40.1976896628281,13.9138706178858,-0.3679359,5.133,1.21065499155211
ZMB,Zambia,2021,0.477,9.35,0.210848202673133,0.112597173758456,0.555469910337337,0.0398222632136868,0.024053998376847,0.25373116606973,2.74229811728282,8.40554569499392,25.54633958199391,9.465285880421758,103.28257957834,0.411108017009319,14.82190037,83.0,44.2353731410926,1.78407846118257,1269.10821808895,35.2641479964325,19603607.0,86.2085111934645,41.8319384724467,25.1427776148297,-0.158277199999999,5.5268,1.19652271442919
ZMB,Zambia,2022,0.543,10.939,0.174024477446541,0.135544173197306,0.542246405999845,0.0418568870664015,0.0219825879025543,0.279956708918689,2.663726510285519,7.991179530856556,29.76389786952172,10.61898817768575,98.4372601156219,0.428949863290405,15.0,46.232655429987176,44.5988511178469,-0.223286755156161,1298.8480495593,,20152938.0,69.2973154193203,35.2838210182449,6.14031838965083,0.0456326,6.1897,1.19561124053134
ZMB,Zambia,2023,0.571,11.831,0.175119606280434,0.112446186555124,0.526381875927775,0.0448139795141482,0.0258895698963454,0.28269521506203,2.602001795630632,8.362983407042861,32.00163701842947,12.74255731940745,102.06156495632,0.681389878819039,16.45070076,46.13794169604431,45.0285853521585,2.32465335614826,1330.85998216751,,20723965.0,78.2418870451485,35.107778069402,7.09462960303757,-0.0111463999999999,6.1719,1.16734643323586
ZMB,Zambia,2024,0.565,12.043,,,,,,,2.508346261734633,7.701344273249144,30.34450297559617,11.86534615316755,108.704779873813,0.789797548725881,17.10099983,46.07897128540384,45.4703838491279,9.32437789659637,1343.38966380353,,21314956.0,62.5348874064443,35.2465830565142,14.4106633303405,-0.1007849,6.3873,1.14267368621414
