country_code,country_name,year,ED
ABW,Aruba,2010,0.0014
ABW,Aruba,2011,0.0014
ABW,Aruba,2012,0.0014
ABW,Aruba,2013,0.0014
ABW,Aruba,2014,0.0014
ABW,Aruba,2015,0.0014
ABW,Aruba,2016,0.0014
ABW,Aruba,2017,0.0014
ABW,Aruba,2018,0.0014
ABW,Aruba,2019,0.0014
ABW,Aruba,2020,0.0014
ABW,Aruba,2021,0.0015
ABW,Aruba,2022,0.0015
ABW,Aruba,2023,0.0015
ABW,Aruba,2024,0.0015
ABW,Aruba,2025,
AFE,Africa Eastern and Southern,2010,307.6379
AFE,Africa Eastern and Southern,2011,305.5115
AFE,Africa Eastern and Southern,2012,314.0515
AFE,Africa Eastern and Southern,2013,315.5128
AFE,Africa Eastern and Southern,2014,319.0352
AFE,Africa Eastern and Southern,2015,322.2644
AFE,Africa Eastern and Southern,2016,329.9698
AFE,Africa Eastern and Southern,2017,327.6403
AFE,Africa Eastern and Southern,2018,334.9267
AFE,Africa Eastern and Southern,2019,349.5968
AFE,Africa Eastern and Southern,2020,365.3138
AFE,Africa Eastern and Southern,2021,355.8237
AFE,Africa Eastern and Southern,2022,362.2581
AFE,Africa Eastern and Southern,2023,373.2821
AFE,Africa Eastern and Southern,2024,380.5494
AFE,Africa Eastern and Southern,2025,
AFG,Afghanistan,2010,13.6515
AFG,Afghanistan,2011,13.5864
AFG,Afghanistan,2012,13.1225
AFG,Afghanistan,2013,12.8916
AFG,Afghanistan,2014,13.2465
AFG,Afghanistan,2015,12.4692
AFG,Afghanistan,2016,11.9603
AFG,Afghanistan,2017,11.5819
AFG,Afghanistan,2018,11.8867
AFG,Afghanistan,2019,12.053
AFG,Afghanistan,2020,12.3271
AFG,Afghanistan,2021,12.3193
AFG,Afghanistan,2022,12.3824
AFG,Afghanistan,2023,12.3887
AFG,Afghanistan,2024,12.4833
AFG,Afghanistan,2025,
AFW,Africa Western and Central,2010,155.6084
AFW,Africa Western and Central,2011,163.8237
AFW,Africa Western and Central,2012,172.1154
AFW,Africa Western and Central,2013,178.8236
AFW,Africa Western and Central,2014,185.4401
AFW,Africa Western and Central,2015,194.605
AFW,Africa Western and Central,2016,201.8382
AFW,Africa Western and Central,2017,208.1463
AFW,Africa Western and Central,2018,215.9697
AFW,Africa Western and Central,2019,223.213
AFW,Africa Western and Central,2020,227.3173
AFW,Africa Western and Central,2021,238.4981
AFW,Africa Western and Central,2022,245.1275
AFW,Africa Western and Central,2023,251.4595
AFW,Africa Western and Central,2024,257.1726
AFW,Africa Western and Central,2025,
AGO,Angola,2010,6.0847
AGO,Angola,2011,6.2484
AGO,Angola,2012,6.327
AGO,Angola,2013,6.5573
AGO,Angola,2014,6.6956
AGO,Angola,2015,6.8523
AGO,Angola,2016,6.9685
AGO,Angola,2017,6.8481
AGO,Angola,2018,6.8036
AGO,Angola,2019,7.0802
AGO,Angola,2020,7.1146
AGO,Angola,2021,7.1939
AGO,Angola,2022,7.2824
AGO,Angola,2023,7.1879
AGO,Angola,2024,7.2478
AGO,Angola,2025,
ALB,Albania,2010,1.8668
ALB,Albania,2011,1.8729
ALB,Albania,2012,1.9231
ALB,Albania,2013,1.9663
ALB,Albania,2014,2.0053
ALB,Albania,2015,2.0165
ALB,Albania,2016,2.0009
ALB,Albania,2017,1.9533
ALB,Albania,2018,1.9102
ALB,Albania,2019,1.7559
ALB,Albania,2020,1.5737
ALB,Albania,2021,1.4787
ALB,Albania,2022,1.35
ALB,Albania,2023,1.2102
ALB,Albania,2024,1.0701
ALB,Albania,2025,
AND,Andorra,2010,
AND,Andorra,2011,
AND,Andorra,2012,
AND,Andorra,2013,
AND,Andorra,2014,
AND,Andorra,2015,
AND,Andorra,2016,
AND,Andorra,2017,
AND,Andorra,2018,
AND,Andorra,2019,
AND,Andorra,2020,
AND,Andorra,2021,
AND,Andorra,2022,
AND,Andorra,2023,
AND,Andorra,2024,
AND,Andorra,2025,
ARB,Arab World,2010,145.3451
ARB,Arab World,2011,146.8504
ARB,Arab World,2012,150.8797
ARB,Arab World,2013,151.3416
ARB,Arab World,2014,152.4889
ARB,Arab World,2015,151.1082
ARB,Arab World,2016,151.5738
ARB,Arab World,2017,150.0319
ARB,Arab World,2018,149.9193
ARB,Arab World,2019,147.3368
ARB,Arab World,2020,150.9044
ARB,Arab World,2021,150.8132
ARB,Arab World,2022,152.9488
ARB,Arab World,2023,152.6768
ARB,Arab World,2024,153.6286
ARB,Arab World,2025,
ARE,United Arab Emirates,2010,1.1178
ARE,United Arab Emirates,2011,1.1161
ARE,United Arab Emirates,2012,1.1208
ARE,United Arab Emirates,2013,1.2449
ARE,United Arab Emirates,2014,1.3399
ARE,United Arab Emirates,2015,1.3961
ARE,United Arab Emirates,2016,1.4123
ARE,United Arab Emirates,2017,1.4441
ARE,United Arab Emirates,2018,1.449
ARE,United Arab Emirates,2019,1.4745
ARE,United Arab Emirates,2020,1.4904
ARE,United Arab Emirates,2021,1.5133
ARE,United Arab Emirates,2022,1.6039
ARE,United Arab Emirates,2023,1.6011
ARE,United Arab Emirates,2024,1.6314
ARE,United Arab Emirates,2025,
ARG,Argentina,2010,97.6415
ARG,Argentina,2011,96.1654
ARG,Argentina,2012,99.1014
ARG,Argentina,2013,101.3174
ARG,Argentina,2014,102.15
ARG,Argentina,2015,101.5162
ARG,Argentina,2016,103.0171
ARG,Argentina,2017,106.9121
ARG,Argentina,2018,106.3249
ARG,Argentina,2019,107.1145
ARG,Argentina,2020,106.0454
ARG,Argentina,2021,103.9611
ARG,Argentina,2022,105.2629
ARG,Argentina,2023,104.5161
ARG,Argentina,2024,105.3821
ARG,Argentina,2025,
ARM,Armenia,2010,1.3692
ARM,Armenia,2011,1.3699
ARM,Armenia,2012,1.4408
ARM,Armenia,2013,1.5874
ARM,Armenia,2014,1.634
ARM,Armenia,2015,1.6612
ARM,Armenia,2016,1.6965
ARM,Armenia,2017,1.5844
ARM,Armenia,2018,1.4392
ARM,Armenia,2019,1.3917
ARM,Armenia,2020,1.4126
ARM,Armenia,2021,1.4899
ARM,Armenia,2022,1.3852
ARM,Armenia,2023,1.2614
ARM,Armenia,2024,1.2631
ARM,Armenia,2025,
ASM,American Samoa,2010,0.004
ASM,American Samoa,2011,0.004
ASM,American Samoa,2012,0.004
ASM,American Samoa,2013,0.004
ASM,American Samoa,2014,0.004
ASM,American Samoa,2015,0.004
ASM,American Samoa,2016,0.004
ASM,American Samoa,2017,0.004
ASM,American Samoa,2018,0.004
ASM,American Samoa,2019,0.004
ASM,American Samoa,2020,0.004
ASM,American Samoa,2021,0.004
ASM,American Samoa,2022,0.004
ASM,American Samoa,2023,0.004
ASM,American Samoa,2024,0.004
ASM,American Samoa,2025,
ATG,Antigua and Barbuda,2010,0.0158
ATG,Antigua and Barbuda,2011,0.0159
ATG,Antigua and Barbuda,2012,0.0159
ATG,Antigua and Barbuda,2013,0.0159
ATG,Antigua and Barbuda,2014,0.0159
ATG,Antigua and Barbuda,2015,0.0159
ATG,Antigua and Barbuda,2016,0.0158
ATG,Antigua and Barbuda,2017,0.0159
ATG,Antigua and Barbuda,2018,0.0149
ATG,Antigua and Barbuda,2019,0.0125
ATG,Antigua and Barbuda,2020,0.012
ATG,Antigua and Barbuda,2021,0.0116
ATG,Antigua and Barbuda,2022,0.0112
ATG,Antigua and Barbuda,2023,0.0129
ATG,Antigua and Barbuda,2024,0.0125
ATG,Antigua and Barbuda,2025,
AUS,Australia,2010,75.9109
AUS,Australia,2011,81.325
AUS,Australia,2012,82.1396
AUS,Australia,2013,84.3242
AUS,Australia,2014,83.241
AUS,Australia,2015,79.6591
AUS,Australia,2016,73.421
AUS,Australia,2017,77.3679
AUS,Australia,2018,77.2308
AUS,Australia,2019,72.1408
AUS,Australia,2020,69.0154
AUS,Australia,2021,72.5942
AUS,Australia,2022,73.0429
AUS,Australia,2023,84.6281
AUS,Australia,2024,84.701
AUS,Australia,2025,
AUT,Austria,2010,5.5451
AUT,Austria,2011,5.5543
AUT,Austria,2012,5.471
AUT,Austria,2013,5.4509
AUT,Austria,2014,5.4632
AUT,Austria,2015,5.4809
AUT,Austria,2016,5.4718
AUT,Austria,2017,5.4694
AUT,Austria,2018,5.3837
AUT,Austria,2019,5.3065
AUT,Austria,2020,5.2711
AUT,Austria,2021,5.3001
AUT,Austria,2022,5.2986
AUT,Austria,2023,5.2077
AUT,Austria,2024,5.2082
AUT,Austria,2025,
AZE,Azerbaijan,2010,7.4423
AZE,Azerbaijan,2011,7.4784
AZE,Azerbaijan,2012,7.5557
AZE,Azerbaijan,2013,7.6589
AZE,Azerbaijan,2014,7.7698
AZE,Azerbaijan,2015,7.8144
AZE,Azerbaijan,2016,7.7938
AZE,Azerbaijan,2017,7.7395
AZE,Azerbaijan,2018,7.6691
AZE,Azerbaijan,2019,7.6327
AZE,Azerbaijan,2020,7.5896
AZE,Azerbaijan,2021,7.5401
AZE,Azerbaijan,2022,7.4591
AZE,Azerbaijan,2023,7.1169
AZE,Azerbaijan,2024,7.0345
AZE,Azerbaijan,2025,
BDI,Burundi,2010,1.2029
BDI,Burundi,2011,1.3114
BDI,Burundi,2012,1.2984
BDI,Burundi,2013,1.5654
BDI,Burundi,2014,1.5518
BDI,Burundi,2015,1.5206
BDI,Burundi,2016,1.6907
BDI,Burundi,2017,2.1331
BDI,Burundi,2018,2.1345
BDI,Burundi,2019,1.9111
BDI,Burundi,2020,1.7394
BDI,Burundi,2021,2.4601
BDI,Burundi,2022,2.5129
BDI,Burundi,2023,2.7759
BDI,Burundi,2024,2.9027
BDI,Burundi,2025,
BEL,Belgium,2010,7.4024
BEL,Belgium,2011,7.2841
BEL,Belgium,2012,7.1526
BEL,Belgium,2013,6.9795
BEL,Belgium,2014,7.0237
BEL,Belgium,2015,7.1572
BEL,Belgium,2016,7.1552
BEL,Belgium,2017,6.8971
BEL,Belgium,2018,7.026
BEL,Belgium,2019,6.9909
BEL,Belgium,2020,6.993
BEL,Belgium,2021,6.9093
BEL,Belgium,2022,6.8175
BEL,Belgium,2023,6.6117
BEL,Belgium,2024,6.6157
BEL,Belgium,2025,
BEN,Benin,2010,2.3486
BEN,Benin,2011,2.4305
BEN,Benin,2012,2.507
BEN,Benin,2013,2.6583
BEN,Benin,2014,2.649
BEN,Benin,2015,2.6895
BEN,Benin,2016,2.7924
BEN,Benin,2017,2.8561
BEN,Benin,2018,3.0401
BEN,Benin,2019,3.0549
BEN,Benin,2020,2.8696
BEN,Benin,2021,3.1926
BEN,Benin,2022,3.4184
BEN,Benin,2023,3.6597
BEN,Benin,2024,3.7666
BEN,Benin,2025,
BFA,Burkina Faso,2010,11.9785
BFA,Burkina Faso,2011,12.1781
BFA,Burkina Faso,2012,12.5468
BFA,Burkina Faso,2013,12.8027
BFA,Burkina Faso,2014,13.128
BFA,Burkina Faso,2015,13.389
BFA,Burkina Faso,2016,13.8569
BFA,Burkina Faso,2017,14.0592
BFA,Burkina Faso,2018,14.3892
BFA,Burkina Faso,2019,14.778
BFA,Burkina Faso,2020,12.1195
BFA,Burkina Faso,2021,15.3216
BFA,Burkina Faso,2022,15.2503
BFA,Burkina Faso,2023,14.4469
BFA,Burkina Faso,2024,14.3944
BFA,Burkina Faso,2025,
BGD,Bangladesh,2010,49.5964
BGD,Bangladesh,2011,50.0417
BGD,Bangladesh,2012,50.2725
BGD,Bangladesh,2013,50.4681
BGD,Bangladesh,2014,50.7275
BGD,Bangladesh,2015,50.8555
BGD,Bangladesh,2016,50.4119
BGD,Bangladesh,2017,51.5698
BGD,Bangladesh,2018,51.6336
BGD,Bangladesh,2019,51.8718
BGD,Bangladesh,2020,52.0419
BGD,Bangladesh,2021,52.7777
BGD,Bangladesh,2022,53.0532
BGD,Bangladesh,2023,48.5841
BGD,Bangladesh,2024,47.4059
BGD,Bangladesh,2025,
BGR,Bulgaria,2010,2.2169
BGR,Bulgaria,2011,2.2318
BGR,Bulgaria,2012,2.1788
BGR,Bulgaria,2013,2.0792
BGR,Bulgaria,2014,2.1793
BGR,Bulgaria,2015,2.1735
BGR,Bulgaria,2016,2.153
BGR,Bulgaria,2017,2.182
BGR,Bulgaria,2018,2.1383
BGR,Bulgaria,2019,2.0754
BGR,Bulgaria,2020,2.2025
BGR,Bulgaria,2021,2.1826
BGR,Bulgaria,2022,2.0721
BGR,Bulgaria,2023,2.0641
BGR,Bulgaria,2024,2.0486
BGR,Bulgaria,2025,
BHR,Bahrain,2010,0.0237
BHR,Bahrain,2011,0.0238
BHR,Bahrain,2012,0.0242
BHR,Bahrain,2013,0.0248
BHR,Bahrain,2014,0.0247
BHR,Bahrain,2015,0.0238
BHR,Bahrain,2016,0.0238
BHR,Bahrain,2017,0.0237
BHR,Bahrain,2018,0.0268
BHR,Bahrain,2019,0.0277
BHR,Bahrain,2020,0.0255
BHR,Bahrain,2021,0.0265
BHR,Bahrain,2022,0.0272
BHR,Bahrain,2023,0.0267
BHR,Bahrain,2024,0.0267
BHR,Bahrain,2025,
BHS,"Bahamas, The",2010,0.006
BHS,"Bahamas, The",2011,0.006
BHS,"Bahamas, The",2012,0.0061
BHS,"Bahamas, The",2013,0.0061
BHS,"Bahamas, The",2014,0.0061
BHS,"Bahamas, The",2015,0.0061
BHS,"Bahamas, The",2016,0.0061
BHS,"Bahamas, The",2017,0.0061
BHS,"Bahamas, The",2018,0.0061
BHS,"Bahamas, The",2019,0.0061
BHS,"Bahamas, The",2020,0.0061
BHS,"Bahamas, The",2021,0.0061
BHS,"Bahamas, The",2022,0.0061
BHS,"Bahamas, The",2023,0.0062
BHS,"Bahamas, The",2024,0.0062
BHS,"Bahamas, The",2025,
BIH,Bosnia and Herzegovina,2010,1.6216
BIH,Bosnia and Herzegovina,2011,1.5641
BIH,Bosnia and Herzegovina,2012,1.5464
BIH,Bosnia and Herzegovina,2013,1.6089
BIH,Bosnia and Herzegovina,2014,1.5752
BIH,Bosnia and Herzegovina,2015,1.5358
BIH,Bosnia and Herzegovina,2016,1.5283
BIH,Bosnia and Herzegovina,2017,1.5063
BIH,Bosnia and Herzegovina,2018,1.4894
BIH,Bosnia and Herzegovina,2019,1.4621
BIH,Bosnia and Herzegovina,2020,1.4555
BIH,Bosnia and Herzegovina,2021,1.158
BIH,Bosnia and Herzegovina,2022,1.2074
BIH,Bosnia and Herzegovina,2023,1.1141
BIH,Bosnia and Herzegovina,2024,1.0398
BIH,Bosnia and Herzegovina,2025,
BLR,Belarus,2010,11.2466
BLR,Belarus,2011,11.5072
BLR,Belarus,2012,11.9072
BLR,Belarus,2013,12.2973
BLR,Belarus,2014,12.4515
BLR,Belarus,2015,12.5065
BLR,Belarus,2016,12.4022
BLR,Belarus,2017,12.5697
BLR,Belarus,2018,12.4895
BLR,Belarus,2019,12.405
BLR,Belarus,2020,12.374
BLR,Belarus,2021,12.1867
BLR,Belarus,2022,12.1291
BLR,Belarus,2023,12.2155
BLR,Belarus,2024,12.2447
BLR,Belarus,2025,
BLZ,Belize,2010,0.1839
BLZ,Belize,2011,0.1912
BLZ,Belize,2012,0.1974
BLZ,Belize,2013,0.2188
BLZ,Belize,2014,0.1877
BLZ,Belize,2015,0.1901
BLZ,Belize,2016,0.1948
BLZ,Belize,2017,0.2011
BLZ,Belize,2018,0.2022
BLZ,Belize,2019,0.2049
BLZ,Belize,2020,0.2048
BLZ,Belize,2021,0.209
BLZ,Belize,2022,0.2104
BLZ,Belize,2023,0.2046
BLZ,Belize,2024,0.2047
BLZ,Belize,2025,
BMU,Bermuda,2010,0.0021
BMU,Bermuda,2011,0.0022
BMU,Bermuda,2012,0.0022
BMU,Bermuda,2013,0.0022
BMU,Bermuda,2014,0.0022
BMU,Bermuda,2015,0.0022
BMU,Bermuda,2016,0.0022
BMU,Bermuda,2017,0.0022
BMU,Bermuda,2018,0.0022
BMU,Bermuda,2019,0.0022
BMU,Bermuda,2020,0.0022
BMU,Bermuda,2021,0.0022
BMU,Bermuda,2022,0.0022
BMU,Bermuda,2023,0.0021
BMU,Bermuda,2024,0.0021
BMU,Bermuda,2025,
BOL,Bolivia,2010,16.4348
BOL,Bolivia,2011,16.781
BOL,Bolivia,2012,17.1721
BOL,Bolivia,2013,17.5908
BOL,Bolivia,2014,17.2483
BOL,Bolivia,2015,17.5239
BOL,Bolivia,2016,17.7462
BOL,Bolivia,2017,18.1024
BOL,Bolivia,2018,18.5775
BOL,Bolivia,2019,18.9455
BOL,Bolivia,2020,19.5023
BOL,Bolivia,2021,20.0107
BOL,Bolivia,2022,20.6408
BOL,Bolivia,2023,21.2469
BOL,Bolivia,2024,21.7612
BOL,Bolivia,2025,
BRA,Brazil,2010,415.8568
BRA,Brazil,2011,425.5894
BRA,Brazil,2012,423.2285
BRA,Brazil,2013,427.9851
BRA,Brazil,2014,431.5563
BRA,Brazil,2015,439.8321
BRA,Brazil,2016,444.2768
BRA,Brazil,2017,439.3693
BRA,Brazil,2018,436.5891
BRA,Brazil,2019,438.752
BRA,Brazil,2020,444.6822
BRA,Brazil,2021,457.3507
BRA,Brazil,2022,476.2004
BRA,Brazil,2023,485.0341
BRA,Brazil,2024,471.8112
BRA,Brazil,2025,
BRB,Barbados,2010,0.0288
BRB,Barbados,2011,0.0287
BRB,Barbados,2012,0.0291
BRB,Barbados,2013,0.029
BRB,Barbados,2014,0.0288
BRB,Barbados,2015,0.0285
BRB,Barbados,2016,0.0283
BRB,Barbados,2017,0.0286
BRB,Barbados,2018,0.0288
BRB,Barbados,2019,0.0297
BRB,Barbados,2020,0.0302
BRB,Barbados,2021,0.0305
BRB,Barbados,2022,0.0309
BRB,Barbados,2023,0.028
BRB,Barbados,2024,0.0279
BRB,Barbados,2025,
BRN,Brunei Darussalam,2010,0.0236
BRN,Brunei Darussalam,2011,0.0204
BRN,Brunei Darussalam,2012,0.0218
BRN,Brunei Darussalam,2013,0.022
BRN,Brunei Darussalam,2014,0.0213
BRN,Brunei Darussalam,2015,0.023
BRN,Brunei Darussalam,2016,0.0228
BRN,Brunei Darussalam,2017,0.0217
BRN,Brunei Darussalam,2018,0.0217
BRN,Brunei Darussalam,2019,0.0204
BRN,Brunei Darussalam,2020,0.0232
BRN,Brunei Darussalam,2021,0.0228
BRN,Brunei Darussalam,2022,0.0223
BRN,Brunei Darussalam,2023,0.0216
BRN,Brunei Darussalam,2024,0.0212
BRN,Brunei Darussalam,2025,
BTN,Bhutan,2010,0.4371
BTN,Bhutan,2011,0.4438
BTN,Bhutan,2012,0.4291
BTN,Bhutan,2013,0.4407
BTN,Bhutan,2014,0.4397
BTN,Bhutan,2015,0.4424
BTN,Bhutan,2016,0.4578
BTN,Bhutan,2017,0.4619
BTN,Bhutan,2018,0.459
BTN,Bhutan,2019,0.4432
BTN,Bhutan,2020,0.416
BTN,Bhutan,2021,0.4094
BTN,Bhutan,2022,0.3825
BTN,Bhutan,2023,0.36
BTN,Bhutan,2024,0.3401
BTN,Bhutan,2025,
BWA,Botswana,2010,3.7543
BWA,Botswana,2011,3.6185
BWA,Botswana,2012,3.1853
BWA,Botswana,2013,2.9663
BWA,Botswana,2014,2.3403
BWA,Botswana,2015,2.4569
BWA,Botswana,2016,2.1758
BWA,Botswana,2017,1.6308
BWA,Botswana,2018,1.6429
BWA,Botswana,2019,1.4334
BWA,Botswana,2020,1.4621
BWA,Botswana,2021,1.5313
BWA,Botswana,2022,1.4878
BWA,Botswana,2023,1.5048
BWA,Botswana,2024,1.5098
BWA,Botswana,2025,
CAF,Central African Republic,2010,5.0206
CAF,Central African Republic,2011,5.4682
CAF,Central African Republic,2012,5.564
CAF,Central African Republic,2013,5.6238
CAF,Central African Republic,2014,5.6951
CAF,Central African Republic,2015,5.8193
CAF,Central African Republic,2016,5.9496
CAF,Central African Republic,2017,5.8462
CAF,Central African Republic,2018,5.9869
CAF,Central African Republic,2019,5.975
CAF,Central African Republic,2020,6.1454
CAF,Central African Republic,2021,6.1875
CAF,Central African Republic,2022,6.2946
CAF,Central African Republic,2023,6.3741
CAF,Central African Republic,2024,6.4505
CAF,Central African Republic,2025,
CAN,Canada,2010,29.8617
CAN,Canada,2011,29.647
CAN,Canada,2012,30.3784
CAN,Canada,2013,30.9116
CAN,Canada,2014,31.1033
CAN,Canada,2015,30.9245
CAN,Canada,2016,31.0234
CAN,Canada,2017,30.9522
CAN,Canada,2018,31.4458
CAN,Canada,2019,31.4264
CAN,Canada,2020,31.1926
CAN,Canada,2021,31.1694
CAN,Canada,2022,31.195
CAN,Canada,2023,30.6326
CAN,Canada,2024,30.5285
CAN,Canada,2025,
CEB,Central Europe and the Baltics,2010,49.6548
CEB,Central Europe and the Baltics,2011,47.8777
CEB,Central Europe and the Baltics,2012,47.2771
CEB,Central Europe and the Baltics,2013,47.6621
CEB,Central Europe and the Baltics,2014,48.5194
CEB,Central Europe and the Baltics,2015,49.1096
CEB,Central Europe and the Baltics,2016,49.0387
CEB,Central Europe and the Baltics,2017,49.4625
CEB,Central Europe and the Baltics,2018,48.9254
CEB,Central Europe and the Baltics,2019,48.8598
CEB,Central Europe and the Baltics,2020,48.9571
CEB,Central Europe and the Baltics,2021,48.1918
CEB,Central Europe and the Baltics,2022,48.1121
CEB,Central Europe and the Baltics,2023,47.7017
CEB,Central Europe and the Baltics,2024,47.622
CEB,Central Europe and the Baltics,2025,
CHE,Switzerland,2010,4.1788
CHE,Switzerland,2011,4.1468
CHE,Switzerland,2012,4.12
CHE,Switzerland,2013,4.2429
CHE,Switzerland,2014,4.2747
CHE,Switzerland,2015,4.2354
CHE,Switzerland,2016,4.205
CHE,Switzerland,2017,4.1856
CHE,Switzerland,2018,4.1835
CHE,Switzerland,2019,4.1004
CHE,Switzerland,2020,4.0778
CHE,Switzerland,2021,4.0785
CHE,Switzerland,2022,4.0872
CHE,Switzerland,2023,4.0491
CHE,Switzerland,2024,4.0528
CHE,Switzerland,2025,
CHI,Channel Islands,2010,
CHI,Channel Islands,2011,
CHI,Channel Islands,2012,
CHI,Channel Islands,2013,
CHI,Channel Islands,2014,
CHI,Channel Islands,2015,
CHI,Channel Islands,2016,
CHI,Channel Islands,2017,
CHI,Channel Islands,2018,
CHI,Channel Islands,2019,
CHI,Channel Islands,2020,
CHI,Channel Islands,2021,
CHI,Channel Islands,2022,
CHI,Channel Islands,2023,
CHI,Channel Islands,2024,
CHI,Channel Islands,2025,
CHL,Chile,2010,8.7017
CHL,Chile,2011,8.6254
CHL,Chile,2012,8.6755
CHL,Chile,2013,7.1549
CHL,Chile,2014,6.7966
CHL,Chile,2015,6.4143
CHL,Chile,2016,6.5836
CHL,Chile,2017,6.6588
CHL,Chile,2018,6.8836
CHL,Chile,2019,7.1222
CHL,Chile,2020,7.2805
CHL,Chile,2021,6.8801
CHL,Chile,2022,6.7649
CHL,Chile,2023,6.6331
CHL,Chile,2024,6.6465
CHL,Chile,2025,
CHN,China,2010,486.7554
CHN,China,2011,483.7363
CHN,China,2012,483.3797
CHN,China,2013,483.2052
CHN,China,2014,484.9423
CHN,China,2015,487.3929
CHN,China,2016,488.1849
CHN,China,2017,481.1923
CHN,China,2018,478.809
CHN,China,2019,465.559
CHN,China,2020,475.7055
CHN,China,2021,480.2183
CHN,China,2022,477.155
CHN,China,2023,500.243
CHN,China,2024,498.9837
CHN,China,2025,
CIV,Cote d'Ivoire,2010,2.642
CIV,Cote d'Ivoire,2011,2.5957
CIV,Cote d'Ivoire,2012,2.8464
CIV,Cote d'Ivoire,2013,2.9643
CIV,Cote d'Ivoire,2014,3.0076
CIV,Cote d'Ivoire,2015,3.0539
CIV,Cote d'Ivoire,2016,3.1476
CIV,Cote d'Ivoire,2017,3.2967
CIV,Cote d'Ivoire,2018,3.3704
CIV,Cote d'Ivoire,2019,3.4195
CIV,Cote d'Ivoire,2020,3.3829
CIV,Cote d'Ivoire,2021,3.5358
CIV,Cote d'Ivoire,2022,3.5096
CIV,Cote d'Ivoire,2023,3.7948
CIV,Cote d'Ivoire,2024,3.8818
CIV,Cote d'Ivoire,2025,
CMR,Cameroon,2010,6.3206
CMR,Cameroon,2011,6.5066
CMR,Cameroon,2012,6.8367
CMR,Cameroon,2013,7.1442
CMR,Cameroon,2014,7.333
CMR,Cameroon,2015,7.5905
CMR,Cameroon,2016,7.2085
CMR,Cameroon,2017,7.2029
CMR,Cameroon,2018,7.1976
CMR,Cameroon,2019,7.3507
CMR,Cameroon,2020,7.3466
CMR,Cameroon,2021,7.457
CMR,Cameroon,2022,7.4963
CMR,Cameroon,2023,7.4124
CMR,Cameroon,2024,7.4449
CMR,Cameroon,2025,
COD,"Congo, Dem. Rep.",2010,1.9209
COD,"Congo, Dem. Rep.",2011,1.9193
COD,"Congo, Dem. Rep.",2012,2.0619
COD,"Congo, Dem. Rep.",2013,2.1649
COD,"Congo, Dem. Rep.",2014,2.2258
COD,"Congo, Dem. Rep.",2015,2.2909
COD,"Congo, Dem. Rep.",2016,2.3436
COD,"Congo, Dem. Rep.",2017,2.4002
COD,"Congo, Dem. Rep.",2018,2.4726
COD,"Congo, Dem. Rep.",2019,2.5478
COD,"Congo, Dem. Rep.",2020,2.6834
COD,"Congo, Dem. Rep.",2021,2.8542
COD,"Congo, Dem. Rep.",2022,3.0381
COD,"Congo, Dem. Rep.",2023,3.3299
COD,"Congo, Dem. Rep.",2024,3.5031
COD,"Congo, Dem. Rep.",2025,
COG,"Congo, Rep.",2010,0.4699
COG,"Congo, Rep.",2011,0.4743
COG,"Congo, Rep.",2012,0.4745
COG,"Congo, Rep.",2013,0.4746
COG,"Congo, Rep.",2014,0.4774
COG,"Congo, Rep.",2015,0.4767
COG,"Congo, Rep.",2016,0.476
COG,"Congo, Rep.",2017,0.4747
COG,"Congo, Rep.",2018,0.4735
COG,"Congo, Rep.",2019,0.4739
COG,"Congo, Rep.",2020,0.4725
COG,"Congo, Rep.",2021,0.4719
COG,"Congo, Rep.",2022,0.4717
COG,"Congo, Rep.",2023,0.4626
COG,"Congo, Rep.",2024,0.4604
COG,"Congo, Rep.",2025,
COL,Colombia,2010,53.1813
COL,Colombia,2011,50.209
COL,Colombia,2012,47.6684
COL,Colombia,2013,47.3491
COL,Colombia,2014,45.0824
COL,Colombia,2015,44.5227
COL,Colombia,2016,45.7483
COL,Colombia,2017,48.7999
COL,Colombia,2018,51.8404
COL,Colombia,2019,54.2887
COL,Colombia,2020,56.1059
COL,Colombia,2021,58.7012
COL,Colombia,2022,58.7654
COL,Colombia,2023,58.7372
COL,Colombia,2024,58.8592
COL,Colombia,2025,
COM,Comoros,2010,0.0709
COM,Comoros,2011,0.0715
COM,Comoros,2012,0.0714
COM,Comoros,2013,0.0716
COM,Comoros,2014,0.0714
COM,Comoros,2015,0.0715
COM,Comoros,2016,0.0718
COM,Comoros,2017,0.0721
COM,Comoros,2018,0.0723
COM,Comoros,2019,0.0724
COM,Comoros,2020,0.0722
COM,Comoros,2021,0.0723
COM,Comoros,2022,0.0724
COM,Comoros,2023,0.0725
COM,Comoros,2024,0.0725
COM,Comoros,2025,
CPV,Cabo Verde,2010,0.0676
CPV,Cabo Verde,2011,0.0675
CPV,Cabo Verde,2012,0.0687
CPV,Cabo Verde,2013,0.0698
CPV,Cabo Verde,2014,0.0709
CPV,Cabo Verde,2015,0.0721
CPV,Cabo Verde,2016,0.0731
CPV,Cabo Verde,2017,0.0641
CPV,Cabo Verde,2018,0.0638
CPV,Cabo Verde,2019,0.0645
CPV,Cabo Verde,2020,0.0686
CPV,Cabo Verde,2021,0.0694
CPV,Cabo Verde,2022,0.07
CPV,Cabo Verde,2023,0.071
CPV,Cabo Verde,2024,0.0723
CPV,Cabo Verde,2025,
CRI,Costa Rica,2010,3.1757
CRI,Costa Rica,2011,3.2074
CRI,Costa Rica,2012,2.9875
CRI,Costa Rica,2013,3.0618
CRI,Costa Rica,2014,2.9377
CRI,Costa Rica,2015,2.9812
CRI,Costa Rica,2016,3.142
CRI,Costa Rica,2017,3.2351
CRI,Costa Rica,2018,3.4267
CRI,Costa Rica,2019,3.4991
CRI,Costa Rica,2020,3.1262
CRI,Costa Rica,2021,3.4655
CRI,Costa Rica,2022,3.5189
CRI,Costa Rica,2023,4.3964
CRI,Costa Rica,2024,4.383
CRI,Costa Rica,2025,
CSS,Caribbean small states,2010,2.1177
CSS,Caribbean small states,2011,2.2312
CSS,Caribbean small states,2012,2.2218
CSS,Caribbean small states,2013,2.4741
CSS,Caribbean small states,2014,2.6278
CSS,Caribbean small states,2015,2.6677
CSS,Caribbean small states,2016,2.3909
CSS,Caribbean small states,2017,2.5456
CSS,Caribbean small states,2018,2.4665
CSS,Caribbean small states,2019,2.5767
CSS,Caribbean small states,2020,2.5897
CSS,Caribbean small states,2021,2.3787
CSS,Caribbean small states,2022,2.292
CSS,Caribbean small states,2023,2.3565
CSS,Caribbean small states,2024,2.5403
CSS,Caribbean small states,2025,
CUB,Cuba,2010,8.0886
CUB,Cuba,2011,8.3218
CUB,Cuba,2012,8.3925
CUB,Cuba,2013,8.455
CUB,Cuba,2014,8.4539
CUB,Cuba,2015,8.0766
CUB,Cuba,2016,8.1916
CUB,Cuba,2017,7.8289
CUB,Cuba,2018,7.8109
CUB,Cuba,2019,7.7195
CUB,Cuba,2020,7.2902
CUB,Cuba,2021,7.0612
CUB,Cuba,2022,6.7823
CUB,Cuba,2023,6.5512
CUB,Cuba,2024,6.4221
CUB,Cuba,2025,
CUW,Curacao,2010,
CUW,Curacao,2011,
CUW,Curacao,2012,
CUW,Curacao,2013,
CUW,Curacao,2014,
CUW,Curacao,2015,
CUW,Curacao,2016,
CUW,Curacao,2017,
CUW,Curacao,2018,
CUW,Curacao,2019,
CUW,Curacao,2020,
CUW,Curacao,2021,
CUW,Curacao,2022,
CUW,Curacao,2023,
CUW,Curacao,2024,
CUW,Curacao,2025,
CYM,Cayman Islands,2010,0.0038
CYM,Cayman Islands,2011,0.0038
CYM,Cayman Islands,2012,0.0037
CYM,Cayman Islands,2013,0.0037
CYM,Cayman Islands,2014,0.0038
CYM,Cayman Islands,2015,0.0039
CYM,Cayman Islands,2016,0.0041
CYM,Cayman Islands,2017,0.0041
CYM,Cayman Islands,2018,0.0041
CYM,Cayman Islands,2019,0.0041
CYM,Cayman Islands,2020,0.0042
CYM,Cayman Islands,2021,0.0043
CYM,Cayman Islands,2022,0.0043
CYM,Cayman Islands,2023,0.0043
CYM,Cayman Islands,2024,0.0044
CYM,Cayman Islands,2025,
CYP,Cyprus,2010,0.3649
CYP,Cyprus,2011,0.3714
CYP,Cyprus,2012,0.3628
CYP,Cyprus,2013,0.3519
CYP,Cyprus,2014,0.3617
CYP,Cyprus,2015,0.3556
CYP,Cyprus,2016,0.3746
CYP,Cyprus,2017,0.3942
CYP,Cyprus,2018,0.4035
CYP,Cyprus,2019,0.4188
CYP,Cyprus,2020,0.4571
CYP,Cyprus,2021,0.4639
CYP,Cyprus,2022,0.4489
CYP,Cyprus,2023,0.4511
CYP,Cyprus,2024,0.4597
CYP,Cyprus,2025,
CZE,Czechia,2010,5.0036
CZE,Czechia,2011,4.95
CZE,Czechia,2012,4.9655
CZE,Czechia,2013,5.0301
CZE,Czechia,2014,5.1104
CZE,Czechia,2015,5.2139
CZE,Czechia,2016,5.2383
CZE,Czechia,2017,5.226
CZE,Czechia,2018,5.0647
CZE,Czechia,2019,5.0731
CZE,Czechia,2020,4.9885
CZE,Czechia,2021,5.0347
CZE,Czechia,2022,5.1
CZE,Czechia,2023,5.0568
CZE,Czechia,2024,5.0507
CZE,Czechia,2025,
DEU,Germany,2010,38.9808
DEU,Germany,2011,38.8241
DEU,Germany,2012,39.0087
DEU,Germany,2013,39.4585
DEU,Germany,2014,39.6563
DEU,Germany,2015,39.6261
DEU,Germany,2016,39.2997
DEU,Germany,2017,38.988
DEU,Germany,2018,37.9388
DEU,Germany,2019,37.1083
DEU,Germany,2020,36.2948
DEU,Germany,2021,35.1529
DEU,Germany,2022,34.5271
DEU,Germany,2023,33.9719
DEU,Germany,2024,33.9692
DEU,Germany,2025,
DJI,Djibouti,2010,0.5045
DJI,Djibouti,2011,0.5041
DJI,Djibouti,2012,0.508
DJI,Djibouti,2013,0.508
DJI,Djibouti,2014,0.5099
DJI,Djibouti,2015,0.5117
DJI,Djibouti,2016,0.5138
DJI,Djibouti,2017,0.5158
DJI,Djibouti,2018,0.5174
DJI,Djibouti,2019,0.5112
DJI,Djibouti,2020,0.511
DJI,Djibouti,2021,0.511
DJI,Djibouti,2022,0.5111
DJI,Djibouti,2023,0.5218
DJI,Djibouti,2024,0.5227
DJI,Djibouti,2025,
DMA,Dominica,2010,0.0263
DMA,Dominica,2011,0.0267
DMA,Dominica,2012,0.0272
DMA,Dominica,2013,0.0271
DMA,Dominica,2014,0.0271
DMA,Dominica,2015,0.027
DMA,Dominica,2016,0.027
DMA,Dominica,2017,0.027
DMA,Dominica,2018,0.0269
DMA,Dominica,2019,0.0271
DMA,Dominica,2020,0.0271
DMA,Dominica,2021,0.0271
DMA,Dominica,2022,0.0272
DMA,Dominica,2023,0.0272
DMA,Dominica,2024,0.0272
DMA,Dominica,2025,
DNK,Denmark,2010,6.9336
DNK,Denmark,2011,6.9035
DNK,Denmark,2012,6.9077
DNK,Denmark,2013,6.8395
DNK,Denmark,2014,6.7624
DNK,Denmark,2015,6.7882
DNK,Denmark,2016,6.8122
DNK,Denmark,2017,6.7827
DNK,Denmark,2018,6.8131
DNK,Denmark,2019,6.7938
DNK,Denmark,2020,6.9329
DNK,Denmark,2021,6.8356
DNK,Denmark,2022,6.4641
DNK,Denmark,2023,6.3384
DNK,Denmark,2024,6.3396
DNK,Denmark,2025,
DOM,Dominican Republic,2010,6.2168
DOM,Dominican Republic,2011,6.2841
DOM,Dominican Republic,2012,6.2913
DOM,Dominican Republic,2013,6.3219
DOM,Dominican Republic,2014,6.3499
DOM,Dominican Republic,2015,6.33
DOM,Dominican Republic,2016,6.3691
DOM,Dominican Republic,2017,6.453
DOM,Dominican Republic,2018,6.5453
DOM,Dominican Republic,2019,6.5503
DOM,Dominican Republic,2020,6.5908
DOM,Dominican Republic,2021,6.6735
DOM,Dominican Republic,2022,6.7307
DOM,Dominican Republic,2023,6.697
DOM,Dominican Republic,2024,6.7026
DOM,Dominican Republic,2025,
DZA,Algeria,2010,6.8783
DZA,Algeria,2011,7.239
DZA,Algeria,2012,7.5631
DZA,Algeria,2013,7.8728
DZA,Algeria,2014,8.4059
DZA,Algeria,2015,8.6527
DZA,Algeria,2016,8.5602
DZA,Algeria,2017,8.3831
DZA,Algeria,2018,8.2957
DZA,Algeria,2019,8.3528
DZA,Algeria,2020,8.5234
DZA,Algeria,2021,8.5833
DZA,Algeria,2022,8.6426
DZA,Algeria,2023,8.8292
DZA,Algeria,2024,8.936
DZA,Algeria,2025,
EAP,East Asia & Pacific (excluding high income),2010,869.9018
EAP,East Asia & Pacific (excluding high income),2011,867.1047
EAP,East Asia & Pacific (excluding high income),2012,868.8648
EAP,East Asia & Pacific (excluding high income),2013,862.7949
EAP,East Asia & Pacific (excluding high income),2014,866.2211
EAP,East Asia & Pacific (excluding high income),2015,867.7571
EAP,East Asia & Pacific (excluding high income),2016,871.935
EAP,East Asia & Pacific (excluding high income),2017,874.5389
EAP,East Asia & Pacific (excluding high income),2018,855.8175
EAP,East Asia & Pacific (excluding high income),2019,835.1738
EAP,East Asia & Pacific (excluding high income),2020,848.0822
EAP,East Asia & Pacific (excluding high income),2021,857.7699
EAP,East Asia & Pacific (excluding high income),2022,855.8623
EAP,East Asia & Pacific (excluding high income),2023,875.8932
EAP,East Asia & Pacific (excluding high income),2024,876.0069
EAP,East Asia & Pacific (excluding high income),2025,
EAR,Early-demographic dividend,2010,1502.9916
EAR,Early-demographic dividend,2011,1519.9236
EAR,Early-demographic dividend,2012,1540.6026
EAR,Early-demographic dividend,2013,1556.0586
EAR,Early-demographic dividend,2014,1565.33
EAR,Early-demographic dividend,2015,1577.3912
EAR,Early-demographic dividend,2016,1593.0628
EAR,Early-demographic dividend,2017,1614.3084
EAR,Early-demographic dividend,2018,1613.924
EAR,Early-demographic dividend,2019,1626.9526
EAR,Early-demographic dividend,2020,1657.9199
EAR,Early-demographic dividend,2021,1666.7733
EAR,Early-demographic dividend,2022,1682.6694
EAR,Early-demographic dividend,2023,1695.8074
EAR,Early-demographic dividend,2024,1712.2539
EAR,Early-demographic dividend,2025,
EAS,East Asia & Pacific,2010,1042.407
EAS,East Asia & Pacific,2011,1042.6169
EAS,East Asia & Pacific,2012,1046.0173
EAS,East Asia & Pacific,2013,1041.7553
EAS,East Asia & Pacific,2014,1043.438
EAS,East Asia & Pacific,2015,1039.9537
EAS,East Asia & Pacific,2016,1037.7398
EAS,East Asia & Pacific,2017,1043.6689
EAS,East Asia & Pacific,2018,1024.805
EAS,East Asia & Pacific,2019,998.7718
EAS,East Asia & Pacific,2020,1008.7766
EAS,East Asia & Pacific,2021,1023.0006
EAS,East Asia & Pacific,2022,1021.1415
EAS,East Asia & Pacific,2023,1051.3093
EAS,East Asia & Pacific,2024,1050.5322
EAS,East Asia & Pacific,2025,
ECA,Europe & Central Asia (excluding high income),2010,132.4936
ECA,Europe & Central Asia (excluding high income),2011,136.761
ECA,Europe & Central Asia (excluding high income),2012,141.6787
ECA,Europe & Central Asia (excluding high income),2013,148.2881
ECA,Europe & Central Asia (excluding high income),2014,151.966
ECA,Europe & Central Asia (excluding high income),2015,153.4543
ECA,Europe & Central Asia (excluding high income),2016,156.3951
ECA,Europe & Central Asia (excluding high income),2017,158.6114
ECA,Europe & Central Asia (excluding high income),2018,165.9226
ECA,Europe & Central Asia (excluding high income),2019,168.0977
ECA,Europe & Central Asia (excluding high income),2020,171.2941
ECA,Europe & Central Asia (excluding high income),2021,173.2475
ECA,Europe & Central Asia (excluding high income),2022,172.3959
ECA,Europe & Central Asia (excluding high income),2023,165.3978
ECA,Europe & Central Asia (excluding high income),2024,165.3483
ECA,Europe & Central Asia (excluding high income),2025,
ECS,Europe & Central Asia,2010,489.1018
ECS,Europe & Central Asia,2011,487.6821
ECS,Europe & Central Asia,2012,493.0291
ECS,Europe & Central Asia,2013,500.9913
ECS,Europe & Central Asia,2014,506.9909
ECS,Europe & Central Asia,2015,511.8844
ECS,Europe & Central Asia,2016,514.7793
ECS,Europe & Central Asia,2017,515.8446
ECS,Europe & Central Asia,2018,518.0254
ECS,Europe & Central Asia,2019,517.4274
ECS,Europe & Central Asia,2020,519.1637
ECS,Europe & Central Asia,2021,517.0975
ECS,Europe & Central Asia,2022,511.6414
ECS,Europe & Central Asia,2023,500.9875
ECS,Europe & Central Asia,2024,499.0571
ECS,Europe & Central Asia,2025,
ECU,Ecuador,2010,11.7374
ECU,Ecuador,2011,11.7096
ECU,Ecuador,2012,11.5625
ECU,Ecuador,2013,11.5398
ECU,Ecuador,2014,10.3257
ECU,Ecuador,2015,9.4576
ECU,Ecuador,2016,9.3785
ECU,Ecuador,2017,9.4574
ECU,Ecuador,2018,8.9401
ECU,Ecuador,2019,9.2833
ECU,Ecuador,2020,9.5339
ECU,Ecuador,2021,9.1851
ECU,Ecuador,2022,8.7595
ECU,Ecuador,2023,8.5377
ECU,Ecuador,2024,8.4405
ECU,Ecuador,2025,
EGY,"Egypt, Arab Rep.",2010,19.479
EGY,"Egypt, Arab Rep.",2011,21.0202
EGY,"Egypt, Arab Rep.",2012,21.9246
EGY,"Egypt, Arab Rep.",2013,21.0114
EGY,"Egypt, Arab Rep.",2014,20.8568
EGY,"Egypt, Arab Rep.",2015,20.2171
EGY,"Egypt, Arab Rep.",2016,20.524
EGY,"Egypt, Arab Rep.",2017,19.2057
EGY,"Egypt, Arab Rep.",2018,17.3918
EGY,"Egypt, Arab Rep.",2019,12.2821
EGY,"Egypt, Arab Rep.",2020,11.7445
EGY,"Egypt, Arab Rep.",2021,11.8957
EGY,"Egypt, Arab Rep.",2022,12.3201
EGY,"Egypt, Arab Rep.",2023,13.8191
EGY,"Egypt, Arab Rep.",2024,13.3955
EGY,"Egypt, Arab Rep.",2025,
EMU,Euro area,2010,202.5741
EMU,Euro area,2011,199.9748
EMU,Euro area,2012,200.1031
EMU,Euro area,2013,200.3152
EMU,Euro area,2014,201.9489
EMU,Euro area,2015,204.9363
EMU,Euro area,2016,205.4878
EMU,Euro area,2017,204.1468
EMU,Euro area,2018,200.1093
EMU,Euro area,2019,198.4342
EMU,Euro area,2020,197.3672
EMU,Euro area,2021,194.7412
EMU,Euro area,2022,191.0624
EMU,Euro area,2023,188.2385
EMU,Euro area,2024,187.8598
EMU,Euro area,2025,
ERI,Eritrea,2010,2.8714
ERI,Eritrea,2011,2.9496
ERI,Eritrea,2012,2.9688
ERI,Eritrea,2013,2.9972
ERI,Eritrea,2014,3.0085
ERI,Eritrea,2015,3.0217
ERI,Eritrea,2016,3.0444
ERI,Eritrea,2017,3.063
ERI,Eritrea,2018,3.0808
ERI,Eritrea,2019,3.0905
ERI,Eritrea,2020,3.0968
ERI,Eritrea,2021,3.113
ERI,Eritrea,2022,3.1285
ERI,Eritrea,2023,3.1379
ERI,Eritrea,2024,3.1494
ERI,Eritrea,2025,
ESP,Spain,2010,26.0145
ESP,Spain,2011,25.376
ESP,Spain,2012,24.9445
ESP,Spain,2013,25.0296
ESP,Spain,2014,25.805
ESP,Spain,2015,26.9674
ESP,Spain,2016,27.1163
ESP,Spain,2017,27.4576
ESP,Spain,2018,27.8145
ESP,Spain,2019,27.9823
ESP,Spain,2020,28.4399
ESP,Spain,2021,28.6348
ESP,Spain,2022,28.0827
ESP,Spain,2023,27.4713
ESP,Spain,2024,27.3302
ESP,Spain,2025,
EST,Estonia,2010,0.8001
EST,Estonia,2011,0.8239
EST,Estonia,2012,0.8413
EST,Estonia,2013,0.8775
EST,Estonia,2014,0.9287
EST,Estonia,2015,0.9424
EST,Estonia,2016,0.8691
EST,Estonia,2017,0.8797
EST,Estonia,2018,0.8774
EST,Estonia,2019,0.8842
EST,Estonia,2020,0.8816
EST,Estonia,2021,0.8722
EST,Estonia,2022,0.8641
EST,Estonia,2023,0.8412
EST,Estonia,2024,0.8405
EST,Estonia,2025,
ETH,Ethiopia,2010,62.0157
ETH,Ethiopia,2011,59.9761
ETH,Ethiopia,2012,61.9633
ETH,Ethiopia,2013,63.8195
ETH,Ethiopia,2014,65.644
ETH,Ethiopia,2015,67.1516
ETH,Ethiopia,2016,69.253
ETH,Ethiopia,2017,70.8807
ETH,Ethiopia,2018,72.7047
ETH,Ethiopia,2019,79.1187
ETH,Ethiopia,2020,83.8146
ETH,Ethiopia,2021,78.8757
ETH,Ethiopia,2022,80.1631
ETH,Ethiopia,2023,84.7101
ETH,Ethiopia,2024,87.1101
ETH,Ethiopia,2025,
EUU,European Union,2010,251.993
EUU,European Union,2011,247.461
EUU,European Union,2012,246.9658
EUU,European Union,2013,247.5673
EUU,European Union,2014,249.7455
EUU,European Union,2015,253.0633
EUU,European Union,2016,253.7007
EUU,European Union,2017,252.859
EUU,European Union,2018,248.6814
EUU,European Union,2019,246.9409
EUU,European Union,2020,245.9563
EUU,European Union,2021,242.6037
EUU,European Union,2022,238.7111
EUU,European Union,2023,235.5382
EUU,European Union,2024,235.1449
EUU,European Union,2025,
FIN,Finland,2010,2.6556
FIN,Finland,2011,2.638
FIN,Finland,2012,2.6347
FIN,Finland,2013,2.647
FIN,Finland,2014,2.649
FIN,Finland,2015,2.6577
FIN,Finland,2016,2.6443
FIN,Finland,2017,2.5779
FIN,Finland,2018,2.482
FIN,Finland,2019,2.4444
FIN,Finland,2020,2.4296
FIN,Finland,2021,2.4002
FIN,Finland,2022,2.3602
FIN,Finland,2023,2.3467
FIN,Finland,2024,2.3551
FIN,Finland,2025,
FJI,Fiji,2010,0.7176
FJI,Fiji,2011,0.7104
FJI,Fiji,2012,0.7098
FJI,Fiji,2013,0.7162
FJI,Fiji,2014,0.3254
FJI,Fiji,2015,0.3134
FJI,Fiji,2016,0.3195
FJI,Fiji,2017,0.3449
FJI,Fiji,2018,0.3462
FJI,Fiji,2019,0.4226
FJI,Fiji,2020,0.3582
FJI,Fiji,2021,0.3049
FJI,Fiji,2022,0.3287
FJI,Fiji,2023,0.3916
FJI,Fiji,2024,0.4004
FJI,Fiji,2025,
FRA,France,2010,49.1258
FRA,France,2011,48.088
FRA,France,2012,48.0136
FRA,France,2013,48.0604
FRA,France,2014,48.2015
FRA,France,2015,48.6274
FRA,France,2016,48.3747
FRA,France,2017,47.6113
FRA,France,2018,47.0763
FRA,France,2019,46.1117
FRA,France,2020,45.2754
FRA,France,2021,44.1227
FRA,France,2022,42.9762
FRA,France,2023,42.3267
FRA,France,2024,42.2515
FRA,France,2025,
FRO,Faroe Islands,2010,0.0178
FRO,Faroe Islands,2011,0.018
FRO,Faroe Islands,2012,0.0182
FRO,Faroe Islands,2013,0.0182
FRO,Faroe Islands,2014,0.0196
FRO,Faroe Islands,2015,0.0198
FRO,Faroe Islands,2016,0.02
FRO,Faroe Islands,2017,0.0203
FRO,Faroe Islands,2018,0.0205
FRO,Faroe Islands,2019,0.0204
FRO,Faroe Islands,2020,0.0207
FRO,Faroe Islands,2021,0.0209
FRO,Faroe Islands,2022,0.0206
FRO,Faroe Islands,2023,0.0212
FRO,Faroe Islands,2024,0.0213
FRO,Faroe Islands,2025,
FSM,"Micronesia, Fed. Sts.",2010,0.028
FSM,"Micronesia, Fed. Sts.",2011,0.0298
FSM,"Micronesia, Fed. Sts.",2012,0.0298
FSM,"Micronesia, Fed. Sts.",2013,0.0307
FSM,"Micronesia, Fed. Sts.",2014,0.0311
FSM,"Micronesia, Fed. Sts.",2015,0.0315
FSM,"Micronesia, Fed. Sts.",2016,0.0322
FSM,"Micronesia, Fed. Sts.",2017,0.0317
FSM,"Micronesia, Fed. Sts.",2018,0.0318
FSM,"Micronesia, Fed. Sts.",2019,0.0332
FSM,"Micronesia, Fed. Sts.",2020,0.0325
FSM,"Micronesia, Fed. Sts.",2021,0.033
FSM,"Micronesia, Fed. Sts.",2022,0.0335
FSM,"Micronesia, Fed. Sts.",2023,0.0388
FSM,"Micronesia, Fed. Sts.",2024,0.0401
FSM,"Micronesia, Fed. Sts.",2025,
GAB,Gabon,2010,0.1001
GAB,Gabon,2011,0.1011
GAB,Gabon,2012,0.1033
GAB,Gabon,2013,0.1065
GAB,Gabon,2014,0.1077
GAB,Gabon,2015,0.1087
GAB,Gabon,2016,0.1097
GAB,Gabon,2017,0.1094
GAB,Gabon,2018,0.109
GAB,Gabon,2019,0.1102
GAB,Gabon,2020,0.111
GAB,Gabon,2021,0.1118
GAB,Gabon,2022,0.1118
GAB,Gabon,2023,0.1125
GAB,Gabon,2024,0.1132
GAB,Gabon,2025,
GBR,United Kingdom,2010,32.1842
GBR,United Kingdom,2011,31.8505
GBR,United Kingdom,2012,31.819
GBR,United Kingdom,2013,31.943
GBR,United Kingdom,2014,32.3888
GBR,United Kingdom,2015,32.5791
GBR,United Kingdom,2016,32.9791
GBR,United Kingdom,2017,33.2436
GBR,United Kingdom,2018,32.8477
GBR,United Kingdom,2019,32.4799
GBR,United Kingdom,2020,31.9897
GBR,United Kingdom,2021,32.1678
GBR,United Kingdom,2022,32.191
GBR,United Kingdom,2023,31.8257
GBR,United Kingdom,2024,31.5477
GBR,United Kingdom,2025,
GEO,Georgia,2010,2.3675
GEO,Georgia,2011,2.3734
GEO,Georgia,2012,2.6533
GEO,Georgia,2013,2.732
GEO,Georgia,2014,2.7784
GEO,Georgia,2015,2.3239
GEO,Georgia,2016,2.3542
GEO,Georgia,2017,2.2839
GEO,Georgia,2018,2.173
GEO,Georgia,2019,2.1002
GEO,Georgia,2020,2.0901
GEO,Georgia,2021,2.2082
GEO,Georgia,2022,2.2059
GEO,Georgia,2023,2.0591
GEO,Georgia,2024,2.061
GEO,Georgia,2025,
GHA,Ghana,2010,3.459
GHA,Ghana,2011,3.5918
GHA,Ghana,2012,3.7013
GHA,Ghana,2013,3.9178
GHA,Ghana,2014,4.0903
GHA,Ghana,2015,4.2781
GHA,Ghana,2016,4.4952
GHA,Ghana,2017,4.7305
GHA,Ghana,2018,4.7263
GHA,Ghana,2019,5.1027
GHA,Ghana,2020,5.3938
GHA,Ghana,2021,5.7423
GHA,Ghana,2022,5.936
GHA,Ghana,2023,6.1507
GHA,Ghana,2024,6.2048
GHA,Ghana,2025,
GIB,Gibraltar,2010,
GIB,Gibraltar,2011,
GIB,Gibraltar,2012,
GIB,Gibraltar,2013,
GIB,Gibraltar,2014,
GIB,Gibraltar,2015,
GIB,Gibraltar,2016,
GIB,Gibraltar,2017,
GIB,Gibraltar,2018,
GIB,Gibraltar,2019,
GIB,Gibraltar,2020,
GIB,Gibraltar,2021,
GIB,Gibraltar,2022,
GIB,Gibraltar,2023,
GIB,Gibraltar,2024,
GIB,Gibraltar,2025,
GIN,Guinea,2010,7.3366
GIN,Guinea,2011,7.2593
GIN,Guinea,2012,7.7694
GIN,Guinea,2013,8.3058
GIN,Guinea,2014,8.6115
GIN,Guinea,2015,9.166
GIN,Guinea,2016,9.6103
GIN,Guinea,2017,10.0944
GIN,Guinea,2018,10.6687
GIN,Guinea,2019,11.0781
GIN,Guinea,2020,11.5289
GIN,Guinea,2021,12.4211
GIN,Guinea,2022,13.2984
GIN,Guinea,2023,13.3825
GIN,Guinea,2024,13.6859
GIN,Guinea,2025,
GMB,"Gambia, The",2010,0.7391
GMB,"Gambia, The",2011,0.5839
GMB,"Gambia, The",2012,0.6009
GMB,"Gambia, The",2013,0.6516
GMB,"Gambia, The",2014,0.6959
GMB,"Gambia, The",2015,0.75
GMB,"Gambia, The",2016,0.6854
GMB,"Gambia, The",2017,0.6282
GMB,"Gambia, The",2018,0.5393
GMB,"Gambia, The",2019,0.5635
GMB,"Gambia, The",2020,0.5376
GMB,"Gambia, The",2021,0.4755
GMB,"Gambia, The",2022,0.5138
GMB,"Gambia, The",2023,0.547
GMB,"Gambia, The",2024,0.5387
GMB,"Gambia, The",2025,
GNB,Guinea-Bissau,2010,1.1981
GNB,Guinea-Bissau,2011,1.1674
GNB,Guinea-Bissau,2012,1.2376
GNB,Guinea-Bissau,2013,1.306
GNB,Guinea-Bissau,2014,1.1293
GNB,Guinea-Bissau,2015,1.2265
GNB,Guinea-Bissau,2016,1.2729
GNB,Guinea-Bissau,2017,1.2336
GNB,Guinea-Bissau,2018,1.2705
GNB,Guinea-Bissau,2019,1.3118
GNB,Guinea-Bissau,2020,1.3128
GNB,Guinea-Bissau,2021,1.3568
GNB,Guinea-Bissau,2022,1.3668
GNB,Guinea-Bissau,2023,1.3711
GNB,Guinea-Bissau,2024,1.3772
GNB,Guinea-Bissau,2025,
GNQ,Equatorial Guinea,2010,0.0138
GNQ,Equatorial Guinea,2011,0.0138
GNQ,Equatorial Guinea,2012,0.014
GNQ,Equatorial Guinea,2013,0.0141
GNQ,Equatorial Guinea,2014,0.0142
GNQ,Equatorial Guinea,2015,0.0143
GNQ,Equatorial Guinea,2016,0.0143
GNQ,Equatorial Guinea,2017,0.0144
GNQ,Equatorial Guinea,2018,0.0145
GNQ,Equatorial Guinea,2019,0.0146
GNQ,Equatorial Guinea,2020,0.0147
GNQ,Equatorial Guinea,2021,0.0147
GNQ,Equatorial Guinea,2022,0.0148
GNQ,Equatorial Guinea,2023,0.0153
GNQ,Equatorial Guinea,2024,0.0154
GNQ,Equatorial Guinea,2025,
GRC,Greece,2010,4.8786
GRC,Greece,2011,4.8507
GRC,Greece,2012,4.8226
GRC,Greece,2013,4.6785
GRC,Greece,2014,4.6007
GRC,Greece,2015,4.546
GRC,Greece,2016,4.5148
GRC,Greece,2017,4.5646
GRC,Greece,2018,4.2431
GRC,Greece,2019,4.199
GRC,Greece,2020,4.197
GRC,Greece,2021,4.1691
GRC,Greece,2022,3.9692
GRC,Greece,2023,4.1487
GRC,Greece,2024,4.1006
GRC,Greece,2025,
GRD,Grenada,2010,0.0102
GRD,Grenada,2011,0.0102
GRD,Grenada,2012,0.0104
GRD,Grenada,2013,0.0103
GRD,Grenada,2014,0.0104
GRD,Grenada,2015,0.0104
GRD,Grenada,2016,0.0104
GRD,Grenada,2017,0.0104
GRD,Grenada,2018,0.0104
GRD,Grenada,2019,0.0104
GRD,Grenada,2020,0.0104
GRD,Grenada,2021,0.0104
GRD,Grenada,2022,0.0104
GRD,Grenada,2023,0.0131
GRD,Grenada,2024,0.0137
GRD,Grenada,2025,
GRL,Greenland,2010,0.0046
GRL,Greenland,2011,0.0046
GRL,Greenland,2012,0.0046
GRL,Greenland,2013,0.0047
GRL,Greenland,2014,0.0045
GRL,Greenland,2015,0.0045
GRL,Greenland,2016,0.0044
GRL,Greenland,2017,0.0044
GRL,Greenland,2018,0.0044
GRL,Greenland,2019,0.0044
GRL,Greenland,2020,0.0044
GRL,Greenland,2021,0.0044
GRL,Greenland,2022,0.0044
GRL,Greenland,2023,0.0045
GRL,Greenland,2024,0.0045
GRL,Greenland,2025,
GTM,Guatemala,2010,6.0354
GTM,Guatemala,2011,5.9917
GTM,Guatemala,2012,6.1296
GTM,Guatemala,2013,6.2097
GTM,Guatemala,2014,6.5362
GTM,Guatemala,2015,6.7043
GTM,Guatemala,2016,6.8366
GTM,Guatemala,2017,6.9115
GTM,Guatemala,2018,7.0479
GTM,Guatemala,2019,7.1293
GTM,Guatemala,2020,7.2439
GTM,Guatemala,2021,7.3393
GTM,Guatemala,2022,7.4514
GTM,Guatemala,2023,7.4756
GTM,Guatemala,2024,7.4756
GTM,Guatemala,2025,
GUM,Guam,2010,0.0024
GUM,Guam,2011,0.0025
GUM,Guam,2012,0.0026
GUM,Guam,2013,0.0026
GUM,Guam,2014,0.0026
GUM,Guam,2015,0.0026
GUM,Guam,2016,0.0026
GUM,Guam,2017,0.0027
GUM,Guam,2018,0.0027
GUM,Guam,2019,0.0027
GUM,Guam,2020,0.0027
GUM,Guam,2021,0.0027
GUM,Guam,2022,0.0028
GUM,Guam,2023,0.0028
GUM,Guam,2024,0.0028
GUM,Guam,2025,
GUY,Guyana,2010,1.1312
GUY,Guyana,2011,1.2109
GUY,Guyana,2012,1.2383
GUY,Guyana,2013,1.4139
GUY,Guyana,2014,1.5801
GUY,Guyana,2015,1.6383
GUY,Guyana,2016,1.3353
GUY,Guyana,2017,1.4991
GUY,Guyana,2018,1.4534
GUY,Guyana,2019,1.5332
GUY,Guyana,2020,1.5723
GUY,Guyana,2021,1.3524
GUY,Guyana,2022,1.3642
GUY,Guyana,2023,1.4348
GUY,Guyana,2024,1.6178
GUY,Guyana,2025,
HKG,"Hong Kong SAR, China",2010,0.0192
HKG,"Hong Kong SAR, China",2011,0.0195
HKG,"Hong Kong SAR, China",2012,0.0197
HKG,"Hong Kong SAR, China",2013,0.0198
HKG,"Hong Kong SAR, China",2014,0.0198
HKG,"Hong Kong SAR, China",2015,0.0127
HKG,"Hong Kong SAR, China",2016,0.0128
HKG,"Hong Kong SAR, China",2017,0.0142
HKG,"Hong Kong SAR, China",2018,0.0143
HKG,"Hong Kong SAR, China",2019,0.0147
HKG,"Hong Kong SAR, China",2020,0.0156
HKG,"Hong Kong SAR, China",2021,0.0148
HKG,"Hong Kong SAR, China",2022,0.015
HKG,"Hong Kong SAR, China",2023,0.0153
HKG,"Hong Kong SAR, China",2024,0.0153
HKG,"Hong Kong SAR, China",2025,
HND,Honduras,2010,5.2327
HND,Honduras,2011,4.836
HND,Honduras,2012,4.9539
HND,Honduras,2013,5.0061
HND,Honduras,2014,4.9772
HND,Honduras,2015,4.9929
HND,Honduras,2016,5.0089
HND,Honduras,2017,5.0282
HND,Honduras,2018,5.051
HND,Honduras,2019,5.0752
HND,Honduras,2020,5.1003
HND,Honduras,2021,5.1148
HND,Honduras,2022,5.1403
HND,Honduras,2023,5.219
HND,Honduras,2024,5.2174
HND,Honduras,2025,
HPC,Heavily indebted poor countries (HIPC),2010,376.4119
HPC,Heavily indebted poor countries (HIPC),2011,378.5717
HPC,Heavily indebted poor countries (HIPC),2012,393.2559
HPC,Heavily indebted poor countries (HIPC),2013,403.2548
HPC,Heavily indebted poor countries (HIPC),2014,414.2621
HPC,Heavily indebted poor countries (HIPC),2015,423.4648
HPC,Heavily indebted poor countries (HIPC),2016,433.6592
HPC,Heavily indebted poor countries (HIPC),2017,441.9796
HPC,Heavily indebted poor countries (HIPC),2018,454.9588
HPC,Heavily indebted poor countries (HIPC),2019,470.8356
HPC,Heavily indebted poor countries (HIPC),2020,482.6922
HPC,Heavily indebted poor countries (HIPC),2021,490.2969
HPC,Heavily indebted poor countries (HIPC),2022,501.0829
HPC,Heavily indebted poor countries (HIPC),2023,520.766
HPC,Heavily indebted poor countries (HIPC),2024,532.3942
HPC,Heavily indebted poor countries (HIPC),2025,
HRV,Croatia,2010,1.4162
HRV,Croatia,2011,1.4799
HRV,Croatia,2012,1.5388
HRV,Croatia,2013,1.5271
HRV,Croatia,2014,1.6293
HRV,Croatia,2015,1.6831
HRV,Croatia,2016,1.69
HRV,Croatia,2017,1.71
HRV,Croatia,2018,1.6049
HRV,Croatia,2019,1.6298
HRV,Croatia,2020,1.6191
HRV,Croatia,2021,1.6247
HRV,Croatia,2022,1.5753
HRV,Croatia,2023,1.512
HRV,Croatia,2024,1.4934
HRV,Croatia,2025,
HTI,Haiti,2010,3.0582
HTI,Haiti,2011,3.0728
HTI,Haiti,2012,3.0861
HTI,Haiti,2013,3.1013
HTI,Haiti,2014,3.1077
HTI,Haiti,2015,3.1264
HTI,Haiti,2016,3.233
HTI,Haiti,2017,3.2008
HTI,Haiti,2018,3.4277
HTI,Haiti,2019,3.1731
HTI,Haiti,2020,3.1513
HTI,Haiti,2021,3.1665
HTI,Haiti,2022,3.1704
HTI,Haiti,2023,3.212
HTI,Haiti,2024,3.2236
HTI,Haiti,2025,
HUN,Hungary,2010,3.2789
HUN,Hungary,2011,3.2106
HUN,Hungary,2012,3.182
HUN,Hungary,2013,3.3341
HUN,Hungary,2014,3.3483
HUN,Hungary,2015,3.4265
HUN,Hungary,2016,3.4885
HUN,Hungary,2017,3.5175
HUN,Hungary,2018,3.596
HUN,Hungary,2019,3.6067
HUN,Hungary,2020,3.6804
HUN,Hungary,2021,3.5988
HUN,Hungary,2022,3.5552
HUN,Hungary,2023,3.4621
HUN,Hungary,2024,3.4449
HUN,Hungary,2025,
IBD,IBRD only,2010,2376.8258
IBD,IBRD only,2011,2389.166
IBD,IBRD only,2012,2398.3196
IBD,IBRD only,2013,2405.7351
IBD,IBRD only,2014,2408.2349
IBD,IBRD only,2015,2416.9422
IBD,IBRD only,2016,2431.7497
IBD,IBRD only,2017,2433.4702
IBD,IBRD only,2018,2440.0065
IBD,IBRD only,2019,2427.709
IBD,IBRD only,2020,2461.0895
IBD,IBRD only,2021,2483.4883
IBD,IBRD only,2022,2507.5801
IBD,IBRD only,2023,2540.7134
IBD,IBRD only,2024,2535.3401
IBD,IBRD only,2025,
IBT,IDA & IBRD total,2010,3184.0445
IBT,IDA & IBRD total,2011,3212.2165
IBT,IDA & IBRD total,2012,3240.2973
IBT,IDA & IBRD total,2013,3267.1367
IBT,IDA & IBRD total,2014,3286.7889
IBT,IDA & IBRD total,2015,3314.9315
IBT,IDA & IBRD total,2016,3352.8912
IBT,IDA & IBRD total,2017,3369.151
IBT,IDA & IBRD total,2018,3381.1176
IBT,IDA & IBRD total,2019,3397.9644
IBT,IDA & IBRD total,2020,3461.5998
IBT,IDA & IBRD total,2021,3497.3492
IBT,IDA & IBRD total,2022,3537.3004
IBT,IDA & IBRD total,2023,3586.4727
IBT,IDA & IBRD total,2024,3598.253
IBT,IDA & IBRD total,2025,
IDA,IDA total,2010,807.2187
IDA,IDA total,2011,823.0505
IDA,IDA total,2012,841.9777
IDA,IDA total,2013,861.4016
IDA,IDA total,2014,878.554000000001
IDA,IDA total,2015,897.9893
IDA,IDA total,2016,921.1415
IDA,IDA total,2017,935.6808
IDA,IDA total,2018,941.1111
IDA,IDA total,2019,970.2554
IDA,IDA total,2020,1000.5103
IDA,IDA total,2021,1013.8609
IDA,IDA total,2022,1029.7203
IDA,IDA total,2023,1045.7593
IDA,IDA total,2024,1062.9129
IDA,IDA total,2025,
IDB,IDA blend,2010,251.2545
IDB,IDA blend,2011,265.3616
IDB,IDA blend,2012,271.6164
IDB,IDA blend,2013,279.48
IDB,IDA blend,2014,284.7983
IDB,IDA blend,2015,293.1656
IDB,IDA blend,2016,304.3767
IDB,IDA blend,2017,308.134
IDB,IDA blend,2018,317.1982
IDB,IDA blend,2019,331.1896
IDB,IDA blend,2020,348.5268
IDB,IDA blend,2021,350.1298
IDB,IDA blend,2022,356.127
IDB,IDA blend,2023,364.5094
IDB,IDA blend,2024,372.7408
IDB,IDA blend,2025,
IDN,Indonesia,2010,85.5298
IDN,Indonesia,2011,86.0697
IDN,Indonesia,2012,88.2999
IDN,Indonesia,2013,81.3579
IDN,Indonesia,2014,84.6487
IDN,Indonesia,2015,85.3642
IDN,Indonesia,2016,83.0212
IDN,Indonesia,2017,86.0784
IDN,Indonesia,2018,87.3651
IDN,Indonesia,2019,85.8895
IDN,Indonesia,2020,86.2864
IDN,Indonesia,2021,85.7957
IDN,Indonesia,2022,87.6006
IDN,Indonesia,2023,86.8193
IDN,Indonesia,2024,88.3989
IDN,Indonesia,2025,
IDX,IDA only,2010,555.9642
IDX,IDA only,2011,557.6889
IDX,IDA only,2012,570.3613
IDX,IDA only,2013,581.9216
IDX,IDA only,2014,593.7557
IDX,IDA only,2015,604.8237
IDX,IDA only,2016,616.7648
IDX,IDA only,2017,627.5468
IDX,IDA only,2018,623.9129
IDX,IDA only,2019,639.0658
IDX,IDA only,2020,651.9835
IDX,IDA only,2021,663.7311
IDX,IDA only,2022,673.5933
IDX,IDA only,2023,681.2499
IDX,IDA only,2024,690.1721
IDX,IDA only,2025,
IMN,Isle of Man,2010,
IMN,Isle of Man,2011,
IMN,Isle of Man,2012,
IMN,Isle of Man,2013,
IMN,Isle of Man,2014,
IMN,Isle of Man,2015,
IMN,Isle of Man,2016,
IMN,Isle of Man,2017,
IMN,Isle of Man,2018,
IMN,Isle of Man,2019,
IMN,Isle of Man,2020,
IMN,Isle of Man,2021,
IMN,Isle of Man,2022,
IMN,Isle of Man,2023,
IMN,Isle of Man,2024,
IMN,Isle of Man,2025,
IND,India,2010,519.7861
IND,India,2011,524.1318
IND,India,2012,521.738
IND,India,2013,525.1112
IND,India,2014,525.559
IND,India,2015,528.1427
IND,India,2016,533.1175
IND,India,2017,535.7919
IND,India,2018,539.9492
IND,India,2019,541.6916
IND,India,2020,550.9323
IND,India,2021,551.1906
IND,India,2022,556.7311
IND,India,2023,565.9067
IND,India,2024,572.2699
IND,India,2025,
IRL,Ireland,2010,15.118
IRL,Ireland,2011,15.0554
IRL,Ireland,2012,15.7257
IRL,Ireland,2013,15.9794
IRL,Ireland,2014,16.1179
IRL,Ireland,2015,16.3963
IRL,Ireland,2016,17.0465
IRL,Ireland,2017,17.3515
IRL,Ireland,2018,15.5296
IRL,Ireland,2019,15.5657
IRL,Ireland,2020,15.583
IRL,Ireland,2021,15.916
IRL,Ireland,2022,15.7284
IRL,Ireland,2023,15.5842
IRL,Ireland,2024,15.5829
IRL,Ireland,2025,
IRN,"Iran, Islamic Rep.",2010,24.8972
IRN,"Iran, Islamic Rep.",2011,24.4911
IRN,"Iran, Islamic Rep.",2012,25.0293
IRN,"Iran, Islamic Rep.",2013,25.1456
IRN,"Iran, Islamic Rep.",2014,18.111
IRN,"Iran, Islamic Rep.",2015,19.4391
IRN,"Iran, Islamic Rep.",2016,20.9469
IRN,"Iran, Islamic Rep.",2017,19.7272
IRN,"Iran, Islamic Rep.",2018,20.3611
IRN,"Iran, Islamic Rep.",2019,22.0102
IRN,"Iran, Islamic Rep.",2020,22.9604
IRN,"Iran, Islamic Rep.",2021,23.533
IRN,"Iran, Islamic Rep.",2022,24.4404
IRN,"Iran, Islamic Rep.",2023,23.5079
IRN,"Iran, Islamic Rep.",2024,23.954
IRN,"Iran, Islamic Rep.",2025,
IRQ,Iraq,2010,4.6532
IRQ,Iraq,2011,4.8658
IRQ,Iraq,2012,5.0098
IRQ,Iraq,2013,4.6557
IRQ,Iraq,2014,4.7129
IRQ,Iraq,2015,3.5215
IRQ,Iraq,2016,3.6616
IRQ,Iraq,2017,3.811
IRQ,Iraq,2018,3.5972
IRQ,Iraq,2019,4.3728
IRQ,Iraq,2020,4.3477
IRQ,Iraq,2021,4.3621
IRQ,Iraq,2022,3.9153
IRQ,Iraq,2023,4.0318
IRQ,Iraq,2024,4.3001
IRQ,Iraq,2025,
ISL,Iceland,2010,0.3124
ISL,Iceland,2011,0.3118
ISL,Iceland,2012,0.3094
ISL,Iceland,2013,0.2982
ISL,Iceland,2014,0.3164
ISL,Iceland,2015,0.3247
ISL,Iceland,2016,0.3218
ISL,Iceland,2017,0.3168
ISL,Iceland,2018,0.3127
ISL,Iceland,2019,0.3072
ISL,Iceland,2020,0.2976
ISL,Iceland,2021,0.2913
ISL,Iceland,2022,0.2836
ISL,Iceland,2023,0.2848
ISL,Iceland,2024,0.2793
ISL,Iceland,2025,
ISR,Israel,2010,1.5074
ISR,Israel,2011,1.5702
ISR,Israel,2012,1.5648
ISR,Israel,2013,1.6608
ISR,Israel,2014,1.7425
ISR,Israel,2015,1.8279
ISR,Israel,2016,1.7814
ISR,Israel,2017,1.8502
ISR,Israel,2018,1.9581
ISR,Israel,2019,1.9834
ISR,Israel,2020,1.9456
ISR,Israel,2021,2.0593
ISR,Israel,2022,2.0836
ISR,Israel,2023,2.029
ISR,Israel,2024,2.0301
ISR,Israel,2025,
ITA,Italy,2010,23.0391
ITA,Italy,2011,22.3271
ITA,Italy,2012,22.5139
ITA,Italy,2013,22.1614
ITA,Italy,2014,21.7309
ITA,Italy,2015,21.7541
ITA,Italy,2016,22.1116
ITA,Italy,2017,22.1356
ITA,Italy,2018,22.8164
ITA,Italy,2019,22.7972
ITA,Italy,2020,22.9137
ITA,Italy,2021,22.5396
ITA,Italy,2022,22.1422
ITA,Italy,2023,21.9723
ITA,Italy,2024,21.9227
ITA,Italy,2025,
JAM,Jamaica,2010,0.4439
JAM,Jamaica,2011,0.4494
JAM,Jamaica,2012,0.4598
JAM,Jamaica,2013,0.4586
JAM,Jamaica,2014,0.4606
JAM,Jamaica,2015,0.4454
JAM,Jamaica,2016,0.4468
JAM,Jamaica,2017,0.4492
JAM,Jamaica,2018,0.4491
JAM,Jamaica,2019,0.4481
JAM,Jamaica,2020,0.4477
JAM,Jamaica,2021,0.4453
JAM,Jamaica,2022,0.4347
JAM,Jamaica,2023,0.4331
JAM,Jamaica,2024,0.43
JAM,Jamaica,2025,
JOR,Jordan,2010,0.6048
JOR,Jordan,2011,0.6233
JOR,Jordan,2012,0.615
JOR,Jordan,2013,0.6551
JOR,Jordan,2014,0.7174
JOR,Jordan,2015,0.7022
JOR,Jordan,2016,0.8106
JOR,Jordan,2017,0.7655
JOR,Jordan,2018,0.7579
JOR,Jordan,2019,0.758
JOR,Jordan,2020,0.7536
JOR,Jordan,2021,0.7761
JOR,Jordan,2022,0.7574
JOR,Jordan,2023,0.7564
JOR,Jordan,2024,0.7562
JOR,Jordan,2025,
JPN,Japan,2010,42.006
JPN,Japan,2011,39.9703
JPN,Japan,2012,39.7882
JPN,Japan,2013,40.4523
JPN,Japan,2014,39.8246
JPN,Japan,2015,38.9517
JPN,Japan,2016,38.6827
JPN,Japan,2017,38.5742
JPN,Japan,2018,38.6666
JPN,Japan,2019,38.5527
JPN,Japan,2020,38.8558
JPN,Japan,2021,39.1458
JPN,Japan,2022,39.062
JPN,Japan,2023,39.0971
JPN,Japan,2024,38.9033
JPN,Japan,2025,
KAZ,Kazakhstan,2010,18.9699
KAZ,Kazakhstan,2011,19.5876
KAZ,Kazakhstan,2012,18.6576
KAZ,Kazakhstan,2013,18.7347
KAZ,Kazakhstan,2014,19.2694
KAZ,Kazakhstan,2015,20.4084
KAZ,Kazakhstan,2016,21.0828
KAZ,Kazakhstan,2017,22.0516
KAZ,Kazakhstan,2018,23.1242
KAZ,Kazakhstan,2019,23.9794
KAZ,Kazakhstan,2020,25.2396
KAZ,Kazakhstan,2021,26.3572
KAZ,Kazakhstan,2022,27.4674
KAZ,Kazakhstan,2023,22.0829
KAZ,Kazakhstan,2024,22.3279
KAZ,Kazakhstan,2025,
KEN,Kenya,2010,41.2284
KEN,Kenya,2011,41.0958
KEN,Kenya,2012,40.2654
KEN,Kenya,2013,38.7502
KEN,Kenya,2014,38.5628
KEN,Kenya,2015,38.9977
KEN,Kenya,2016,42.4456
KEN,Kenya,2017,39.2062
KEN,Kenya,2018,41.6681
KEN,Kenya,2019,48.2539
KEN,Kenya,2020,57.5322
KEN,Kenya,2021,50.2455
KEN,Kenya,2022,52.0852
KEN,Kenya,2023,48.6276
KEN,Kenya,2024,50.0244
KEN,Kenya,2025,
KGZ,Kyrgyz Republic,2010,4.4139
KGZ,Kyrgyz Republic,2011,4.5364
KGZ,Kyrgyz Republic,2012,4.6292
KGZ,Kyrgyz Republic,2013,4.7777
KGZ,Kyrgyz Republic,2014,4.9452
KGZ,Kyrgyz Republic,2015,5.0328
KGZ,Kyrgyz Republic,2016,5.1603
KGZ,Kyrgyz Republic,2017,5.2882
KGZ,Kyrgyz Republic,2018,5.438
KGZ,Kyrgyz Republic,2019,5.594
KGZ,Kyrgyz Republic,2020,5.7064
KGZ,Kyrgyz Republic,2021,5.7876
KGZ,Kyrgyz Republic,2022,5.8449
KGZ,Kyrgyz Republic,2023,5.9069
KGZ,Kyrgyz Republic,2024,5.923
KGZ,Kyrgyz Republic,2025,
KHM,Cambodia,2010,19.7841
KHM,Cambodia,2011,20.579
KHM,Cambodia,2012,20.3413
KHM,Cambodia,2013,20.2545
KHM,Cambodia,2014,20.387
KHM,Cambodia,2015,20.3656
KHM,Cambodia,2016,20.954
KHM,Cambodia,2017,21.5549
KHM,Cambodia,2018,21.9265
KHM,Cambodia,2019,21.8539
KHM,Cambodia,2020,21.8476
KHM,Cambodia,2021,23.2932
KHM,Cambodia,2022,22.3042
KHM,Cambodia,2023,23.624
KHM,Cambodia,2024,23.8279
KHM,Cambodia,2025,
KIR,Kiribati,2010,0.0028
KIR,Kiribati,2011,0.0028
KIR,Kiribati,2012,0.0029
KIR,Kiribati,2013,0.0029
KIR,Kiribati,2014,0.003
KIR,Kiribati,2015,0.003
KIR,Kiribati,2016,0.003
KIR,Kiribati,2017,0.0031
KIR,Kiribati,2018,0.0031
KIR,Kiribati,2019,0.0031
KIR,Kiribati,2020,0.0031
KIR,Kiribati,2021,0.0032
KIR,Kiribati,2022,0.0032
KIR,Kiribati,2023,0.0032
KIR,Kiribati,2024,0.0033
KIR,Kiribati,2025,
KNA,St. Kitts and Nevis,2010,0.013
KNA,St. Kitts and Nevis,2011,0.0128
KNA,St. Kitts and Nevis,2012,0.0066
KNA,St. Kitts and Nevis,2013,0.0062
KNA,St. Kitts and Nevis,2014,0.0051
KNA,St. Kitts and Nevis,2015,0.0057
KNA,St. Kitts and Nevis,2016,0.0053
KNA,St. Kitts and Nevis,2017,0.0053
KNA,St. Kitts and Nevis,2018,0.0056
KNA,St. Kitts and Nevis,2019,0.0058
KNA,St. Kitts and Nevis,2020,0.0059
KNA,St. Kitts and Nevis,2021,0.01
KNA,St. Kitts and Nevis,2022,0.0151
KNA,St. Kitts and Nevis,2023,0.0102
KNA,St. Kitts and Nevis,2024,0.0111
KNA,St. Kitts and Nevis,2025,
KOR,"Korea, Rep.",2010,21.4315
KOR,"Korea, Rep.",2011,20.8178
KOR,"Korea, Rep.",2012,21.1253
KOR,"Korea, Rep.",2013,20.7423
KOR,"Korea, Rep.",2014,20.2633
KOR,"Korea, Rep.",2015,20.6368
KOR,"Korea, Rep.",2016,20.5901
KOR,"Korea, Rep.",2017,20.4581
KOR,"Korea, Rep.",2018,20.5407
KOR,"Korea, Rep.",2019,20.7129
KOR,"Korea, Rep.",2020,20.9987
KOR,"Korea, Rep.",2021,21.7034
KOR,"Korea, Rep.",2022,21.8349
KOR,"Korea, Rep.",2023,21.5088
KOR,"Korea, Rep.",2024,21.0197
KOR,"Korea, Rep.",2025,
KWT,Kuwait,2010,0.1869
KWT,Kuwait,2011,0.175
KWT,Kuwait,2012,0.1728
KWT,Kuwait,2013,0.1821
KWT,Kuwait,2014,0.2061
KWT,Kuwait,2015,0.204
KWT,Kuwait,2016,0.2169
KWT,Kuwait,2017,0.2282
KWT,Kuwait,2018,0.2314
KWT,Kuwait,2019,0.2555
KWT,Kuwait,2020,0.2478
KWT,Kuwait,2021,0.251
KWT,Kuwait,2022,0.25
KWT,Kuwait,2023,0.2555
KWT,Kuwait,2024,0.2602
KWT,Kuwait,2025,
LAC,Latin America & Caribbean (excluding high income),2010,775.5175
LAC,Latin America & Caribbean (excluding high income),2011,782.6092
LAC,Latin America & Caribbean (excluding high income),2012,786.3827
LAC,Latin America & Caribbean (excluding high income),2013,794.9791
LAC,Latin America & Caribbean (excluding high income),2014,799.2134
LAC,Latin America & Caribbean (excluding high income),2015,806.1495
LAC,Latin America & Caribbean (excluding high income),2016,812.9469
LAC,Latin America & Caribbean (excluding high income),2017,815.5654
LAC,Latin America & Caribbean (excluding high income),2018,815.9977
LAC,Latin America & Caribbean (excluding high income),2019,823.5655
LAC,Latin America & Caribbean (excluding high income),2020,833.2529
LAC,Latin America & Caribbean (excluding high income),2021,847.4237
LAC,Latin America & Caribbean (excluding high income),2022,869.2901
LAC,Latin America & Caribbean (excluding high income),2023,877.7082
LAC,Latin America & Caribbean (excluding high income),2024,865.5973
LAC,Latin America & Caribbean (excluding high income),2025,
LAO,Lao PDR,2010,7.3324
LAO,Lao PDR,2011,7.3522
LAO,Lao PDR,2012,7.9591
LAO,Lao PDR,2013,7.9144
LAO,Lao PDR,2014,8.2667
LAO,Lao PDR,2015,8.4821
LAO,Lao PDR,2016,8.7499
LAO,Lao PDR,2017,8.8012
LAO,Lao PDR,2018,8.5668
LAO,Lao PDR,2019,8.75
LAO,Lao PDR,2020,9.1073
LAO,Lao PDR,2021,9.1031
LAO,Lao PDR,2022,9.1783
LAO,Lao PDR,2023,9.5865
LAO,Lao PDR,2024,9.6266
LAO,Lao PDR,2025,
LBN,Lebanon,2010,0.2665
LBN,Lebanon,2011,0.3357
LBN,Lebanon,2012,0.3546
LBN,Lebanon,2013,0.3757
LBN,Lebanon,2014,0.3736
LBN,Lebanon,2015,0.3814
LBN,Lebanon,2016,0.3815
LBN,Lebanon,2017,0.3878
LBN,Lebanon,2018,0.3889
LBN,Lebanon,2019,0.3911
LBN,Lebanon,2020,0.3892
LBN,Lebanon,2021,0.392
LBN,Lebanon,2022,0.3904
LBN,Lebanon,2023,0.4029
LBN,Lebanon,2024,0.4058
LBN,Lebanon,2025,
LBR,Liberia,2010,0.3815
LBR,Liberia,2011,0.381
LBR,Liberia,2012,0.3666
LBR,Liberia,2013,0.3556
LBR,Liberia,2014,0.3668
LBR,Liberia,2015,0.401
LBR,Liberia,2016,0.4475
LBR,Liberia,2017,0.3724
LBR,Liberia,2018,0.3768
LBR,Liberia,2019,0.3871
LBR,Liberia,2020,0.3864
LBR,Liberia,2021,0.386
LBR,Liberia,2022,0.4012
LBR,Liberia,2023,0.3831
LBR,Liberia,2024,0.3841
LBR,Liberia,2025,
LBY,Libya,2010,1.8056
LBY,Libya,2011,1.8099
LBY,Libya,2012,1.8117
LBY,Libya,2013,1.8269
LBY,Libya,2014,1.8178
LBY,Libya,2015,1.8158
LBY,Libya,2016,1.8184
LBY,Libya,2017,1.8219
LBY,Libya,2018,1.9091
LBY,Libya,2019,1.9562
LBY,Libya,2020,1.8921
LBY,Libya,2021,1.8598
LBY,Libya,2022,1.9188
LBY,Libya,2023,1.9139
LBY,Libya,2024,1.9171
LBY,Libya,2025,
LCA,St. Lucia,2010,0.0226
LCA,St. Lucia,2011,0.0227
LCA,St. Lucia,2012,0.0227
LCA,St. Lucia,2013,0.0229
LCA,St. Lucia,2014,0.0235
LCA,St. Lucia,2015,0.0233
LCA,St. Lucia,2016,0.023
LCA,St. Lucia,2017,0.023
LCA,St. Lucia,2018,0.0228
LCA,St. Lucia,2019,0.0229
LCA,St. Lucia,2020,0.0229
LCA,St. Lucia,2021,0.0227
LCA,St. Lucia,2022,0.0228
LCA,St. Lucia,2023,0.0224
LCA,St. Lucia,2024,0.0223
LCA,St. Lucia,2025,
LCN,Latin America & Caribbean,2010,816.7401
LCN,Latin America & Caribbean,2011,823.9061
LCN,Latin America & Caribbean,2012,826.4252
LCN,Latin America & Caribbean,2013,833.5349
LCN,Latin America & Caribbean,2014,837.3668
LCN,Latin America & Caribbean,2015,843.4294
LCN,Latin America & Caribbean,2016,850.3603
LCN,Latin America & Caribbean,2017,852.8717
LCN,Latin America & Caribbean,2018,853.1852
LCN,Latin America & Caribbean,2019,860.914
LCN,Latin America & Caribbean,2020,869.9819
LCN,Latin America & Caribbean,2021,885.0407
LCN,Latin America & Caribbean,2022,906.3841
LCN,Latin America & Caribbean,2023,916.0101
LCN,Latin America & Caribbean,2024,904.8789
LCN,Latin America & Caribbean,2025,
LDC,Least developed countries: UN classification,2010,526.426
LDC,Least developed countries: UN classification,2011,526.8442
LDC,Least developed countries: UN classification,2012,538.626
LDC,Least developed countries: UN classification,2013,548.8776
LDC,Least developed countries: UN classification,2014,561.0847
LDC,Least developed countries: UN classification,2015,570.4675
LDC,Least developed countries: UN classification,2016,583.017
LDC,Least developed countries: UN classification,2017,594.9303
LDC,Least developed countries: UN classification,2018,589.95
LDC,Least developed countries: UN classification,2019,604.5377
LDC,Least developed countries: UN classification,2020,615.7341
LDC,Least developed countries: UN classification,2021,626.6489
LDC,Least developed countries: UN classification,2022,636.3655
LDC,Least developed countries: UN classification,2023,643.2588
LDC,Least developed countries: UN classification,2024,651.7929
LDC,Least developed countries: UN classification,2025,
LIE,Liechtenstein,2010,
LIE,Liechtenstein,2011,
LIE,Liechtenstein,2012,
LIE,Liechtenstein,2013,
LIE,Liechtenstein,2014,
LIE,Liechtenstein,2015,
LIE,Liechtenstein,2016,
LIE,Liechtenstein,2017,
LIE,Liechtenstein,2018,
LIE,Liechtenstein,2019,
LIE,Liechtenstein,2020,
LIE,Liechtenstein,2021,
LIE,Liechtenstein,2022,
LIE,Liechtenstein,2023,
LIE,Liechtenstein,2024,
LIE,Liechtenstein,2025,
LKA,Sri Lanka,2010,5.5499
LKA,Sri Lanka,2011,5.555
LKA,Sri Lanka,2012,5.5569
LKA,Sri Lanka,2013,5.8668
LKA,Sri Lanka,2014,4.709
LKA,Sri Lanka,2015,5.7698
LKA,Sri Lanka,2016,5.2773
LKA,Sri Lanka,2017,4.1333
LKA,Sri Lanka,2018,5.212
LKA,Sri Lanka,2019,5.0349
LKA,Sri Lanka,2020,5.4708
LKA,Sri Lanka,2021,5.6974
LKA,Sri Lanka,2022,5.3637
LKA,Sri Lanka,2023,5.5032
LKA,Sri Lanka,2024,5.5702
LKA,Sri Lanka,2025,
LMY,Low & middle income,2010,3056.7552
LMY,Low & middle income,2011,3087.549
LMY,Low & middle income,2012,3116.6087
LMY,Low & middle income,2013,3144.2373
LMY,Low & middle income,2014,3163.7414
LMY,Low & middle income,2015,3191.9184
LMY,Low & middle income,2016,3231.1169
LMY,Low & middle income,2017,3247.1387
LMY,Low & middle income,2018,3259.8543
LMY,Low & middle income,2019,3277.0799
LMY,Low & middle income,2020,3340.6594
LMY,Low & middle income,2021,3376.9372
LMY,Low & middle income,2022,3417.5523
LMY,Low & middle income,2023,3465.1866
LMY,Low & middle income,2024,3477.1118
LMY,Low & middle income,2025,
LSO,Lesotho,2010,0.9989
LSO,Lesotho,2011,1.0064
LSO,Lesotho,2012,1.0276
LSO,Lesotho,2013,0.9503
LSO,Lesotho,2014,0.938
LSO,Lesotho,2015,0.9157
LSO,Lesotho,2016,0.8911
LSO,Lesotho,2017,0.9983
LSO,Lesotho,2018,0.8888
LSO,Lesotho,2019,0.7686
LSO,Lesotho,2020,0.5808
LSO,Lesotho,2021,0.6564
LSO,Lesotho,2022,0.6991
LSO,Lesotho,2023,0.8065
LSO,Lesotho,2024,0.7882
LSO,Lesotho,2025,
LTE,Late-demographic dividend,2010,1311.8465
LTE,Late-demographic dividend,2011,1315.4616
LTE,Late-demographic dividend,2012,1310.1665
LTE,Late-demographic dividend,2013,1315.3814
LTE,Late-demographic dividend,2014,1315.4528
LTE,Late-demographic dividend,2015,1325.0353
LTE,Late-demographic dividend,2016,1335.9033
LTE,Late-demographic dividend,2017,1328.2131
LTE,Late-demographic dividend,2018,1325.4133
LTE,Late-demographic dividend,2019,1313.0457
LTE,Late-demographic dividend,2020,1333.4889
LTE,Late-demographic dividend,2021,1356.3243
LTE,Late-demographic dividend,2022,1371.2305
LTE,Late-demographic dividend,2023,1396.6645
LTE,Late-demographic dividend,2024,1382.9212
LTE,Late-demographic dividend,2025,
LTU,Lithuania,2010,2.4588
LTU,Lithuania,2011,2.472
LTU,Lithuania,2012,2.4871
LTU,Lithuania,2013,2.4227
LTU,Lithuania,2014,2.3786
LTU,Lithuania,2015,2.4537
LTU,Lithuania,2016,2.3972
LTU,Lithuania,2017,2.317
LTU,Lithuania,2018,2.1705
LTU,Lithuania,2019,2.1121
LTU,Lithuania,2020,2.077
LTU,Lithuania,2021,2.0501
LTU,Lithuania,2022,2.0826
LTU,Lithuania,2023,2.0255
LTU,Lithuania,2024,2.0228
LTU,Lithuania,2025,
LUX,Luxembourg,2010,0.4875
LUX,Luxembourg,2011,0.4761
LUX,Luxembourg,2012,0.4683
LUX,Luxembourg,2013,0.4819
LUX,Luxembourg,2014,0.492
LUX,Luxembourg,2015,0.5018
LUX,Luxembourg,2016,0.5102
LUX,Luxembourg,2017,0.5164
LUX,Luxembourg,2018,0.4991
LUX,Luxembourg,2019,0.4977
LUX,Luxembourg,2020,0.4949
LUX,Luxembourg,2021,0.4885
LUX,Luxembourg,2022,0.4852
LUX,Luxembourg,2023,0.4798
LUX,Luxembourg,2024,0.4798
LUX,Luxembourg,2025,
LVA,Latvia,2010,1.1317
LVA,Latvia,2011,1.143
LVA,Latvia,2012,1.154
LVA,Latvia,2013,1.1884
LVA,Latvia,2014,1.2377
LVA,Latvia,2015,1.2795
LVA,Latvia,2016,1.2687
LVA,Latvia,2017,1.2454
LVA,Latvia,2018,1.1922
LVA,Latvia,2019,1.1849
LVA,Latvia,2020,1.1896
LVA,Latvia,2021,1.1743
LVA,Latvia,2022,1.1567
LVA,Latvia,2023,1.0943
LVA,Latvia,2024,1.0945
LVA,Latvia,2025,
MAC,"Macao SAR, China",2010,0.0017
MAC,"Macao SAR, China",2011,0.0017
MAC,"Macao SAR, China",2012,0.0018
MAC,"Macao SAR, China",2013,0.0018
MAC,"Macao SAR, China",2014,0.0018
MAC,"Macao SAR, China",2015,0.0018
MAC,"Macao SAR, China",2016,0.0019
MAC,"Macao SAR, China",2017,0.0019
MAC,"Macao SAR, China",2018,0.0019
MAC,"Macao SAR, China",2019,0.0019
MAC,"Macao SAR, China",2020,0.0019
MAC,"Macao SAR, China",2021,0.0019
MAC,"Macao SAR, China",2022,0.002
MAC,"Macao SAR, China",2023,0.002
MAC,"Macao SAR, China",2024,0.002
MAC,"Macao SAR, China",2025,
MAF,St. Martin (French part),2010,
MAF,St. Martin (French part),2011,
MAF,St. Martin (French part),2012,
MAF,St. Martin (French part),2013,
MAF,St. Martin (French part),2014,
MAF,St. Martin (French part),2015,
MAF,St. Martin (French part),2016,
MAF,St. Martin (French part),2017,
MAF,St. Martin (French part),2018,
MAF,St. Martin (French part),2019,
MAF,St. Martin (French part),2020,
MAF,St. Martin (French part),2021,
MAF,St. Martin (French part),2022,
MAF,St. Martin (French part),2023,
MAF,St. Martin (French part),2024,
MAF,St. Martin (French part),2025,
MAR,Morocco,2010,7.8316
MAR,Morocco,2011,8.2772
MAR,Morocco,2012,8.2981
MAR,Morocco,2013,8.5292
MAR,Morocco,2014,8.7235
MAR,Morocco,2015,8.7551
MAR,Morocco,2016,8.8615
MAR,Morocco,2017,8.909
MAR,Morocco,2018,9.1004
MAR,Morocco,2019,9.2313
MAR,Morocco,2020,9.0932
MAR,Morocco,2021,9.23
MAR,Morocco,2022,8.9536
MAR,Morocco,2023,8.45
MAR,Morocco,2024,8.32
MAR,Morocco,2025,
MCO,Monaco,2010,
MCO,Monaco,2011,
MCO,Monaco,2012,
MCO,Monaco,2013,
MCO,Monaco,2014,
MCO,Monaco,2015,
MCO,Monaco,2016,
MCO,Monaco,2017,
MCO,Monaco,2018,
MCO,Monaco,2019,
MCO,Monaco,2020,
MCO,Monaco,2021,
MCO,Monaco,2022,
MCO,Monaco,2023,
MCO,Monaco,2024,
MCO,Monaco,2025,
MDA,Moldova,2010,1.1148
MDA,Moldova,2011,1.208
MDA,Moldova,2012,1.0728
MDA,Moldova,2013,1.1018
MDA,Moldova,2014,1.1124
MDA,Moldova,2015,1.118
MDA,Moldova,2016,1.1017
MDA,Moldova,2017,1.1299
MDA,Moldova,2018,1.0987
MDA,Moldova,2019,1.033
MDA,Moldova,2020,1.0026
MDA,Moldova,2021,0.9491
MDA,Moldova,2022,0.9251
MDA,Moldova,2023,0.9269
MDA,Moldova,2024,0.9268
MDA,Moldova,2025,
MDG,Madagascar,2010,16.82
MDG,Madagascar,2011,16.2647
MDG,Madagascar,2012,16.6987
MDG,Madagascar,2013,15.4393
MDG,Madagascar,2014,16.4973
MDG,Madagascar,2015,16.1549
MDG,Madagascar,2016,16.6577
MDG,Madagascar,2017,16.5021
MDG,Madagascar,2018,15.7871
MDG,Madagascar,2019,16.1408
MDG,Madagascar,2020,16.4335
MDG,Madagascar,2021,16.7201
MDG,Madagascar,2022,16.9025
MDG,Madagascar,2023,18.0758
MDG,Madagascar,2024,17.893
MDG,Madagascar,2025,
MDV,Maldives,2010,0.0
MDV,Maldives,2011,0.0
MDV,Maldives,2012,0.0
MDV,Maldives,2013,0.0
MDV,Maldives,2014,0.0
MDV,Maldives,2015,0.0
MDV,Maldives,2016,0.0
MDV,Maldives,2017,0.0
MDV,Maldives,2018,0.0
MDV,Maldives,2019,0.0
MDV,Maldives,2020,0.0
MDV,Maldives,2021,0.0
MDV,Maldives,2022,0.0
MDV,Maldives,2023,0.0
MDV,Maldives,2024,0.0
MDV,Maldives,2025,
MEA,"Middle East, North Africa, Afghanistan & Pakistan",2010,227.0802
MEA,"Middle East, North Africa, Afghanistan & Pakistan",2011,238.1852
MEA,"Middle East, North Africa, Afghanistan & Pakistan",2012,242.2777
MEA,"Middle East, North Africa, Afghanistan & Pakistan",2013,249.1266
MEA,"Middle East, North Africa, Afghanistan & Pakistan",2014,247.9322
MEA,"Middle East, North Africa, Afghanistan & Pakistan",2015,250.5618
MEA,"Middle East, North Africa, Afghanistan & Pakistan",2016,256.1611
MEA,"Middle East, North Africa, Afghanistan & Pakistan",2017,258.4017
MEA,"Middle East, North Africa, Afghanistan & Pakistan",2018,261.3832
MEA,"Middle East, North Africa, Afghanistan & Pakistan",2019,266.0317
MEA,"Middle East, North Africa, Afghanistan & Pakistan",2020,276.9768
MEA,"Middle East, North Africa, Afghanistan & Pakistan",2021,284.7093
MEA,"Middle East, North Africa, Afghanistan & Pakistan",2022,289.2733
MEA,"Middle East, North Africa, Afghanistan & Pakistan",2023,298.4344
MEA,"Middle East, North Africa, Afghanistan & Pakistan",2024,306.0687
MEA,"Middle East, North Africa, Afghanistan & Pakistan",2025,
MEX,Mexico,2010,76.761
MEX,Mexico,2011,77.5786
MEX,Mexico,2012,76.2762
MEX,Mexico,2013,77.6765
MEX,Mexico,2014,79.0669
MEX,Mexico,2015,80.5517
MEX,Mexico,2016,81.3619
MEX,Mexico,2017,82.4087
MEX,Mexico,2018,83.5417
MEX,Mexico,2019,84.4681
MEX,Mexico,2020,85.4664
MEX,Mexico,2021,86.2644
MEX,Mexico,2022,87.0094
MEX,Mexico,2023,87.6935
MEX,Mexico,2024,87.238
MEX,Mexico,2025,
MHL,Marshall Islands,2010,0.0
MHL,Marshall Islands,2011,0.0
MHL,Marshall Islands,2012,0.0
MHL,Marshall Islands,2013,0.0
MHL,Marshall Islands,2014,0.0
MHL,Marshall Islands,2015,0.0
MHL,Marshall Islands,2016,0.0
MHL,Marshall Islands,2017,0.0
MHL,Marshall Islands,2018,0.0
MHL,Marshall Islands,2019,0.0
MHL,Marshall Islands,2020,0.0
MHL,Marshall Islands,2021,0.0
MHL,Marshall Islands,2022,0.0
MHL,Marshall Islands,2023,0.0
MHL,Marshall Islands,2024,
MHL,Marshall Islands,2025,
MIC,Middle income,2010,2761.3115
MIC,Middle income,2011,2791.9831
MIC,Middle income,2012,2811.5856
MIC,Middle income,2013,2834.0428
MIC,Middle income,2014,2845.5657
MIC,Middle income,2015,2868.5352
MIC,Middle income,2016,2898.9881
MIC,Middle income,2017,2909.1903
MIC,Middle income,2018,2912.0018
MIC,Middle income,2019,2915.7088
MIC,Middle income,2020,2970.6637
MIC,Middle income,2021,3002.4987
MIC,Middle income,2022,3036.4059
MIC,Middle income,2023,3072.4817
MIC,Middle income,2024,3076.1599
MIC,Middle income,2025,
MKD,North Macedonia,2010,0.8454
MKD,North Macedonia,2011,0.8723
MKD,North Macedonia,2012,0.8379
MKD,North Macedonia,2013,0.8256
MKD,North Macedonia,2014,0.8406
MKD,North Macedonia,2015,0.8519
MKD,North Macedonia,2016,0.8622
MKD,North Macedonia,2017,0.8608
MKD,North Macedonia,2018,0.8534
MKD,North Macedonia,2019,0.7414
MKD,North Macedonia,2020,0.7382
MKD,North Macedonia,2021,0.6547
MKD,North Macedonia,2022,0.6247
MKD,North Macedonia,2023,0.5647
MKD,North Macedonia,2024,0.5072
MKD,North Macedonia,2025,
MLI,Mali,2010,15.5086
MLI,Mali,2011,16.0939
MLI,Mali,2012,16.7707
MLI,Mali,2013,17.2464
MLI,Mali,2014,17.8846
MLI,Mali,2015,18.5961
MLI,Mali,2016,19.9819
MLI,Mali,2017,21.1141
MLI,Mali,2018,22.1493
MLI,Mali,2019,22.8058
MLI,Mali,2020,23.4767
MLI,Mali,2021,24.0787
MLI,Mali,2022,23.469
MLI,Mali,2023,25.8541
MLI,Mali,2024,26.6393
MLI,Mali,2025,
MLT,Malta,2010,0.0557
MLT,Malta,2011,0.0522
MLT,Malta,2012,0.0538
MLT,Malta,2013,0.0535
MLT,Malta,2014,0.0539
MLT,Malta,2015,0.0557
MLT,Malta,2016,0.0545
MLT,Malta,2017,0.0525
MLT,Malta,2018,0.0531
MLT,Malta,2019,0.0525
MLT,Malta,2020,0.0524
MLT,Malta,2021,0.0525
MLT,Malta,2022,0.0526
MLT,Malta,2023,0.053
MLT,Malta,2024,0.053
MLT,Malta,2025,
MMR,Myanmar,2010,81.8215
MMR,Myanmar,2011,78.9538
MMR,Myanmar,2012,76.8153
MMR,Myanmar,2013,77.9153
MMR,Myanmar,2014,78.9817
MMR,Myanmar,2015,80.1879
MMR,Myanmar,2016,81.2739
MMR,Myanmar,2017,84.0609
MMR,Myanmar,2018,66.5883
MMR,Myanmar,2019,65.3282
MMR,Myanmar,2020,65.2727
MMR,Myanmar,2021,67.2703
MMR,Myanmar,2022,67.6137
MMR,Myanmar,2023,64.3751
MMR,Myanmar,2024,63.9133
MMR,Myanmar,2025,
MNA,"Middle East, North Africa, Afghanistan & Pakistan (excluding high income)",2010,220.0237
MNA,"Middle East, North Africa, Afghanistan & Pakistan (excluding high income)",2011,230.7996
MNA,"Middle East, North Africa, Afghanistan & Pakistan (excluding high income)",2012,234.7938
MNA,"Middle East, North Africa, Afghanistan & Pakistan (excluding high income)",2013,240.7095
MNA,"Middle East, North Africa, Afghanistan & Pakistan (excluding high income)",2014,239.441
MNA,"Middle East, North Africa, Afghanistan & Pakistan (excluding high income)",2015,241.7251
MNA,"Middle East, North Africa, Afghanistan & Pakistan (excluding high income)",2016,247.2266
MNA,"Middle East, North Africa, Afghanistan & Pakistan (excluding high income)",2017,249.2629
MNA,"Middle East, North Africa, Afghanistan & Pakistan (excluding high income)",2018,252.1362
MNA,"Middle East, North Africa, Afghanistan & Pakistan (excluding high income)",2019,256.4649
MNA,"Middle East, North Africa, Afghanistan & Pakistan (excluding high income)",2020,264.4475
MNA,"Middle East, North Africa, Afghanistan & Pakistan (excluding high income)",2021,272.1146
MNA,"Middle East, North Africa, Afghanistan & Pakistan (excluding high income)",2022,275.1282
MNA,"Middle East, North Africa, Afghanistan & Pakistan (excluding high income)",2023,284.8372
MNA,"Middle East, North Africa, Afghanistan & Pakistan (excluding high income)",2024,291.6582
MNA,"Middle East, North Africa, Afghanistan & Pakistan (excluding high income)",2025,
MNE,Montenegro,2010,
MNE,Montenegro,2011,
MNE,Montenegro,2012,
MNE,Montenegro,2013,
MNE,Montenegro,2014,
MNE,Montenegro,2015,
MNE,Montenegro,2016,
MNE,Montenegro,2017,
MNE,Montenegro,2018,
MNE,Montenegro,2019,
MNE,Montenegro,2020,
MNE,Montenegro,2021,
MNE,Montenegro,2022,
MNE,Montenegro,2023,
MNE,Montenegro,2024,
MNE,Montenegro,2025,
MNG,Mongolia,2010,8.4744
MNG,Mongolia,2011,9.2993
MNG,Mongolia,2012,10.3795
MNG,Mongolia,2013,11.5475
MNG,Mongolia,2014,13.3357
MNG,Mongolia,2015,14.5133
MNG,Mongolia,2016,15.8487
MNG,Mongolia,2017,17.0491
MNG,Mongolia,2018,17.1126
MNG,Mongolia,2019,18.3434
MNG,Mongolia,2020,17.7251
MNG,Mongolia,2021,18.1675
MNG,Mongolia,2022,19.5655
MNG,Mongolia,2023,18.42
MNG,Mongolia,2024,18.6812
MNG,Mongolia,2025,
MNP,Northern Mariana Islands,2010,0.0
MNP,Northern Mariana Islands,2011,0.0
MNP,Northern Mariana Islands,2012,0.0
MNP,Northern Mariana Islands,2013,0.0
MNP,Northern Mariana Islands,2014,0.0
MNP,Northern Mariana Islands,2015,0.0
MNP,Northern Mariana Islands,2016,0.0
MNP,Northern Mariana Islands,2017,0.0
MNP,Northern Mariana Islands,2018,0.0
MNP,Northern Mariana Islands,2019,0.0
MNP,Northern Mariana Islands,2020,0.0
MNP,Northern Mariana Islands,2021,0.0
MNP,Northern Mariana Islands,2022,0.0
MNP,Northern Mariana Islands,2023,0.0
MNP,Northern Mariana Islands,2024,
MNP,Northern Mariana Islands,2025,
MOZ,Mozambique,2010,2.4889
MOZ,Mozambique,2011,2.6576
MOZ,Mozambique,2012,3.0788
MOZ,Mozambique,2013,3.2018
MOZ,Mozambique,2014,3.4142
MOZ,Mozambique,2015,2.7943
MOZ,Mozambique,2016,3.2387
MOZ,Mozambique,2017,3.1754
MOZ,Mozambique,2018,3.7283
MOZ,Mozambique,2019,3.503
MOZ,Mozambique,2020,3.4329
MOZ,Mozambique,2021,3.4242
MOZ,Mozambique,2022,3.7455
MOZ,Mozambique,2023,3.9179
MOZ,Mozambique,2024,3.9276
MOZ,Mozambique,2025,
MRT,Mauritania,2010,5.8591
MRT,Mauritania,2011,6.025
MRT,Mauritania,2012,6.2005
MRT,Mauritania,2013,6.3769
MRT,Mauritania,2014,6.6404
MRT,Mauritania,2015,6.7701
MRT,Mauritania,2016,6.7294
MRT,Mauritania,2017,6.7854
MRT,Mauritania,2018,6.845
MRT,Mauritania,2019,7.0251
MRT,Mauritania,2020,7.0949
MRT,Mauritania,2021,7.1529
MRT,Mauritania,2022,7.1536
MRT,Mauritania,2023,7.296
MRT,Mauritania,2024,7.3317
MRT,Mauritania,2025,
MUS,Mauritius,2010,0.034
MUS,Mauritius,2011,0.0326
MUS,Mauritius,2012,0.0329
MUS,Mauritius,2013,0.0323
MUS,Mauritius,2014,0.0315
MUS,Mauritius,2015,0.0315
MUS,Mauritius,2016,0.0292
MUS,Mauritius,2017,0.0277
MUS,Mauritius,2018,0.0269
MUS,Mauritius,2019,0.0272
MUS,Mauritius,2020,0.0272
MUS,Mauritius,2021,0.0257
MUS,Mauritius,2022,0.0243
MUS,Mauritius,2023,0.0247
MUS,Mauritius,2024,0.0243
MUS,Mauritius,2025,
MWI,Malawi,2010,2.1274
MWI,Malawi,2011,2.2818
MWI,Malawi,2012,2.4341
MWI,Malawi,2013,2.6154
MWI,Malawi,2014,2.7889
MWI,Malawi,2015,2.9862
MWI,Malawi,2016,3.1678
MWI,Malawi,2017,3.3306
MWI,Malawi,2018,3.7372
MWI,Malawi,2019,4.3625
MWI,Malawi,2020,4.5365
MWI,Malawi,2021,4.7363
MWI,Malawi,2022,4.8591
MWI,Malawi,2023,5.1433
MWI,Malawi,2024,5.4159
MWI,Malawi,2025,
MYS,Malaysia,2010,4.4534
MYS,Malaysia,2011,4.3939
MYS,Malaysia,2012,4.3714
MYS,Malaysia,2013,4.3894
MYS,Malaysia,2014,4.2777
MYS,Malaysia,2015,4.4027
MYS,Malaysia,2016,4.3497
MYS,Malaysia,2017,4.29
MYS,Malaysia,2018,4.3007
MYS,Malaysia,2019,4.1182
MYS,Malaysia,2020,4.0351
MYS,Malaysia,2021,4.053
MYS,Malaysia,2022,3.9964
MYS,Malaysia,2023,3.8513
MYS,Malaysia,2024,3.8864
MYS,Malaysia,2025,
NAC,North America,2010,286.4418
NAC,North America,2011,281.7638
NAC,North America,2012,282.3476
NAC,North America,2013,281.6432
NAC,North America,2014,285.0726
NAC,North America,2015,287.1974
NAC,North America,2016,296.3955
NAC,North America,2017,296.2725
NAC,North America,2018,302.487
NAC,North America,2019,301.8791
NAC,North America,2020,302.6392
NAC,North America,2021,298.5864
NAC,North America,2022,293.302
NAC,North America,2023,289.5977
NAC,North America,2024,287.8774
NAC,North America,2025,
NAM,Namibia,2010,4.1949
NAM,Namibia,2011,4.173
NAM,Namibia,2012,4.9785
NAM,Namibia,2013,4.4922
NAM,Namibia,2014,4.888
NAM,Namibia,2015,4.7822
NAM,Namibia,2016,5.3607
NAM,Namibia,2017,5.0383
NAM,Namibia,2018,4.8325
NAM,Namibia,2019,4.7913
NAM,Namibia,2020,4.273
NAM,Namibia,2021,4.8051
NAM,Namibia,2022,4.9052
NAM,Namibia,2023,6.0715
NAM,Namibia,2024,6.3186
NAM,Namibia,2025,
NCL,New Caledonia,2010,0.1488
NCL,New Caledonia,2011,0.1491
NCL,New Caledonia,2012,0.1387
NCL,New Caledonia,2013,0.1512
NCL,New Caledonia,2014,0.153
NCL,New Caledonia,2015,0.1491
NCL,New Caledonia,2016,0.1434
NCL,New Caledonia,2017,0.1397
NCL,New Caledonia,2018,0.1371
NCL,New Caledonia,2019,0.138
NCL,New Caledonia,2020,0.1369
NCL,New Caledonia,2021,0.1356
NCL,New Caledonia,2022,0.1342
NCL,New Caledonia,2023,0.1347
NCL,New Caledonia,2024,0.1342
NCL,New Caledonia,2025,
NER,Niger,2010,14.5669
NER,Niger,2011,15.1401
NER,Niger,2012,15.7873
NER,Niger,2013,16.5221
NER,Niger,2014,17.2507
NER,Niger,2015,17.9585
NER,Niger,2016,18.8153
NER,Niger,2017,19.7091
NER,Niger,2018,20.6549
NER,Niger,2019,21.6227
NER,Niger,2020,22.6509
NER,Niger,2021,23.6578
NER,Niger,2022,24.8093
NER,Niger,2023,23.8488
NER,Niger,2024,24.4903
NER,Niger,2025,
NGA,Nigeria,2010,38.0496
NGA,Nigeria,2011,42.3308
NGA,Nigeria,2012,44.6208
NGA,Nigeria,2013,45.6985
NGA,Nigeria,2014,47.4486
NGA,Nigeria,2015,49.6298
NGA,Nigeria,2016,50.7574
NGA,Nigeria,2017,51.2056
NGA,Nigeria,2018,52.7411
NGA,Nigeria,2019,53.6402
NGA,Nigeria,2020,54.2585
NGA,Nigeria,2021,55.2908
NGA,Nigeria,2022,56.4104
NGA,Nigeria,2023,56.4917
NGA,Nigeria,2024,56.7525
NGA,Nigeria,2025,
NIC,Nicaragua,2010,6.2195
NIC,Nicaragua,2011,6.8966
NIC,Nicaragua,2012,7.2016
NIC,Nicaragua,2013,7.5274
NIC,Nicaragua,2014,7.8975
NIC,Nicaragua,2015,8.2804
NIC,Nicaragua,2016,8.267
NIC,Nicaragua,2017,8.198
NIC,Nicaragua,2018,8.3557
NIC,Nicaragua,2019,8.5578
NIC,Nicaragua,2020,8.8161
NIC,Nicaragua,2021,8.9785
NIC,Nicaragua,2022,9.1228
NIC,Nicaragua,2023,9.0735
NIC,Nicaragua,2024,9.0692
NIC,Nicaragua,2025,
NLD,Netherlands,2010,12.9725
NLD,Netherlands,2011,12.9385
NLD,Netherlands,2012,12.7918
NLD,Netherlands,2013,12.9904
NLD,Netherlands,2014,13.3954
NLD,Netherlands,2015,14.0269
NLD,Netherlands,2016,14.1311
NLD,Netherlands,2017,13.3964
NLD,Netherlands,2018,12.541
NLD,Netherlands,2019,12.6543
NLD,Netherlands,2020,12.4731
NLD,Netherlands,2021,12.3036
NLD,Netherlands,2022,12.3711
NLD,Netherlands,2023,12.1592
NLD,Netherlands,2024,12.1365
NLD,Netherlands,2025,
NOR,Norway,2010,2.7567
NOR,Norway,2011,2.7334
NOR,Norway,2012,2.7483
NOR,Norway,2013,2.7391
NOR,Norway,2014,2.7282
NOR,Norway,2015,2.7746
NOR,Norway,2016,2.8152
NOR,Norway,2017,2.8323
NOR,Norway,2018,2.8133
NOR,Norway,2019,2.7592
NOR,Norway,2020,2.7569
NOR,Norway,2021,2.8043
NOR,Norway,2022,2.7818
NOR,Norway,2023,2.7147
NOR,Norway,2024,2.7071
NOR,Norway,2025,
NPL,Nepal,2010,20.2045
NPL,Nepal,2011,20.7686
NPL,Nepal,2012,20.7269
NPL,Nepal,2013,21.2442
NPL,Nepal,2014,20.9911
NPL,Nepal,2015,20.7543
NPL,Nepal,2016,21.5425
NPL,Nepal,2017,21.4183
NPL,Nepal,2018,21.8319
NPL,Nepal,2019,21.9285
NPL,Nepal,2020,22.0926
NPL,Nepal,2021,21.9869
NPL,Nepal,2022,21.9621
NPL,Nepal,2023,16.2568
NPL,Nepal,2024,15.1953
NPL,Nepal,2025,
NRU,Naoero,2010,0.0003
NRU,Naoero,2011,0.0003
NRU,Naoero,2012,0.0003
NRU,Naoero,2013,0.0003
NRU,Naoero,2014,0.0003
NRU,Naoero,2015,0.0003
NRU,Naoero,2016,0.0003
NRU,Naoero,2017,0.0003
NRU,Naoero,2018,0.0003
NRU,Naoero,2019,0.0003
NRU,Naoero,2020,0.0003
NRU,Naoero,2021,0.0003
NRU,Naoero,2022,0.0003
NRU,Naoero,2023,0.0003
NRU,Naoero,2024,0.0003
NRU,Naoero,2025,
NZL,New Zealand,2010,32.9224
NZL,New Zealand,2011,33.1671
NZL,New Zealand,2012,33.8751
NZL,New Zealand,2013,33.2044
NZL,New Zealand,2014,33.6498
NZL,New Zealand,2015,32.72
NZL,New Zealand,2016,32.8874
NZL,New Zealand,2017,32.5093
NZL,New Zealand,2018,32.3312
NZL,New Zealand,2019,31.9732
NZL,New Zealand,2020,31.6032
NZL,New Zealand,2021,31.5684
NZL,New Zealand,2022,31.1255
NZL,New Zealand,2023,29.9659
NZL,New Zealand,2024,29.6861
NZL,New Zealand,2025,
OED,OECD members,2010,906.7949
OED,OECD members,2011,901.2228
OED,OECD members,2012,902.0004
OED,OECD members,2013,907.1409
OED,OECD members,2014,911.5225
OED,OECD members,2015,913.2921
OED,OECD members,2016,919.1601
OED,OECD members,2017,926.6849
OED,OECD members,2018,939.3516
OED,OECD members,2019,936.5386
OED,OECD members,2020,937.2572
OED,OECD members,2021,939.0135
OED,OECD members,2022,929.2957
OED,OECD members,2023,932.0617
OED,OECD members,2024,928.7852
OED,OECD members,2025,
OMN,Oman,2010,0.8398
OMN,Oman,2011,0.8567
OMN,Oman,2012,0.8727
OMN,Oman,2013,1.0974
OMN,Oman,2014,1.1135
OMN,Oman,2015,1.136
OMN,Oman,2016,1.1583
OMN,Oman,2017,1.1809
OMN,Oman,2018,1.2044
OMN,Oman,2019,1.2282
OMN,Oman,2020,1.2549
OMN,Oman,2021,1.2797
OMN,Oman,2022,1.306
OMN,Oman,2023,1.3317
OMN,Oman,2024,1.3572
OMN,Oman,2025,
OSS,Other small states,2010,4.2335
OSS,Other small states,2011,4.269
OSS,Other small states,2012,4.3291
OSS,Other small states,2013,4.2989
OSS,Other small states,2014,4.3842
OSS,Other small states,2015,4.4551
OSS,Other small states,2016,4.3843
OSS,Other small states,2017,4.4074
OSS,Other small states,2018,4.3886
OSS,Other small states,2019,4.4674
OSS,Other small states,2020,4.416
OSS,Other small states,2021,4.3744
OSS,Other small states,2022,4.42
OSS,Other small states,2023,4.323
OSS,Other small states,2024,4.3162
OSS,Other small states,2025,
PAK,Pakistan,2010,127.5109
PAK,Pakistan,2011,135.4222
PAK,Pakistan,2012,137.9205
PAK,Pakistan,2013,144.5576
PAK,Pakistan,2014,149.24
PAK,Pakistan,2015,152.8288
PAK,Pakistan,2016,157.1912
PAK,Pakistan,2017,162.8454
PAK,Pakistan,2018,167.0342
PAK,Pakistan,2019,172.9614
PAK,Pakistan,2020,179.8274
PAK,Pakistan,2021,186.41
PAK,Pakistan,2022,188.523
PAK,Pakistan,2023,197.7366
PAK,Pakistan,2024,203.8692
PAK,Pakistan,2025,
PAN,Panama,2010,3.2598
PAN,Panama,2011,3.4072
PAN,Panama,2012,3.3629
PAN,Panama,2013,3.3855
PAN,Panama,2014,3.1908
PAN,Panama,2015,3.054
PAN,Panama,2016,3.085
PAN,Panama,2017,3.0329
PAN,Panama,2018,3.1012
PAN,Panama,2019,3.0024
PAN,Panama,2020,3.0214
PAN,Panama,2021,3.025
PAN,Panama,2022,3.0341
PAN,Panama,2023,3.049
PAN,Panama,2024,3.0414
PAN,Panama,2025,
PER,Peru,2010,13.7783
PER,Peru,2011,13.7544
PER,Peru,2012,13.8017
PER,Peru,2013,13.8017
PER,Peru,2014,13.7501
PER,Peru,2015,13.7902
PER,Peru,2016,13.7428
PER,Peru,2017,13.7838
PER,Peru,2018,13.9507
PER,Peru,2019,13.8477
PER,Peru,2020,13.9111
PER,Peru,2021,14.2697
PER,Peru,2022,14.2745
PER,Peru,2023,14.3164
PER,Peru,2024,14.3428
PER,Peru,2025,
PHL,Philippines,2010,41.3759
PHL,Philippines,2011,41.9746
PHL,Philippines,2012,42.953
PHL,Philippines,2013,43.2965
PHL,Philippines,2014,43.4686
PHL,Philippines,2015,42.8001
PHL,Philippines,2016,42.286
PHL,Philippines,2017,44.2209
PHL,Philippines,2018,44.0943
PHL,Philippines,2019,43.3027
PHL,Philippines,2020,43.8686
PHL,Philippines,2021,44.1377
PHL,Philippines,2022,43.7446
PHL,Philippines,2023,43.9085
PHL,Philippines,2024,43.0265
PHL,Philippines,2025,
PLW,Palau,2010,0.0
PLW,Palau,2011,0.0
PLW,Palau,2012,0.0
PLW,Palau,2013,0.0
PLW,Palau,2014,0.0
PLW,Palau,2015,0.0
PLW,Palau,2016,0.0
PLW,Palau,2017,0.0
PLW,Palau,2018,0.0
PLW,Palau,2019,0.0
PLW,Palau,2020,0.0
PLW,Palau,2021,0.0
PLW,Palau,2022,0.0
PLW,Palau,2023,0.0
PLW,Palau,2024,
PLW,Palau,2025,
PNG,Papua New Guinea,2010,0.4236
PNG,Papua New Guinea,2011,0.4295
PNG,Papua New Guinea,2012,0.438
PNG,Papua New Guinea,2013,0.4296
PNG,Papua New Guinea,2014,0.4297
PNG,Papua New Guinea,2015,0.4304
PNG,Papua New Guinea,2016,0.4314
PNG,Papua New Guinea,2017,0.4328
PNG,Papua New Guinea,2018,0.4344
PNG,Papua New Guinea,2019,0.4444
PNG,Papua New Guinea,2020,0.4371
PNG,Papua New Guinea,2021,0.4406
PNG,Papua New Guinea,2022,0.4444
PNG,Papua New Guinea,2023,0.4476
PNG,Papua New Guinea,2024,0.4503
PNG,Papua New Guinea,2025,
POL,Poland,2010,19.1925
POL,Poland,2011,18.801
POL,Poland,2012,18.391
POL,Poland,2013,18.532
POL,Poland,2014,18.9747
POL,Poland,2015,19.2096
POL,Poland,2016,19.0664
POL,Poland,2017,19.6686
POL,Poland,2018,19.8486
POL,Poland,2019,19.9881
POL,Poland,2020,20.1545
POL,Poland,2021,19.7818
POL,Poland,2022,19.9289
POL,Poland,2023,20.0154
POL,Poland,2024,20.036
POL,Poland,2025,
PRE,Pre-demographic dividend,2010,367.7216
PRE,Pre-demographic dividend,2011,375.705
PRE,Pre-demographic dividend,2012,389.204
PRE,Pre-demographic dividend,2013,395.5181
PRE,Pre-demographic dividend,2014,406.1323
PRE,Pre-demographic dividend,2015,414.2666
PRE,Pre-demographic dividend,2016,427.058
PRE,Pre-demographic dividend,2017,430.3159
PRE,Pre-demographic dividend,2018,444.2993
PRE,Pre-demographic dividend,2019,461.5596
PRE,Pre-demographic dividend,2020,477.3303
PRE,Pre-demographic dividend,2021,482.9778
PRE,Pre-demographic dividend,2022,494.2825
PRE,Pre-demographic dividend,2023,505.1224
PRE,Pre-demographic dividend,2024,515.6308
PRE,Pre-demographic dividend,2025,
PRI,Puerto Rico (US),2010,0.5998
PRI,Puerto Rico (US),2011,0.5765
PRI,Puerto Rico (US),2012,0.5356
PRI,Puerto Rico (US),2013,0.5347
PRI,Puerto Rico (US),2014,0.5225
PRI,Puerto Rico (US),2015,0.5127
PRI,Puerto Rico (US),2016,0.5049
PRI,Puerto Rico (US),2017,0.495
PRI,Puerto Rico (US),2018,0.4843
PRI,Puerto Rico (US),2019,0.4915
PRI,Puerto Rico (US),2020,0.4901
PRI,Puerto Rico (US),2021,0.4853
PRI,Puerto Rico (US),2022,0.4869
PRI,Puerto Rico (US),2023,0.464
PRI,Puerto Rico (US),2024,0.46
PRI,Puerto Rico (US),2025,
PRK,"Korea, Dem. People's Rep.",2010,4.0912
PRK,"Korea, Dem. People's Rep.",2011,4.1227
PRK,"Korea, Dem. People's Rep.",2012,4.21
PRK,"Korea, Dem. People's Rep.",2013,4.1074
PRK,"Korea, Dem. People's Rep.",2014,3.9658
PRK,"Korea, Dem. People's Rep.",2015,3.6593
PRK,"Korea, Dem. People's Rep.",2016,3.7913
PRK,"Korea, Dem. People's Rep.",2017,3.7936
PRK,"Korea, Dem. People's Rep.",2018,3.7214
PRK,"Korea, Dem. People's Rep.",2019,3.8151
PRK,"Korea, Dem. People's Rep.",2020,3.7274
PRK,"Korea, Dem. People's Rep.",2021,3.8936
PRK,"Korea, Dem. People's Rep.",2022,3.5722
PRK,"Korea, Dem. People's Rep.",2023,3.3929
PRK,"Korea, Dem. People's Rep.",2024,3.4272
PRK,"Korea, Dem. People's Rep.",2025,
PRT,Portugal,2010,4.5903
PRT,Portugal,2011,4.6869
PRT,Portugal,2012,4.6896
PRT,Portugal,2013,4.6179
PRT,Portugal,2014,4.7962
PRT,Portugal,2015,4.9875
PRT,Portugal,2016,5.0167
PRT,Portugal,2017,5.156
PRT,Portugal,2018,5.1271
PRT,Portugal,2019,5.2449
PRT,Portugal,2020,5.3158
PRT,Portugal,2021,5.2588
PRT,Portugal,2022,5.0081
PRT,Portugal,2023,4.9164
PRT,Portugal,2024,4.9243
PRT,Portugal,2025,
PRY,Paraguay,2010,23.3756
PRY,Paraguay,2011,23.4012
PRY,Paraguay,2012,24.557
PRY,Paraguay,2013,24.5455
PRY,Paraguay,2014,26.1808
PRY,Paraguay,2015,25.4487
PRY,Paraguay,2016,24.8531
PRY,Paraguay,2017,24.7869
PRY,Paraguay,2018,24.2311
PRY,Paraguay,2019,24.8154
PRY,Paraguay,2020,25.3229
PRY,Paraguay,2021,25.0931
PRY,Paraguay,2022,24.3704
PRY,Paraguay,2023,24.344
PRY,Paraguay,2024,24.4119
PRY,Paraguay,2025,
PSE,West Bank and Gaza,2010,
PSE,West Bank and Gaza,2011,
PSE,West Bank and Gaza,2012,
PSE,West Bank and Gaza,2013,
PSE,West Bank and Gaza,2014,
PSE,West Bank and Gaza,2015,
PSE,West Bank and Gaza,2016,
PSE,West Bank and Gaza,2017,
PSE,West Bank and Gaza,2018,
PSE,West Bank and Gaza,2019,
PSE,West Bank and Gaza,2020,
PSE,West Bank and Gaza,2021,
PSE,West Bank and Gaza,2022,
PSE,West Bank and Gaza,2023,
PSE,West Bank and Gaza,2024,
PSE,West Bank and Gaza,2025,
PSS,Pacific island small states,2010,1.3298
PSS,Pacific island small states,2011,1.3348
PSS,Pacific island small states,2012,1.3381
PSS,Pacific island small states,2013,1.3459
PSS,Pacific island small states,2014,0.9561
PSS,Pacific island small states,2015,0.9111
PSS,Pacific island small states,2016,0.8392
PSS,Pacific island small states,2017,0.8282
PSS,Pacific island small states,2018,0.8174
PSS,Pacific island small states,2019,0.8772
PSS,Pacific island small states,2020,0.802
PSS,Pacific island small states,2021,0.7745
PSS,Pacific island small states,2022,0.7931
PSS,Pacific island small states,2023,0.8369
PSS,Pacific island small states,2024,0.8405
PSS,Pacific island small states,2025,
PST,Post-demographic dividend,2010,737.9458
PST,Post-demographic dividend,2011,733.2539
PST,Post-demographic dividend,2012,734.9333
PST,Post-demographic dividend,2013,737.4797
PST,Post-demographic dividend,2014,740.7056
PST,Post-demographic dividend,2015,739.0856
PST,Post-demographic dividend,2016,741.9446
PST,Post-demographic dividend,2017,743.3007
PST,Post-demographic dividend,2018,746.1479
PST,Post-demographic dividend,2019,737.1621
PST,Post-demographic dividend,2020,732.2993
PST,Post-demographic dividend,2021,728.6539
PST,Post-demographic dividend,2022,718.3434
PST,Post-demographic dividend,2023,720.0067
PST,Post-demographic dividend,2024,716.0201
PST,Post-demographic dividend,2025,
PYF,French Polynesia,2010,0.0257
PYF,French Polynesia,2011,0.0258
PYF,French Polynesia,2012,0.0262
PYF,French Polynesia,2013,0.0263
PYF,French Polynesia,2014,0.0262
PYF,French Polynesia,2015,0.0262
PYF,French Polynesia,2016,0.0263
PYF,French Polynesia,2017,0.0264
PYF,French Polynesia,2018,0.0264
PYF,French Polynesia,2019,0.0264
PYF,French Polynesia,2020,0.0266
PYF,French Polynesia,2021,0.0266
PYF,French Polynesia,2022,0.0266
PYF,French Polynesia,2023,0.0278
PYF,French Polynesia,2024,0.0281
PYF,French Polynesia,2025,
QAT,Qatar,2010,0.1473
QAT,Qatar,2011,0.1669
QAT,Qatar,2012,0.1838
QAT,Qatar,2013,0.2134
QAT,Qatar,2014,0.1682
QAT,Qatar,2015,0.2816
QAT,Qatar,2016,0.3389
QAT,Qatar,2017,0.3735
QAT,Qatar,2018,0.4328
QAT,Qatar,2019,0.4516
QAT,Qatar,2020,0.4539
QAT,Qatar,2021,0.426
QAT,Qatar,2022,0.3818
QAT,Qatar,2023,0.3797
QAT,Qatar,2024,0.3691
QAT,Qatar,2025,
ROU,Romania,2010,10.8365
ROU,Romania,2011,9.4641
ROU,Romania,2012,9.2891
ROU,Romania,2013,9.3915
ROU,Romania,2014,9.4845
ROU,Romania,2015,9.4639
ROU,Romania,2016,9.5797
ROU,Romania,2017,9.4721
ROU,Romania,2018,9.241
ROU,Romania,2019,9.1319
ROU,Romania,2020,8.9573
ROU,Romania,2021,8.7473
ROU,Romania,2022,8.7336
ROU,Romania,2023,8.6296
ROU,Romania,2024,8.62
ROU,Romania,2025,
RUS,Russian Federation,2010,65.2164
RUS,Russian Federation,2011,64.4472
RUS,Russian Federation,2012,65.4189
RUS,Russian Federation,2013,65.9433
RUS,Russian Federation,2014,65.6011
RUS,Russian Federation,2015,65.4844
RUS,Russian Federation,2016,64.3925
RUS,Russian Federation,2017,63.8237
RUS,Russian Federation,2018,63.2924
RUS,Russian Federation,2019,62.7698
RUS,Russian Federation,2020,62.8186
RUS,Russian Federation,2021,61.9316
RUS,Russian Federation,2022,61.2184
RUS,Russian Federation,2023,61.2045
RUS,Russian Federation,2024,60.0042
RUS,Russian Federation,2025,
RWA,Rwanda,2010,1.8138
RWA,Rwanda,2011,1.6999
RWA,Rwanda,2012,1.6663
RWA,Rwanda,2013,1.6805
RWA,Rwanda,2014,1.6692
RWA,Rwanda,2015,1.9263
RWA,Rwanda,2016,1.7963
RWA,Rwanda,2017,1.8016
RWA,Rwanda,2018,1.8634
RWA,Rwanda,2019,1.8881
RWA,Rwanda,2020,1.9718
RWA,Rwanda,2021,1.8543
RWA,Rwanda,2022,1.7391
RWA,Rwanda,2023,1.7476
RWA,Rwanda,2024,1.7227
RWA,Rwanda,2025,
SAS,South Asia,2010,595.574
SAS,South Asia,2011,600.9409
SAS,South Asia,2012,598.7234
SAS,South Asia,2013,603.131
SAS,South Asia,2014,602.4263
SAS,South Asia,2015,605.9647
SAS,South Asia,2016,610.807
SAS,South Asia,2017,613.3752
SAS,South Asia,2018,619.0857
SAS,South Asia,2019,620.97
SAS,South Asia,2020,630.9536
SAS,South Asia,2021,632.062
SAS,South Asia,2022,637.4926
SAS,South Asia,2023,636.6108
SAS,South Asia,2024,640.7814
SAS,South Asia,2025,
SAU,Saudi Arabia,2010,3.1779
SAU,Saudi Arabia,2011,3.4247
SAU,Saudi Arabia,2012,3.491
SAU,Saudi Arabia,2013,3.9402
SAU,Saudi Arabia,2014,3.8424
SAU,Saudi Arabia,2015,3.9116
SAU,Saudi Arabia,2016,3.9484
SAU,Saudi Arabia,2017,3.9857
SAU,Saudi Arabia,2018,3.8914
SAU,Saudi Arabia,2019,4.0934
SAU,Saudi Arabia,2020,7.0588
SAU,Saudi Arabia,2021,6.9864
SAU,Saudi Arabia,2022,8.44
SAU,Saudi Arabia,2023,7.9205
SAU,Saudi Arabia,2024,8.6828
SAU,Saudi Arabia,2025,
SDN,Sudan,2010,62.5359
SDN,Sudan,2011,60.1891
SDN,Sudan,2012,62.3533
SDN,Sudan,2013,62.4012
SDN,Sudan,2014,62.463
SDN,Sudan,2015,62.5097
SDN,Sudan,2016,62.7466
SDN,Sudan,2017,63.1007
SDN,Sudan,2018,65.1134
SDN,Sudan,2019,65.4676
SDN,Sudan,2020,66.01
SDN,Sudan,2021,65.5639
SDN,Sudan,2022,66.3904
SDN,Sudan,2023,64.9245
SDN,Sudan,2024,64.905
SDN,Sudan,2025,
SEN,Senegal,2010,6.1157
SEN,Senegal,2011,6.156
SEN,Senegal,2012,6.5111
SEN,Senegal,2013,6.7614
SEN,Senegal,2014,7.0569
SEN,Senegal,2015,7.8329
SEN,Senegal,2016,8.1225
SEN,Senegal,2017,8.3688
SEN,Senegal,2018,8.6114
SEN,Senegal,2019,8.6205
SEN,Senegal,2020,9.088
SEN,Senegal,2021,9.0582
SEN,Senegal,2022,9.1853
SEN,Senegal,2023,9.4092
SEN,Senegal,2024,9.3937
SEN,Senegal,2025,
SGP,Singapore,2010,0.0087
SGP,Singapore,2011,0.0087
SGP,Singapore,2012,0.0092
SGP,Singapore,2013,0.0092
SGP,Singapore,2014,0.0092
SGP,Singapore,2015,0.0093
SGP,Singapore,2016,0.0095
SGP,Singapore,2017,0.0096
SGP,Singapore,2018,0.0098
SGP,Singapore,2019,0.01
SGP,Singapore,2020,0.0101
SGP,Singapore,2021,0.0102
SGP,Singapore,2022,0.0067
SGP,Singapore,2023,0.0077
SGP,Singapore,2024,0.0073
SGP,Singapore,2025,
SLB,Solomon Islands,2010,0.0521
SLB,Solomon Islands,2011,0.052
SLB,Solomon Islands,2012,0.0528
SLB,Solomon Islands,2013,0.0535
SLB,Solomon Islands,2014,0.054
SLB,Solomon Islands,2015,0.0542
SLB,Solomon Islands,2016,0.0542
SLB,Solomon Islands,2017,0.0543
SLB,Solomon Islands,2018,0.0543
SLB,Solomon Islands,2019,0.0544
SLB,Solomon Islands,2020,0.0545
SLB,Solomon Islands,2021,0.0546
SLB,Solomon Islands,2022,0.0547
SLB,Solomon Islands,2023,0.055
SLB,Solomon Islands,2024,0.0552
SLB,Solomon Islands,2025,
SLE,Sierra Leone,2010,1.7439
SLE,Sierra Leone,2011,1.8952
SLE,Sierra Leone,2012,2.0341
SLE,Sierra Leone,2013,2.1087
SLE,Sierra Leone,2014,2.1503
SLE,Sierra Leone,2015,1.8442
SLE,Sierra Leone,2016,1.8642
SLE,Sierra Leone,2017,1.8544
SLE,Sierra Leone,2018,1.8112
SLE,Sierra Leone,2019,1.8665
SLE,Sierra Leone,2020,1.9466
SLE,Sierra Leone,2021,2.6639
SLE,Sierra Leone,2022,2.1417
SLE,Sierra Leone,2023,2.5874
SLE,Sierra Leone,2024,2.6162
SLE,Sierra Leone,2025,
SLV,El Salvador,2010,2.1672
SLV,El Salvador,2011,1.8683
SLV,El Salvador,2012,2.0355
SLV,El Salvador,2013,1.6682
SLV,El Salvador,2014,1.9599
SLV,El Salvador,2015,1.9143
SLV,El Salvador,2016,1.7674
SLV,El Salvador,2017,1.7004
SLV,El Salvador,2018,1.5488
SLV,El Salvador,2019,1.4754
SLV,El Salvador,2020,1.5877
SLV,El Salvador,2021,1.6517
SLV,El Salvador,2022,1.6211
SLV,El Salvador,2023,1.5697
SLV,El Salvador,2024,1.5704
SLV,El Salvador,2025,
SMR,San Marino,2010,
SMR,San Marino,2011,
SMR,San Marino,2012,
SMR,San Marino,2013,
SMR,San Marino,2014,
SMR,San Marino,2015,
SMR,San Marino,2016,
SMR,San Marino,2017,
SMR,San Marino,2018,
SMR,San Marino,2019,
SMR,San Marino,2020,
SMR,San Marino,2021,
SMR,San Marino,2022,
SMR,San Marino,2023,
SMR,San Marino,2024,
SMR,San Marino,2025,
SOM,"Somalia, Fed. Rep.",2010,17.4217
SOM,"Somalia, Fed. Rep.",2011,17.5017
SOM,"Somalia, Fed. Rep.",2012,17.6677
SOM,"Somalia, Fed. Rep.",2013,17.6744
SOM,"Somalia, Fed. Rep.",2014,17.7758
SOM,"Somalia, Fed. Rep.",2015,17.8158
SOM,"Somalia, Fed. Rep.",2016,17.7992
SOM,"Somalia, Fed. Rep.",2017,17.7292
SOM,"Somalia, Fed. Rep.",2018,17.7986
SOM,"Somalia, Fed. Rep.",2019,17.8005
SOM,"Somalia, Fed. Rep.",2020,17.8634
SOM,"Somalia, Fed. Rep.",2021,17.6889
SOM,"Somalia, Fed. Rep.",2022,17.5411
SOM,"Somalia, Fed. Rep.",2023,17.6646
SOM,"Somalia, Fed. Rep.",2024,17.6403
SOM,"Somalia, Fed. Rep.",2025,
SRB,Serbia,2010,
SRB,Serbia,2011,
SRB,Serbia,2012,
SRB,Serbia,2013,
SRB,Serbia,2014,
SRB,Serbia,2015,
SRB,Serbia,2016,
SRB,Serbia,2017,
SRB,Serbia,2018,
SRB,Serbia,2019,
SRB,Serbia,2020,
SRB,Serbia,2021,
SRB,Serbia,2022,
SRB,Serbia,2023,
SRB,Serbia,2024,
SRB,Serbia,2025,
SSA,Sub-Saharan Africa (excluding high income),2010,463.2446
SSA,Sub-Saharan Africa (excluding high income),2011,469.3336
SSA,Sub-Saharan Africa (excluding high income),2012,486.1653
SSA,Sub-Saharan Africa (excluding high income),2013,494.3347
SSA,Sub-Saharan Africa (excluding high income),2014,504.4736
SSA,Sub-Saharan Africa (excluding high income),2015,516.8677
SSA,Sub-Saharan Africa (excluding high income),2016,531.8063
SSA,Sub-Saharan Africa (excluding high income),2017,535.7849
SSA,Sub-Saharan Africa (excluding high income),2018,550.8946
SSA,Sub-Saharan Africa (excluding high income),2019,572.808
SSA,Sub-Saharan Africa (excluding high income),2020,592.6291
SSA,Sub-Saharan Africa (excluding high income),2021,594.3195
SSA,Sub-Saharan Africa (excluding high income),2022,607.3832
SSA,Sub-Saharan Africa (excluding high income),2023,624.7394
SSA,Sub-Saharan Africa (excluding high income),2024,637.7197
SSA,Sub-Saharan Africa (excluding high income),2025,
SSD,South Sudan,2010,
SSD,South Sudan,2011,
SSD,South Sudan,2012,
SSD,South Sudan,2013,
SSD,South Sudan,2014,
SSD,South Sudan,2015,
SSD,South Sudan,2016,
SSD,South Sudan,2017,
SSD,South Sudan,2018,
SSD,South Sudan,2019,
SSD,South Sudan,2020,
SSD,South Sudan,2021,
SSD,South Sudan,2022,
SSD,South Sudan,2023,
SSD,South Sudan,2024,
SSD,South Sudan,2025,
SSF,Sub-Saharan Africa,2010,463.2463
SSF,Sub-Saharan Africa,2011,469.3352
SSF,Sub-Saharan Africa,2012,486.1669
SSF,Sub-Saharan Africa,2013,494.3364
SSF,Sub-Saharan Africa,2014,504.4753
SSF,Sub-Saharan Africa,2015,516.8694
SSF,Sub-Saharan Africa,2016,531.808
SSF,Sub-Saharan Africa,2017,535.7866
SSF,Sub-Saharan Africa,2018,550.8964
SSF,Sub-Saharan Africa,2019,572.8098
SSF,Sub-Saharan Africa,2020,592.6311
SSF,Sub-Saharan Africa,2021,594.3218
SSF,Sub-Saharan Africa,2022,607.3856
SSF,Sub-Saharan Africa,2023,624.7416
SSF,Sub-Saharan Africa,2024,637.722
SSF,Sub-Saharan Africa,2025,
SST,Small states,2010,7.681
SST,Small states,2011,7.835
SST,Small states,2012,7.889
SST,Small states,2013,8.1189
SST,Small states,2014,7.9681
SST,Small states,2015,8.0339
SST,Small states,2016,7.6144
SST,Small states,2017,7.7812
SST,Small states,2018,7.6725
SST,Small states,2019,7.9213
SST,Small states,2020,7.8077
SST,Small states,2021,7.5276
SST,Small states,2022,7.5051
SST,Small states,2023,7.5164
SST,Small states,2024,7.697
SST,Small states,2025,
STP,Sao Tome and Principe,2010,0.0057
STP,Sao Tome and Principe,2011,0.0056
STP,Sao Tome and Principe,2012,0.0059
STP,Sao Tome and Principe,2013,0.0064
STP,Sao Tome and Principe,2014,0.0067
STP,Sao Tome and Principe,2015,0.0066
STP,Sao Tome and Principe,2016,0.0069
STP,Sao Tome and Principe,2017,0.0074
STP,Sao Tome and Principe,2018,0.0072
STP,Sao Tome and Principe,2019,0.0072
STP,Sao Tome and Principe,2020,0.0073
STP,Sao Tome and Principe,2021,0.0073
STP,Sao Tome and Principe,2022,0.0081
STP,Sao Tome and Principe,2023,0.008
STP,Sao Tome and Principe,2024,0.0082
STP,Sao Tome and Principe,2025,
SUR,Suriname,2010,0.5883
SUR,Suriname,2011,0.6142
SUR,Suriname,2012,0.5757
SUR,Suriname,2013,0.6294
SUR,Suriname,2014,0.6508
SUR,Suriname,2015,0.6304
SUR,Suriname,2016,0.6562
SUR,Suriname,2017,0.6401
SUR,Suriname,2018,0.6075
SUR,Suriname,2019,0.636
SUR,Suriname,2020,0.6071
SUR,Suriname,2021,0.6085
SUR,Suriname,2022,0.5033
SUR,Suriname,2023,0.5063
SUR,Suriname,2024,0.5055
SUR,Suriname,2025,
SVK,Slovak Republic,2010,1.7551
SVK,Slovak Republic,2011,1.7314
SVK,Slovak Republic,2012,1.7024
SVK,Slovak Republic,2013,1.7347
SVK,Slovak Republic,2014,1.7036
SVK,Slovak Republic,2015,1.7005
SVK,Slovak Republic,2016,1.6746
SVK,Slovak Republic,2017,1.6204
SVK,Slovak Republic,2018,1.6081
SVK,Slovak Republic,2019,1.5743
SVK,Slovak Republic,2020,1.5864
SVK,Slovak Republic,2021,1.5224
SVK,Slovak Republic,2022,1.4985
SVK,Slovak Republic,2023,1.4894
SVK,Slovak Republic,2024,1.4739
SVK,Slovak Republic,2025,
SVN,Slovenia,2010,1.5645
SVN,Slovenia,2011,1.57
SVN,Slovenia,2012,1.5471
SVN,Slovenia,2013,1.5448
SVN,Slovenia,2014,1.5443
SVN,Slovenia,2015,1.563
SVN,Slovenia,2016,1.6132
SVN,Slovenia,2017,1.6238
SVN,Slovenia,2018,1.5837
SVN,Slovenia,2019,1.5993
SVN,Slovenia,2020,1.6202
SVN,Slovenia,2021,1.6029
SVN,Slovenia,2022,1.5451
SVN,Slovenia,2023,1.5113
SVN,Slovenia,2024,1.4967
SVN,Slovenia,2025,
SWE,Sweden,2010,4.1738
SWE,Sweden,2011,4.157
SWE,Sweden,2012,4.1274
SWE,Sweden,2013,4.1249
SWE,Sweden,2014,4.1163
SWE,Sweden,2015,4.0249
SWE,Sweden,2016,4.0278
SWE,Sweden,2017,4.0453
SWE,Sweden,2018,4.0087
SWE,Sweden,2019,3.9131
SWE,Sweden,2020,3.8755
SWE,Sweden,2021,3.8643
SWE,Sweden,2022,3.8669
SWE,Sweden,2023,3.7974
SWE,Sweden,2024,3.7939
SWE,Sweden,2025,
SWZ,Eswatini,2010,0.9047
SWZ,Eswatini,2011,0.9132
SWZ,Eswatini,2012,0.9225
SWZ,Eswatini,2013,0.9141
SWZ,Eswatini,2014,0.9133
SWZ,Eswatini,2015,0.9055
SWZ,Eswatini,2016,0.894
SWZ,Eswatini,2017,0.8921
SWZ,Eswatini,2018,0.8889
SWZ,Eswatini,2019,0.893
SWZ,Eswatini,2020,0.8996
SWZ,Eswatini,2021,0.8979
SWZ,Eswatini,2022,0.9014
SWZ,Eswatini,2023,0.8064
SWZ,Eswatini,2024,0.7887
SWZ,Eswatini,2025,
SXM,Sint Maarten (Dutch part),2010,
SXM,Sint Maarten (Dutch part),2011,
SXM,Sint Maarten (Dutch part),2012,
SXM,Sint Maarten (Dutch part),2013,
SXM,Sint Maarten (Dutch part),2014,
SXM,Sint Maarten (Dutch part),2015,
SXM,Sint Maarten (Dutch part),2016,
SXM,Sint Maarten (Dutch part),2017,
SXM,Sint Maarten (Dutch part),2018,
SXM,Sint Maarten (Dutch part),2019,
SXM,Sint Maarten (Dutch part),2020,
SXM,Sint Maarten (Dutch part),2021,
SXM,Sint Maarten (Dutch part),2022,
SXM,Sint Maarten (Dutch part),2023,
SXM,Sint Maarten (Dutch part),2024,
SXM,Sint Maarten (Dutch part),2025,
SYC,Seychelles,2010,0.0017
SYC,Seychelles,2011,0.0016
SYC,Seychelles,2012,0.0016
SYC,Seychelles,2013,0.0017
SYC,Seychelles,2014,0.0017
SYC,Seychelles,2015,0.0017
SYC,Seychelles,2016,0.0017
SYC,Seychelles,2017,0.0017
SYC,Seychelles,2018,0.0018
SYC,Seychelles,2019,0.0018
SYC,Seychelles,2020,0.002
SYC,Seychelles,2021,0.0023
SYC,Seychelles,2022,0.0024
SYC,Seychelles,2023,0.0022
SYC,Seychelles,2024,0.0023
SYC,Seychelles,2025,
SYR,Syrian Arab Republic,2010,4.2779
SYR,Syrian Arab Republic,2011,4.8937
SYR,Syrian Arab Republic,2012,4.8932
SYR,Syrian Arab Republic,2013,4.8604
SYR,Syrian Arab Republic,2014,4.7837
SYR,Syrian Arab Republic,2015,4.6053
SYR,Syrian Arab Republic,2016,4.3992
SYR,Syrian Arab Republic,2017,3.7421
SYR,Syrian Arab Republic,2018,3.6491
SYR,Syrian Arab Republic,2019,3.8181
SYR,Syrian Arab Republic,2020,4.2125
SYR,Syrian Arab Republic,2021,4.2353
SYR,Syrian Arab Republic,2022,4.3542
SYR,Syrian Arab Republic,2023,4.495
SYR,Syrian Arab Republic,2024,4.663
SYR,Syrian Arab Republic,2025,
TCA,Turks and Caicos Islands,2010,
TCA,Turks and Caicos Islands,2011,
TCA,Turks and Caicos Islands,2012,
TCA,Turks and Caicos Islands,2013,
TCA,Turks and Caicos Islands,2014,
TCA,Turks and Caicos Islands,2015,
TCA,Turks and Caicos Islands,2016,
TCA,Turks and Caicos Islands,2017,
TCA,Turks and Caicos Islands,2018,
TCA,Turks and Caicos Islands,2019,
TCA,Turks and Caicos Islands,2020,
TCA,Turks and Caicos Islands,2021,
TCA,Turks and Caicos Islands,2022,
TCA,Turks and Caicos Islands,2023,
TCA,Turks and Caicos Islands,2024,
TCA,Turks and Caicos Islands,2025,
TCD,Chad,2010,30.6627
TCD,Chad,2011,32.331
TCD,Chad,2012,34.2365
TCD,Chad,2013,36.3421
TCD,Chad,2014,38.3718
TCD,Chad,2015,41.6311
TCD,Chad,2016,44.062
TCD,Chad,2017,46.6975
TCD,Chad,2018,49.4449
TCD,Chad,2019,52.3764
TCD,Chad,2020,55.4601
TCD,Chad,2021,58.1151
TCD,Chad,2022,61.9805
TCD,Chad,2023,65.8737
TCD,Chad,2024,69.1677
TCD,Chad,2025,
TEA,East Asia & Pacific (IDA & IBRD countries),2010,865.8109
TEA,East Asia & Pacific (IDA & IBRD countries),2011,862.9823
TEA,East Asia & Pacific (IDA & IBRD countries),2012,864.6551
TEA,East Asia & Pacific (IDA & IBRD countries),2013,858.6878
TEA,East Asia & Pacific (IDA & IBRD countries),2014,862.2556
TEA,East Asia & Pacific (IDA & IBRD countries),2015,864.0981
TEA,East Asia & Pacific (IDA & IBRD countries),2016,868.144
TEA,East Asia & Pacific (IDA & IBRD countries),2017,870.7456
TEA,East Asia & Pacific (IDA & IBRD countries),2018,852.0964
TEA,East Asia & Pacific (IDA & IBRD countries),2019,831.359
TEA,East Asia & Pacific (IDA & IBRD countries),2020,844.3551
TEA,East Asia & Pacific (IDA & IBRD countries),2021,853.8766
TEA,East Asia & Pacific (IDA & IBRD countries),2022,852.2904
TEA,East Asia & Pacific (IDA & IBRD countries),2023,872.5006
TEA,East Asia & Pacific (IDA & IBRD countries),2024,872.58
TEA,East Asia & Pacific (IDA & IBRD countries),2025,
TEC,Europe & Central Asia (IDA & IBRD countries),2010,231.3721
TEC,Europe & Central Asia (IDA & IBRD countries),2011,233.185
TEC,Europe & Central Asia (IDA & IBRD countries),2012,238.4953
TEC,Europe & Central Asia (IDA & IBRD countries),2013,245.7612
TEC,Europe & Central Asia (IDA & IBRD countries),2014,249.8349
TEC,Europe & Central Asia (IDA & IBRD countries),2015,251.4688
TEC,Europe & Central Asia (IDA & IBRD countries),2016,253.2767
TEC,Europe & Central Asia (IDA & IBRD countries),2017,255.4678
TEC,Europe & Central Asia (IDA & IBRD countries),2018,262.0478
TEC,Europe & Central Asia (IDA & IBRD countries),2019,263.6927
TEC,Europe & Central Asia (IDA & IBRD countries),2020,267.0461
TEC,Europe & Central Asia (IDA & IBRD countries),2021,267.5155
TEC,Europe & Central Asia (IDA & IBRD countries),2022,265.9242
TEC,Europe & Central Asia (IDA & IBRD countries),2023,258.8234
TEC,Europe & Central Asia (IDA & IBRD countries),2024,257.5505
TEC,Europe & Central Asia (IDA & IBRD countries),2025,
TGO,Togo,2010,1.0259
TGO,Togo,2011,1.0325
TGO,Togo,2012,1.3172
TGO,Togo,2013,1.3724
TGO,Togo,2014,1.2601
TGO,Togo,2015,1.3067
TGO,Togo,2016,1.3661
TGO,Togo,2017,1.4286
TGO,Togo,2018,1.4853
TGO,Togo,2019,1.5713
TGO,Togo,2020,1.6513
TGO,Togo,2021,1.7367
TGO,Togo,2022,1.824
TGO,Togo,2023,1.9149
TGO,Togo,2024,1.991
TGO,Togo,2025,
THA,Thailand,2010,53.1613
THA,Thailand,2011,52.6183
THA,Thailand,2012,51.669
THA,Thailand,2013,49.5984
THA,Thailand,2014,45.0172
THA,Thailand,2015,41.0
THA,Thailand,2016,44.7271
THA,Thailand,2017,44.984
THA,Thailand,2018,44.8604
THA,Thailand,2019,41.6288
THA,Thailand,2020,44.9101
THA,Thailand,2021,45.5476
THA,Thailand,2022,45.7125
THA,Thailand,2023,45.8884
THA,Thailand,2024,45.9347
THA,Thailand,2025,
TJK,Tajikistan,2010,4.9912
TJK,Tajikistan,2011,5.205
TJK,Tajikistan,2012,5.5821
TJK,Tajikistan,2013,5.8639
TJK,Tajikistan,2014,6.0225
TJK,Tajikistan,2015,6.334
TJK,Tajikistan,2016,6.541
TJK,Tajikistan,2017,6.6516
TJK,Tajikistan,2018,6.6859
TJK,Tajikistan,2019,6.8107
TJK,Tajikistan,2020,6.9845
TJK,Tajikistan,2021,7.2177
TJK,Tajikistan,2022,7.3653
TJK,Tajikistan,2023,7.4475
TJK,Tajikistan,2024,7.4651
TJK,Tajikistan,2025,
TKM,Turkmenistan,2010,9.0642
TKM,Turkmenistan,2011,9.0548
TKM,Turkmenistan,2012,9.6204
TKM,Turkmenistan,2013,9.5772
TKM,Turkmenistan,2014,9.7042
TKM,Turkmenistan,2015,9.8301
TKM,Turkmenistan,2016,9.9417
TKM,Turkmenistan,2017,10.0326
TKM,Turkmenistan,2018,10.0891
TKM,Turkmenistan,2019,10.1638
TKM,Turkmenistan,2020,10.4573
TKM,Turkmenistan,2021,10.5092
TKM,Turkmenistan,2022,10.5141
TKM,Turkmenistan,2023,10.5534
TKM,Turkmenistan,2024,10.5949
TKM,Turkmenistan,2025,
TLA,Latin America & the Caribbean (IDA & IBRD countries),2010,808.0175
TLA,Latin America & the Caribbean (IDA & IBRD countries),2011,814.9735
TLA,Latin America & the Caribbean (IDA & IBRD countries),2012,817.4628
TLA,Latin America & the Caribbean (IDA & IBRD countries),2013,824.5108
TLA,Latin America & the Caribbean (IDA & IBRD countries),2014,828.3558
TLA,Latin America & the Caribbean (IDA & IBRD countries),2015,834.8054
TLA,Latin America & the Caribbean (IDA & IBRD countries),2016,841.6289
TLA,Latin America & the Caribbean (IDA & IBRD countries),2017,844.5129
TLA,Latin America & the Caribbean (IDA & IBRD countries),2018,844.8551
TLA,Latin America & the Caribbean (IDA & IBRD countries),2019,852.668
TLA,Latin America & the Caribbean (IDA & IBRD countries),2020,862.1664
TLA,Latin America & the Caribbean (IDA & IBRD countries),2021,877.4587
TLA,Latin America & the Caribbean (IDA & IBRD countries),2022,899.0794
TLA,Latin America & the Caribbean (IDA & IBRD countries),2023,908.9591
TLA,Latin America & the Caribbean (IDA & IBRD countries),2024,897.9609
TLA,Latin America & the Caribbean (IDA & IBRD countries),2025,
TLS,Timor-Leste,2010,0.6506
TLS,Timor-Leste,2011,0.6494
TLS,Timor-Leste,2012,0.6999
TLS,Timor-Leste,2013,0.6512
TLS,Timor-Leste,2014,0.6571
TLS,Timor-Leste,2015,0.7107
TLS,Timor-Leste,2016,0.6932
TLS,Timor-Leste,2017,0.6997
TLS,Timor-Leste,2018,0.6829
TLS,Timor-Leste,2019,0.7638
TLS,Timor-Leste,2020,0.7002
TLS,Timor-Leste,2021,0.6764
TLS,Timor-Leste,2022,0.7763
TLS,Timor-Leste,2023,0.8047
TLS,Timor-Leste,2024,0.8314
TLS,Timor-Leste,2025,
TMN,"Middle East, North Africa, Afghanistan & Pakistan (IDA & IBRD)",2010,220.0237
TMN,"Middle East, North Africa, Afghanistan & Pakistan (IDA & IBRD)",2011,230.7996
TMN,"Middle East, North Africa, Afghanistan & Pakistan (IDA & IBRD)",2012,234.7938
TMN,"Middle East, North Africa, Afghanistan & Pakistan (IDA & IBRD)",2013,240.7095
TMN,"Middle East, North Africa, Afghanistan & Pakistan (IDA & IBRD)",2014,239.441
TMN,"Middle East, North Africa, Afghanistan & Pakistan (IDA & IBRD)",2015,241.7251
TMN,"Middle East, North Africa, Afghanistan & Pakistan (IDA & IBRD)",2016,247.2266
TMN,"Middle East, North Africa, Afghanistan & Pakistan (IDA & IBRD)",2017,249.2629
TMN,"Middle East, North Africa, Afghanistan & Pakistan (IDA & IBRD)",2018,252.1362
TMN,"Middle East, North Africa, Afghanistan & Pakistan (IDA & IBRD)",2019,256.4649
TMN,"Middle East, North Africa, Afghanistan & Pakistan (IDA & IBRD)",2020,264.4475
TMN,"Middle East, North Africa, Afghanistan & Pakistan (IDA & IBRD)",2021,272.1146
TMN,"Middle East, North Africa, Afghanistan & Pakistan (IDA & IBRD)",2022,275.1282
TMN,"Middle East, North Africa, Afghanistan & Pakistan (IDA & IBRD)",2023,284.8372
TMN,"Middle East, North Africa, Afghanistan & Pakistan (IDA & IBRD)",2024,291.6582
TMN,"Middle East, North Africa, Afghanistan & Pakistan (IDA & IBRD)",2025,
TON,Tonga,2010,0.0562
TON,Tonga,2011,0.0562
TON,Tonga,2012,0.0569
TON,Tonga,2013,0.0572
TON,Tonga,2014,0.0576
TON,Tonga,2015,0.058
TON,Tonga,2016,0.0583
TON,Tonga,2017,0.0586
TON,Tonga,2018,0.0588
TON,Tonga,2019,0.059
TON,Tonga,2020,0.059
TON,Tonga,2021,0.0592
TON,Tonga,2022,0.0593
TON,Tonga,2023,0.0592
TON,Tonga,2024,0.0593
TON,Tonga,2025,
TSA,South Asia (IDA & IBRD),2010,595.574
TSA,South Asia (IDA & IBRD),2011,600.9409
TSA,South Asia (IDA & IBRD),2012,598.7234
TSA,South Asia (IDA & IBRD),2013,603.131
TSA,South Asia (IDA & IBRD),2014,602.4263
TSA,South Asia (IDA & IBRD),2015,605.9647
TSA,South Asia (IDA & IBRD),2016,610.807
TSA,South Asia (IDA & IBRD),2017,613.3752
TSA,South Asia (IDA & IBRD),2018,619.0857
TSA,South Asia (IDA & IBRD),2019,620.97
TSA,South Asia (IDA & IBRD),2020,630.9536
TSA,South Asia (IDA & IBRD),2021,632.062
TSA,South Asia (IDA & IBRD),2022,637.4926
TSA,South Asia (IDA & IBRD),2023,636.6108
TSA,South Asia (IDA & IBRD),2024,640.7814
TSA,South Asia (IDA & IBRD),2025,
TSS,Sub-Saharan Africa (IDA & IBRD countries),2010,463.2463
TSS,Sub-Saharan Africa (IDA & IBRD countries),2011,469.3352
TSS,Sub-Saharan Africa (IDA & IBRD countries),2012,486.1669
TSS,Sub-Saharan Africa (IDA & IBRD countries),2013,494.3364
TSS,Sub-Saharan Africa (IDA & IBRD countries),2014,504.4753
TSS,Sub-Saharan Africa (IDA & IBRD countries),2015,516.8694
TSS,Sub-Saharan Africa (IDA & IBRD countries),2016,531.808
TSS,Sub-Saharan Africa (IDA & IBRD countries),2017,535.7866
TSS,Sub-Saharan Africa (IDA & IBRD countries),2018,550.8964
TSS,Sub-Saharan Africa (IDA & IBRD countries),2019,572.8098
TSS,Sub-Saharan Africa (IDA & IBRD countries),2020,592.6311
TSS,Sub-Saharan Africa (IDA & IBRD countries),2021,594.3218
TSS,Sub-Saharan Africa (IDA & IBRD countries),2022,607.3856
TSS,Sub-Saharan Africa (IDA & IBRD countries),2023,624.7416
TSS,Sub-Saharan Africa (IDA & IBRD countries),2024,637.722
TSS,Sub-Saharan Africa (IDA & IBRD countries),2025,
TTO,Trinidad and Tobago,2010,0.0773
TTO,Trinidad and Tobago,2011,0.0779
TTO,Trinidad and Tobago,2012,0.0794
TTO,Trinidad and Tobago,2013,0.0833
TTO,Trinidad and Tobago,2014,0.082
TTO,Trinidad and Tobago,2015,0.0822
TTO,Trinidad and Tobago,2016,0.0793
TTO,Trinidad and Tobago,2017,0.08
TTO,Trinidad and Tobago,2018,0.0793
TTO,Trinidad and Tobago,2019,0.0796
TTO,Trinidad and Tobago,2020,0.0828
TTO,Trinidad and Tobago,2021,0.0825
TTO,Trinidad and Tobago,2022,0.0828
TTO,Trinidad and Tobago,2023,0.0833
TTO,Trinidad and Tobago,2024,0.0841
TTO,Trinidad and Tobago,2025,
TUN,Tunisia,2010,2.7673
TUN,Tunisia,2011,2.72
TUN,Tunisia,2012,2.6775
TUN,Tunisia,2013,2.6725
TUN,Tunisia,2014,2.7145
TUN,Tunisia,2015,2.6758
TUN,Tunisia,2016,2.6056
TUN,Tunisia,2017,2.6019
TUN,Tunisia,2018,2.5418
TUN,Tunisia,2019,2.5143
TUN,Tunisia,2020,2.5574
TUN,Tunisia,2021,2.5127
TUN,Tunisia,2022,2.4865
TUN,Tunisia,2023,2.4957
TUN,Tunisia,2024,2.4902
TUN,Tunisia,2025,
TUR,Turkiye,2010,28.2224
TUR,Turkiye,2011,30.0863
TUR,Turkiye,2012,33.0152
TUR,Turkiye,2013,36.4863
TUR,Turkiye,2014,38.1024
TUR,Turkiye,2015,38.5862
TUR,Turkiye,2016,38.3984
TUR,Turkiye,2017,38.9259
TUR,Turkiye,2018,45.0492
TUR,Turkiye,2019,46.6414
TUR,Turkiye,2020,48.4326
TUR,Turkiye,2021,49.1724
TUR,Turkiye,2022,47.6162
TUR,Turkiye,2023,46.0743
TUR,Turkiye,2024,46.3859
TUR,Turkiye,2025,
TUV,Tuvalu,2010,0.0016
TUV,Tuvalu,2011,0.0016
TUV,Tuvalu,2012,0.0016
TUV,Tuvalu,2013,0.0016
TUV,Tuvalu,2014,0.0016
TUV,Tuvalu,2015,0.0016
TUV,Tuvalu,2016,0.0016
TUV,Tuvalu,2017,0.0016
TUV,Tuvalu,2018,0.0017
TUV,Tuvalu,2019,0.0017
TUV,Tuvalu,2020,0.0017
TUV,Tuvalu,2021,0.0017
TUV,Tuvalu,2022,0.0017
TUV,Tuvalu,2023,0.0017
TUV,Tuvalu,2024,0.0017
TUV,Tuvalu,2025,
TZA,Tanzania,2010,22.4855
TZA,Tanzania,2011,24.6539
TZA,Tanzania,2012,25.5233
TZA,Tanzania,2013,27.3747
TZA,Tanzania,2014,28.8336
TZA,Tanzania,2015,29.6815
TZA,Tanzania,2016,30.2393
TZA,Tanzania,2017,30.2193
TZA,Tanzania,2018,30.8301
TZA,Tanzania,2019,32.1073
TZA,Tanzania,2020,33.7611
TZA,Tanzania,2021,34.4838
TZA,Tanzania,2022,35.3933
TZA,Tanzania,2023,41.5158
TZA,Tanzania,2024,43.6596
TZA,Tanzania,2025,
UGA,Uganda,2010,15.5092
UGA,Uganda,2011,15.9621
UGA,Uganda,2012,16.3957
UGA,Uganda,2013,16.6695
UGA,Uganda,2014,17.2412
UGA,Uganda,2015,17.7123
UGA,Uganda,2016,18.3125
UGA,Uganda,2017,18.2349
UGA,Uganda,2018,18.8468
UGA,Uganda,2019,18.9151
UGA,Uganda,2020,18.8024
UGA,Uganda,2021,18.9624
UGA,Uganda,2022,19.0577
UGA,Uganda,2023,20.2264
UGA,Uganda,2024,20.5051
UGA,Uganda,2025,
UKR,Ukraine,2010,16.2904
UKR,Ukraine,2011,15.943
UKR,Ukraine,2012,15.5511
UKR,Ukraine,2013,16.2417
UKR,Ukraine,2014,15.772
UKR,Ukraine,2015,14.4311
UKR,Ukraine,2016,13.9593
UKR,Ukraine,2017,13.6572
UKR,Ukraine,2018,13.2088
UKR,Ukraine,2019,12.7177
UKR,Ukraine,2020,12.0285
UKR,Ukraine,2021,11.4066
UKR,Ukraine,2022,10.3817
UKR,Ukraine,2023,9.242
UKR,Ukraine,2024,8.7181
UKR,Ukraine,2025,
URY,Uruguay,2010,24.1853
URY,Uruguay,2011,24.0999
URY,Uruguay,2012,23.0774
URY,Uruguay,2013,22.8362
URY,Uruguay,2014,22.9593
URY,Uruguay,2015,22.5124
URY,Uruguay,2016,22.599
URY,Uruguay,2017,22.2207
URY,Uruguay,2018,21.6748
URY,Uruguay,2019,21.5375
URY,Uruguay,2020,21.0724
URY,Uruguay,2021,22.2386
URY,Uruguay,2022,21.7495
URY,Uruguay,2023,22.1544
URY,Uruguay,2024,22.9614
URY,Uruguay,2025,
USA,United States,2010,256.578
USA,United States,2011,252.1146
USA,United States,2012,251.967
USA,United States,2013,250.7294
USA,United States,2014,253.9671
USA,United States,2015,256.2707
USA,United States,2016,265.3699
USA,United States,2017,265.3181
USA,United States,2018,271.039
USA,United States,2019,270.4505
USA,United States,2020,271.4444
USA,United States,2021,267.4148
USA,United States,2022,262.1048
USA,United States,2023,258.963
USA,United States,2024,257.3468
USA,United States,2025,
UZB,Uzbekistan,2010,22.6674
UZB,Uzbekistan,2011,24.1017
UZB,Uzbekistan,2012,25.6859
UZB,Uzbekistan,2013,26.8284
UZB,Uzbekistan,2014,27.9831
UZB,Uzbekistan,2015,29.0035
UZB,Uzbekistan,2016,31.5718
UZB,Uzbekistan,2017,32.3765
UZB,Uzbekistan,2018,33.2049
UZB,Uzbekistan,2019,33.6687
UZB,Uzbekistan,2020,34.2089
UZB,Uzbekistan,2021,35.1314
UZB,Uzbekistan,2022,35.9198
UZB,Uzbekistan,2023,37.622
UZB,Uzbekistan,2024,37.7862
UZB,Uzbekistan,2025,
VCT,St. Vincent and the Grenadines,2010,0.0143
VCT,St. Vincent and the Grenadines,2011,0.014
VCT,St. Vincent and the Grenadines,2012,0.013
VCT,St. Vincent and the Grenadines,2013,0.0112
VCT,St. Vincent and the Grenadines,2014,0.0103
VCT,St. Vincent and the Grenadines,2015,0.0098
VCT,St. Vincent and the Grenadines,2016,0.0094
VCT,St. Vincent and the Grenadines,2017,0.009
VCT,St. Vincent and the Grenadines,2018,0.0086
VCT,St. Vincent and the Grenadines,2019,0.0085
VCT,St. Vincent and the Grenadines,2020,0.0081
VCT,St. Vincent and the Grenadines,2021,0.0079
VCT,St. Vincent and the Grenadines,2022,0.0076
VCT,St. Vincent and the Grenadines,2023,0.0075
VCT,St. Vincent and the Grenadines,2024,0.0073
VCT,St. Vincent and the Grenadines,2025,
VEN,"Venezuela, RB",2010,28.4429
VEN,"Venezuela, RB",2011,28.8209
VEN,"Venezuela, RB",2012,33.6182
VEN,"Venezuela, RB",2013,33.5053
VEN,"Venezuela, RB",2014,33.2002
VEN,"Venezuela, RB",2015,32.7451
VEN,"Venezuela, RB",2016,31.781
VEN,"Venezuela, RB",2017,31.2643
VEN,"Venezuela, RB",2018,30.8874
VEN,"Venezuela, RB",2019,31.0118
VEN,"Venezuela, RB",2020,31.5744
VEN,"Venezuela, RB",2021,31.2713
VEN,"Venezuela, RB",2022,32.7714
VEN,"Venezuela, RB",2023,32.2701
VEN,"Venezuela, RB",2024,32.4588
VEN,"Venezuela, RB",2025,
VGB,British Virgin Islands,2010,0.0065
VGB,British Virgin Islands,2011,0.0065
VGB,British Virgin Islands,2012,0.0065
VGB,British Virgin Islands,2013,0.0065
VGB,British Virgin Islands,2014,0.0065
VGB,British Virgin Islands,2015,0.0065
VGB,British Virgin Islands,2016,0.0065
VGB,British Virgin Islands,2017,0.0065
VGB,British Virgin Islands,2018,0.0065
VGB,British Virgin Islands,2019,0.0066
VGB,British Virgin Islands,2020,0.0067
VGB,British Virgin Islands,2021,0.0068
VGB,British Virgin Islands,2022,0.0068
VGB,British Virgin Islands,2023,0.0069
VGB,British Virgin Islands,2024,0.0069
VGB,British Virgin Islands,2025,
VIR,Virgin Islands (U.S.),2010,0.0165
VIR,Virgin Islands (U.S.),2011,0.0166
VIR,Virgin Islands (U.S.),2012,0.0166
VIR,Virgin Islands (U.S.),2013,0.0167
VIR,Virgin Islands (U.S.),2014,0.0168
VIR,Virgin Islands (U.S.),2015,0.0168
VIR,Virgin Islands (U.S.),2016,0.0168
VIR,Virgin Islands (U.S.),2017,0.0168
VIR,Virgin Islands (U.S.),2018,0.0168
VIR,Virgin Islands (U.S.),2019,0.0168
VIR,Virgin Islands (U.S.),2020,0.0168
VIR,Virgin Islands (U.S.),2021,0.0168
VIR,Virgin Islands (U.S.),2022,0.0168
VIR,Virgin Islands (U.S.),2023,0.0169
VIR,Virgin Islands (U.S.),2024,0.0169
VIR,Virgin Islands (U.S.),2025,
VNM,Viet Nam,2010,74.7187
VNM,Viet Nam,2011,75.5915
VNM,Viet Nam,2012,76.0109
VNM,Viet Nam,2013,76.782
VNM,Viet Nam,2014,76.8871
VNM,Viet Nam,2015,77.5371
VNM,Viet Nam,2016,76.7848
VNM,Viet Nam,2017,76.5532
VNM,Viet Nam,2018,76.538
VNM,Viet Nam,2019,74.4999
VNM,Viet Nam,2020,73.6574
VNM,Viet Nam,2021,74.3987
VNM,Viet Nam,2022,73.4058
VNM,Viet Nam,2023,73.6953
VNM,Viet Nam,2024,74.1786
VNM,Viet Nam,2025,
VUT,Vanuatu,2010,0.3422
VUT,Vanuatu,2011,0.3468
VUT,Vanuatu,2012,0.3456
VUT,Vanuatu,2013,0.3427
VUT,Vanuatu,2014,0.3419
VUT,Vanuatu,2015,0.2984
VUT,Vanuatu,2016,0.2351
VUT,Vanuatu,2017,0.208
VUT,Vanuatu,2018,0.2094
VUT,Vanuatu,2019,0.2093
VUT,Vanuatu,2020,0.2094
VUT,Vanuatu,2021,0.2097
VUT,Vanuatu,2022,0.2088
VUT,Vanuatu,2023,0.1876
VUT,Vanuatu,2024,0.1832
VUT,Vanuatu,2025,
WLD,World,2010,3928.4764559678
WLD,World,2011,3952.2104261957
WLD,World,2012,3982.8130026654
WLD,World,2013,4012.3311065498
WLD,World,2014,4035.6604184743
WLD,World,2015,4063.5967463678
WLD,World,2016,4105.8002159579
WLD,World,2017,4123.997784351
WLD,World,2018,4137.6258257173
WLD,World,2019,4146.5691485178
WLD,World,2020,4208.8166609938
WLD,World,2021,4242.1140480225
WLD,World,2022,4273.8092283621
WLD,World,2023,4324.4325047005
WLD,World,2024,4333.6089575133
WLD,World,2025,
WSM,Samoa,2010,0.129
WSM,Samoa,2011,0.1349
WSM,Samoa,2012,0.1384
WSM,Samoa,2013,0.1408
WSM,Samoa,2014,0.1412
WSM,Samoa,2015,0.1507
WSM,Samoa,2016,0.135
WSM,Samoa,2017,0.1257
WSM,Samoa,2018,0.1118
WSM,Samoa,2019,0.0936
WSM,Samoa,2020,0.0833
WSM,Samoa,2021,0.1079
WSM,Samoa,2022,0.1029
WSM,Samoa,2023,0.0995
WSM,Samoa,2024,0.097
WSM,Samoa,2025,
XKX,Kosovo,2010,
XKX,Kosovo,2011,
XKX,Kosovo,2012,
XKX,Kosovo,2013,
XKX,Kosovo,2014,
XKX,Kosovo,2015,
XKX,Kosovo,2016,
XKX,Kosovo,2017,
XKX,Kosovo,2018,
XKX,Kosovo,2019,
XKX,Kosovo,2020,
XKX,Kosovo,2021,
XKX,Kosovo,2022,
XKX,Kosovo,2023,
XKX,Kosovo,2024,
XKX,Kosovo,2025,
YEM,"Yemen, Rep.",2010,4.8954
YEM,"Yemen, Rep.",2011,5.011
YEM,"Yemen, Rep.",2012,5.0659
YEM,"Yemen, Rep.",2013,5.147
YEM,"Yemen, Rep.",2014,5.2275
YEM,"Yemen, Rep.",2015,5.1494
YEM,"Yemen, Rep.",2016,4.9918
YEM,"Yemen, Rep.",2017,4.9646
YEM,"Yemen, Rep.",2018,4.7049
YEM,"Yemen, Rep.",2019,5.2524
YEM,"Yemen, Rep.",2020,5.308
YEM,"Yemen, Rep.",2021,5.4943
YEM,"Yemen, Rep.",2022,5.5324
YEM,"Yemen, Rep.",2023,5.4882
YEM,"Yemen, Rep.",2024,5.6451
YEM,"Yemen, Rep.",2025,
ZAF,South Africa,2010,28.3736
ZAF,South Africa,2011,28.359
ZAF,South Africa,2012,28.857
ZAF,South Africa,2013,28.6978
ZAF,South Africa,2014,28.8183
ZAF,South Africa,2015,28.4057
ZAF,South Africa,2016,27.7318
ZAF,South Africa,2017,27.1989
ZAF,South Africa,2018,26.7939
ZAF,South Africa,2019,26.3099
ZAF,South Africa,2020,25.9103
ZAF,South Africa,2021,25.8097
ZAF,South Africa,2022,25.7203
ZAF,South Africa,2023,25.7691
ZAF,South Africa,2024,25.8452
ZAF,South Africa,2025,
ZMB,Zambia,2010,4.0168
ZMB,Zambia,2011,3.4332
ZMB,Zambia,2012,4.9852
ZMB,Zambia,2013,5.1072
ZMB,Zambia,2014,5.2147
ZMB,Zambia,2015,5.0097
ZMB,Zambia,2016,4.8563
ZMB,Zambia,2017,4.9661
ZMB,Zambia,2018,4.9885
ZMB,Zambia,2019,5.1817
ZMB,Zambia,2020,5.133
ZMB,Zambia,2021,5.5268
ZMB,Zambia,2022,6.1897
ZMB,Zambia,2023,6.1719
ZMB,Zambia,2024,6.3873
ZMB,Zambia,2025,
ZWE,Zimbabwe,2010,8.756
ZWE,Zimbabwe,2011,9.1855
ZWE,Zimbabwe,2012,9.2809
ZWE,Zimbabwe,2013,9.3616
ZWE,Zimbabwe,2014,7.4396
ZWE,Zimbabwe,2015,8.2616
ZWE,Zimbabwe,2016,8.2466
ZWE,Zimbabwe,2017,8.1818
ZWE,Zimbabwe,2018,8.2138
ZWE,Zimbabwe,2019,7.9232
ZWE,Zimbabwe,2020,8.1537
ZWE,Zimbabwe,2021,8.3126
ZWE,Zimbabwe,2022,8.4085
ZWE,Zimbabwe,2023,9.0593
ZWE,Zimbabwe,2024,9.1976
ZWE,Zimbabwe,2025,
